2025-06-13 08:03:57.398 [INFO    ] Logging started [root]
2025-06-13 08:03:57.399 [DEBUG   ] Using:command (all), data-dir (/global/home/users/sytoanngo/ONEFlux/data), site-id (US-ARc), site-dir (US-ARc_sample_output), first-year (2005), last-year (2006), perc (['1.25', '3.75', '6.25', '8.75', '11.25', '13.75', '16.25', '18.75', '21.25', '23.75', '26.25', '28.75', '31.25', '33.75', '36.25', '38.75', '41.25', '43.75', '46.25', '48.75', '51.25', '53.75', '56.25', '58.75', '61.25', '63.75', '66.25', '68.75', '71.25', '73.75', '76.25', '78.75', '81.25', '83.75', '86.25', '88.75', '91.25', '93.75', '96.25', '98.75', '50']), prod (['c', 'y']), log-file (/global/home/users/sytoanngo/ONEFlux/3b3d0937-10b7-4141-b73b-15f5059e432d.log), force-py (False), versionp (5), versiond (beta), era-fy (1989), era-ly (2014) [__main__]
2025-06-13 08:03:57.399 [INFO    ] Starting execution: all [__main__]
2025-06-13 08:03:57.400 [INFO    ] Namespace(command='all', datadir='/global/home/users/sytoanngo/ONEFlux/data', erafy=1989, eraly=2014, firstyear=2005, forcepy=False, lastyear=2006, logfile='/global/home/users/sytoanngo/ONEFlux/3b3d0937-10b7-4141-b73b-15f5059e432d.log', mcr_directory='/global/home/users/sytoanngo/matlab/matlabruntime/v94', perc=None, prod=None, recint='hh', sitedir='US-ARc_sample_output', siteid='US-ARc', timestamp='20250613T080357', versiond='beta', versionp='5') [__main__]
2025-06-13 08:03:57.400 [INFO    ] Started processing site dir US-ARc_sample_output [oneflux.tools.pipeline]
2025-06-13 08:03:57.400 [INFO    ] ONEFlux Pipeline: initialization started [oneflux.pipeline.wrappers]
2025-06-13 08:03:57.406 [DEBUG   ] ONEFlux Pipeline: keyword arguments: {'nee_partition_nt_execute': False, 'energy_proc_execute': False, 'prepare_ure_execute': False, 'perc_to_compare': ['1.25', '3.75', '6.25', '8.75', '11.25', '13.75', '16.25', '18.75', '21.25', '23.75', '26.25', '28.75', '31.25', '33.75', '36.25', '38.75', '41.25', '43.75', '46.25', '48.75', '51.25', '53.75', '56.25', '58.75', '61.25', '63.75', '66.25', '68.75', '71.25', '73.75', '76.25', '78.75', '81.25', '83.75', '86.25', '88.75', '91.25', '93.75', '96.25', '98.75', '50'], 'prod_to_compare': ['c', 'y'], 'fluxnet2015_version_processing': '5', 'data_dir': '/global/home/users/sytoanngo/ONEFlux/data/US-ARc_sample_output', 'era_first_timestamp_start': '198901010000', 'meteo_proc_execute': False, 'tool_dir': '/global/home/users/sytoanngo/bin/oneflux', 'ustar_mp_execute': False, 'fluxnet2015_version_data': 'beta', 'ustar_cp_execute': False, 'nee_proc_execute': False, 'ure_execute': False, 'site_dir': 'US-ARc_sample_output', 'qc_auto_execute': False, 'fluxnet2015_first_t1': 2005, 'fluxnet2015_last_t1': 2006, 'ustar_cp_mcr_dir': '/global/home/users/sytoanngo/matlab/matlabruntime/v94', 'fluxnet2015_site_plots': True, 'data_dir_main': '/global/home/users/sytoanngo/ONEFlux/data', 'record_interval': 'hh', 'era_last_timestamp_start': '201412312330', 'simulation': False, 'first_year': 2005, 'last_year': 2006, 'nee_partition_dt_execute': False, 'fluxnet2015_execute': True} [oneflux.pipeline.wrappers]
2025-06-13 08:03:57.406 [ERROR   ] Pipeline: unknown config attribute: 'era_first_timestamp_start' [oneflux.pipeline.wrappers]
2025-06-13 08:03:57.407 [ERROR   ] Pipeline: unknown config attribute: 'site_dir' [oneflux.pipeline.wrappers]
2025-06-13 08:03:57.407 [ERROR   ] Pipeline: unknown config attribute: 'era_last_timestamp_start' [oneflux.pipeline.wrappers]
2025-06-13 08:03:57.407 [DEBUG   ] ONEFlux Pipeline: setting up for site 'US-ARc' [oneflux.pipeline.wrappers]
2025-06-13 08:03:57.407 [DEBUG   ] ONEFlux Pipeline: using data dir '/global/home/users/sytoanngo/ONEFlux/data/US-ARc_sample_output' [oneflux.pipeline.wrappers]
2025-06-13 08:03:57.407 [DEBUG   ] ONEFlux Pipeline: using tool dir '/global/home/users/sytoanngo/bin/oneflux' [oneflux.pipeline.wrappers]
2025-06-13 08:03:57.407 [DEBUG   ] ONEFlux Pipeline: using record interval 'hh' [oneflux.pipeline.wrappers]
2025-06-13 08:03:57.408 [DEBUG   ] ONEFlux Pipeline: using validate on create 'False' [oneflux.pipeline.wrappers]
2025-06-13 08:03:57.408 [DEBUG   ] ONEFlux Pipeline: using simulation 'False' [oneflux.pipeline.wrappers]
2025-06-13 08:03:57.408 [DEBUG   ] ONEFlux Pipeline: using ERA first timestamp start '198901010000' [oneflux.pipeline.wrappers]
2025-06-13 08:03:57.408 [DEBUG   ] ONEFlux Pipeline: using ERA last timestamp start '201412312330' [oneflux.pipeline.wrappers]
2025-06-13 08:03:57.409 [INFO    ] ONEFlux Pipeline: initialization finished [oneflux.pipeline.wrappers]
2025-06-13 08:03:57.409 [INFO    ] US-ARc [oneflux.pipeline.wrappers]
2025-06-13 08:03:57.409 [INFO    ] US-ARc Pipeline: execution started [oneflux.pipeline.wrappers]
2025-06-13 08:03:57.409 [DEBUG   ] Pipeline data directory is '/global/home/users/sytoanngo/ONEFlux/data/US-ARc_sample_output' [oneflux.pipeline.common]
2025-06-13 08:03:57.410 [DEBUG   ] Pipeline tool directory is '/global/home/users/sytoanngo/bin/oneflux' [oneflux.pipeline.common]
2025-06-13 08:03:57.413 [INFO    ] Pipeline logging started [root]
2025-06-13 08:03:57.413 [INFO    ] Pipeline fluxnet2015 execution started [oneflux.pipeline.wrappers]
2025-06-13 08:03:57.413 [DEBUG   ] Pipeline qc_visual.post_validate directory is '/global/home/users/sytoanngo/ONEFlux/data/US-ARc_sample_output/01_qc_visual' [oneflux.pipeline.common]
2025-06-13 08:03:57.414 [DEBUG   ] Pipeline qc_visual.post_validate directory is '/global/home/users/sytoanngo/ONEFlux/data/US-ARc_sample_output/01_qc_visual/qcv_files' [oneflux.pipeline.common]
2025-06-13 08:03:57.414 [DEBUG   ] Pipeline qc_visual.post_validate directory is '/global/home/users/sytoanngo/ONEFlux/data/US-ARc_sample_output/01_qc_visual/qcv_files' [oneflux.pipeline.common]
2025-06-13 08:03:57.416 [DEBUG   ] Pipeline qc_visual.post_validate in '/global/home/users/sytoanngo/ONEFlux/data/US-ARc_sample_output/01_qc_visual/qcv_files' found file pattern 'US-ARc_qcv_????.csv' (2 occurrences): ['US-ARc_qcv_2005.csv', 'US-ARc_qcv_2006.csv'] [oneflux.pipeline.common]
2025-06-13 08:03:57.416 [DEBUG   ] Pipeline meteo_proc.post_validate directory is '/global/home/users/sytoanngo/ONEFlux/data/US-ARc_sample_output/07_meteo_proc' [oneflux.pipeline.common]
2025-06-13 08:03:57.417 [DEBUG   ] Pipeline meteo_proc.post_validate file is '/global/home/users/sytoanngo/ONEFlux/data/US-ARc_sample_output/07_meteo_proc/US-ARc_meteo_hh.csv' [oneflux.pipeline.common]
2025-06-13 08:03:57.418 [DEBUG   ] Pipeline meteo_proc.post_validate file is '/global/home/users/sytoanngo/ONEFlux/data/US-ARc_sample_output/07_meteo_proc/US-ARc_meteo_dd.csv' [oneflux.pipeline.common]
2025-06-13 08:03:57.418 [DEBUG   ] Pipeline meteo_proc.post_validate file is '/global/home/users/sytoanngo/ONEFlux/data/US-ARc_sample_output/07_meteo_proc/US-ARc_meteo_ww.csv' [oneflux.pipeline.common]
2025-06-13 08:03:57.419 [DEBUG   ] Pipeline meteo_proc.post_validate file is '/global/home/users/sytoanngo/ONEFlux/data/US-ARc_sample_output/07_meteo_proc/US-ARc_meteo_mm.csv' [oneflux.pipeline.common]
2025-06-13 08:03:57.419 [DEBUG   ] Pipeline meteo_proc.post_validate file is '/global/home/users/sytoanngo/ONEFlux/data/US-ARc_sample_output/07_meteo_proc/US-ARc_meteo_yy.csv' [oneflux.pipeline.common]
2025-06-13 08:03:57.420 [DEBUG   ] Pipeline meteo_proc.post_validate directory is '/global/home/users/sytoanngo/ONEFlux/data/US-ARc_sample_output/07_meteo_proc' [oneflux.pipeline.common]
2025-06-13 08:03:57.421 [DEBUG   ] Pipeline meteo_proc.post_validate in '/global/home/users/sytoanngo/ONEFlux/data/US-ARc_sample_output/07_meteo_proc' found file pattern 'report_*.txt' (1 occurrences): ['report_rocky.lbl.gov_run20180903T192021.txt'] [oneflux.pipeline.common]
2025-06-13 08:03:57.422 [DEBUG   ] Pipeline meteo_proc.post_validate file is '/global/home/users/sytoanngo/ONEFlux/data/US-ARc_sample_output/07_meteo_proc/US-ARc_meteo_hh_info.txt' [oneflux.pipeline.common]
2025-06-13 08:03:57.422 [DEBUG   ] Pipeline meteo_proc.post_validate file is '/global/home/users/sytoanngo/ONEFlux/data/US-ARc_sample_output/07_meteo_proc/US-ARc_meteo_dd_info.txt' [oneflux.pipeline.common]
2025-06-13 08:03:57.423 [DEBUG   ] Pipeline meteo_proc.post_validate file is '/global/home/users/sytoanngo/ONEFlux/data/US-ARc_sample_output/07_meteo_proc/US-ARc_meteo_ww_info.txt' [oneflux.pipeline.common]
2025-06-13 08:03:57.424 [DEBUG   ] Pipeline meteo_proc.post_validate file is '/global/home/users/sytoanngo/ONEFlux/data/US-ARc_sample_output/07_meteo_proc/US-ARc_meteo_mm_info.txt' [oneflux.pipeline.common]
2025-06-13 08:03:57.424 [DEBUG   ] Pipeline meteo_proc.post_validate file is '/global/home/users/sytoanngo/ONEFlux/data/US-ARc_sample_output/07_meteo_proc/US-ARc_meteo_yy_info.txt' [oneflux.pipeline.common]
2025-06-13 08:03:57.425 [DEBUG   ] Pipeline nee_proc.post_validate directory is '/global/home/users/sytoanngo/ONEFlux/data/US-ARc_sample_output/08_nee_proc' [oneflux.pipeline.common]
2025-06-13 08:03:57.425 [DEBUG   ] Pipeline nee_proc.post_validate file is '/global/home/users/sytoanngo/ONEFlux/data/US-ARc_sample_output/08_nee_proc/US-ARc_NEE_hh.csv' [oneflux.pipeline.common]
2025-06-13 08:03:57.426 [DEBUG   ] Pipeline nee_proc.post_validate file is '/global/home/users/sytoanngo/ONEFlux/data/US-ARc_sample_output/08_nee_proc/US-ARc_NEE_dd.csv' [oneflux.pipeline.common]
2025-06-13 08:03:57.427 [DEBUG   ] Pipeline nee_proc.post_validate file is '/global/home/users/sytoanngo/ONEFlux/data/US-ARc_sample_output/08_nee_proc/US-ARc_NEE_ww.csv' [oneflux.pipeline.common]
2025-06-13 08:03:57.427 [DEBUG   ] Pipeline nee_proc.post_validate file is '/global/home/users/sytoanngo/ONEFlux/data/US-ARc_sample_output/08_nee_proc/US-ARc_NEE_mm.csv' [oneflux.pipeline.common]
2025-06-13 08:03:57.428 [DEBUG   ] Pipeline nee_proc.post_validate file is '/global/home/users/sytoanngo/ONEFlux/data/US-ARc_sample_output/08_nee_proc/US-ARc_NEE_yy.csv' [oneflux.pipeline.common]
2025-06-13 08:03:57.428 [DEBUG   ] Pipeline nee_proc.post_validate directory is '/global/home/users/sytoanngo/ONEFlux/data/US-ARc_sample_output/08_nee_proc' [oneflux.pipeline.common]
2025-06-13 08:03:57.429 [DEBUG   ] Pipeline nee_proc.post_validate in '/global/home/users/sytoanngo/ONEFlux/data/US-ARc_sample_output/08_nee_proc' found file pattern 'report_*.txt' (1 occurrences): ['report_rocky.lbl.gov_run20180903T192021.txt'] [oneflux.pipeline.common]
2025-06-13 08:03:57.430 [DEBUG   ] Pipeline nee_proc.post_validate file is '/global/home/users/sytoanngo/ONEFlux/data/US-ARc_sample_output/08_nee_proc/US-ARc_NEE_hh_info.txt' [oneflux.pipeline.common]
2025-06-13 08:03:57.430 [DEBUG   ] Pipeline nee_proc.post_validate file is '/global/home/users/sytoanngo/ONEFlux/data/US-ARc_sample_output/08_nee_proc/US-ARc_NEE_ww_info.txt' [oneflux.pipeline.common]
2025-06-13 08:03:57.431 [DEBUG   ] Pipeline nee_proc.post_validate file is '/global/home/users/sytoanngo/ONEFlux/data/US-ARc_sample_output/08_nee_proc/US-ARc_NEE_dd_info.txt' [oneflux.pipeline.common]
2025-06-13 08:03:57.431 [DEBUG   ] Pipeline nee_proc.post_validate file is '/global/home/users/sytoanngo/ONEFlux/data/US-ARc_sample_output/08_nee_proc/US-ARc_NEE_mm_info.txt' [oneflux.pipeline.common]
2025-06-13 08:03:57.432 [DEBUG   ] Pipeline nee_proc.post_validate file is '/global/home/users/sytoanngo/ONEFlux/data/US-ARc_sample_output/08_nee_proc/US-ARc_NEE_yy_info.txt' [oneflux.pipeline.common]
2025-06-13 08:03:57.433 [DEBUG   ] Pipeline nee_proc.post_validate file is '/global/home/users/sytoanngo/ONEFlux/data/US-ARc_sample_output/08_nee_proc/US-ARc_USTAR_percentiles_y.csv' [oneflux.pipeline.common]
2025-06-13 08:03:57.433 [DEBUG   ] Pipeline nee_proc.post_validate file is '/global/home/users/sytoanngo/ONEFlux/data/US-ARc_sample_output/08_nee_proc/US-ARc_NEE_percentiles_y_hh.csv' [oneflux.pipeline.common]
2025-06-13 08:03:57.433 [WARNING ] Pipeline nee_proc.post_validate file not found '/global/home/users/sytoanngo/ONEFlux/data/US-ARc_sample_output/08_nee_proc/US-ARc_NEE_percentiles_y.csv' [oneflux.pipeline.common]
2025-06-13 08:03:57.434 [DEBUG   ] Pipeline nee_proc.post_validate directory is '/global/home/users/sytoanngo/ONEFlux/data/US-ARc_sample_output/08_nee_proc' [oneflux.pipeline.common]
2025-06-13 08:03:57.435 [WARNING ] Pipeline nee_proc.post_validate file with pattern 'US-ARc_????_????_USTAR_percentiles_c.csv' not found in '/global/home/users/sytoanngo/ONEFlux/data/US-ARc_sample_output/08_nee_proc' [oneflux.pipeline.common]
2025-06-13 08:03:57.436 [WARNING ] Pipeline nee_proc.post_validate file not found '/global/home/users/sytoanngo/ONEFlux/data/US-ARc_sample_output/08_nee_proc/US-ARc_NEE_percentiles_c_hh.csv' [oneflux.pipeline.common]
2025-06-13 08:03:57.436 [WARNING ] Pipeline nee_proc.post_validate file not found '/global/home/users/sytoanngo/ONEFlux/data/US-ARc_sample_output/08_nee_proc/US-ARc_NEE_percentiles_c.csv' [oneflux.pipeline.common]
2025-06-13 08:03:57.436 [WARNING ] Pipeline nee_proc.post_validate none of the 2 files found in '/global/home/users/sytoanngo/ONEFlux/data/US-ARc_sample_output/08_nee_proc' [['US-ARc_NEE_percentiles_c_hh.csv', 'US-ARc_NEE_percentiles_c.csv']] [oneflux.pipeline.common]
2025-06-13 08:03:57.437 [DEBUG   ] Pipeline energy_proc.post_validate directory is '/global/home/users/sytoanngo/ONEFlux/data/US-ARc_sample_output/09_energy_proc' [oneflux.pipeline.common]
2025-06-13 08:03:57.437 [DEBUG   ] Pipeline energy_proc.post_validate file is '/global/home/users/sytoanngo/ONEFlux/data/US-ARc_sample_output/09_energy_proc/US-ARc_energy_hh_info.txt' [oneflux.pipeline.common]
2025-06-13 08:03:57.438 [DEBUG   ] Pipeline energy_proc.post_validate file is '/global/home/users/sytoanngo/ONEFlux/data/US-ARc_sample_output/09_energy_proc/US-ARc_energy_dd_info.txt' [oneflux.pipeline.common]
2025-06-13 08:03:57.438 [DEBUG   ] Pipeline energy_proc.post_validate file is '/global/home/users/sytoanngo/ONEFlux/data/US-ARc_sample_output/09_energy_proc/US-ARc_energy_ww_info.txt' [oneflux.pipeline.common]
2025-06-13 08:03:57.439 [DEBUG   ] Pipeline energy_proc.post_validate file is '/global/home/users/sytoanngo/ONEFlux/data/US-ARc_sample_output/09_energy_proc/US-ARc_energy_mm_info.txt' [oneflux.pipeline.common]
2025-06-13 08:03:57.440 [DEBUG   ] Pipeline energy_proc.post_validate file is '/global/home/users/sytoanngo/ONEFlux/data/US-ARc_sample_output/09_energy_proc/US-ARc_energy_yy_info.txt' [oneflux.pipeline.common]
2025-06-13 08:03:57.440 [DEBUG   ] Pipeline energy_proc.post_validate file is '/global/home/users/sytoanngo/ONEFlux/data/US-ARc_sample_output/09_energy_proc/US-ARc_energy_hh.csv' [oneflux.pipeline.common]
2025-06-13 08:03:57.441 [DEBUG   ] Pipeline energy_proc.post_validate file is '/global/home/users/sytoanngo/ONEFlux/data/US-ARc_sample_output/09_energy_proc/US-ARc_energy_dd.csv' [oneflux.pipeline.common]
2025-06-13 08:03:57.442 [DEBUG   ] Pipeline energy_proc.post_validate file is '/global/home/users/sytoanngo/ONEFlux/data/US-ARc_sample_output/09_energy_proc/US-ARc_energy_ww.csv' [oneflux.pipeline.common]
2025-06-13 08:03:57.442 [DEBUG   ] Pipeline energy_proc.post_validate file is '/global/home/users/sytoanngo/ONEFlux/data/US-ARc_sample_output/09_energy_proc/US-ARc_energy_mm.csv' [oneflux.pipeline.common]
2025-06-13 08:03:57.443 [DEBUG   ] Pipeline energy_proc.post_validate file is '/global/home/users/sytoanngo/ONEFlux/data/US-ARc_sample_output/09_energy_proc/US-ARc_energy_yy.csv' [oneflux.pipeline.common]
2025-06-13 08:03:57.443 [DEBUG   ] Pipeline energy_proc.post_validate directory is '/global/home/users/sytoanngo/ONEFlux/data/US-ARc_sample_output/09_energy_proc' [oneflux.pipeline.common]
2025-06-13 08:03:57.444 [DEBUG   ] Pipeline energy_proc.post_validate in '/global/home/users/sytoanngo/ONEFlux/data/US-ARc_sample_output/09_energy_proc' found file pattern 'report_*.txt' (1 occurrences): ['report_rocky.lbl.gov_run20180903T192021.txt'] [oneflux.pipeline.common]
2025-06-13 08:03:57.445 [DEBUG   ] Pipeline ure.post_validate directory is '/global/home/users/sytoanngo/ONEFlux/data/US-ARc_sample_output/12_ure' [oneflux.pipeline.common]
2025-06-13 08:03:57.445 [DEBUG   ] Pipeline ure.post_validate file is '/global/home/users/sytoanngo/ONEFlux/data/US-ARc_sample_output/12_ure/US-ARc_DT_GPP_dd.csv' [oneflux.pipeline.common]
2025-06-13 08:03:57.446 [DEBUG   ] Pipeline ure.post_validate file is '/global/home/users/sytoanngo/ONEFlux/data/US-ARc_sample_output/12_ure/US-ARc_DT_GPP_hh.csv' [oneflux.pipeline.common]
2025-06-13 08:03:57.446 [DEBUG   ] Pipeline ure.post_validate file is '/global/home/users/sytoanngo/ONEFlux/data/US-ARc_sample_output/12_ure/US-ARc_DT_GPP_mm.csv' [oneflux.pipeline.common]
2025-06-13 08:03:57.447 [DEBUG   ] Pipeline ure.post_validate file is '/global/home/users/sytoanngo/ONEFlux/data/US-ARc_sample_output/12_ure/US-ARc_DT_GPP_ww.csv' [oneflux.pipeline.common]
2025-06-13 08:03:57.448 [DEBUG   ] Pipeline ure.post_validate file is '/global/home/users/sytoanngo/ONEFlux/data/US-ARc_sample_output/12_ure/US-ARc_DT_GPP_yy.csv' [oneflux.pipeline.common]
2025-06-13 08:03:57.448 [DEBUG   ] Pipeline ure.post_validate file is '/global/home/users/sytoanngo/ONEFlux/data/US-ARc_sample_output/12_ure/US-ARc_DT_RECO_dd.csv' [oneflux.pipeline.common]
2025-06-13 08:03:57.449 [DEBUG   ] Pipeline ure.post_validate file is '/global/home/users/sytoanngo/ONEFlux/data/US-ARc_sample_output/12_ure/US-ARc_DT_RECO_hh.csv' [oneflux.pipeline.common]
2025-06-13 08:03:57.449 [DEBUG   ] Pipeline ure.post_validate file is '/global/home/users/sytoanngo/ONEFlux/data/US-ARc_sample_output/12_ure/US-ARc_DT_RECO_mm.csv' [oneflux.pipeline.common]
2025-06-13 08:03:57.450 [DEBUG   ] Pipeline ure.post_validate file is '/global/home/users/sytoanngo/ONEFlux/data/US-ARc_sample_output/12_ure/US-ARc_DT_RECO_ww.csv' [oneflux.pipeline.common]
2025-06-13 08:03:57.451 [DEBUG   ] Pipeline ure.post_validate file is '/global/home/users/sytoanngo/ONEFlux/data/US-ARc_sample_output/12_ure/US-ARc_DT_RECO_yy.csv' [oneflux.pipeline.common]
2025-06-13 08:03:57.451 [DEBUG   ] Pipeline ure.post_validate file is '/global/home/users/sytoanngo/ONEFlux/data/US-ARc_sample_output/12_ure/US-ARc_NT_GPP_dd.csv' [oneflux.pipeline.common]
2025-06-13 08:03:57.452 [DEBUG   ] Pipeline ure.post_validate file is '/global/home/users/sytoanngo/ONEFlux/data/US-ARc_sample_output/12_ure/US-ARc_NT_GPP_hh.csv' [oneflux.pipeline.common]
2025-06-13 08:03:57.452 [DEBUG   ] Pipeline ure.post_validate file is '/global/home/users/sytoanngo/ONEFlux/data/US-ARc_sample_output/12_ure/US-ARc_NT_GPP_mm.csv' [oneflux.pipeline.common]
2025-06-13 08:03:57.453 [DEBUG   ] Pipeline ure.post_validate file is '/global/home/users/sytoanngo/ONEFlux/data/US-ARc_sample_output/12_ure/US-ARc_NT_GPP_ww.csv' [oneflux.pipeline.common]
2025-06-13 08:03:57.454 [DEBUG   ] Pipeline ure.post_validate file is '/global/home/users/sytoanngo/ONEFlux/data/US-ARc_sample_output/12_ure/US-ARc_NT_GPP_yy.csv' [oneflux.pipeline.common]
2025-06-13 08:03:57.454 [DEBUG   ] Pipeline ure.post_validate file is '/global/home/users/sytoanngo/ONEFlux/data/US-ARc_sample_output/12_ure/US-ARc_NT_RECO_dd.csv' [oneflux.pipeline.common]
2025-06-13 08:03:57.455 [DEBUG   ] Pipeline ure.post_validate file is '/global/home/users/sytoanngo/ONEFlux/data/US-ARc_sample_output/12_ure/US-ARc_NT_RECO_hh.csv' [oneflux.pipeline.common]
2025-06-13 08:03:57.455 [DEBUG   ] Pipeline ure.post_validate file is '/global/home/users/sytoanngo/ONEFlux/data/US-ARc_sample_output/12_ure/US-ARc_NT_RECO_mm.csv' [oneflux.pipeline.common]
2025-06-13 08:03:57.456 [DEBUG   ] Pipeline ure.post_validate file is '/global/home/users/sytoanngo/ONEFlux/data/US-ARc_sample_output/12_ure/US-ARc_NT_RECO_ww.csv' [oneflux.pipeline.common]
2025-06-13 08:03:57.457 [DEBUG   ] Pipeline ure.post_validate file is '/global/home/users/sytoanngo/ONEFlux/data/US-ARc_sample_output/12_ure/US-ARc_NT_RECO_yy.csv' [oneflux.pipeline.common]
2025-06-13 08:03:57.457 [DEBUG   ] Pipeline ure.post_validate directory is '/global/home/users/sytoanngo/ONEFlux/data/US-ARc_sample_output/12_ure' [oneflux.pipeline.common]
2025-06-13 08:03:57.458 [DEBUG   ] Pipeline ure.post_validate in '/global/home/users/sytoanngo/ONEFlux/data/US-ARc_sample_output/12_ure' found file pattern 'report_*.txt' (1 occurrences): ['report_rocky.lbl.gov_run20180903T192021.txt'] [oneflux.pipeline.common]
2025-06-13 08:03:57.459 [DEBUG   ] Pipeline ure.post_validate file is '/global/home/users/sytoanngo/ONEFlux/data/US-ARc_sample_output/12_ure/US-ARc_DT_GPP_dd_info.txt' [oneflux.pipeline.common]
2025-06-13 08:03:57.459 [DEBUG   ] Pipeline ure.post_validate file is '/global/home/users/sytoanngo/ONEFlux/data/US-ARc_sample_output/12_ure/US-ARc_DT_GPP_hh_info.txt' [oneflux.pipeline.common]
2025-06-13 08:03:57.460 [DEBUG   ] Pipeline ure.post_validate file is '/global/home/users/sytoanngo/ONEFlux/data/US-ARc_sample_output/12_ure/US-ARc_DT_GPP_mm_info.txt' [oneflux.pipeline.common]
2025-06-13 08:03:57.460 [DEBUG   ] Pipeline ure.post_validate file is '/global/home/users/sytoanngo/ONEFlux/data/US-ARc_sample_output/12_ure/US-ARc_DT_GPP_ww_info.txt' [oneflux.pipeline.common]
2025-06-13 08:03:57.461 [DEBUG   ] Pipeline ure.post_validate file is '/global/home/users/sytoanngo/ONEFlux/data/US-ARc_sample_output/12_ure/US-ARc_DT_GPP_yy_info.txt' [oneflux.pipeline.common]
2025-06-13 08:03:57.462 [DEBUG   ] Pipeline ure.post_validate file is '/global/home/users/sytoanngo/ONEFlux/data/US-ARc_sample_output/12_ure/US-ARc_DT_RECO_dd_info.txt' [oneflux.pipeline.common]
2025-06-13 08:03:57.462 [DEBUG   ] Pipeline ure.post_validate file is '/global/home/users/sytoanngo/ONEFlux/data/US-ARc_sample_output/12_ure/US-ARc_DT_RECO_hh_info.txt' [oneflux.pipeline.common]
2025-06-13 08:03:57.463 [DEBUG   ] Pipeline ure.post_validate file is '/global/home/users/sytoanngo/ONEFlux/data/US-ARc_sample_output/12_ure/US-ARc_DT_RECO_mm_info.txt' [oneflux.pipeline.common]
2025-06-13 08:03:57.463 [DEBUG   ] Pipeline ure.post_validate file is '/global/home/users/sytoanngo/ONEFlux/data/US-ARc_sample_output/12_ure/US-ARc_DT_RECO_ww_info.txt' [oneflux.pipeline.common]
2025-06-13 08:03:57.464 [DEBUG   ] Pipeline ure.post_validate file is '/global/home/users/sytoanngo/ONEFlux/data/US-ARc_sample_output/12_ure/US-ARc_DT_RECO_yy_info.txt' [oneflux.pipeline.common]
2025-06-13 08:03:57.465 [DEBUG   ] Pipeline ure.post_validate file is '/global/home/users/sytoanngo/ONEFlux/data/US-ARc_sample_output/12_ure/US-ARc_NT_GPP_dd_info.txt' [oneflux.pipeline.common]
2025-06-13 08:03:57.465 [DEBUG   ] Pipeline ure.post_validate file is '/global/home/users/sytoanngo/ONEFlux/data/US-ARc_sample_output/12_ure/US-ARc_NT_GPP_hh_info.txt' [oneflux.pipeline.common]
2025-06-13 08:03:57.466 [DEBUG   ] Pipeline ure.post_validate file is '/global/home/users/sytoanngo/ONEFlux/data/US-ARc_sample_output/12_ure/US-ARc_NT_GPP_mm_info.txt' [oneflux.pipeline.common]
2025-06-13 08:03:57.467 [DEBUG   ] Pipeline ure.post_validate file is '/global/home/users/sytoanngo/ONEFlux/data/US-ARc_sample_output/12_ure/US-ARc_NT_GPP_ww_info.txt' [oneflux.pipeline.common]
2025-06-13 08:03:57.467 [DEBUG   ] Pipeline ure.post_validate file is '/global/home/users/sytoanngo/ONEFlux/data/US-ARc_sample_output/12_ure/US-ARc_NT_GPP_yy_info.txt' [oneflux.pipeline.common]
2025-06-13 08:03:57.468 [DEBUG   ] Pipeline ure.post_validate file is '/global/home/users/sytoanngo/ONEFlux/data/US-ARc_sample_output/12_ure/US-ARc_NT_RECO_dd_info.txt' [oneflux.pipeline.common]
2025-06-13 08:03:57.468 [DEBUG   ] Pipeline ure.post_validate file is '/global/home/users/sytoanngo/ONEFlux/data/US-ARc_sample_output/12_ure/US-ARc_NT_RECO_hh_info.txt' [oneflux.pipeline.common]
2025-06-13 08:03:57.469 [DEBUG   ] Pipeline ure.post_validate file is '/global/home/users/sytoanngo/ONEFlux/data/US-ARc_sample_output/12_ure/US-ARc_NT_RECO_mm_info.txt' [oneflux.pipeline.common]
2025-06-13 08:03:57.469 [DEBUG   ] Pipeline ure.post_validate file is '/global/home/users/sytoanngo/ONEFlux/data/US-ARc_sample_output/12_ure/US-ARc_NT_RECO_ww_info.txt' [oneflux.pipeline.common]
2025-06-13 08:03:57.470 [DEBUG   ] Pipeline ure.post_validate file is '/global/home/users/sytoanngo/ONEFlux/data/US-ARc_sample_output/12_ure/US-ARc_NT_RECO_yy_info.txt' [oneflux.pipeline.common]
2025-06-13 08:03:57.470 [DEBUG   ] Pipeline ure.post_validate directory is '/global/home/users/sytoanngo/ONEFlux/data/US-ARc_sample_output/12_ure' [oneflux.pipeline.common]
2025-06-13 08:03:57.472 [WARNING ] Pipeline ure.post_validate file with pattern 'US-ARc_DT_GPP_mef_matrix_dd_c_????_????.csv' not found in '/global/home/users/sytoanngo/ONEFlux/data/US-ARc_sample_output/12_ure' [oneflux.pipeline.common]
2025-06-13 08:03:57.472 [DEBUG   ] Pipeline ure.post_validate directory is '/global/home/users/sytoanngo/ONEFlux/data/US-ARc_sample_output/12_ure' [oneflux.pipeline.common]
2025-06-13 08:03:57.474 [DEBUG   ] Pipeline ure.post_validate in '/global/home/users/sytoanngo/ONEFlux/data/US-ARc_sample_output/12_ure' found file pattern 'US-ARc_DT_GPP_mef_matrix_dd_y_????_????.csv' (1 occurrences): ['US-ARc_DT_GPP_mef_matrix_dd_y_2005_2006.csv'] [oneflux.pipeline.common]
2025-06-13 08:03:57.474 [DEBUG   ] Pipeline ure.post_validate directory is '/global/home/users/sytoanngo/ONEFlux/data/US-ARc_sample_output/12_ure' [oneflux.pipeline.common]
2025-06-13 08:03:57.476 [WARNING ] Pipeline ure.post_validate file with pattern 'US-ARc_DT_GPP_mef_matrix_hh_c_????_????.csv' not found in '/global/home/users/sytoanngo/ONEFlux/data/US-ARc_sample_output/12_ure' [oneflux.pipeline.common]
2025-06-13 08:03:57.476 [DEBUG   ] Pipeline ure.post_validate directory is '/global/home/users/sytoanngo/ONEFlux/data/US-ARc_sample_output/12_ure' [oneflux.pipeline.common]
2025-06-13 08:03:57.478 [DEBUG   ] Pipeline ure.post_validate in '/global/home/users/sytoanngo/ONEFlux/data/US-ARc_sample_output/12_ure' found file pattern 'US-ARc_DT_GPP_mef_matrix_hh_y_????_????.csv' (1 occurrences): ['US-ARc_DT_GPP_mef_matrix_hh_y_2005_2006.csv'] [oneflux.pipeline.common]
2025-06-13 08:03:57.478 [DEBUG   ] Pipeline ure.post_validate directory is '/global/home/users/sytoanngo/ONEFlux/data/US-ARc_sample_output/12_ure' [oneflux.pipeline.common]
2025-06-13 08:03:57.480 [WARNING ] Pipeline ure.post_validate file with pattern 'US-ARc_DT_GPP_mef_matrix_mm_c_????_????.csv' not found in '/global/home/users/sytoanngo/ONEFlux/data/US-ARc_sample_output/12_ure' [oneflux.pipeline.common]
2025-06-13 08:03:57.480 [DEBUG   ] Pipeline ure.post_validate directory is '/global/home/users/sytoanngo/ONEFlux/data/US-ARc_sample_output/12_ure' [oneflux.pipeline.common]
2025-06-13 08:03:57.482 [DEBUG   ] Pipeline ure.post_validate in '/global/home/users/sytoanngo/ONEFlux/data/US-ARc_sample_output/12_ure' found file pattern 'US-ARc_DT_GPP_mef_matrix_mm_y_????_????.csv' (1 occurrences): ['US-ARc_DT_GPP_mef_matrix_mm_y_2005_2006.csv'] [oneflux.pipeline.common]
2025-06-13 08:03:57.482 [DEBUG   ] Pipeline ure.post_validate directory is '/global/home/users/sytoanngo/ONEFlux/data/US-ARc_sample_output/12_ure' [oneflux.pipeline.common]
2025-06-13 08:03:57.484 [WARNING ] Pipeline ure.post_validate file with pattern 'US-ARc_DT_GPP_mef_matrix_ww_c_????_????.csv' not found in '/global/home/users/sytoanngo/ONEFlux/data/US-ARc_sample_output/12_ure' [oneflux.pipeline.common]
2025-06-13 08:03:57.484 [DEBUG   ] Pipeline ure.post_validate directory is '/global/home/users/sytoanngo/ONEFlux/data/US-ARc_sample_output/12_ure' [oneflux.pipeline.common]
2025-06-13 08:03:57.486 [DEBUG   ] Pipeline ure.post_validate in '/global/home/users/sytoanngo/ONEFlux/data/US-ARc_sample_output/12_ure' found file pattern 'US-ARc_DT_GPP_mef_matrix_ww_y_????_????.csv' (1 occurrences): ['US-ARc_DT_GPP_mef_matrix_ww_y_2005_2006.csv'] [oneflux.pipeline.common]
2025-06-13 08:03:57.486 [DEBUG   ] Pipeline ure.post_validate directory is '/global/home/users/sytoanngo/ONEFlux/data/US-ARc_sample_output/12_ure' [oneflux.pipeline.common]
2025-06-13 08:03:57.488 [WARNING ] Pipeline ure.post_validate file with pattern 'US-ARc_DT_GPP_mef_matrix_yy_c_????_????.csv' not found in '/global/home/users/sytoanngo/ONEFlux/data/US-ARc_sample_output/12_ure' [oneflux.pipeline.common]
2025-06-13 08:03:57.488 [DEBUG   ] Pipeline ure.post_validate directory is '/global/home/users/sytoanngo/ONEFlux/data/US-ARc_sample_output/12_ure' [oneflux.pipeline.common]
2025-06-13 08:03:57.490 [DEBUG   ] Pipeline ure.post_validate in '/global/home/users/sytoanngo/ONEFlux/data/US-ARc_sample_output/12_ure' found file pattern 'US-ARc_DT_GPP_mef_matrix_yy_y_????_????.csv' (1 occurrences): ['US-ARc_DT_GPP_mef_matrix_yy_y_2005_2006.csv'] [oneflux.pipeline.common]
2025-06-13 08:03:57.490 [DEBUG   ] Pipeline ure.post_validate directory is '/global/home/users/sytoanngo/ONEFlux/data/US-ARc_sample_output/12_ure' [oneflux.pipeline.common]
2025-06-13 08:03:57.491 [WARNING ] Pipeline ure.post_validate file with pattern 'US-ARc_DT_RECO_mef_matrix_dd_c_????_????.csv' not found in '/global/home/users/sytoanngo/ONEFlux/data/US-ARc_sample_output/12_ure' [oneflux.pipeline.common]
2025-06-13 08:03:57.492 [DEBUG   ] Pipeline ure.post_validate directory is '/global/home/users/sytoanngo/ONEFlux/data/US-ARc_sample_output/12_ure' [oneflux.pipeline.common]
2025-06-13 08:03:57.493 [DEBUG   ] Pipeline ure.post_validate in '/global/home/users/sytoanngo/ONEFlux/data/US-ARc_sample_output/12_ure' found file pattern 'US-ARc_DT_RECO_mef_matrix_dd_y_????_????.csv' (1 occurrences): ['US-ARc_DT_RECO_mef_matrix_dd_y_2005_2006.csv'] [oneflux.pipeline.common]
2025-06-13 08:03:57.494 [DEBUG   ] Pipeline ure.post_validate directory is '/global/home/users/sytoanngo/ONEFlux/data/US-ARc_sample_output/12_ure' [oneflux.pipeline.common]
2025-06-13 08:03:57.495 [WARNING ] Pipeline ure.post_validate file with pattern 'US-ARc_DT_RECO_mef_matrix_hh_c_????_????.csv' not found in '/global/home/users/sytoanngo/ONEFlux/data/US-ARc_sample_output/12_ure' [oneflux.pipeline.common]
2025-06-13 08:03:57.496 [DEBUG   ] Pipeline ure.post_validate directory is '/global/home/users/sytoanngo/ONEFlux/data/US-ARc_sample_output/12_ure' [oneflux.pipeline.common]
2025-06-13 08:03:57.497 [DEBUG   ] Pipeline ure.post_validate in '/global/home/users/sytoanngo/ONEFlux/data/US-ARc_sample_output/12_ure' found file pattern 'US-ARc_DT_RECO_mef_matrix_hh_y_????_????.csv' (1 occurrences): ['US-ARc_DT_RECO_mef_matrix_hh_y_2005_2006.csv'] [oneflux.pipeline.common]
2025-06-13 08:03:57.498 [DEBUG   ] Pipeline ure.post_validate directory is '/global/home/users/sytoanngo/ONEFlux/data/US-ARc_sample_output/12_ure' [oneflux.pipeline.common]
2025-06-13 08:03:57.499 [WARNING ] Pipeline ure.post_validate file with pattern 'US-ARc_DT_RECO_mef_matrix_mm_c_????_????.csv' not found in '/global/home/users/sytoanngo/ONEFlux/data/US-ARc_sample_output/12_ure' [oneflux.pipeline.common]
2025-06-13 08:03:57.499 [DEBUG   ] Pipeline ure.post_validate directory is '/global/home/users/sytoanngo/ONEFlux/data/US-ARc_sample_output/12_ure' [oneflux.pipeline.common]
2025-06-13 08:03:57.501 [DEBUG   ] Pipeline ure.post_validate in '/global/home/users/sytoanngo/ONEFlux/data/US-ARc_sample_output/12_ure' found file pattern 'US-ARc_DT_RECO_mef_matrix_mm_y_????_????.csv' (1 occurrences): ['US-ARc_DT_RECO_mef_matrix_mm_y_2005_2006.csv'] [oneflux.pipeline.common]
2025-06-13 08:03:57.501 [DEBUG   ] Pipeline ure.post_validate directory is '/global/home/users/sytoanngo/ONEFlux/data/US-ARc_sample_output/12_ure' [oneflux.pipeline.common]
2025-06-13 08:03:57.503 [WARNING ] Pipeline ure.post_validate file with pattern 'US-ARc_DT_RECO_mef_matrix_ww_c_????_????.csv' not found in '/global/home/users/sytoanngo/ONEFlux/data/US-ARc_sample_output/12_ure' [oneflux.pipeline.common]
2025-06-13 08:03:57.503 [DEBUG   ] Pipeline ure.post_validate directory is '/global/home/users/sytoanngo/ONEFlux/data/US-ARc_sample_output/12_ure' [oneflux.pipeline.common]
2025-06-13 08:03:57.505 [DEBUG   ] Pipeline ure.post_validate in '/global/home/users/sytoanngo/ONEFlux/data/US-ARc_sample_output/12_ure' found file pattern 'US-ARc_DT_RECO_mef_matrix_ww_y_????_????.csv' (1 occurrences): ['US-ARc_DT_RECO_mef_matrix_ww_y_2005_2006.csv'] [oneflux.pipeline.common]
2025-06-13 08:03:57.505 [DEBUG   ] Pipeline ure.post_validate directory is '/global/home/users/sytoanngo/ONEFlux/data/US-ARc_sample_output/12_ure' [oneflux.pipeline.common]
2025-06-13 08:03:57.507 [WARNING ] Pipeline ure.post_validate file with pattern 'US-ARc_DT_RECO_mef_matrix_yy_c_????_????.csv' not found in '/global/home/users/sytoanngo/ONEFlux/data/US-ARc_sample_output/12_ure' [oneflux.pipeline.common]
2025-06-13 08:03:57.507 [DEBUG   ] Pipeline ure.post_validate directory is '/global/home/users/sytoanngo/ONEFlux/data/US-ARc_sample_output/12_ure' [oneflux.pipeline.common]
2025-06-13 08:03:57.508 [DEBUG   ] Pipeline ure.post_validate in '/global/home/users/sytoanngo/ONEFlux/data/US-ARc_sample_output/12_ure' found file pattern 'US-ARc_DT_RECO_mef_matrix_yy_y_????_????.csv' (1 occurrences): ['US-ARc_DT_RECO_mef_matrix_yy_y_2005_2006.csv'] [oneflux.pipeline.common]
2025-06-13 08:03:57.509 [DEBUG   ] Pipeline ure.post_validate directory is '/global/home/users/sytoanngo/ONEFlux/data/US-ARc_sample_output/12_ure' [oneflux.pipeline.common]
2025-06-13 08:03:57.510 [WARNING ] Pipeline ure.post_validate file with pattern 'US-ARc_NT_GPP_mef_matrix_dd_c_????_????.csv' not found in '/global/home/users/sytoanngo/ONEFlux/data/US-ARc_sample_output/12_ure' [oneflux.pipeline.common]
2025-06-13 08:03:57.511 [DEBUG   ] Pipeline ure.post_validate directory is '/global/home/users/sytoanngo/ONEFlux/data/US-ARc_sample_output/12_ure' [oneflux.pipeline.common]
2025-06-13 08:03:57.512 [DEBUG   ] Pipeline ure.post_validate in '/global/home/users/sytoanngo/ONEFlux/data/US-ARc_sample_output/12_ure' found file pattern 'US-ARc_NT_GPP_mef_matrix_dd_y_????_????.csv' (1 occurrences): ['US-ARc_NT_GPP_mef_matrix_dd_y_2005_2006.csv'] [oneflux.pipeline.common]
2025-06-13 08:03:57.513 [DEBUG   ] Pipeline ure.post_validate directory is '/global/home/users/sytoanngo/ONEFlux/data/US-ARc_sample_output/12_ure' [oneflux.pipeline.common]
2025-06-13 08:03:57.514 [WARNING ] Pipeline ure.post_validate file with pattern 'US-ARc_NT_GPP_mef_matrix_hh_c_????_????.csv' not found in '/global/home/users/sytoanngo/ONEFlux/data/US-ARc_sample_output/12_ure' [oneflux.pipeline.common]
2025-06-13 08:03:57.514 [DEBUG   ] Pipeline ure.post_validate directory is '/global/home/users/sytoanngo/ONEFlux/data/US-ARc_sample_output/12_ure' [oneflux.pipeline.common]
2025-06-13 08:03:57.516 [DEBUG   ] Pipeline ure.post_validate in '/global/home/users/sytoanngo/ONEFlux/data/US-ARc_sample_output/12_ure' found file pattern 'US-ARc_NT_GPP_mef_matrix_hh_y_????_????.csv' (1 occurrences): ['US-ARc_NT_GPP_mef_matrix_hh_y_2005_2006.csv'] [oneflux.pipeline.common]
2025-06-13 08:03:57.516 [DEBUG   ] Pipeline ure.post_validate directory is '/global/home/users/sytoanngo/ONEFlux/data/US-ARc_sample_output/12_ure' [oneflux.pipeline.common]
2025-06-13 08:03:57.518 [WARNING ] Pipeline ure.post_validate file with pattern 'US-ARc_NT_GPP_mef_matrix_mm_c_????_????.csv' not found in '/global/home/users/sytoanngo/ONEFlux/data/US-ARc_sample_output/12_ure' [oneflux.pipeline.common]
2025-06-13 08:03:57.518 [DEBUG   ] Pipeline ure.post_validate directory is '/global/home/users/sytoanngo/ONEFlux/data/US-ARc_sample_output/12_ure' [oneflux.pipeline.common]
2025-06-13 08:03:57.520 [DEBUG   ] Pipeline ure.post_validate in '/global/home/users/sytoanngo/ONEFlux/data/US-ARc_sample_output/12_ure' found file pattern 'US-ARc_NT_GPP_mef_matrix_mm_y_????_????.csv' (1 occurrences): ['US-ARc_NT_GPP_mef_matrix_mm_y_2005_2006.csv'] [oneflux.pipeline.common]
2025-06-13 08:03:57.520 [DEBUG   ] Pipeline ure.post_validate directory is '/global/home/users/sytoanngo/ONEFlux/data/US-ARc_sample_output/12_ure' [oneflux.pipeline.common]
2025-06-13 08:03:57.522 [WARNING ] Pipeline ure.post_validate file with pattern 'US-ARc_NT_GPP_mef_matrix_ww_c_????_????.csv' not found in '/global/home/users/sytoanngo/ONEFlux/data/US-ARc_sample_output/12_ure' [oneflux.pipeline.common]
2025-06-13 08:03:57.522 [DEBUG   ] Pipeline ure.post_validate directory is '/global/home/users/sytoanngo/ONEFlux/data/US-ARc_sample_output/12_ure' [oneflux.pipeline.common]
2025-06-13 08:03:57.524 [DEBUG   ] Pipeline ure.post_validate in '/global/home/users/sytoanngo/ONEFlux/data/US-ARc_sample_output/12_ure' found file pattern 'US-ARc_NT_GPP_mef_matrix_ww_y_????_????.csv' (1 occurrences): ['US-ARc_NT_GPP_mef_matrix_ww_y_2005_2006.csv'] [oneflux.pipeline.common]
2025-06-13 08:03:57.524 [DEBUG   ] Pipeline ure.post_validate directory is '/global/home/users/sytoanngo/ONEFlux/data/US-ARc_sample_output/12_ure' [oneflux.pipeline.common]
2025-06-13 08:03:57.526 [WARNING ] Pipeline ure.post_validate file with pattern 'US-ARc_NT_GPP_mef_matrix_yy_c_????_????.csv' not found in '/global/home/users/sytoanngo/ONEFlux/data/US-ARc_sample_output/12_ure' [oneflux.pipeline.common]
2025-06-13 08:03:57.526 [DEBUG   ] Pipeline ure.post_validate directory is '/global/home/users/sytoanngo/ONEFlux/data/US-ARc_sample_output/12_ure' [oneflux.pipeline.common]
2025-06-13 08:03:57.527 [DEBUG   ] Pipeline ure.post_validate in '/global/home/users/sytoanngo/ONEFlux/data/US-ARc_sample_output/12_ure' found file pattern 'US-ARc_NT_GPP_mef_matrix_yy_y_????_????.csv' (1 occurrences): ['US-ARc_NT_GPP_mef_matrix_yy_y_2005_2006.csv'] [oneflux.pipeline.common]
2025-06-13 08:03:57.528 [DEBUG   ] Pipeline ure.post_validate directory is '/global/home/users/sytoanngo/ONEFlux/data/US-ARc_sample_output/12_ure' [oneflux.pipeline.common]
2025-06-13 08:03:57.529 [WARNING ] Pipeline ure.post_validate file with pattern 'US-ARc_NT_RECO_mef_matrix_dd_c_????_????.csv' not found in '/global/home/users/sytoanngo/ONEFlux/data/US-ARc_sample_output/12_ure' [oneflux.pipeline.common]
2025-06-13 08:03:57.530 [DEBUG   ] Pipeline ure.post_validate directory is '/global/home/users/sytoanngo/ONEFlux/data/US-ARc_sample_output/12_ure' [oneflux.pipeline.common]
2025-06-13 08:03:57.531 [DEBUG   ] Pipeline ure.post_validate in '/global/home/users/sytoanngo/ONEFlux/data/US-ARc_sample_output/12_ure' found file pattern 'US-ARc_NT_RECO_mef_matrix_dd_y_????_????.csv' (1 occurrences): ['US-ARc_NT_RECO_mef_matrix_dd_y_2005_2006.csv'] [oneflux.pipeline.common]
2025-06-13 08:03:57.532 [DEBUG   ] Pipeline ure.post_validate directory is '/global/home/users/sytoanngo/ONEFlux/data/US-ARc_sample_output/12_ure' [oneflux.pipeline.common]
2025-06-13 08:03:57.533 [WARNING ] Pipeline ure.post_validate file with pattern 'US-ARc_NT_RECO_mef_matrix_hh_c_????_????.csv' not found in '/global/home/users/sytoanngo/ONEFlux/data/US-ARc_sample_output/12_ure' [oneflux.pipeline.common]
2025-06-13 08:03:57.533 [DEBUG   ] Pipeline ure.post_validate directory is '/global/home/users/sytoanngo/ONEFlux/data/US-ARc_sample_output/12_ure' [oneflux.pipeline.common]
2025-06-13 08:03:57.535 [DEBUG   ] Pipeline ure.post_validate in '/global/home/users/sytoanngo/ONEFlux/data/US-ARc_sample_output/12_ure' found file pattern 'US-ARc_NT_RECO_mef_matrix_hh_y_????_????.csv' (1 occurrences): ['US-ARc_NT_RECO_mef_matrix_hh_y_2005_2006.csv'] [oneflux.pipeline.common]
2025-06-13 08:03:57.535 [DEBUG   ] Pipeline ure.post_validate directory is '/global/home/users/sytoanngo/ONEFlux/data/US-ARc_sample_output/12_ure' [oneflux.pipeline.common]
2025-06-13 08:03:57.537 [WARNING ] Pipeline ure.post_validate file with pattern 'US-ARc_NT_RECO_mef_matrix_mm_c_????_????.csv' not found in '/global/home/users/sytoanngo/ONEFlux/data/US-ARc_sample_output/12_ure' [oneflux.pipeline.common]
2025-06-13 08:03:57.537 [DEBUG   ] Pipeline ure.post_validate directory is '/global/home/users/sytoanngo/ONEFlux/data/US-ARc_sample_output/12_ure' [oneflux.pipeline.common]
2025-06-13 08:03:57.539 [DEBUG   ] Pipeline ure.post_validate in '/global/home/users/sytoanngo/ONEFlux/data/US-ARc_sample_output/12_ure' found file pattern 'US-ARc_NT_RECO_mef_matrix_mm_y_????_????.csv' (1 occurrences): ['US-ARc_NT_RECO_mef_matrix_mm_y_2005_2006.csv'] [oneflux.pipeline.common]
2025-06-13 08:03:57.539 [DEBUG   ] Pipeline ure.post_validate directory is '/global/home/users/sytoanngo/ONEFlux/data/US-ARc_sample_output/12_ure' [oneflux.pipeline.common]
2025-06-13 08:03:57.541 [WARNING ] Pipeline ure.post_validate file with pattern 'US-ARc_NT_RECO_mef_matrix_ww_c_????_????.csv' not found in '/global/home/users/sytoanngo/ONEFlux/data/US-ARc_sample_output/12_ure' [oneflux.pipeline.common]
2025-06-13 08:03:57.541 [DEBUG   ] Pipeline ure.post_validate directory is '/global/home/users/sytoanngo/ONEFlux/data/US-ARc_sample_output/12_ure' [oneflux.pipeline.common]
2025-06-13 08:03:57.543 [DEBUG   ] Pipeline ure.post_validate in '/global/home/users/sytoanngo/ONEFlux/data/US-ARc_sample_output/12_ure' found file pattern 'US-ARc_NT_RECO_mef_matrix_ww_y_????_????.csv' (1 occurrences): ['US-ARc_NT_RECO_mef_matrix_ww_y_2005_2006.csv'] [oneflux.pipeline.common]
2025-06-13 08:03:57.543 [DEBUG   ] Pipeline ure.post_validate directory is '/global/home/users/sytoanngo/ONEFlux/data/US-ARc_sample_output/12_ure' [oneflux.pipeline.common]
2025-06-13 08:03:57.544 [WARNING ] Pipeline ure.post_validate file with pattern 'US-ARc_NT_RECO_mef_matrix_yy_c_????_????.csv' not found in '/global/home/users/sytoanngo/ONEFlux/data/US-ARc_sample_output/12_ure' [oneflux.pipeline.common]
2025-06-13 08:03:57.545 [DEBUG   ] Pipeline ure.post_validate directory is '/global/home/users/sytoanngo/ONEFlux/data/US-ARc_sample_output/12_ure' [oneflux.pipeline.common]
2025-06-13 08:03:57.546 [DEBUG   ] Pipeline ure.post_validate in '/global/home/users/sytoanngo/ONEFlux/data/US-ARc_sample_output/12_ure' found file pattern 'US-ARc_NT_RECO_mef_matrix_yy_y_????_????.csv' (1 occurrences): ['US-ARc_NT_RECO_mef_matrix_yy_y_2005_2006.csv'] [oneflux.pipeline.common]
2025-06-13 08:03:57.552 [DEBUG   ] Pipeline fluxnet2015.run moved directory '/global/home/users/sytoanngo/ONEFlux/data/US-ARc_sample_output/99_fluxnet2015' to '/global/home/users/sytoanngo/ONEFlux/data/US-ARc_sample_output/99_fluxnet2015__n0004.dirac1_run20250613T080357' [oneflux.pipeline.common]
2025-06-13 08:03:57.552 [DEBUG   ] Created '/global/home/users/sytoanngo/ONEFlux/data/US-ARc_sample_output/99_fluxnet2015' [oneflux.pipeline.common]
2025-06-13 08:03:57.552 [INFO    ] Execution command oneflux.pipeline.site_data_product.run_site [oneflux.pipeline.wrappers]
2025-06-13 08:03:57.552 [DEBUG   ] Processing 'hh' resolution [oneflux.pipeline.site_data_product]
2025-06-13 08:03:57.553 [DEBUG   ] Loading meteo/hh file: /global/home/users/sytoanngo/ONEFlux/data/US-ARc_sample_output/07_meteo_proc/US-ARc_meteo_hh.csv [oneflux.pipeline.site_data_product]
2025-06-13 08:04:23.909 [INFO    ] Checking range of values for SWC (US-ARc) [oneflux.pipeline.site_data_product]
2025-06-13 08:04:23.911 [DEBUG   ] Found 1 SWC variables (['SWC_1_f']) for US-ARc, checking ranges [oneflux.pipeline.site_data_product]
2025-06-13 08:04:26.392 [DEBUG   ] SWC variable 'SWC_1_f' stats (US-ARc, 2005): negative_count=0  min=11.57  max=45.191 [oneflux.pipeline.site_data_product]
2025-06-13 08:04:26.538 [DEBUG   ] SWC variable 'SWC_1_f' stats (US-ARc, 2006): negative_count=0  min=10.865  max=34.305 [oneflux.pipeline.site_data_product]
2025-06-13 08:04:27.703 [DEBUG   ] Done with checking SWC vars for US-ARc [oneflux.pipeline.site_data_product]
2025-06-13 08:04:27.704 [DEBUG   ] Loading nee/hh file: /global/home/users/sytoanngo/ONEFlux/data/US-ARc_sample_output/08_nee_proc/US-ARc_NEE_hh.csv [oneflux.pipeline.site_data_product]
2025-06-13 08:04:28.834 [DEBUG   ] Loading energy/hh file: /global/home/users/sytoanngo/ONEFlux/data/US-ARc_sample_output/09_energy_proc/US-ARc_energy_hh.csv [oneflux.pipeline.site_data_product]
2025-06-13 08:04:29.735 [INFO    ] Skipping SR_RECO, file not found: /global/home/users/sytoanngo/ONEFlux/data/US-ARc_sample_output/12_ure/US-ARc_SR_RECO_hh.csv [oneflux.pipeline.site_data_product]
2025-06-13 08:04:29.736 [DEBUG   ] Loading partitioning/hh file: /global/home/users/sytoanngo/ONEFlux/data/US-ARc_sample_output/12_ure/US-ARc_DT_RECO_hh.csv [oneflux.pipeline.site_data_product]
2025-06-13 08:04:30.256 [DEBUG   ] Loading partitioning/hh file: /global/home/users/sytoanngo/ONEFlux/data/US-ARc_sample_output/12_ure/US-ARc_DT_GPP_hh.csv [oneflux.pipeline.site_data_product]
2025-06-13 08:04:30.716 [DEBUG   ] Loading partitioning/hh file: /global/home/users/sytoanngo/ONEFlux/data/US-ARc_sample_output/12_ure/US-ARc_NT_RECO_hh.csv [oneflux.pipeline.site_data_product]
2025-06-13 08:04:31.232 [DEBUG   ] Loading partitioning/hh file: /global/home/users/sytoanngo/ONEFlux/data/US-ARc_sample_output/12_ure/US-ARc_NT_GPP_hh.csv [oneflux.pipeline.site_data_product]
2025-06-13 08:04:31.770 [DEBUG   ] US-ARc: SR RECO file headers: ('TIMESTAMP_START', 'TIMESTAMP_END', 'RECO', 'RECO_n') [oneflux.pipeline.site_data_product]
2025-06-13 08:04:31.813 [DEBUG   ] Merged UNC headers: ('TIMESTAMP_START', 'TIMESTAMP_END', 'DT_RECO_ref_y', 'DT_RECO_ust50_y', 'DT_RECO_mean_y', 'DT_RECO_SE_y', 'DT_RECO_05_y', 'DT_RECO_16_y', 'DT_RECO_25_y', 'DT_RECO_50_y', 'DT_RECO_75_y', 'DT_RECO_84_y', 'DT_RECO_95_y', 'DT_GPP_ref_y', 'DT_GPP_ust50_y', 'DT_GPP_mean_y', 'DT_GPP_SE_y', 'DT_GPP_05_y', 'DT_GPP_16_y', 'DT_GPP_25_y', 'DT_GPP_50_y', 'DT_GPP_75_y', 'DT_GPP_84_y', 'DT_GPP_95_y', 'NT_RECO_ref_y', 'NT_RECO_ust50_y', 'NT_RECO_mean_y', 'NT_RECO_SE_y', 'NT_RECO_05_y', 'NT_RECO_16_y', 'NT_RECO_25_y', 'NT_RECO_50_y', 'NT_RECO_75_y', 'NT_RECO_84_y', 'NT_RECO_95_y', 'NT_GPP_ref_y', 'NT_GPP_ust50_y', 'NT_GPP_mean_y', 'NT_GPP_SE_y', 'NT_GPP_05_y', 'NT_GPP_16_y', 'NT_GPP_25_y', 'NT_GPP_50_y', 'NT_GPP_75_y', 'NT_GPP_84_y', 'NT_GPP_95_y', 'SR_RECO', 'SR_RECO_n') [oneflux.pipeline.site_data_product]
2025-06-13 08:04:31.866 [INFO    ] METEO number of records differs from ENERGY, assuming complete meteo and removing extra records [oneflux.pipeline.site_data_product]
2025-06-13 08:04:33.841 [DEBUG   ] Time slice results for 2005-2006: a[280512]=200501010000  a[315551]=200612312330 [oneflux.pipeline.site_data_product]
2025-06-13 08:04:33.847 [DEBUG   ] US-ARc: updating names for meteo data [oneflux.pipeline.site_data_product]
2025-06-13 08:04:33.847 [WARNING ] Unknown variable removed: 'DTIME' [oneflux.pipeline.site_data_product]
2025-06-13 08:04:33.869 [DEBUG   ] US-ARc: updating names for full meteo data [oneflux.pipeline.site_data_product]
2025-06-13 08:04:33.869 [WARNING ] Unknown variable removed: 'DTIME' [oneflux.pipeline.site_data_product]
2025-06-13 08:04:34.138 [DEBUG   ] US-ARc: updating names for energy data [oneflux.pipeline.site_data_product]
2025-06-13 08:04:34.139 [WARNING ] Unknown variable removed: 'DTIME' [oneflux.pipeline.site_data_product]
2025-06-13 08:04:34.150 [DEBUG   ] US-ARc: updating names for nee data [oneflux.pipeline.site_data_product]
2025-06-13 08:04:34.150 [WARNING ] Unknown variable removed: 'DTIME' [oneflux.pipeline.site_data_product]
2025-06-13 08:04:34.161 [DEBUG   ] US-ARc: updating names for unc data [oneflux.pipeline.site_data_product]
2025-06-13 08:04:34.416 [DEBUG   ] Pipeline gen_data_products_site directory is '/global/home/users/sytoanngo/ONEFlux/data/US-ARc_sample_output/01_qc_visual/qcv_files' [oneflux.pipeline.common]
2025-06-13 08:04:34.417 [DEBUG   ] Pipeline gen_data_products_site in '/global/home/users/sytoanngo/ONEFlux/data/US-ARc_sample_output/01_qc_visual/qcv_files' found file pattern '*_qcv_*.csv' (2 occurrences): ['US-ARc_qcv_2005.csv', 'US-ARc_qcv_2006.csv'] [oneflux.pipeline.common]
2025-06-13 08:04:34.417 [DEBUG   ] Loading qc-data/hh file: /global/home/users/sytoanngo/ONEFlux/data/US-ARc_sample_output/01_qc_visual/qcv_files/US-ARc_qcv_2005.csv [oneflux.pipeline.site_data_product]
2025-06-13 08:04:34.922 [DEBUG   ] Loading qc-data/hh file: /global/home/users/sytoanngo/ONEFlux/data/US-ARc_sample_output/01_qc_visual/qcv_files/US-ARc_qcv_2006.csv [oneflux.pipeline.site_data_product]
2025-06-13 08:04:35.452 [DEBUG   ] US-ARc: updating names for qc data [oneflux.pipeline.site_data_product]
2025-06-13 08:04:35.452 [WARNING ] Unknown QC variable removed: 'NEE_pi' [oneflux.pipeline.site_data_product]
2025-06-13 08:04:35.670 [DEBUG   ] Aggregating daily DD QC Data [oneflux.pipeline.site_data_product]
2025-06-13 08:04:35.671 [DEBUG   ] Aggregating day 0 [oneflux.pipeline.site_data_product]
2025-06-13 08:04:38.859 [DEBUG   ] Aggregating day 300 [oneflux.pipeline.site_data_product]
2025-06-13 08:04:42.042 [DEBUG   ] Aggregating day 600 [oneflux.pipeline.site_data_product]
2025-06-13 08:04:43.418 [DEBUG   ] Aggregating weekly WW QC Data [oneflux.pipeline.site_data_product]
2025-06-13 08:04:43.432 [DEBUG   ] Aggregating monthly MM QC Data [oneflux.pipeline.site_data_product]
2025-06-13 08:04:43.440 [DEBUG   ] Aggregating yearly YY QC Data [oneflux.pipeline.site_data_product]
2025-06-13 08:04:43.441 [INFO    ] Saving Tier 2 FULLSET CSV file: /global/home/users/sytoanngo/ONEFlux/data/US-ARc_sample_output/99_fluxnet2015/FLX_US-ARc_FLUXNET2015_FULLSET_HH_2005-2006_beta-5.csv [oneflux.pipeline.site_data_product]
2025-06-13 08:04:43.528 [DEBUG   ] Writing /global/home/users/sytoanngo/ONEFlux/data/US-ARc_sample_output/99_fluxnet2015/FLX_US-ARc_FLUXNET2015_FULLSET_HH_2005-2006_beta-5.csv: line 0 [oneflux.pipeline.site_data_product]
2025-06-13 08:04:43.732 [DEBUG   ] Writing /global/home/users/sytoanngo/ONEFlux/data/US-ARc_sample_output/99_fluxnet2015/FLX_US-ARc_FLUXNET2015_FULLSET_HH_2005-2006_beta-5.csv: line 1000 [oneflux.pipeline.site_data_product]
2025-06-13 08:04:43.935 [DEBUG   ] Writing /global/home/users/sytoanngo/ONEFlux/data/US-ARc_sample_output/99_fluxnet2015/FLX_US-ARc_FLUXNET2015_FULLSET_HH_2005-2006_beta-5.csv: line 2000 [oneflux.pipeline.site_data_product]
2025-06-13 08:04:44.155 [DEBUG   ] Writing /global/home/users/sytoanngo/ONEFlux/data/US-ARc_sample_output/99_fluxnet2015/FLX_US-ARc_FLUXNET2015_FULLSET_HH_2005-2006_beta-5.csv: line 3000 [oneflux.pipeline.site_data_product]
2025-06-13 08:04:44.402 [DEBUG   ] Writing /global/home/users/sytoanngo/ONEFlux/data/US-ARc_sample_output/99_fluxnet2015/FLX_US-ARc_FLUXNET2015_FULLSET_HH_2005-2006_beta-5.csv: line 4000 [oneflux.pipeline.site_data_product]
2025-06-13 08:04:44.650 [DEBUG   ] Writing /global/home/users/sytoanngo/ONEFlux/data/US-ARc_sample_output/99_fluxnet2015/FLX_US-ARc_FLUXNET2015_FULLSET_HH_2005-2006_beta-5.csv: line 5000 [oneflux.pipeline.site_data_product]
2025-06-13 08:04:44.899 [DEBUG   ] Writing /global/home/users/sytoanngo/ONEFlux/data/US-ARc_sample_output/99_fluxnet2015/FLX_US-ARc_FLUXNET2015_FULLSET_HH_2005-2006_beta-5.csv: line 6000 [oneflux.pipeline.site_data_product]
2025-06-13 08:04:45.147 [DEBUG   ] Writing /global/home/users/sytoanngo/ONEFlux/data/US-ARc_sample_output/99_fluxnet2015/FLX_US-ARc_FLUXNET2015_FULLSET_HH_2005-2006_beta-5.csv: line 7000 [oneflux.pipeline.site_data_product]
2025-06-13 08:04:45.396 [DEBUG   ] Writing /global/home/users/sytoanngo/ONEFlux/data/US-ARc_sample_output/99_fluxnet2015/FLX_US-ARc_FLUXNET2015_FULLSET_HH_2005-2006_beta-5.csv: line 8000 [oneflux.pipeline.site_data_product]
2025-06-13 08:04:45.646 [DEBUG   ] Writing /global/home/users/sytoanngo/ONEFlux/data/US-ARc_sample_output/99_fluxnet2015/FLX_US-ARc_FLUXNET2015_FULLSET_HH_2005-2006_beta-5.csv: line 9000 [oneflux.pipeline.site_data_product]
2025-06-13 08:04:45.895 [DEBUG   ] Writing /global/home/users/sytoanngo/ONEFlux/data/US-ARc_sample_output/99_fluxnet2015/FLX_US-ARc_FLUXNET2015_FULLSET_HH_2005-2006_beta-5.csv: line 10000 [oneflux.pipeline.site_data_product]
2025-06-13 08:04:46.145 [DEBUG   ] Writing /global/home/users/sytoanngo/ONEFlux/data/US-ARc_sample_output/99_fluxnet2015/FLX_US-ARc_FLUXNET2015_FULLSET_HH_2005-2006_beta-5.csv: line 11000 [oneflux.pipeline.site_data_product]
2025-06-13 08:04:46.396 [DEBUG   ] Writing /global/home/users/sytoanngo/ONEFlux/data/US-ARc_sample_output/99_fluxnet2015/FLX_US-ARc_FLUXNET2015_FULLSET_HH_2005-2006_beta-5.csv: line 12000 [oneflux.pipeline.site_data_product]
2025-06-13 08:04:46.647 [DEBUG   ] Writing /global/home/users/sytoanngo/ONEFlux/data/US-ARc_sample_output/99_fluxnet2015/FLX_US-ARc_FLUXNET2015_FULLSET_HH_2005-2006_beta-5.csv: line 13000 [oneflux.pipeline.site_data_product]
2025-06-13 08:04:46.897 [DEBUG   ] Writing /global/home/users/sytoanngo/ONEFlux/data/US-ARc_sample_output/99_fluxnet2015/FLX_US-ARc_FLUXNET2015_FULLSET_HH_2005-2006_beta-5.csv: line 14000 [oneflux.pipeline.site_data_product]
2025-06-13 08:04:47.148 [DEBUG   ] Writing /global/home/users/sytoanngo/ONEFlux/data/US-ARc_sample_output/99_fluxnet2015/FLX_US-ARc_FLUXNET2015_FULLSET_HH_2005-2006_beta-5.csv: line 15000 [oneflux.pipeline.site_data_product]
2025-06-13 08:04:47.401 [DEBUG   ] Writing /global/home/users/sytoanngo/ONEFlux/data/US-ARc_sample_output/99_fluxnet2015/FLX_US-ARc_FLUXNET2015_FULLSET_HH_2005-2006_beta-5.csv: line 16000 [oneflux.pipeline.site_data_product]
2025-06-13 08:04:47.651 [DEBUG   ] Writing /global/home/users/sytoanngo/ONEFlux/data/US-ARc_sample_output/99_fluxnet2015/FLX_US-ARc_FLUXNET2015_FULLSET_HH_2005-2006_beta-5.csv: line 17000 [oneflux.pipeline.site_data_product]
2025-06-13 08:04:47.899 [DEBUG   ] Writing /global/home/users/sytoanngo/ONEFlux/data/US-ARc_sample_output/99_fluxnet2015/FLX_US-ARc_FLUXNET2015_FULLSET_HH_2005-2006_beta-5.csv: line 18000 [oneflux.pipeline.site_data_product]
2025-06-13 08:04:48.149 [DEBUG   ] Writing /global/home/users/sytoanngo/ONEFlux/data/US-ARc_sample_output/99_fluxnet2015/FLX_US-ARc_FLUXNET2015_FULLSET_HH_2005-2006_beta-5.csv: line 19000 [oneflux.pipeline.site_data_product]
2025-06-13 08:04:48.401 [DEBUG   ] Writing /global/home/users/sytoanngo/ONEFlux/data/US-ARc_sample_output/99_fluxnet2015/FLX_US-ARc_FLUXNET2015_FULLSET_HH_2005-2006_beta-5.csv: line 20000 [oneflux.pipeline.site_data_product]
2025-06-13 08:04:48.651 [DEBUG   ] Writing /global/home/users/sytoanngo/ONEFlux/data/US-ARc_sample_output/99_fluxnet2015/FLX_US-ARc_FLUXNET2015_FULLSET_HH_2005-2006_beta-5.csv: line 21000 [oneflux.pipeline.site_data_product]
2025-06-13 08:04:48.899 [DEBUG   ] Writing /global/home/users/sytoanngo/ONEFlux/data/US-ARc_sample_output/99_fluxnet2015/FLX_US-ARc_FLUXNET2015_FULLSET_HH_2005-2006_beta-5.csv: line 22000 [oneflux.pipeline.site_data_product]
2025-06-13 08:04:49.149 [DEBUG   ] Writing /global/home/users/sytoanngo/ONEFlux/data/US-ARc_sample_output/99_fluxnet2015/FLX_US-ARc_FLUXNET2015_FULLSET_HH_2005-2006_beta-5.csv: line 23000 [oneflux.pipeline.site_data_product]
2025-06-13 08:04:49.404 [DEBUG   ] Writing /global/home/users/sytoanngo/ONEFlux/data/US-ARc_sample_output/99_fluxnet2015/FLX_US-ARc_FLUXNET2015_FULLSET_HH_2005-2006_beta-5.csv: line 24000 [oneflux.pipeline.site_data_product]
2025-06-13 08:04:49.651 [DEBUG   ] Writing /global/home/users/sytoanngo/ONEFlux/data/US-ARc_sample_output/99_fluxnet2015/FLX_US-ARc_FLUXNET2015_FULLSET_HH_2005-2006_beta-5.csv: line 25000 [oneflux.pipeline.site_data_product]
2025-06-13 08:04:49.898 [DEBUG   ] Writing /global/home/users/sytoanngo/ONEFlux/data/US-ARc_sample_output/99_fluxnet2015/FLX_US-ARc_FLUXNET2015_FULLSET_HH_2005-2006_beta-5.csv: line 26000 [oneflux.pipeline.site_data_product]
2025-06-13 08:04:50.146 [DEBUG   ] Writing /global/home/users/sytoanngo/ONEFlux/data/US-ARc_sample_output/99_fluxnet2015/FLX_US-ARc_FLUXNET2015_FULLSET_HH_2005-2006_beta-5.csv: line 27000 [oneflux.pipeline.site_data_product]
2025-06-13 08:04:50.394 [DEBUG   ] Writing /global/home/users/sytoanngo/ONEFlux/data/US-ARc_sample_output/99_fluxnet2015/FLX_US-ARc_FLUXNET2015_FULLSET_HH_2005-2006_beta-5.csv: line 28000 [oneflux.pipeline.site_data_product]
2025-06-13 08:04:50.641 [DEBUG   ] Writing /global/home/users/sytoanngo/ONEFlux/data/US-ARc_sample_output/99_fluxnet2015/FLX_US-ARc_FLUXNET2015_FULLSET_HH_2005-2006_beta-5.csv: line 29000 [oneflux.pipeline.site_data_product]
2025-06-13 08:04:50.887 [DEBUG   ] Writing /global/home/users/sytoanngo/ONEFlux/data/US-ARc_sample_output/99_fluxnet2015/FLX_US-ARc_FLUXNET2015_FULLSET_HH_2005-2006_beta-5.csv: line 30000 [oneflux.pipeline.site_data_product]
2025-06-13 08:04:51.136 [DEBUG   ] Writing /global/home/users/sytoanngo/ONEFlux/data/US-ARc_sample_output/99_fluxnet2015/FLX_US-ARc_FLUXNET2015_FULLSET_HH_2005-2006_beta-5.csv: line 31000 [oneflux.pipeline.site_data_product]
2025-06-13 08:04:51.384 [DEBUG   ] Writing /global/home/users/sytoanngo/ONEFlux/data/US-ARc_sample_output/99_fluxnet2015/FLX_US-ARc_FLUXNET2015_FULLSET_HH_2005-2006_beta-5.csv: line 32000 [oneflux.pipeline.site_data_product]
2025-06-13 08:04:51.614 [DEBUG   ] Writing /global/home/users/sytoanngo/ONEFlux/data/US-ARc_sample_output/99_fluxnet2015/FLX_US-ARc_FLUXNET2015_FULLSET_HH_2005-2006_beta-5.csv: line 33000 [oneflux.pipeline.site_data_product]
2025-06-13 08:04:51.815 [DEBUG   ] Writing /global/home/users/sytoanngo/ONEFlux/data/US-ARc_sample_output/99_fluxnet2015/FLX_US-ARc_FLUXNET2015_FULLSET_HH_2005-2006_beta-5.csv: line 34000 [oneflux.pipeline.site_data_product]
2025-06-13 08:04:52.016 [DEBUG   ] Writing /global/home/users/sytoanngo/ONEFlux/data/US-ARc_sample_output/99_fluxnet2015/FLX_US-ARc_FLUXNET2015_FULLSET_HH_2005-2006_beta-5.csv: line 35000 [oneflux.pipeline.site_data_product]
2025-06-13 08:04:52.184 [INFO    ] Tier 1 FULLSET CSV same as Tier 2 (all), reusing file: /global/home/users/sytoanngo/ONEFlux/data/US-ARc_sample_output/99_fluxnet2015/FLX_US-ARc_FLUXNET2015_FULLSET_HH_2005-2006_beta-5.csv [oneflux.pipeline.site_data_product]
2025-06-13 08:04:52.184 [INFO    ] Saving ERA-Interim CSV file: /global/home/users/sytoanngo/ONEFlux/data/US-ARc_sample_output/99_fluxnet2015/FLX_US-ARc_FLUXNET2015_ERAI_HH_1989-2014_beta-5.csv [oneflux.pipeline.site_data_product]
2025-06-13 08:04:52.249 [DEBUG   ] Writing /global/home/users/sytoanngo/ONEFlux/data/US-ARc_sample_output/99_fluxnet2015/FLX_US-ARc_FLUXNET2015_ERAI_HH_1989-2014_beta-5.csv: line 0 [oneflux.pipeline.site_data_product]
2025-06-13 08:04:52.260 [DEBUG   ] Writing /global/home/users/sytoanngo/ONEFlux/data/US-ARc_sample_output/99_fluxnet2015/FLX_US-ARc_FLUXNET2015_ERAI_HH_1989-2014_beta-5.csv: line 1000 [oneflux.pipeline.site_data_product]
2025-06-13 08:04:52.271 [DEBUG   ] Writing /global/home/users/sytoanngo/ONEFlux/data/US-ARc_sample_output/99_fluxnet2015/FLX_US-ARc_FLUXNET2015_ERAI_HH_1989-2014_beta-5.csv: line 2000 [oneflux.pipeline.site_data_product]
2025-06-13 08:04:52.281 [DEBUG   ] Writing /global/home/users/sytoanngo/ONEFlux/data/US-ARc_sample_output/99_fluxnet2015/FLX_US-ARc_FLUXNET2015_ERAI_HH_1989-2014_beta-5.csv: line 3000 [oneflux.pipeline.site_data_product]
2025-06-13 08:04:52.292 [DEBUG   ] Writing /global/home/users/sytoanngo/ONEFlux/data/US-ARc_sample_output/99_fluxnet2015/FLX_US-ARc_FLUXNET2015_ERAI_HH_1989-2014_beta-5.csv: line 4000 [oneflux.pipeline.site_data_product]
2025-06-13 08:04:52.302 [DEBUG   ] Writing /global/home/users/sytoanngo/ONEFlux/data/US-ARc_sample_output/99_fluxnet2015/FLX_US-ARc_FLUXNET2015_ERAI_HH_1989-2014_beta-5.csv: line 5000 [oneflux.pipeline.site_data_product]
2025-06-13 08:04:52.313 [DEBUG   ] Writing /global/home/users/sytoanngo/ONEFlux/data/US-ARc_sample_output/99_fluxnet2015/FLX_US-ARc_FLUXNET2015_ERAI_HH_1989-2014_beta-5.csv: line 6000 [oneflux.pipeline.site_data_product]
2025-06-13 08:04:52.323 [DEBUG   ] Writing /global/home/users/sytoanngo/ONEFlux/data/US-ARc_sample_output/99_fluxnet2015/FLX_US-ARc_FLUXNET2015_ERAI_HH_1989-2014_beta-5.csv: line 7000 [oneflux.pipeline.site_data_product]
2025-06-13 08:04:52.333 [DEBUG   ] Writing /global/home/users/sytoanngo/ONEFlux/data/US-ARc_sample_output/99_fluxnet2015/FLX_US-ARc_FLUXNET2015_ERAI_HH_1989-2014_beta-5.csv: line 8000 [oneflux.pipeline.site_data_product]
2025-06-13 08:04:52.344 [DEBUG   ] Writing /global/home/users/sytoanngo/ONEFlux/data/US-ARc_sample_output/99_fluxnet2015/FLX_US-ARc_FLUXNET2015_ERAI_HH_1989-2014_beta-5.csv: line 9000 [oneflux.pipeline.site_data_product]
2025-06-13 08:04:52.354 [DEBUG   ] Writing /global/home/users/sytoanngo/ONEFlux/data/US-ARc_sample_output/99_fluxnet2015/FLX_US-ARc_FLUXNET2015_ERAI_HH_1989-2014_beta-5.csv: line 10000 [oneflux.pipeline.site_data_product]
2025-06-13 08:04:52.365 [DEBUG   ] Writing /global/home/users/sytoanngo/ONEFlux/data/US-ARc_sample_output/99_fluxnet2015/FLX_US-ARc_FLUXNET2015_ERAI_HH_1989-2014_beta-5.csv: line 11000 [oneflux.pipeline.site_data_product]
2025-06-13 08:04:52.375 [DEBUG   ] Writing /global/home/users/sytoanngo/ONEFlux/data/US-ARc_sample_output/99_fluxnet2015/FLX_US-ARc_FLUXNET2015_ERAI_HH_1989-2014_beta-5.csv: line 12000 [oneflux.pipeline.site_data_product]
2025-06-13 08:04:52.386 [DEBUG   ] Writing /global/home/users/sytoanngo/ONEFlux/data/US-ARc_sample_output/99_fluxnet2015/FLX_US-ARc_FLUXNET2015_ERAI_HH_1989-2014_beta-5.csv: line 13000 [oneflux.pipeline.site_data_product]
2025-06-13 08:04:52.396 [DEBUG   ] Writing /global/home/users/sytoanngo/ONEFlux/data/US-ARc_sample_output/99_fluxnet2015/FLX_US-ARc_FLUXNET2015_ERAI_HH_1989-2014_beta-5.csv: line 14000 [oneflux.pipeline.site_data_product]
2025-06-13 08:04:52.407 [DEBUG   ] Writing /global/home/users/sytoanngo/ONEFlux/data/US-ARc_sample_output/99_fluxnet2015/FLX_US-ARc_FLUXNET2015_ERAI_HH_1989-2014_beta-5.csv: line 15000 [oneflux.pipeline.site_data_product]
2025-06-13 08:04:52.417 [DEBUG   ] Writing /global/home/users/sytoanngo/ONEFlux/data/US-ARc_sample_output/99_fluxnet2015/FLX_US-ARc_FLUXNET2015_ERAI_HH_1989-2014_beta-5.csv: line 16000 [oneflux.pipeline.site_data_product]
2025-06-13 08:04:52.427 [DEBUG   ] Writing /global/home/users/sytoanngo/ONEFlux/data/US-ARc_sample_output/99_fluxnet2015/FLX_US-ARc_FLUXNET2015_ERAI_HH_1989-2014_beta-5.csv: line 17000 [oneflux.pipeline.site_data_product]
2025-06-13 08:04:52.438 [DEBUG   ] Writing /global/home/users/sytoanngo/ONEFlux/data/US-ARc_sample_output/99_fluxnet2015/FLX_US-ARc_FLUXNET2015_ERAI_HH_1989-2014_beta-5.csv: line 18000 [oneflux.pipeline.site_data_product]
2025-06-13 08:04:52.448 [DEBUG   ] Writing /global/home/users/sytoanngo/ONEFlux/data/US-ARc_sample_output/99_fluxnet2015/FLX_US-ARc_FLUXNET2015_ERAI_HH_1989-2014_beta-5.csv: line 19000 [oneflux.pipeline.site_data_product]
2025-06-13 08:04:52.459 [DEBUG   ] Writing /global/home/users/sytoanngo/ONEFlux/data/US-ARc_sample_output/99_fluxnet2015/FLX_US-ARc_FLUXNET2015_ERAI_HH_1989-2014_beta-5.csv: line 20000 [oneflux.pipeline.site_data_product]
2025-06-13 08:04:52.469 [DEBUG   ] Writing /global/home/users/sytoanngo/ONEFlux/data/US-ARc_sample_output/99_fluxnet2015/FLX_US-ARc_FLUXNET2015_ERAI_HH_1989-2014_beta-5.csv: line 21000 [oneflux.pipeline.site_data_product]
2025-06-13 08:04:52.479 [DEBUG   ] Writing /global/home/users/sytoanngo/ONEFlux/data/US-ARc_sample_output/99_fluxnet2015/FLX_US-ARc_FLUXNET2015_ERAI_HH_1989-2014_beta-5.csv: line 22000 [oneflux.pipeline.site_data_product]
2025-06-13 08:04:52.491 [DEBUG   ] Writing /global/home/users/sytoanngo/ONEFlux/data/US-ARc_sample_output/99_fluxnet2015/FLX_US-ARc_FLUXNET2015_ERAI_HH_1989-2014_beta-5.csv: line 23000 [oneflux.pipeline.site_data_product]
2025-06-13 08:04:52.502 [DEBUG   ] Writing /global/home/users/sytoanngo/ONEFlux/data/US-ARc_sample_output/99_fluxnet2015/FLX_US-ARc_FLUXNET2015_ERAI_HH_1989-2014_beta-5.csv: line 24000 [oneflux.pipeline.site_data_product]
2025-06-13 08:04:52.513 [DEBUG   ] Writing /global/home/users/sytoanngo/ONEFlux/data/US-ARc_sample_output/99_fluxnet2015/FLX_US-ARc_FLUXNET2015_ERAI_HH_1989-2014_beta-5.csv: line 25000 [oneflux.pipeline.site_data_product]
2025-06-13 08:04:52.524 [DEBUG   ] Writing /global/home/users/sytoanngo/ONEFlux/data/US-ARc_sample_output/99_fluxnet2015/FLX_US-ARc_FLUXNET2015_ERAI_HH_1989-2014_beta-5.csv: line 26000 [oneflux.pipeline.site_data_product]
2025-06-13 08:04:52.535 [DEBUG   ] Writing /global/home/users/sytoanngo/ONEFlux/data/US-ARc_sample_output/99_fluxnet2015/FLX_US-ARc_FLUXNET2015_ERAI_HH_1989-2014_beta-5.csv: line 27000 [oneflux.pipeline.site_data_product]
2025-06-13 08:04:52.546 [DEBUG   ] Writing /global/home/users/sytoanngo/ONEFlux/data/US-ARc_sample_output/99_fluxnet2015/FLX_US-ARc_FLUXNET2015_ERAI_HH_1989-2014_beta-5.csv: line 28000 [oneflux.pipeline.site_data_product]
2025-06-13 08:04:52.557 [DEBUG   ] Writing /global/home/users/sytoanngo/ONEFlux/data/US-ARc_sample_output/99_fluxnet2015/FLX_US-ARc_FLUXNET2015_ERAI_HH_1989-2014_beta-5.csv: line 29000 [oneflux.pipeline.site_data_product]
2025-06-13 08:04:52.571 [DEBUG   ] Writing /global/home/users/sytoanngo/ONEFlux/data/US-ARc_sample_output/99_fluxnet2015/FLX_US-ARc_FLUXNET2015_ERAI_HH_1989-2014_beta-5.csv: line 30000 [oneflux.pipeline.site_data_product]
2025-06-13 08:04:52.585 [DEBUG   ] Writing /global/home/users/sytoanngo/ONEFlux/data/US-ARc_sample_output/99_fluxnet2015/FLX_US-ARc_FLUXNET2015_ERAI_HH_1989-2014_beta-5.csv: line 31000 [oneflux.pipeline.site_data_product]
2025-06-13 08:04:52.599 [DEBUG   ] Writing /global/home/users/sytoanngo/ONEFlux/data/US-ARc_sample_output/99_fluxnet2015/FLX_US-ARc_FLUXNET2015_ERAI_HH_1989-2014_beta-5.csv: line 32000 [oneflux.pipeline.site_data_product]
2025-06-13 08:04:52.613 [DEBUG   ] Writing /global/home/users/sytoanngo/ONEFlux/data/US-ARc_sample_output/99_fluxnet2015/FLX_US-ARc_FLUXNET2015_ERAI_HH_1989-2014_beta-5.csv: line 33000 [oneflux.pipeline.site_data_product]
2025-06-13 08:04:52.627 [DEBUG   ] Writing /global/home/users/sytoanngo/ONEFlux/data/US-ARc_sample_output/99_fluxnet2015/FLX_US-ARc_FLUXNET2015_ERAI_HH_1989-2014_beta-5.csv: line 34000 [oneflux.pipeline.site_data_product]
2025-06-13 08:04:52.641 [DEBUG   ] Writing /global/home/users/sytoanngo/ONEFlux/data/US-ARc_sample_output/99_fluxnet2015/FLX_US-ARc_FLUXNET2015_ERAI_HH_1989-2014_beta-5.csv: line 35000 [oneflux.pipeline.site_data_product]
2025-06-13 08:04:52.654 [DEBUG   ] Writing /global/home/users/sytoanngo/ONEFlux/data/US-ARc_sample_output/99_fluxnet2015/FLX_US-ARc_FLUXNET2015_ERAI_HH_1989-2014_beta-5.csv: line 36000 [oneflux.pipeline.site_data_product]
2025-06-13 08:04:52.668 [DEBUG   ] Writing /global/home/users/sytoanngo/ONEFlux/data/US-ARc_sample_output/99_fluxnet2015/FLX_US-ARc_FLUXNET2015_ERAI_HH_1989-2014_beta-5.csv: line 37000 [oneflux.pipeline.site_data_product]
2025-06-13 08:04:52.682 [DEBUG   ] Writing /global/home/users/sytoanngo/ONEFlux/data/US-ARc_sample_output/99_fluxnet2015/FLX_US-ARc_FLUXNET2015_ERAI_HH_1989-2014_beta-5.csv: line 38000 [oneflux.pipeline.site_data_product]
2025-06-13 08:04:52.697 [DEBUG   ] Writing /global/home/users/sytoanngo/ONEFlux/data/US-ARc_sample_output/99_fluxnet2015/FLX_US-ARc_FLUXNET2015_ERAI_HH_1989-2014_beta-5.csv: line 39000 [oneflux.pipeline.site_data_product]
2025-06-13 08:04:52.711 [DEBUG   ] Writing /global/home/users/sytoanngo/ONEFlux/data/US-ARc_sample_output/99_fluxnet2015/FLX_US-ARc_FLUXNET2015_ERAI_HH_1989-2014_beta-5.csv: line 40000 [oneflux.pipeline.site_data_product]
2025-06-13 08:04:52.725 [DEBUG   ] Writing /global/home/users/sytoanngo/ONEFlux/data/US-ARc_sample_output/99_fluxnet2015/FLX_US-ARc_FLUXNET2015_ERAI_HH_1989-2014_beta-5.csv: line 41000 [oneflux.pipeline.site_data_product]
2025-06-13 08:04:52.739 [DEBUG   ] Writing /global/home/users/sytoanngo/ONEFlux/data/US-ARc_sample_output/99_fluxnet2015/FLX_US-ARc_FLUXNET2015_ERAI_HH_1989-2014_beta-5.csv: line 42000 [oneflux.pipeline.site_data_product]
2025-06-13 08:04:52.753 [DEBUG   ] Writing /global/home/users/sytoanngo/ONEFlux/data/US-ARc_sample_output/99_fluxnet2015/FLX_US-ARc_FLUXNET2015_ERAI_HH_1989-2014_beta-5.csv: line 43000 [oneflux.pipeline.site_data_product]
2025-06-13 08:04:52.767 [DEBUG   ] Writing /global/home/users/sytoanngo/ONEFlux/data/US-ARc_sample_output/99_fluxnet2015/FLX_US-ARc_FLUXNET2015_ERAI_HH_1989-2014_beta-5.csv: line 44000 [oneflux.pipeline.site_data_product]
2025-06-13 08:04:52.781 [DEBUG   ] Writing /global/home/users/sytoanngo/ONEFlux/data/US-ARc_sample_output/99_fluxnet2015/FLX_US-ARc_FLUXNET2015_ERAI_HH_1989-2014_beta-5.csv: line 45000 [oneflux.pipeline.site_data_product]
2025-06-13 08:04:52.795 [DEBUG   ] Writing /global/home/users/sytoanngo/ONEFlux/data/US-ARc_sample_output/99_fluxnet2015/FLX_US-ARc_FLUXNET2015_ERAI_HH_1989-2014_beta-5.csv: line 46000 [oneflux.pipeline.site_data_product]
2025-06-13 08:04:52.809 [DEBUG   ] Writing /global/home/users/sytoanngo/ONEFlux/data/US-ARc_sample_output/99_fluxnet2015/FLX_US-ARc_FLUXNET2015_ERAI_HH_1989-2014_beta-5.csv: line 47000 [oneflux.pipeline.site_data_product]
2025-06-13 08:04:52.823 [DEBUG   ] Writing /global/home/users/sytoanngo/ONEFlux/data/US-ARc_sample_output/99_fluxnet2015/FLX_US-ARc_FLUXNET2015_ERAI_HH_1989-2014_beta-5.csv: line 48000 [oneflux.pipeline.site_data_product]
2025-06-13 08:04:52.837 [DEBUG   ] Writing /global/home/users/sytoanngo/ONEFlux/data/US-ARc_sample_output/99_fluxnet2015/FLX_US-ARc_FLUXNET2015_ERAI_HH_1989-2014_beta-5.csv: line 49000 [oneflux.pipeline.site_data_product]
2025-06-13 08:04:52.851 [DEBUG   ] Writing /global/home/users/sytoanngo/ONEFlux/data/US-ARc_sample_output/99_fluxnet2015/FLX_US-ARc_FLUXNET2015_ERAI_HH_1989-2014_beta-5.csv: line 50000 [oneflux.pipeline.site_data_product]
2025-06-13 08:04:52.865 [DEBUG   ] Writing /global/home/users/sytoanngo/ONEFlux/data/US-ARc_sample_output/99_fluxnet2015/FLX_US-ARc_FLUXNET2015_ERAI_HH_1989-2014_beta-5.csv: line 51000 [oneflux.pipeline.site_data_product]
2025-06-13 08:04:52.879 [DEBUG   ] Writing /global/home/users/sytoanngo/ONEFlux/data/US-ARc_sample_output/99_fluxnet2015/FLX_US-ARc_FLUXNET2015_ERAI_HH_1989-2014_beta-5.csv: line 52000 [oneflux.pipeline.site_data_product]
2025-06-13 08:04:52.893 [DEBUG   ] Writing /global/home/users/sytoanngo/ONEFlux/data/US-ARc_sample_output/99_fluxnet2015/FLX_US-ARc_FLUXNET2015_ERAI_HH_1989-2014_beta-5.csv: line 53000 [oneflux.pipeline.site_data_product]
2025-06-13 08:04:52.907 [DEBUG   ] Writing /global/home/users/sytoanngo/ONEFlux/data/US-ARc_sample_output/99_fluxnet2015/FLX_US-ARc_FLUXNET2015_ERAI_HH_1989-2014_beta-5.csv: line 54000 [oneflux.pipeline.site_data_product]
2025-06-13 08:04:52.921 [DEBUG   ] Writing /global/home/users/sytoanngo/ONEFlux/data/US-ARc_sample_output/99_fluxnet2015/FLX_US-ARc_FLUXNET2015_ERAI_HH_1989-2014_beta-5.csv: line 55000 [oneflux.pipeline.site_data_product]
2025-06-13 08:04:52.935 [DEBUG   ] Writing /global/home/users/sytoanngo/ONEFlux/data/US-ARc_sample_output/99_fluxnet2015/FLX_US-ARc_FLUXNET2015_ERAI_HH_1989-2014_beta-5.csv: line 56000 [oneflux.pipeline.site_data_product]
2025-06-13 08:04:52.949 [DEBUG   ] Writing /global/home/users/sytoanngo/ONEFlux/data/US-ARc_sample_output/99_fluxnet2015/FLX_US-ARc_FLUXNET2015_ERAI_HH_1989-2014_beta-5.csv: line 57000 [oneflux.pipeline.site_data_product]
2025-06-13 08:04:52.963 [DEBUG   ] Writing /global/home/users/sytoanngo/ONEFlux/data/US-ARc_sample_output/99_fluxnet2015/FLX_US-ARc_FLUXNET2015_ERAI_HH_1989-2014_beta-5.csv: line 58000 [oneflux.pipeline.site_data_product]
2025-06-13 08:04:52.977 [DEBUG   ] Writing /global/home/users/sytoanngo/ONEFlux/data/US-ARc_sample_output/99_fluxnet2015/FLX_US-ARc_FLUXNET2015_ERAI_HH_1989-2014_beta-5.csv: line 59000 [oneflux.pipeline.site_data_product]
2025-06-13 08:04:52.991 [DEBUG   ] Writing /global/home/users/sytoanngo/ONEFlux/data/US-ARc_sample_output/99_fluxnet2015/FLX_US-ARc_FLUXNET2015_ERAI_HH_1989-2014_beta-5.csv: line 60000 [oneflux.pipeline.site_data_product]
2025-06-13 08:04:53.006 [DEBUG   ] Writing /global/home/users/sytoanngo/ONEFlux/data/US-ARc_sample_output/99_fluxnet2015/FLX_US-ARc_FLUXNET2015_ERAI_HH_1989-2014_beta-5.csv: line 61000 [oneflux.pipeline.site_data_product]
2025-06-13 08:04:53.020 [DEBUG   ] Writing /global/home/users/sytoanngo/ONEFlux/data/US-ARc_sample_output/99_fluxnet2015/FLX_US-ARc_FLUXNET2015_ERAI_HH_1989-2014_beta-5.csv: line 62000 [oneflux.pipeline.site_data_product]
2025-06-13 08:04:53.034 [DEBUG   ] Writing /global/home/users/sytoanngo/ONEFlux/data/US-ARc_sample_output/99_fluxnet2015/FLX_US-ARc_FLUXNET2015_ERAI_HH_1989-2014_beta-5.csv: line 63000 [oneflux.pipeline.site_data_product]
2025-06-13 08:04:53.048 [DEBUG   ] Writing /global/home/users/sytoanngo/ONEFlux/data/US-ARc_sample_output/99_fluxnet2015/FLX_US-ARc_FLUXNET2015_ERAI_HH_1989-2014_beta-5.csv: line 64000 [oneflux.pipeline.site_data_product]
2025-06-13 08:04:53.062 [DEBUG   ] Writing /global/home/users/sytoanngo/ONEFlux/data/US-ARc_sample_output/99_fluxnet2015/FLX_US-ARc_FLUXNET2015_ERAI_HH_1989-2014_beta-5.csv: line 65000 [oneflux.pipeline.site_data_product]
2025-06-13 08:04:53.077 [DEBUG   ] Writing /global/home/users/sytoanngo/ONEFlux/data/US-ARc_sample_output/99_fluxnet2015/FLX_US-ARc_FLUXNET2015_ERAI_HH_1989-2014_beta-5.csv: line 66000 [oneflux.pipeline.site_data_product]
2025-06-13 08:04:53.091 [DEBUG   ] Writing /global/home/users/sytoanngo/ONEFlux/data/US-ARc_sample_output/99_fluxnet2015/FLX_US-ARc_FLUXNET2015_ERAI_HH_1989-2014_beta-5.csv: line 67000 [oneflux.pipeline.site_data_product]
2025-06-13 08:04:53.105 [DEBUG   ] Writing /global/home/users/sytoanngo/ONEFlux/data/US-ARc_sample_output/99_fluxnet2015/FLX_US-ARc_FLUXNET2015_ERAI_HH_1989-2014_beta-5.csv: line 68000 [oneflux.pipeline.site_data_product]
2025-06-13 08:04:53.119 [DEBUG   ] Writing /global/home/users/sytoanngo/ONEFlux/data/US-ARc_sample_output/99_fluxnet2015/FLX_US-ARc_FLUXNET2015_ERAI_HH_1989-2014_beta-5.csv: line 69000 [oneflux.pipeline.site_data_product]
2025-06-13 08:04:53.133 [DEBUG   ] Writing /global/home/users/sytoanngo/ONEFlux/data/US-ARc_sample_output/99_fluxnet2015/FLX_US-ARc_FLUXNET2015_ERAI_HH_1989-2014_beta-5.csv: line 70000 [oneflux.pipeline.site_data_product]
2025-06-13 08:04:53.147 [DEBUG   ] Writing /global/home/users/sytoanngo/ONEFlux/data/US-ARc_sample_output/99_fluxnet2015/FLX_US-ARc_FLUXNET2015_ERAI_HH_1989-2014_beta-5.csv: line 71000 [oneflux.pipeline.site_data_product]
2025-06-13 08:04:53.161 [DEBUG   ] Writing /global/home/users/sytoanngo/ONEFlux/data/US-ARc_sample_output/99_fluxnet2015/FLX_US-ARc_FLUXNET2015_ERAI_HH_1989-2014_beta-5.csv: line 72000 [oneflux.pipeline.site_data_product]
2025-06-13 08:04:53.175 [DEBUG   ] Writing /global/home/users/sytoanngo/ONEFlux/data/US-ARc_sample_output/99_fluxnet2015/FLX_US-ARc_FLUXNET2015_ERAI_HH_1989-2014_beta-5.csv: line 73000 [oneflux.pipeline.site_data_product]
2025-06-13 08:04:53.189 [DEBUG   ] Writing /global/home/users/sytoanngo/ONEFlux/data/US-ARc_sample_output/99_fluxnet2015/FLX_US-ARc_FLUXNET2015_ERAI_HH_1989-2014_beta-5.csv: line 74000 [oneflux.pipeline.site_data_product]
2025-06-13 08:04:53.203 [DEBUG   ] Writing /global/home/users/sytoanngo/ONEFlux/data/US-ARc_sample_output/99_fluxnet2015/FLX_US-ARc_FLUXNET2015_ERAI_HH_1989-2014_beta-5.csv: line 75000 [oneflux.pipeline.site_data_product]
2025-06-13 08:04:53.217 [DEBUG   ] Writing /global/home/users/sytoanngo/ONEFlux/data/US-ARc_sample_output/99_fluxnet2015/FLX_US-ARc_FLUXNET2015_ERAI_HH_1989-2014_beta-5.csv: line 76000 [oneflux.pipeline.site_data_product]
2025-06-13 08:04:53.231 [DEBUG   ] Writing /global/home/users/sytoanngo/ONEFlux/data/US-ARc_sample_output/99_fluxnet2015/FLX_US-ARc_FLUXNET2015_ERAI_HH_1989-2014_beta-5.csv: line 77000 [oneflux.pipeline.site_data_product]
2025-06-13 08:04:53.245 [DEBUG   ] Writing /global/home/users/sytoanngo/ONEFlux/data/US-ARc_sample_output/99_fluxnet2015/FLX_US-ARc_FLUXNET2015_ERAI_HH_1989-2014_beta-5.csv: line 78000 [oneflux.pipeline.site_data_product]
2025-06-13 08:04:53.259 [DEBUG   ] Writing /global/home/users/sytoanngo/ONEFlux/data/US-ARc_sample_output/99_fluxnet2015/FLX_US-ARc_FLUXNET2015_ERAI_HH_1989-2014_beta-5.csv: line 79000 [oneflux.pipeline.site_data_product]
2025-06-13 08:04:53.273 [DEBUG   ] Writing /global/home/users/sytoanngo/ONEFlux/data/US-ARc_sample_output/99_fluxnet2015/FLX_US-ARc_FLUXNET2015_ERAI_HH_1989-2014_beta-5.csv: line 80000 [oneflux.pipeline.site_data_product]
2025-06-13 08:04:53.287 [DEBUG   ] Writing /global/home/users/sytoanngo/ONEFlux/data/US-ARc_sample_output/99_fluxnet2015/FLX_US-ARc_FLUXNET2015_ERAI_HH_1989-2014_beta-5.csv: line 81000 [oneflux.pipeline.site_data_product]
2025-06-13 08:04:53.302 [DEBUG   ] Writing /global/home/users/sytoanngo/ONEFlux/data/US-ARc_sample_output/99_fluxnet2015/FLX_US-ARc_FLUXNET2015_ERAI_HH_1989-2014_beta-5.csv: line 82000 [oneflux.pipeline.site_data_product]
2025-06-13 08:04:53.316 [DEBUG   ] Writing /global/home/users/sytoanngo/ONEFlux/data/US-ARc_sample_output/99_fluxnet2015/FLX_US-ARc_FLUXNET2015_ERAI_HH_1989-2014_beta-5.csv: line 83000 [oneflux.pipeline.site_data_product]
2025-06-13 08:04:53.330 [DEBUG   ] Writing /global/home/users/sytoanngo/ONEFlux/data/US-ARc_sample_output/99_fluxnet2015/FLX_US-ARc_FLUXNET2015_ERAI_HH_1989-2014_beta-5.csv: line 84000 [oneflux.pipeline.site_data_product]
2025-06-13 08:04:53.344 [DEBUG   ] Writing /global/home/users/sytoanngo/ONEFlux/data/US-ARc_sample_output/99_fluxnet2015/FLX_US-ARc_FLUXNET2015_ERAI_HH_1989-2014_beta-5.csv: line 85000 [oneflux.pipeline.site_data_product]
2025-06-13 08:04:53.358 [DEBUG   ] Writing /global/home/users/sytoanngo/ONEFlux/data/US-ARc_sample_output/99_fluxnet2015/FLX_US-ARc_FLUXNET2015_ERAI_HH_1989-2014_beta-5.csv: line 86000 [oneflux.pipeline.site_data_product]
2025-06-13 08:04:53.372 [DEBUG   ] Writing /global/home/users/sytoanngo/ONEFlux/data/US-ARc_sample_output/99_fluxnet2015/FLX_US-ARc_FLUXNET2015_ERAI_HH_1989-2014_beta-5.csv: line 87000 [oneflux.pipeline.site_data_product]
2025-06-13 08:04:53.386 [DEBUG   ] Writing /global/home/users/sytoanngo/ONEFlux/data/US-ARc_sample_output/99_fluxnet2015/FLX_US-ARc_FLUXNET2015_ERAI_HH_1989-2014_beta-5.csv: line 88000 [oneflux.pipeline.site_data_product]
2025-06-13 08:04:53.400 [DEBUG   ] Writing /global/home/users/sytoanngo/ONEFlux/data/US-ARc_sample_output/99_fluxnet2015/FLX_US-ARc_FLUXNET2015_ERAI_HH_1989-2014_beta-5.csv: line 89000 [oneflux.pipeline.site_data_product]
2025-06-13 08:04:53.414 [DEBUG   ] Writing /global/home/users/sytoanngo/ONEFlux/data/US-ARc_sample_output/99_fluxnet2015/FLX_US-ARc_FLUXNET2015_ERAI_HH_1989-2014_beta-5.csv: line 90000 [oneflux.pipeline.site_data_product]
2025-06-13 08:04:53.428 [DEBUG   ] Writing /global/home/users/sytoanngo/ONEFlux/data/US-ARc_sample_output/99_fluxnet2015/FLX_US-ARc_FLUXNET2015_ERAI_HH_1989-2014_beta-5.csv: line 91000 [oneflux.pipeline.site_data_product]
2025-06-13 08:04:53.442 [DEBUG   ] Writing /global/home/users/sytoanngo/ONEFlux/data/US-ARc_sample_output/99_fluxnet2015/FLX_US-ARc_FLUXNET2015_ERAI_HH_1989-2014_beta-5.csv: line 92000 [oneflux.pipeline.site_data_product]
2025-06-13 08:04:53.456 [DEBUG   ] Writing /global/home/users/sytoanngo/ONEFlux/data/US-ARc_sample_output/99_fluxnet2015/FLX_US-ARc_FLUXNET2015_ERAI_HH_1989-2014_beta-5.csv: line 93000 [oneflux.pipeline.site_data_product]
2025-06-13 08:04:53.470 [DEBUG   ] Writing /global/home/users/sytoanngo/ONEFlux/data/US-ARc_sample_output/99_fluxnet2015/FLX_US-ARc_FLUXNET2015_ERAI_HH_1989-2014_beta-5.csv: line 94000 [oneflux.pipeline.site_data_product]
2025-06-13 08:04:53.484 [DEBUG   ] Writing /global/home/users/sytoanngo/ONEFlux/data/US-ARc_sample_output/99_fluxnet2015/FLX_US-ARc_FLUXNET2015_ERAI_HH_1989-2014_beta-5.csv: line 95000 [oneflux.pipeline.site_data_product]
2025-06-13 08:04:53.498 [DEBUG   ] Writing /global/home/users/sytoanngo/ONEFlux/data/US-ARc_sample_output/99_fluxnet2015/FLX_US-ARc_FLUXNET2015_ERAI_HH_1989-2014_beta-5.csv: line 96000 [oneflux.pipeline.site_data_product]
2025-06-13 08:04:53.512 [DEBUG   ] Writing /global/home/users/sytoanngo/ONEFlux/data/US-ARc_sample_output/99_fluxnet2015/FLX_US-ARc_FLUXNET2015_ERAI_HH_1989-2014_beta-5.csv: line 97000 [oneflux.pipeline.site_data_product]
2025-06-13 08:04:53.527 [DEBUG   ] Writing /global/home/users/sytoanngo/ONEFlux/data/US-ARc_sample_output/99_fluxnet2015/FLX_US-ARc_FLUXNET2015_ERAI_HH_1989-2014_beta-5.csv: line 98000 [oneflux.pipeline.site_data_product]
2025-06-13 08:04:53.541 [DEBUG   ] Writing /global/home/users/sytoanngo/ONEFlux/data/US-ARc_sample_output/99_fluxnet2015/FLX_US-ARc_FLUXNET2015_ERAI_HH_1989-2014_beta-5.csv: line 99000 [oneflux.pipeline.site_data_product]
2025-06-13 08:04:53.555 [DEBUG   ] Writing /global/home/users/sytoanngo/ONEFlux/data/US-ARc_sample_output/99_fluxnet2015/FLX_US-ARc_FLUXNET2015_ERAI_HH_1989-2014_beta-5.csv: line 100000 [oneflux.pipeline.site_data_product]
2025-06-13 08:04:53.570 [DEBUG   ] Writing /global/home/users/sytoanngo/ONEFlux/data/US-ARc_sample_output/99_fluxnet2015/FLX_US-ARc_FLUXNET2015_ERAI_HH_1989-2014_beta-5.csv: line 101000 [oneflux.pipeline.site_data_product]
2025-06-13 08:04:53.584 [DEBUG   ] Writing /global/home/users/sytoanngo/ONEFlux/data/US-ARc_sample_output/99_fluxnet2015/FLX_US-ARc_FLUXNET2015_ERAI_HH_1989-2014_beta-5.csv: line 102000 [oneflux.pipeline.site_data_product]
2025-06-13 08:04:53.598 [DEBUG   ] Writing /global/home/users/sytoanngo/ONEFlux/data/US-ARc_sample_output/99_fluxnet2015/FLX_US-ARc_FLUXNET2015_ERAI_HH_1989-2014_beta-5.csv: line 103000 [oneflux.pipeline.site_data_product]
2025-06-13 08:04:53.612 [DEBUG   ] Writing /global/home/users/sytoanngo/ONEFlux/data/US-ARc_sample_output/99_fluxnet2015/FLX_US-ARc_FLUXNET2015_ERAI_HH_1989-2014_beta-5.csv: line 104000 [oneflux.pipeline.site_data_product]
2025-06-13 08:04:53.625 [DEBUG   ] Writing /global/home/users/sytoanngo/ONEFlux/data/US-ARc_sample_output/99_fluxnet2015/FLX_US-ARc_FLUXNET2015_ERAI_HH_1989-2014_beta-5.csv: line 105000 [oneflux.pipeline.site_data_product]
2025-06-13 08:04:53.639 [DEBUG   ] Writing /global/home/users/sytoanngo/ONEFlux/data/US-ARc_sample_output/99_fluxnet2015/FLX_US-ARc_FLUXNET2015_ERAI_HH_1989-2014_beta-5.csv: line 106000 [oneflux.pipeline.site_data_product]
2025-06-13 08:04:53.653 [DEBUG   ] Writing /global/home/users/sytoanngo/ONEFlux/data/US-ARc_sample_output/99_fluxnet2015/FLX_US-ARc_FLUXNET2015_ERAI_HH_1989-2014_beta-5.csv: line 107000 [oneflux.pipeline.site_data_product]
2025-06-13 08:04:53.667 [DEBUG   ] Writing /global/home/users/sytoanngo/ONEFlux/data/US-ARc_sample_output/99_fluxnet2015/FLX_US-ARc_FLUXNET2015_ERAI_HH_1989-2014_beta-5.csv: line 108000 [oneflux.pipeline.site_data_product]
2025-06-13 08:04:53.681 [DEBUG   ] Writing /global/home/users/sytoanngo/ONEFlux/data/US-ARc_sample_output/99_fluxnet2015/FLX_US-ARc_FLUXNET2015_ERAI_HH_1989-2014_beta-5.csv: line 109000 [oneflux.pipeline.site_data_product]
2025-06-13 08:04:53.695 [DEBUG   ] Writing /global/home/users/sytoanngo/ONEFlux/data/US-ARc_sample_output/99_fluxnet2015/FLX_US-ARc_FLUXNET2015_ERAI_HH_1989-2014_beta-5.csv: line 110000 [oneflux.pipeline.site_data_product]
2025-06-13 08:04:53.709 [DEBUG   ] Writing /global/home/users/sytoanngo/ONEFlux/data/US-ARc_sample_output/99_fluxnet2015/FLX_US-ARc_FLUXNET2015_ERAI_HH_1989-2014_beta-5.csv: line 111000 [oneflux.pipeline.site_data_product]
2025-06-13 08:04:53.723 [DEBUG   ] Writing /global/home/users/sytoanngo/ONEFlux/data/US-ARc_sample_output/99_fluxnet2015/FLX_US-ARc_FLUXNET2015_ERAI_HH_1989-2014_beta-5.csv: line 112000 [oneflux.pipeline.site_data_product]
2025-06-13 08:04:53.738 [DEBUG   ] Writing /global/home/users/sytoanngo/ONEFlux/data/US-ARc_sample_output/99_fluxnet2015/FLX_US-ARc_FLUXNET2015_ERAI_HH_1989-2014_beta-5.csv: line 113000 [oneflux.pipeline.site_data_product]
2025-06-13 08:04:53.752 [DEBUG   ] Writing /global/home/users/sytoanngo/ONEFlux/data/US-ARc_sample_output/99_fluxnet2015/FLX_US-ARc_FLUXNET2015_ERAI_HH_1989-2014_beta-5.csv: line 114000 [oneflux.pipeline.site_data_product]
2025-06-13 08:04:53.766 [DEBUG   ] Writing /global/home/users/sytoanngo/ONEFlux/data/US-ARc_sample_output/99_fluxnet2015/FLX_US-ARc_FLUXNET2015_ERAI_HH_1989-2014_beta-5.csv: line 115000 [oneflux.pipeline.site_data_product]
2025-06-13 08:04:53.780 [DEBUG   ] Writing /global/home/users/sytoanngo/ONEFlux/data/US-ARc_sample_output/99_fluxnet2015/FLX_US-ARc_FLUXNET2015_ERAI_HH_1989-2014_beta-5.csv: line 116000 [oneflux.pipeline.site_data_product]
2025-06-13 08:04:53.794 [DEBUG   ] Writing /global/home/users/sytoanngo/ONEFlux/data/US-ARc_sample_output/99_fluxnet2015/FLX_US-ARc_FLUXNET2015_ERAI_HH_1989-2014_beta-5.csv: line 117000 [oneflux.pipeline.site_data_product]
2025-06-13 08:04:53.808 [DEBUG   ] Writing /global/home/users/sytoanngo/ONEFlux/data/US-ARc_sample_output/99_fluxnet2015/FLX_US-ARc_FLUXNET2015_ERAI_HH_1989-2014_beta-5.csv: line 118000 [oneflux.pipeline.site_data_product]
2025-06-13 08:04:53.822 [DEBUG   ] Writing /global/home/users/sytoanngo/ONEFlux/data/US-ARc_sample_output/99_fluxnet2015/FLX_US-ARc_FLUXNET2015_ERAI_HH_1989-2014_beta-5.csv: line 119000 [oneflux.pipeline.site_data_product]
2025-06-13 08:04:53.836 [DEBUG   ] Writing /global/home/users/sytoanngo/ONEFlux/data/US-ARc_sample_output/99_fluxnet2015/FLX_US-ARc_FLUXNET2015_ERAI_HH_1989-2014_beta-5.csv: line 120000 [oneflux.pipeline.site_data_product]
2025-06-13 08:04:53.850 [DEBUG   ] Writing /global/home/users/sytoanngo/ONEFlux/data/US-ARc_sample_output/99_fluxnet2015/FLX_US-ARc_FLUXNET2015_ERAI_HH_1989-2014_beta-5.csv: line 121000 [oneflux.pipeline.site_data_product]
2025-06-13 08:04:53.864 [DEBUG   ] Writing /global/home/users/sytoanngo/ONEFlux/data/US-ARc_sample_output/99_fluxnet2015/FLX_US-ARc_FLUXNET2015_ERAI_HH_1989-2014_beta-5.csv: line 122000 [oneflux.pipeline.site_data_product]
2025-06-13 08:04:53.878 [DEBUG   ] Writing /global/home/users/sytoanngo/ONEFlux/data/US-ARc_sample_output/99_fluxnet2015/FLX_US-ARc_FLUXNET2015_ERAI_HH_1989-2014_beta-5.csv: line 123000 [oneflux.pipeline.site_data_product]
2025-06-13 08:04:53.892 [DEBUG   ] Writing /global/home/users/sytoanngo/ONEFlux/data/US-ARc_sample_output/99_fluxnet2015/FLX_US-ARc_FLUXNET2015_ERAI_HH_1989-2014_beta-5.csv: line 124000 [oneflux.pipeline.site_data_product]
2025-06-13 08:04:53.906 [DEBUG   ] Writing /global/home/users/sytoanngo/ONEFlux/data/US-ARc_sample_output/99_fluxnet2015/FLX_US-ARc_FLUXNET2015_ERAI_HH_1989-2014_beta-5.csv: line 125000 [oneflux.pipeline.site_data_product]
2025-06-13 08:04:53.921 [DEBUG   ] Writing /global/home/users/sytoanngo/ONEFlux/data/US-ARc_sample_output/99_fluxnet2015/FLX_US-ARc_FLUXNET2015_ERAI_HH_1989-2014_beta-5.csv: line 126000 [oneflux.pipeline.site_data_product]
2025-06-13 08:04:53.936 [DEBUG   ] Writing /global/home/users/sytoanngo/ONEFlux/data/US-ARc_sample_output/99_fluxnet2015/FLX_US-ARc_FLUXNET2015_ERAI_HH_1989-2014_beta-5.csv: line 127000 [oneflux.pipeline.site_data_product]
2025-06-13 08:04:53.951 [DEBUG   ] Writing /global/home/users/sytoanngo/ONEFlux/data/US-ARc_sample_output/99_fluxnet2015/FLX_US-ARc_FLUXNET2015_ERAI_HH_1989-2014_beta-5.csv: line 128000 [oneflux.pipeline.site_data_product]
2025-06-13 08:04:53.963 [DEBUG   ] Writing /global/home/users/sytoanngo/ONEFlux/data/US-ARc_sample_output/99_fluxnet2015/FLX_US-ARc_FLUXNET2015_ERAI_HH_1989-2014_beta-5.csv: line 129000 [oneflux.pipeline.site_data_product]
2025-06-13 08:04:53.974 [DEBUG   ] Writing /global/home/users/sytoanngo/ONEFlux/data/US-ARc_sample_output/99_fluxnet2015/FLX_US-ARc_FLUXNET2015_ERAI_HH_1989-2014_beta-5.csv: line 130000 [oneflux.pipeline.site_data_product]
2025-06-13 08:04:53.984 [DEBUG   ] Writing /global/home/users/sytoanngo/ONEFlux/data/US-ARc_sample_output/99_fluxnet2015/FLX_US-ARc_FLUXNET2015_ERAI_HH_1989-2014_beta-5.csv: line 131000 [oneflux.pipeline.site_data_product]
2025-06-13 08:04:53.995 [DEBUG   ] Writing /global/home/users/sytoanngo/ONEFlux/data/US-ARc_sample_output/99_fluxnet2015/FLX_US-ARc_FLUXNET2015_ERAI_HH_1989-2014_beta-5.csv: line 132000 [oneflux.pipeline.site_data_product]
2025-06-13 08:04:54.005 [DEBUG   ] Writing /global/home/users/sytoanngo/ONEFlux/data/US-ARc_sample_output/99_fluxnet2015/FLX_US-ARc_FLUXNET2015_ERAI_HH_1989-2014_beta-5.csv: line 133000 [oneflux.pipeline.site_data_product]
2025-06-13 08:04:54.015 [DEBUG   ] Writing /global/home/users/sytoanngo/ONEFlux/data/US-ARc_sample_output/99_fluxnet2015/FLX_US-ARc_FLUXNET2015_ERAI_HH_1989-2014_beta-5.csv: line 134000 [oneflux.pipeline.site_data_product]
2025-06-13 08:04:54.026 [DEBUG   ] Writing /global/home/users/sytoanngo/ONEFlux/data/US-ARc_sample_output/99_fluxnet2015/FLX_US-ARc_FLUXNET2015_ERAI_HH_1989-2014_beta-5.csv: line 135000 [oneflux.pipeline.site_data_product]
2025-06-13 08:04:54.036 [DEBUG   ] Writing /global/home/users/sytoanngo/ONEFlux/data/US-ARc_sample_output/99_fluxnet2015/FLX_US-ARc_FLUXNET2015_ERAI_HH_1989-2014_beta-5.csv: line 136000 [oneflux.pipeline.site_data_product]
2025-06-13 08:04:54.047 [DEBUG   ] Writing /global/home/users/sytoanngo/ONEFlux/data/US-ARc_sample_output/99_fluxnet2015/FLX_US-ARc_FLUXNET2015_ERAI_HH_1989-2014_beta-5.csv: line 137000 [oneflux.pipeline.site_data_product]
2025-06-13 08:04:54.057 [DEBUG   ] Writing /global/home/users/sytoanngo/ONEFlux/data/US-ARc_sample_output/99_fluxnet2015/FLX_US-ARc_FLUXNET2015_ERAI_HH_1989-2014_beta-5.csv: line 138000 [oneflux.pipeline.site_data_product]
2025-06-13 08:04:54.068 [DEBUG   ] Writing /global/home/users/sytoanngo/ONEFlux/data/US-ARc_sample_output/99_fluxnet2015/FLX_US-ARc_FLUXNET2015_ERAI_HH_1989-2014_beta-5.csv: line 139000 [oneflux.pipeline.site_data_product]
2025-06-13 08:04:54.078 [DEBUG   ] Writing /global/home/users/sytoanngo/ONEFlux/data/US-ARc_sample_output/99_fluxnet2015/FLX_US-ARc_FLUXNET2015_ERAI_HH_1989-2014_beta-5.csv: line 140000 [oneflux.pipeline.site_data_product]
2025-06-13 08:04:54.088 [DEBUG   ] Writing /global/home/users/sytoanngo/ONEFlux/data/US-ARc_sample_output/99_fluxnet2015/FLX_US-ARc_FLUXNET2015_ERAI_HH_1989-2014_beta-5.csv: line 141000 [oneflux.pipeline.site_data_product]
2025-06-13 08:04:54.098 [DEBUG   ] Writing /global/home/users/sytoanngo/ONEFlux/data/US-ARc_sample_output/99_fluxnet2015/FLX_US-ARc_FLUXNET2015_ERAI_HH_1989-2014_beta-5.csv: line 142000 [oneflux.pipeline.site_data_product]
2025-06-13 08:04:54.109 [DEBUG   ] Writing /global/home/users/sytoanngo/ONEFlux/data/US-ARc_sample_output/99_fluxnet2015/FLX_US-ARc_FLUXNET2015_ERAI_HH_1989-2014_beta-5.csv: line 143000 [oneflux.pipeline.site_data_product]
2025-06-13 08:04:54.119 [DEBUG   ] Writing /global/home/users/sytoanngo/ONEFlux/data/US-ARc_sample_output/99_fluxnet2015/FLX_US-ARc_FLUXNET2015_ERAI_HH_1989-2014_beta-5.csv: line 144000 [oneflux.pipeline.site_data_product]
2025-06-13 08:04:54.129 [DEBUG   ] Writing /global/home/users/sytoanngo/ONEFlux/data/US-ARc_sample_output/99_fluxnet2015/FLX_US-ARc_FLUXNET2015_ERAI_HH_1989-2014_beta-5.csv: line 145000 [oneflux.pipeline.site_data_product]
2025-06-13 08:04:54.140 [DEBUG   ] Writing /global/home/users/sytoanngo/ONEFlux/data/US-ARc_sample_output/99_fluxnet2015/FLX_US-ARc_FLUXNET2015_ERAI_HH_1989-2014_beta-5.csv: line 146000 [oneflux.pipeline.site_data_product]
2025-06-13 08:04:54.150 [DEBUG   ] Writing /global/home/users/sytoanngo/ONEFlux/data/US-ARc_sample_output/99_fluxnet2015/FLX_US-ARc_FLUXNET2015_ERAI_HH_1989-2014_beta-5.csv: line 147000 [oneflux.pipeline.site_data_product]
2025-06-13 08:04:54.161 [DEBUG   ] Writing /global/home/users/sytoanngo/ONEFlux/data/US-ARc_sample_output/99_fluxnet2015/FLX_US-ARc_FLUXNET2015_ERAI_HH_1989-2014_beta-5.csv: line 148000 [oneflux.pipeline.site_data_product]
2025-06-13 08:04:54.171 [DEBUG   ] Writing /global/home/users/sytoanngo/ONEFlux/data/US-ARc_sample_output/99_fluxnet2015/FLX_US-ARc_FLUXNET2015_ERAI_HH_1989-2014_beta-5.csv: line 149000 [oneflux.pipeline.site_data_product]
2025-06-13 08:04:54.181 [DEBUG   ] Writing /global/home/users/sytoanngo/ONEFlux/data/US-ARc_sample_output/99_fluxnet2015/FLX_US-ARc_FLUXNET2015_ERAI_HH_1989-2014_beta-5.csv: line 150000 [oneflux.pipeline.site_data_product]
2025-06-13 08:04:54.192 [DEBUG   ] Writing /global/home/users/sytoanngo/ONEFlux/data/US-ARc_sample_output/99_fluxnet2015/FLX_US-ARc_FLUXNET2015_ERAI_HH_1989-2014_beta-5.csv: line 151000 [oneflux.pipeline.site_data_product]
2025-06-13 08:04:54.202 [DEBUG   ] Writing /global/home/users/sytoanngo/ONEFlux/data/US-ARc_sample_output/99_fluxnet2015/FLX_US-ARc_FLUXNET2015_ERAI_HH_1989-2014_beta-5.csv: line 152000 [oneflux.pipeline.site_data_product]
2025-06-13 08:04:54.213 [DEBUG   ] Writing /global/home/users/sytoanngo/ONEFlux/data/US-ARc_sample_output/99_fluxnet2015/FLX_US-ARc_FLUXNET2015_ERAI_HH_1989-2014_beta-5.csv: line 153000 [oneflux.pipeline.site_data_product]
2025-06-13 08:04:54.223 [DEBUG   ] Writing /global/home/users/sytoanngo/ONEFlux/data/US-ARc_sample_output/99_fluxnet2015/FLX_US-ARc_FLUXNET2015_ERAI_HH_1989-2014_beta-5.csv: line 154000 [oneflux.pipeline.site_data_product]
2025-06-13 08:04:54.233 [DEBUG   ] Writing /global/home/users/sytoanngo/ONEFlux/data/US-ARc_sample_output/99_fluxnet2015/FLX_US-ARc_FLUXNET2015_ERAI_HH_1989-2014_beta-5.csv: line 155000 [oneflux.pipeline.site_data_product]
2025-06-13 08:04:54.243 [DEBUG   ] Writing /global/home/users/sytoanngo/ONEFlux/data/US-ARc_sample_output/99_fluxnet2015/FLX_US-ARc_FLUXNET2015_ERAI_HH_1989-2014_beta-5.csv: line 156000 [oneflux.pipeline.site_data_product]
2025-06-13 08:04:54.254 [DEBUG   ] Writing /global/home/users/sytoanngo/ONEFlux/data/US-ARc_sample_output/99_fluxnet2015/FLX_US-ARc_FLUXNET2015_ERAI_HH_1989-2014_beta-5.csv: line 157000 [oneflux.pipeline.site_data_product]
2025-06-13 08:04:54.264 [DEBUG   ] Writing /global/home/users/sytoanngo/ONEFlux/data/US-ARc_sample_output/99_fluxnet2015/FLX_US-ARc_FLUXNET2015_ERAI_HH_1989-2014_beta-5.csv: line 158000 [oneflux.pipeline.site_data_product]
2025-06-13 08:04:54.274 [DEBUG   ] Writing /global/home/users/sytoanngo/ONEFlux/data/US-ARc_sample_output/99_fluxnet2015/FLX_US-ARc_FLUXNET2015_ERAI_HH_1989-2014_beta-5.csv: line 159000 [oneflux.pipeline.site_data_product]
2025-06-13 08:04:54.284 [DEBUG   ] Writing /global/home/users/sytoanngo/ONEFlux/data/US-ARc_sample_output/99_fluxnet2015/FLX_US-ARc_FLUXNET2015_ERAI_HH_1989-2014_beta-5.csv: line 160000 [oneflux.pipeline.site_data_product]
2025-06-13 08:04:54.295 [DEBUG   ] Writing /global/home/users/sytoanngo/ONEFlux/data/US-ARc_sample_output/99_fluxnet2015/FLX_US-ARc_FLUXNET2015_ERAI_HH_1989-2014_beta-5.csv: line 161000 [oneflux.pipeline.site_data_product]
2025-06-13 08:04:54.306 [DEBUG   ] Writing /global/home/users/sytoanngo/ONEFlux/data/US-ARc_sample_output/99_fluxnet2015/FLX_US-ARc_FLUXNET2015_ERAI_HH_1989-2014_beta-5.csv: line 162000 [oneflux.pipeline.site_data_product]
2025-06-13 08:04:54.317 [DEBUG   ] Writing /global/home/users/sytoanngo/ONEFlux/data/US-ARc_sample_output/99_fluxnet2015/FLX_US-ARc_FLUXNET2015_ERAI_HH_1989-2014_beta-5.csv: line 163000 [oneflux.pipeline.site_data_product]
2025-06-13 08:04:54.328 [DEBUG   ] Writing /global/home/users/sytoanngo/ONEFlux/data/US-ARc_sample_output/99_fluxnet2015/FLX_US-ARc_FLUXNET2015_ERAI_HH_1989-2014_beta-5.csv: line 164000 [oneflux.pipeline.site_data_product]
2025-06-13 08:04:54.338 [DEBUG   ] Writing /global/home/users/sytoanngo/ONEFlux/data/US-ARc_sample_output/99_fluxnet2015/FLX_US-ARc_FLUXNET2015_ERAI_HH_1989-2014_beta-5.csv: line 165000 [oneflux.pipeline.site_data_product]
2025-06-13 08:04:54.349 [DEBUG   ] Writing /global/home/users/sytoanngo/ONEFlux/data/US-ARc_sample_output/99_fluxnet2015/FLX_US-ARc_FLUXNET2015_ERAI_HH_1989-2014_beta-5.csv: line 166000 [oneflux.pipeline.site_data_product]
2025-06-13 08:04:54.359 [DEBUG   ] Writing /global/home/users/sytoanngo/ONEFlux/data/US-ARc_sample_output/99_fluxnet2015/FLX_US-ARc_FLUXNET2015_ERAI_HH_1989-2014_beta-5.csv: line 167000 [oneflux.pipeline.site_data_product]
2025-06-13 08:04:54.370 [DEBUG   ] Writing /global/home/users/sytoanngo/ONEFlux/data/US-ARc_sample_output/99_fluxnet2015/FLX_US-ARc_FLUXNET2015_ERAI_HH_1989-2014_beta-5.csv: line 168000 [oneflux.pipeline.site_data_product]
2025-06-13 08:04:54.380 [DEBUG   ] Writing /global/home/users/sytoanngo/ONEFlux/data/US-ARc_sample_output/99_fluxnet2015/FLX_US-ARc_FLUXNET2015_ERAI_HH_1989-2014_beta-5.csv: line 169000 [oneflux.pipeline.site_data_product]
2025-06-13 08:04:54.391 [DEBUG   ] Writing /global/home/users/sytoanngo/ONEFlux/data/US-ARc_sample_output/99_fluxnet2015/FLX_US-ARc_FLUXNET2015_ERAI_HH_1989-2014_beta-5.csv: line 170000 [oneflux.pipeline.site_data_product]
2025-06-13 08:04:54.401 [DEBUG   ] Writing /global/home/users/sytoanngo/ONEFlux/data/US-ARc_sample_output/99_fluxnet2015/FLX_US-ARc_FLUXNET2015_ERAI_HH_1989-2014_beta-5.csv: line 171000 [oneflux.pipeline.site_data_product]
2025-06-13 08:04:54.412 [DEBUG   ] Writing /global/home/users/sytoanngo/ONEFlux/data/US-ARc_sample_output/99_fluxnet2015/FLX_US-ARc_FLUXNET2015_ERAI_HH_1989-2014_beta-5.csv: line 172000 [oneflux.pipeline.site_data_product]
2025-06-13 08:04:54.422 [DEBUG   ] Writing /global/home/users/sytoanngo/ONEFlux/data/US-ARc_sample_output/99_fluxnet2015/FLX_US-ARc_FLUXNET2015_ERAI_HH_1989-2014_beta-5.csv: line 173000 [oneflux.pipeline.site_data_product]
2025-06-13 08:04:54.432 [DEBUG   ] Writing /global/home/users/sytoanngo/ONEFlux/data/US-ARc_sample_output/99_fluxnet2015/FLX_US-ARc_FLUXNET2015_ERAI_HH_1989-2014_beta-5.csv: line 174000 [oneflux.pipeline.site_data_product]
2025-06-13 08:04:54.443 [DEBUG   ] Writing /global/home/users/sytoanngo/ONEFlux/data/US-ARc_sample_output/99_fluxnet2015/FLX_US-ARc_FLUXNET2015_ERAI_HH_1989-2014_beta-5.csv: line 175000 [oneflux.pipeline.site_data_product]
2025-06-13 08:04:54.453 [DEBUG   ] Writing /global/home/users/sytoanngo/ONEFlux/data/US-ARc_sample_output/99_fluxnet2015/FLX_US-ARc_FLUXNET2015_ERAI_HH_1989-2014_beta-5.csv: line 176000 [oneflux.pipeline.site_data_product]
2025-06-13 08:04:54.463 [DEBUG   ] Writing /global/home/users/sytoanngo/ONEFlux/data/US-ARc_sample_output/99_fluxnet2015/FLX_US-ARc_FLUXNET2015_ERAI_HH_1989-2014_beta-5.csv: line 177000 [oneflux.pipeline.site_data_product]
2025-06-13 08:04:54.473 [DEBUG   ] Writing /global/home/users/sytoanngo/ONEFlux/data/US-ARc_sample_output/99_fluxnet2015/FLX_US-ARc_FLUXNET2015_ERAI_HH_1989-2014_beta-5.csv: line 178000 [oneflux.pipeline.site_data_product]
2025-06-13 08:04:54.484 [DEBUG   ] Writing /global/home/users/sytoanngo/ONEFlux/data/US-ARc_sample_output/99_fluxnet2015/FLX_US-ARc_FLUXNET2015_ERAI_HH_1989-2014_beta-5.csv: line 179000 [oneflux.pipeline.site_data_product]
2025-06-13 08:04:54.494 [DEBUG   ] Writing /global/home/users/sytoanngo/ONEFlux/data/US-ARc_sample_output/99_fluxnet2015/FLX_US-ARc_FLUXNET2015_ERAI_HH_1989-2014_beta-5.csv: line 180000 [oneflux.pipeline.site_data_product]
2025-06-13 08:04:54.505 [DEBUG   ] Writing /global/home/users/sytoanngo/ONEFlux/data/US-ARc_sample_output/99_fluxnet2015/FLX_US-ARc_FLUXNET2015_ERAI_HH_1989-2014_beta-5.csv: line 181000 [oneflux.pipeline.site_data_product]
2025-06-13 08:04:54.515 [DEBUG   ] Writing /global/home/users/sytoanngo/ONEFlux/data/US-ARc_sample_output/99_fluxnet2015/FLX_US-ARc_FLUXNET2015_ERAI_HH_1989-2014_beta-5.csv: line 182000 [oneflux.pipeline.site_data_product]
2025-06-13 08:04:54.526 [DEBUG   ] Writing /global/home/users/sytoanngo/ONEFlux/data/US-ARc_sample_output/99_fluxnet2015/FLX_US-ARc_FLUXNET2015_ERAI_HH_1989-2014_beta-5.csv: line 183000 [oneflux.pipeline.site_data_product]
2025-06-13 08:04:54.536 [DEBUG   ] Writing /global/home/users/sytoanngo/ONEFlux/data/US-ARc_sample_output/99_fluxnet2015/FLX_US-ARc_FLUXNET2015_ERAI_HH_1989-2014_beta-5.csv: line 184000 [oneflux.pipeline.site_data_product]
2025-06-13 08:04:54.547 [DEBUG   ] Writing /global/home/users/sytoanngo/ONEFlux/data/US-ARc_sample_output/99_fluxnet2015/FLX_US-ARc_FLUXNET2015_ERAI_HH_1989-2014_beta-5.csv: line 185000 [oneflux.pipeline.site_data_product]
2025-06-13 08:04:54.557 [DEBUG   ] Writing /global/home/users/sytoanngo/ONEFlux/data/US-ARc_sample_output/99_fluxnet2015/FLX_US-ARc_FLUXNET2015_ERAI_HH_1989-2014_beta-5.csv: line 186000 [oneflux.pipeline.site_data_product]
2025-06-13 08:04:54.568 [DEBUG   ] Writing /global/home/users/sytoanngo/ONEFlux/data/US-ARc_sample_output/99_fluxnet2015/FLX_US-ARc_FLUXNET2015_ERAI_HH_1989-2014_beta-5.csv: line 187000 [oneflux.pipeline.site_data_product]
2025-06-13 08:04:54.579 [DEBUG   ] Writing /global/home/users/sytoanngo/ONEFlux/data/US-ARc_sample_output/99_fluxnet2015/FLX_US-ARc_FLUXNET2015_ERAI_HH_1989-2014_beta-5.csv: line 188000 [oneflux.pipeline.site_data_product]
2025-06-13 08:04:54.589 [DEBUG   ] Writing /global/home/users/sytoanngo/ONEFlux/data/US-ARc_sample_output/99_fluxnet2015/FLX_US-ARc_FLUXNET2015_ERAI_HH_1989-2014_beta-5.csv: line 189000 [oneflux.pipeline.site_data_product]
2025-06-13 08:04:54.600 [DEBUG   ] Writing /global/home/users/sytoanngo/ONEFlux/data/US-ARc_sample_output/99_fluxnet2015/FLX_US-ARc_FLUXNET2015_ERAI_HH_1989-2014_beta-5.csv: line 190000 [oneflux.pipeline.site_data_product]
2025-06-13 08:04:54.610 [DEBUG   ] Writing /global/home/users/sytoanngo/ONEFlux/data/US-ARc_sample_output/99_fluxnet2015/FLX_US-ARc_FLUXNET2015_ERAI_HH_1989-2014_beta-5.csv: line 191000 [oneflux.pipeline.site_data_product]
2025-06-13 08:04:54.620 [DEBUG   ] Writing /global/home/users/sytoanngo/ONEFlux/data/US-ARc_sample_output/99_fluxnet2015/FLX_US-ARc_FLUXNET2015_ERAI_HH_1989-2014_beta-5.csv: line 192000 [oneflux.pipeline.site_data_product]
2025-06-13 08:04:54.631 [DEBUG   ] Writing /global/home/users/sytoanngo/ONEFlux/data/US-ARc_sample_output/99_fluxnet2015/FLX_US-ARc_FLUXNET2015_ERAI_HH_1989-2014_beta-5.csv: line 193000 [oneflux.pipeline.site_data_product]
2025-06-13 08:04:54.641 [DEBUG   ] Writing /global/home/users/sytoanngo/ONEFlux/data/US-ARc_sample_output/99_fluxnet2015/FLX_US-ARc_FLUXNET2015_ERAI_HH_1989-2014_beta-5.csv: line 194000 [oneflux.pipeline.site_data_product]
2025-06-13 08:04:54.651 [DEBUG   ] Writing /global/home/users/sytoanngo/ONEFlux/data/US-ARc_sample_output/99_fluxnet2015/FLX_US-ARc_FLUXNET2015_ERAI_HH_1989-2014_beta-5.csv: line 195000 [oneflux.pipeline.site_data_product]
2025-06-13 08:04:54.661 [DEBUG   ] Writing /global/home/users/sytoanngo/ONEFlux/data/US-ARc_sample_output/99_fluxnet2015/FLX_US-ARc_FLUXNET2015_ERAI_HH_1989-2014_beta-5.csv: line 196000 [oneflux.pipeline.site_data_product]
2025-06-13 08:04:54.672 [DEBUG   ] Writing /global/home/users/sytoanngo/ONEFlux/data/US-ARc_sample_output/99_fluxnet2015/FLX_US-ARc_FLUXNET2015_ERAI_HH_1989-2014_beta-5.csv: line 197000 [oneflux.pipeline.site_data_product]
2025-06-13 08:04:54.682 [DEBUG   ] Writing /global/home/users/sytoanngo/ONEFlux/data/US-ARc_sample_output/99_fluxnet2015/FLX_US-ARc_FLUXNET2015_ERAI_HH_1989-2014_beta-5.csv: line 198000 [oneflux.pipeline.site_data_product]
2025-06-13 08:04:54.693 [DEBUG   ] Writing /global/home/users/sytoanngo/ONEFlux/data/US-ARc_sample_output/99_fluxnet2015/FLX_US-ARc_FLUXNET2015_ERAI_HH_1989-2014_beta-5.csv: line 199000 [oneflux.pipeline.site_data_product]
2025-06-13 08:04:54.703 [DEBUG   ] Writing /global/home/users/sytoanngo/ONEFlux/data/US-ARc_sample_output/99_fluxnet2015/FLX_US-ARc_FLUXNET2015_ERAI_HH_1989-2014_beta-5.csv: line 200000 [oneflux.pipeline.site_data_product]
2025-06-13 08:04:54.714 [DEBUG   ] Writing /global/home/users/sytoanngo/ONEFlux/data/US-ARc_sample_output/99_fluxnet2015/FLX_US-ARc_FLUXNET2015_ERAI_HH_1989-2014_beta-5.csv: line 201000 [oneflux.pipeline.site_data_product]
2025-06-13 08:04:54.724 [DEBUG   ] Writing /global/home/users/sytoanngo/ONEFlux/data/US-ARc_sample_output/99_fluxnet2015/FLX_US-ARc_FLUXNET2015_ERAI_HH_1989-2014_beta-5.csv: line 202000 [oneflux.pipeline.site_data_product]
2025-06-13 08:04:54.735 [DEBUG   ] Writing /global/home/users/sytoanngo/ONEFlux/data/US-ARc_sample_output/99_fluxnet2015/FLX_US-ARc_FLUXNET2015_ERAI_HH_1989-2014_beta-5.csv: line 203000 [oneflux.pipeline.site_data_product]
2025-06-13 08:04:54.745 [DEBUG   ] Writing /global/home/users/sytoanngo/ONEFlux/data/US-ARc_sample_output/99_fluxnet2015/FLX_US-ARc_FLUXNET2015_ERAI_HH_1989-2014_beta-5.csv: line 204000 [oneflux.pipeline.site_data_product]
2025-06-13 08:04:54.755 [DEBUG   ] Writing /global/home/users/sytoanngo/ONEFlux/data/US-ARc_sample_output/99_fluxnet2015/FLX_US-ARc_FLUXNET2015_ERAI_HH_1989-2014_beta-5.csv: line 205000 [oneflux.pipeline.site_data_product]
2025-06-13 08:04:54.766 [DEBUG   ] Writing /global/home/users/sytoanngo/ONEFlux/data/US-ARc_sample_output/99_fluxnet2015/FLX_US-ARc_FLUXNET2015_ERAI_HH_1989-2014_beta-5.csv: line 206000 [oneflux.pipeline.site_data_product]
2025-06-13 08:04:54.777 [DEBUG   ] Writing /global/home/users/sytoanngo/ONEFlux/data/US-ARc_sample_output/99_fluxnet2015/FLX_US-ARc_FLUXNET2015_ERAI_HH_1989-2014_beta-5.csv: line 207000 [oneflux.pipeline.site_data_product]
2025-06-13 08:04:54.787 [DEBUG   ] Writing /global/home/users/sytoanngo/ONEFlux/data/US-ARc_sample_output/99_fluxnet2015/FLX_US-ARc_FLUXNET2015_ERAI_HH_1989-2014_beta-5.csv: line 208000 [oneflux.pipeline.site_data_product]
2025-06-13 08:04:54.797 [DEBUG   ] Writing /global/home/users/sytoanngo/ONEFlux/data/US-ARc_sample_output/99_fluxnet2015/FLX_US-ARc_FLUXNET2015_ERAI_HH_1989-2014_beta-5.csv: line 209000 [oneflux.pipeline.site_data_product]
2025-06-13 08:04:54.808 [DEBUG   ] Writing /global/home/users/sytoanngo/ONEFlux/data/US-ARc_sample_output/99_fluxnet2015/FLX_US-ARc_FLUXNET2015_ERAI_HH_1989-2014_beta-5.csv: line 210000 [oneflux.pipeline.site_data_product]
2025-06-13 08:04:54.818 [DEBUG   ] Writing /global/home/users/sytoanngo/ONEFlux/data/US-ARc_sample_output/99_fluxnet2015/FLX_US-ARc_FLUXNET2015_ERAI_HH_1989-2014_beta-5.csv: line 211000 [oneflux.pipeline.site_data_product]
2025-06-13 08:04:54.828 [DEBUG   ] Writing /global/home/users/sytoanngo/ONEFlux/data/US-ARc_sample_output/99_fluxnet2015/FLX_US-ARc_FLUXNET2015_ERAI_HH_1989-2014_beta-5.csv: line 212000 [oneflux.pipeline.site_data_product]
2025-06-13 08:04:54.838 [DEBUG   ] Writing /global/home/users/sytoanngo/ONEFlux/data/US-ARc_sample_output/99_fluxnet2015/FLX_US-ARc_FLUXNET2015_ERAI_HH_1989-2014_beta-5.csv: line 213000 [oneflux.pipeline.site_data_product]
2025-06-13 08:04:54.849 [DEBUG   ] Writing /global/home/users/sytoanngo/ONEFlux/data/US-ARc_sample_output/99_fluxnet2015/FLX_US-ARc_FLUXNET2015_ERAI_HH_1989-2014_beta-5.csv: line 214000 [oneflux.pipeline.site_data_product]
2025-06-13 08:04:54.859 [DEBUG   ] Writing /global/home/users/sytoanngo/ONEFlux/data/US-ARc_sample_output/99_fluxnet2015/FLX_US-ARc_FLUXNET2015_ERAI_HH_1989-2014_beta-5.csv: line 215000 [oneflux.pipeline.site_data_product]
2025-06-13 08:04:54.869 [DEBUG   ] Writing /global/home/users/sytoanngo/ONEFlux/data/US-ARc_sample_output/99_fluxnet2015/FLX_US-ARc_FLUXNET2015_ERAI_HH_1989-2014_beta-5.csv: line 216000 [oneflux.pipeline.site_data_product]
2025-06-13 08:04:54.880 [DEBUG   ] Writing /global/home/users/sytoanngo/ONEFlux/data/US-ARc_sample_output/99_fluxnet2015/FLX_US-ARc_FLUXNET2015_ERAI_HH_1989-2014_beta-5.csv: line 217000 [oneflux.pipeline.site_data_product]
2025-06-13 08:04:54.890 [DEBUG   ] Writing /global/home/users/sytoanngo/ONEFlux/data/US-ARc_sample_output/99_fluxnet2015/FLX_US-ARc_FLUXNET2015_ERAI_HH_1989-2014_beta-5.csv: line 218000 [oneflux.pipeline.site_data_product]
2025-06-13 08:04:54.901 [DEBUG   ] Writing /global/home/users/sytoanngo/ONEFlux/data/US-ARc_sample_output/99_fluxnet2015/FLX_US-ARc_FLUXNET2015_ERAI_HH_1989-2014_beta-5.csv: line 219000 [oneflux.pipeline.site_data_product]
2025-06-13 08:04:54.911 [DEBUG   ] Writing /global/home/users/sytoanngo/ONEFlux/data/US-ARc_sample_output/99_fluxnet2015/FLX_US-ARc_FLUXNET2015_ERAI_HH_1989-2014_beta-5.csv: line 220000 [oneflux.pipeline.site_data_product]
2025-06-13 08:04:54.922 [DEBUG   ] Writing /global/home/users/sytoanngo/ONEFlux/data/US-ARc_sample_output/99_fluxnet2015/FLX_US-ARc_FLUXNET2015_ERAI_HH_1989-2014_beta-5.csv: line 221000 [oneflux.pipeline.site_data_product]
2025-06-13 08:04:54.932 [DEBUG   ] Writing /global/home/users/sytoanngo/ONEFlux/data/US-ARc_sample_output/99_fluxnet2015/FLX_US-ARc_FLUXNET2015_ERAI_HH_1989-2014_beta-5.csv: line 222000 [oneflux.pipeline.site_data_product]
2025-06-13 08:04:54.943 [DEBUG   ] Writing /global/home/users/sytoanngo/ONEFlux/data/US-ARc_sample_output/99_fluxnet2015/FLX_US-ARc_FLUXNET2015_ERAI_HH_1989-2014_beta-5.csv: line 223000 [oneflux.pipeline.site_data_product]
2025-06-13 08:04:54.953 [DEBUG   ] Writing /global/home/users/sytoanngo/ONEFlux/data/US-ARc_sample_output/99_fluxnet2015/FLX_US-ARc_FLUXNET2015_ERAI_HH_1989-2014_beta-5.csv: line 224000 [oneflux.pipeline.site_data_product]
2025-06-13 08:04:54.963 [DEBUG   ] Writing /global/home/users/sytoanngo/ONEFlux/data/US-ARc_sample_output/99_fluxnet2015/FLX_US-ARc_FLUXNET2015_ERAI_HH_1989-2014_beta-5.csv: line 225000 [oneflux.pipeline.site_data_product]
2025-06-13 08:04:54.974 [DEBUG   ] Writing /global/home/users/sytoanngo/ONEFlux/data/US-ARc_sample_output/99_fluxnet2015/FLX_US-ARc_FLUXNET2015_ERAI_HH_1989-2014_beta-5.csv: line 226000 [oneflux.pipeline.site_data_product]
2025-06-13 08:04:54.984 [DEBUG   ] Writing /global/home/users/sytoanngo/ONEFlux/data/US-ARc_sample_output/99_fluxnet2015/FLX_US-ARc_FLUXNET2015_ERAI_HH_1989-2014_beta-5.csv: line 227000 [oneflux.pipeline.site_data_product]
2025-06-13 08:04:54.995 [DEBUG   ] Writing /global/home/users/sytoanngo/ONEFlux/data/US-ARc_sample_output/99_fluxnet2015/FLX_US-ARc_FLUXNET2015_ERAI_HH_1989-2014_beta-5.csv: line 228000 [oneflux.pipeline.site_data_product]
2025-06-13 08:04:55.005 [DEBUG   ] Writing /global/home/users/sytoanngo/ONEFlux/data/US-ARc_sample_output/99_fluxnet2015/FLX_US-ARc_FLUXNET2015_ERAI_HH_1989-2014_beta-5.csv: line 229000 [oneflux.pipeline.site_data_product]
2025-06-13 08:04:55.015 [DEBUG   ] Writing /global/home/users/sytoanngo/ONEFlux/data/US-ARc_sample_output/99_fluxnet2015/FLX_US-ARc_FLUXNET2015_ERAI_HH_1989-2014_beta-5.csv: line 230000 [oneflux.pipeline.site_data_product]
2025-06-13 08:04:55.025 [DEBUG   ] Writing /global/home/users/sytoanngo/ONEFlux/data/US-ARc_sample_output/99_fluxnet2015/FLX_US-ARc_FLUXNET2015_ERAI_HH_1989-2014_beta-5.csv: line 231000 [oneflux.pipeline.site_data_product]
2025-06-13 08:04:55.036 [DEBUG   ] Writing /global/home/users/sytoanngo/ONEFlux/data/US-ARc_sample_output/99_fluxnet2015/FLX_US-ARc_FLUXNET2015_ERAI_HH_1989-2014_beta-5.csv: line 232000 [oneflux.pipeline.site_data_product]
2025-06-13 08:04:55.046 [DEBUG   ] Writing /global/home/users/sytoanngo/ONEFlux/data/US-ARc_sample_output/99_fluxnet2015/FLX_US-ARc_FLUXNET2015_ERAI_HH_1989-2014_beta-5.csv: line 233000 [oneflux.pipeline.site_data_product]
2025-06-13 08:04:55.057 [DEBUG   ] Writing /global/home/users/sytoanngo/ONEFlux/data/US-ARc_sample_output/99_fluxnet2015/FLX_US-ARc_FLUXNET2015_ERAI_HH_1989-2014_beta-5.csv: line 234000 [oneflux.pipeline.site_data_product]
2025-06-13 08:04:55.068 [DEBUG   ] Writing /global/home/users/sytoanngo/ONEFlux/data/US-ARc_sample_output/99_fluxnet2015/FLX_US-ARc_FLUXNET2015_ERAI_HH_1989-2014_beta-5.csv: line 235000 [oneflux.pipeline.site_data_product]
2025-06-13 08:04:55.078 [DEBUG   ] Writing /global/home/users/sytoanngo/ONEFlux/data/US-ARc_sample_output/99_fluxnet2015/FLX_US-ARc_FLUXNET2015_ERAI_HH_1989-2014_beta-5.csv: line 236000 [oneflux.pipeline.site_data_product]
2025-06-13 08:04:55.089 [DEBUG   ] Writing /global/home/users/sytoanngo/ONEFlux/data/US-ARc_sample_output/99_fluxnet2015/FLX_US-ARc_FLUXNET2015_ERAI_HH_1989-2014_beta-5.csv: line 237000 [oneflux.pipeline.site_data_product]
2025-06-13 08:04:55.099 [DEBUG   ] Writing /global/home/users/sytoanngo/ONEFlux/data/US-ARc_sample_output/99_fluxnet2015/FLX_US-ARc_FLUXNET2015_ERAI_HH_1989-2014_beta-5.csv: line 238000 [oneflux.pipeline.site_data_product]
2025-06-13 08:04:55.110 [DEBUG   ] Writing /global/home/users/sytoanngo/ONEFlux/data/US-ARc_sample_output/99_fluxnet2015/FLX_US-ARc_FLUXNET2015_ERAI_HH_1989-2014_beta-5.csv: line 239000 [oneflux.pipeline.site_data_product]
2025-06-13 08:04:55.120 [DEBUG   ] Writing /global/home/users/sytoanngo/ONEFlux/data/US-ARc_sample_output/99_fluxnet2015/FLX_US-ARc_FLUXNET2015_ERAI_HH_1989-2014_beta-5.csv: line 240000 [oneflux.pipeline.site_data_product]
2025-06-13 08:04:55.130 [DEBUG   ] Writing /global/home/users/sytoanngo/ONEFlux/data/US-ARc_sample_output/99_fluxnet2015/FLX_US-ARc_FLUXNET2015_ERAI_HH_1989-2014_beta-5.csv: line 241000 [oneflux.pipeline.site_data_product]
2025-06-13 08:04:55.141 [DEBUG   ] Writing /global/home/users/sytoanngo/ONEFlux/data/US-ARc_sample_output/99_fluxnet2015/FLX_US-ARc_FLUXNET2015_ERAI_HH_1989-2014_beta-5.csv: line 242000 [oneflux.pipeline.site_data_product]
2025-06-13 08:04:55.151 [DEBUG   ] Writing /global/home/users/sytoanngo/ONEFlux/data/US-ARc_sample_output/99_fluxnet2015/FLX_US-ARc_FLUXNET2015_ERAI_HH_1989-2014_beta-5.csv: line 243000 [oneflux.pipeline.site_data_product]
2025-06-13 08:04:55.162 [DEBUG   ] Writing /global/home/users/sytoanngo/ONEFlux/data/US-ARc_sample_output/99_fluxnet2015/FLX_US-ARc_FLUXNET2015_ERAI_HH_1989-2014_beta-5.csv: line 244000 [oneflux.pipeline.site_data_product]
2025-06-13 08:04:55.172 [DEBUG   ] Writing /global/home/users/sytoanngo/ONEFlux/data/US-ARc_sample_output/99_fluxnet2015/FLX_US-ARc_FLUXNET2015_ERAI_HH_1989-2014_beta-5.csv: line 245000 [oneflux.pipeline.site_data_product]
2025-06-13 08:04:55.182 [DEBUG   ] Writing /global/home/users/sytoanngo/ONEFlux/data/US-ARc_sample_output/99_fluxnet2015/FLX_US-ARc_FLUXNET2015_ERAI_HH_1989-2014_beta-5.csv: line 246000 [oneflux.pipeline.site_data_product]
2025-06-13 08:04:55.193 [DEBUG   ] Writing /global/home/users/sytoanngo/ONEFlux/data/US-ARc_sample_output/99_fluxnet2015/FLX_US-ARc_FLUXNET2015_ERAI_HH_1989-2014_beta-5.csv: line 247000 [oneflux.pipeline.site_data_product]
2025-06-13 08:04:55.203 [DEBUG   ] Writing /global/home/users/sytoanngo/ONEFlux/data/US-ARc_sample_output/99_fluxnet2015/FLX_US-ARc_FLUXNET2015_ERAI_HH_1989-2014_beta-5.csv: line 248000 [oneflux.pipeline.site_data_product]
2025-06-13 08:04:55.213 [DEBUG   ] Writing /global/home/users/sytoanngo/ONEFlux/data/US-ARc_sample_output/99_fluxnet2015/FLX_US-ARc_FLUXNET2015_ERAI_HH_1989-2014_beta-5.csv: line 249000 [oneflux.pipeline.site_data_product]
2025-06-13 08:04:55.224 [DEBUG   ] Writing /global/home/users/sytoanngo/ONEFlux/data/US-ARc_sample_output/99_fluxnet2015/FLX_US-ARc_FLUXNET2015_ERAI_HH_1989-2014_beta-5.csv: line 250000 [oneflux.pipeline.site_data_product]
2025-06-13 08:04:55.234 [DEBUG   ] Writing /global/home/users/sytoanngo/ONEFlux/data/US-ARc_sample_output/99_fluxnet2015/FLX_US-ARc_FLUXNET2015_ERAI_HH_1989-2014_beta-5.csv: line 251000 [oneflux.pipeline.site_data_product]
2025-06-13 08:04:55.245 [DEBUG   ] Writing /global/home/users/sytoanngo/ONEFlux/data/US-ARc_sample_output/99_fluxnet2015/FLX_US-ARc_FLUXNET2015_ERAI_HH_1989-2014_beta-5.csv: line 252000 [oneflux.pipeline.site_data_product]
2025-06-13 08:04:55.255 [DEBUG   ] Writing /global/home/users/sytoanngo/ONEFlux/data/US-ARc_sample_output/99_fluxnet2015/FLX_US-ARc_FLUXNET2015_ERAI_HH_1989-2014_beta-5.csv: line 253000 [oneflux.pipeline.site_data_product]
2025-06-13 08:04:55.265 [DEBUG   ] Writing /global/home/users/sytoanngo/ONEFlux/data/US-ARc_sample_output/99_fluxnet2015/FLX_US-ARc_FLUXNET2015_ERAI_HH_1989-2014_beta-5.csv: line 254000 [oneflux.pipeline.site_data_product]
2025-06-13 08:04:55.276 [DEBUG   ] Writing /global/home/users/sytoanngo/ONEFlux/data/US-ARc_sample_output/99_fluxnet2015/FLX_US-ARc_FLUXNET2015_ERAI_HH_1989-2014_beta-5.csv: line 255000 [oneflux.pipeline.site_data_product]
2025-06-13 08:04:55.286 [DEBUG   ] Writing /global/home/users/sytoanngo/ONEFlux/data/US-ARc_sample_output/99_fluxnet2015/FLX_US-ARc_FLUXNET2015_ERAI_HH_1989-2014_beta-5.csv: line 256000 [oneflux.pipeline.site_data_product]
2025-06-13 08:04:55.297 [DEBUG   ] Writing /global/home/users/sytoanngo/ONEFlux/data/US-ARc_sample_output/99_fluxnet2015/FLX_US-ARc_FLUXNET2015_ERAI_HH_1989-2014_beta-5.csv: line 257000 [oneflux.pipeline.site_data_product]
2025-06-13 08:04:55.307 [DEBUG   ] Writing /global/home/users/sytoanngo/ONEFlux/data/US-ARc_sample_output/99_fluxnet2015/FLX_US-ARc_FLUXNET2015_ERAI_HH_1989-2014_beta-5.csv: line 258000 [oneflux.pipeline.site_data_product]
2025-06-13 08:04:55.318 [DEBUG   ] Writing /global/home/users/sytoanngo/ONEFlux/data/US-ARc_sample_output/99_fluxnet2015/FLX_US-ARc_FLUXNET2015_ERAI_HH_1989-2014_beta-5.csv: line 259000 [oneflux.pipeline.site_data_product]
2025-06-13 08:04:55.328 [DEBUG   ] Writing /global/home/users/sytoanngo/ONEFlux/data/US-ARc_sample_output/99_fluxnet2015/FLX_US-ARc_FLUXNET2015_ERAI_HH_1989-2014_beta-5.csv: line 260000 [oneflux.pipeline.site_data_product]
2025-06-13 08:04:55.338 [DEBUG   ] Writing /global/home/users/sytoanngo/ONEFlux/data/US-ARc_sample_output/99_fluxnet2015/FLX_US-ARc_FLUXNET2015_ERAI_HH_1989-2014_beta-5.csv: line 261000 [oneflux.pipeline.site_data_product]
2025-06-13 08:04:55.349 [DEBUG   ] Writing /global/home/users/sytoanngo/ONEFlux/data/US-ARc_sample_output/99_fluxnet2015/FLX_US-ARc_FLUXNET2015_ERAI_HH_1989-2014_beta-5.csv: line 262000 [oneflux.pipeline.site_data_product]
2025-06-13 08:04:55.359 [DEBUG   ] Writing /global/home/users/sytoanngo/ONEFlux/data/US-ARc_sample_output/99_fluxnet2015/FLX_US-ARc_FLUXNET2015_ERAI_HH_1989-2014_beta-5.csv: line 263000 [oneflux.pipeline.site_data_product]
2025-06-13 08:04:55.369 [DEBUG   ] Writing /global/home/users/sytoanngo/ONEFlux/data/US-ARc_sample_output/99_fluxnet2015/FLX_US-ARc_FLUXNET2015_ERAI_HH_1989-2014_beta-5.csv: line 264000 [oneflux.pipeline.site_data_product]
2025-06-13 08:04:55.380 [DEBUG   ] Writing /global/home/users/sytoanngo/ONEFlux/data/US-ARc_sample_output/99_fluxnet2015/FLX_US-ARc_FLUXNET2015_ERAI_HH_1989-2014_beta-5.csv: line 265000 [oneflux.pipeline.site_data_product]
2025-06-13 08:04:55.390 [DEBUG   ] Writing /global/home/users/sytoanngo/ONEFlux/data/US-ARc_sample_output/99_fluxnet2015/FLX_US-ARc_FLUXNET2015_ERAI_HH_1989-2014_beta-5.csv: line 266000 [oneflux.pipeline.site_data_product]
2025-06-13 08:04:55.400 [DEBUG   ] Writing /global/home/users/sytoanngo/ONEFlux/data/US-ARc_sample_output/99_fluxnet2015/FLX_US-ARc_FLUXNET2015_ERAI_HH_1989-2014_beta-5.csv: line 267000 [oneflux.pipeline.site_data_product]
2025-06-13 08:04:55.411 [DEBUG   ] Writing /global/home/users/sytoanngo/ONEFlux/data/US-ARc_sample_output/99_fluxnet2015/FLX_US-ARc_FLUXNET2015_ERAI_HH_1989-2014_beta-5.csv: line 268000 [oneflux.pipeline.site_data_product]
2025-06-13 08:04:55.421 [DEBUG   ] Writing /global/home/users/sytoanngo/ONEFlux/data/US-ARc_sample_output/99_fluxnet2015/FLX_US-ARc_FLUXNET2015_ERAI_HH_1989-2014_beta-5.csv: line 269000 [oneflux.pipeline.site_data_product]
2025-06-13 08:04:55.432 [DEBUG   ] Writing /global/home/users/sytoanngo/ONEFlux/data/US-ARc_sample_output/99_fluxnet2015/FLX_US-ARc_FLUXNET2015_ERAI_HH_1989-2014_beta-5.csv: line 270000 [oneflux.pipeline.site_data_product]
2025-06-13 08:04:55.442 [DEBUG   ] Writing /global/home/users/sytoanngo/ONEFlux/data/US-ARc_sample_output/99_fluxnet2015/FLX_US-ARc_FLUXNET2015_ERAI_HH_1989-2014_beta-5.csv: line 271000 [oneflux.pipeline.site_data_product]
2025-06-13 08:04:55.453 [DEBUG   ] Writing /global/home/users/sytoanngo/ONEFlux/data/US-ARc_sample_output/99_fluxnet2015/FLX_US-ARc_FLUXNET2015_ERAI_HH_1989-2014_beta-5.csv: line 272000 [oneflux.pipeline.site_data_product]
2025-06-13 08:04:55.463 [DEBUG   ] Writing /global/home/users/sytoanngo/ONEFlux/data/US-ARc_sample_output/99_fluxnet2015/FLX_US-ARc_FLUXNET2015_ERAI_HH_1989-2014_beta-5.csv: line 273000 [oneflux.pipeline.site_data_product]
2025-06-13 08:04:55.473 [DEBUG   ] Writing /global/home/users/sytoanngo/ONEFlux/data/US-ARc_sample_output/99_fluxnet2015/FLX_US-ARc_FLUXNET2015_ERAI_HH_1989-2014_beta-5.csv: line 274000 [oneflux.pipeline.site_data_product]
2025-06-13 08:04:55.484 [DEBUG   ] Writing /global/home/users/sytoanngo/ONEFlux/data/US-ARc_sample_output/99_fluxnet2015/FLX_US-ARc_FLUXNET2015_ERAI_HH_1989-2014_beta-5.csv: line 275000 [oneflux.pipeline.site_data_product]
2025-06-13 08:04:55.494 [DEBUG   ] Writing /global/home/users/sytoanngo/ONEFlux/data/US-ARc_sample_output/99_fluxnet2015/FLX_US-ARc_FLUXNET2015_ERAI_HH_1989-2014_beta-5.csv: line 276000 [oneflux.pipeline.site_data_product]
2025-06-13 08:04:55.505 [DEBUG   ] Writing /global/home/users/sytoanngo/ONEFlux/data/US-ARc_sample_output/99_fluxnet2015/FLX_US-ARc_FLUXNET2015_ERAI_HH_1989-2014_beta-5.csv: line 277000 [oneflux.pipeline.site_data_product]
2025-06-13 08:04:55.515 [DEBUG   ] Writing /global/home/users/sytoanngo/ONEFlux/data/US-ARc_sample_output/99_fluxnet2015/FLX_US-ARc_FLUXNET2015_ERAI_HH_1989-2014_beta-5.csv: line 278000 [oneflux.pipeline.site_data_product]
2025-06-13 08:04:55.525 [DEBUG   ] Writing /global/home/users/sytoanngo/ONEFlux/data/US-ARc_sample_output/99_fluxnet2015/FLX_US-ARc_FLUXNET2015_ERAI_HH_1989-2014_beta-5.csv: line 279000 [oneflux.pipeline.site_data_product]
2025-06-13 08:04:55.536 [DEBUG   ] Writing /global/home/users/sytoanngo/ONEFlux/data/US-ARc_sample_output/99_fluxnet2015/FLX_US-ARc_FLUXNET2015_ERAI_HH_1989-2014_beta-5.csv: line 280000 [oneflux.pipeline.site_data_product]
2025-06-13 08:04:55.546 [DEBUG   ] Writing /global/home/users/sytoanngo/ONEFlux/data/US-ARc_sample_output/99_fluxnet2015/FLX_US-ARc_FLUXNET2015_ERAI_HH_1989-2014_beta-5.csv: line 281000 [oneflux.pipeline.site_data_product]
2025-06-13 08:04:55.556 [DEBUG   ] Writing /global/home/users/sytoanngo/ONEFlux/data/US-ARc_sample_output/99_fluxnet2015/FLX_US-ARc_FLUXNET2015_ERAI_HH_1989-2014_beta-5.csv: line 282000 [oneflux.pipeline.site_data_product]
2025-06-13 08:04:55.567 [DEBUG   ] Writing /global/home/users/sytoanngo/ONEFlux/data/US-ARc_sample_output/99_fluxnet2015/FLX_US-ARc_FLUXNET2015_ERAI_HH_1989-2014_beta-5.csv: line 283000 [oneflux.pipeline.site_data_product]
2025-06-13 08:04:55.577 [DEBUG   ] Writing /global/home/users/sytoanngo/ONEFlux/data/US-ARc_sample_output/99_fluxnet2015/FLX_US-ARc_FLUXNET2015_ERAI_HH_1989-2014_beta-5.csv: line 284000 [oneflux.pipeline.site_data_product]
2025-06-13 08:04:55.588 [DEBUG   ] Writing /global/home/users/sytoanngo/ONEFlux/data/US-ARc_sample_output/99_fluxnet2015/FLX_US-ARc_FLUXNET2015_ERAI_HH_1989-2014_beta-5.csv: line 285000 [oneflux.pipeline.site_data_product]
2025-06-13 08:04:55.598 [DEBUG   ] Writing /global/home/users/sytoanngo/ONEFlux/data/US-ARc_sample_output/99_fluxnet2015/FLX_US-ARc_FLUXNET2015_ERAI_HH_1989-2014_beta-5.csv: line 286000 [oneflux.pipeline.site_data_product]
2025-06-13 08:04:55.609 [DEBUG   ] Writing /global/home/users/sytoanngo/ONEFlux/data/US-ARc_sample_output/99_fluxnet2015/FLX_US-ARc_FLUXNET2015_ERAI_HH_1989-2014_beta-5.csv: line 287000 [oneflux.pipeline.site_data_product]
2025-06-13 08:04:55.620 [DEBUG   ] Writing /global/home/users/sytoanngo/ONEFlux/data/US-ARc_sample_output/99_fluxnet2015/FLX_US-ARc_FLUXNET2015_ERAI_HH_1989-2014_beta-5.csv: line 288000 [oneflux.pipeline.site_data_product]
2025-06-13 08:04:55.630 [DEBUG   ] Writing /global/home/users/sytoanngo/ONEFlux/data/US-ARc_sample_output/99_fluxnet2015/FLX_US-ARc_FLUXNET2015_ERAI_HH_1989-2014_beta-5.csv: line 289000 [oneflux.pipeline.site_data_product]
2025-06-13 08:04:55.641 [DEBUG   ] Writing /global/home/users/sytoanngo/ONEFlux/data/US-ARc_sample_output/99_fluxnet2015/FLX_US-ARc_FLUXNET2015_ERAI_HH_1989-2014_beta-5.csv: line 290000 [oneflux.pipeline.site_data_product]
2025-06-13 08:04:55.651 [DEBUG   ] Writing /global/home/users/sytoanngo/ONEFlux/data/US-ARc_sample_output/99_fluxnet2015/FLX_US-ARc_FLUXNET2015_ERAI_HH_1989-2014_beta-5.csv: line 291000 [oneflux.pipeline.site_data_product]
2025-06-13 08:04:55.661 [DEBUG   ] Writing /global/home/users/sytoanngo/ONEFlux/data/US-ARc_sample_output/99_fluxnet2015/FLX_US-ARc_FLUXNET2015_ERAI_HH_1989-2014_beta-5.csv: line 292000 [oneflux.pipeline.site_data_product]
2025-06-13 08:04:55.672 [DEBUG   ] Writing /global/home/users/sytoanngo/ONEFlux/data/US-ARc_sample_output/99_fluxnet2015/FLX_US-ARc_FLUXNET2015_ERAI_HH_1989-2014_beta-5.csv: line 293000 [oneflux.pipeline.site_data_product]
2025-06-13 08:04:55.682 [DEBUG   ] Writing /global/home/users/sytoanngo/ONEFlux/data/US-ARc_sample_output/99_fluxnet2015/FLX_US-ARc_FLUXNET2015_ERAI_HH_1989-2014_beta-5.csv: line 294000 [oneflux.pipeline.site_data_product]
2025-06-13 08:04:55.693 [DEBUG   ] Writing /global/home/users/sytoanngo/ONEFlux/data/US-ARc_sample_output/99_fluxnet2015/FLX_US-ARc_FLUXNET2015_ERAI_HH_1989-2014_beta-5.csv: line 295000 [oneflux.pipeline.site_data_product]
2025-06-13 08:04:55.703 [DEBUG   ] Writing /global/home/users/sytoanngo/ONEFlux/data/US-ARc_sample_output/99_fluxnet2015/FLX_US-ARc_FLUXNET2015_ERAI_HH_1989-2014_beta-5.csv: line 296000 [oneflux.pipeline.site_data_product]
2025-06-13 08:04:55.713 [DEBUG   ] Writing /global/home/users/sytoanngo/ONEFlux/data/US-ARc_sample_output/99_fluxnet2015/FLX_US-ARc_FLUXNET2015_ERAI_HH_1989-2014_beta-5.csv: line 297000 [oneflux.pipeline.site_data_product]
2025-06-13 08:04:55.724 [DEBUG   ] Writing /global/home/users/sytoanngo/ONEFlux/data/US-ARc_sample_output/99_fluxnet2015/FLX_US-ARc_FLUXNET2015_ERAI_HH_1989-2014_beta-5.csv: line 298000 [oneflux.pipeline.site_data_product]
2025-06-13 08:04:55.734 [DEBUG   ] Writing /global/home/users/sytoanngo/ONEFlux/data/US-ARc_sample_output/99_fluxnet2015/FLX_US-ARc_FLUXNET2015_ERAI_HH_1989-2014_beta-5.csv: line 299000 [oneflux.pipeline.site_data_product]
2025-06-13 08:04:55.744 [DEBUG   ] Writing /global/home/users/sytoanngo/ONEFlux/data/US-ARc_sample_output/99_fluxnet2015/FLX_US-ARc_FLUXNET2015_ERAI_HH_1989-2014_beta-5.csv: line 300000 [oneflux.pipeline.site_data_product]
2025-06-13 08:04:55.755 [DEBUG   ] Writing /global/home/users/sytoanngo/ONEFlux/data/US-ARc_sample_output/99_fluxnet2015/FLX_US-ARc_FLUXNET2015_ERAI_HH_1989-2014_beta-5.csv: line 301000 [oneflux.pipeline.site_data_product]
2025-06-13 08:04:55.765 [DEBUG   ] Writing /global/home/users/sytoanngo/ONEFlux/data/US-ARc_sample_output/99_fluxnet2015/FLX_US-ARc_FLUXNET2015_ERAI_HH_1989-2014_beta-5.csv: line 302000 [oneflux.pipeline.site_data_product]
2025-06-13 08:04:55.776 [DEBUG   ] Writing /global/home/users/sytoanngo/ONEFlux/data/US-ARc_sample_output/99_fluxnet2015/FLX_US-ARc_FLUXNET2015_ERAI_HH_1989-2014_beta-5.csv: line 303000 [oneflux.pipeline.site_data_product]
2025-06-13 08:04:55.786 [DEBUG   ] Writing /global/home/users/sytoanngo/ONEFlux/data/US-ARc_sample_output/99_fluxnet2015/FLX_US-ARc_FLUXNET2015_ERAI_HH_1989-2014_beta-5.csv: line 304000 [oneflux.pipeline.site_data_product]
2025-06-13 08:04:55.797 [DEBUG   ] Writing /global/home/users/sytoanngo/ONEFlux/data/US-ARc_sample_output/99_fluxnet2015/FLX_US-ARc_FLUXNET2015_ERAI_HH_1989-2014_beta-5.csv: line 305000 [oneflux.pipeline.site_data_product]
2025-06-13 08:04:55.807 [DEBUG   ] Writing /global/home/users/sytoanngo/ONEFlux/data/US-ARc_sample_output/99_fluxnet2015/FLX_US-ARc_FLUXNET2015_ERAI_HH_1989-2014_beta-5.csv: line 306000 [oneflux.pipeline.site_data_product]
2025-06-13 08:04:55.818 [DEBUG   ] Writing /global/home/users/sytoanngo/ONEFlux/data/US-ARc_sample_output/99_fluxnet2015/FLX_US-ARc_FLUXNET2015_ERAI_HH_1989-2014_beta-5.csv: line 307000 [oneflux.pipeline.site_data_product]
2025-06-13 08:04:55.828 [DEBUG   ] Writing /global/home/users/sytoanngo/ONEFlux/data/US-ARc_sample_output/99_fluxnet2015/FLX_US-ARc_FLUXNET2015_ERAI_HH_1989-2014_beta-5.csv: line 308000 [oneflux.pipeline.site_data_product]
2025-06-13 08:04:55.839 [DEBUG   ] Writing /global/home/users/sytoanngo/ONEFlux/data/US-ARc_sample_output/99_fluxnet2015/FLX_US-ARc_FLUXNET2015_ERAI_HH_1989-2014_beta-5.csv: line 309000 [oneflux.pipeline.site_data_product]
2025-06-13 08:04:55.849 [DEBUG   ] Writing /global/home/users/sytoanngo/ONEFlux/data/US-ARc_sample_output/99_fluxnet2015/FLX_US-ARc_FLUXNET2015_ERAI_HH_1989-2014_beta-5.csv: line 310000 [oneflux.pipeline.site_data_product]
2025-06-13 08:04:55.859 [DEBUG   ] Writing /global/home/users/sytoanngo/ONEFlux/data/US-ARc_sample_output/99_fluxnet2015/FLX_US-ARc_FLUXNET2015_ERAI_HH_1989-2014_beta-5.csv: line 311000 [oneflux.pipeline.site_data_product]
2025-06-13 08:04:55.870 [DEBUG   ] Writing /global/home/users/sytoanngo/ONEFlux/data/US-ARc_sample_output/99_fluxnet2015/FLX_US-ARc_FLUXNET2015_ERAI_HH_1989-2014_beta-5.csv: line 312000 [oneflux.pipeline.site_data_product]
2025-06-13 08:04:55.880 [DEBUG   ] Writing /global/home/users/sytoanngo/ONEFlux/data/US-ARc_sample_output/99_fluxnet2015/FLX_US-ARc_FLUXNET2015_ERAI_HH_1989-2014_beta-5.csv: line 313000 [oneflux.pipeline.site_data_product]
2025-06-13 08:04:55.890 [DEBUG   ] Writing /global/home/users/sytoanngo/ONEFlux/data/US-ARc_sample_output/99_fluxnet2015/FLX_US-ARc_FLUXNET2015_ERAI_HH_1989-2014_beta-5.csv: line 314000 [oneflux.pipeline.site_data_product]
2025-06-13 08:04:55.901 [DEBUG   ] Writing /global/home/users/sytoanngo/ONEFlux/data/US-ARc_sample_output/99_fluxnet2015/FLX_US-ARc_FLUXNET2015_ERAI_HH_1989-2014_beta-5.csv: line 315000 [oneflux.pipeline.site_data_product]
2025-06-13 08:04:55.911 [DEBUG   ] Writing /global/home/users/sytoanngo/ONEFlux/data/US-ARc_sample_output/99_fluxnet2015/FLX_US-ARc_FLUXNET2015_ERAI_HH_1989-2014_beta-5.csv: line 316000 [oneflux.pipeline.site_data_product]
2025-06-13 08:04:55.921 [DEBUG   ] Writing /global/home/users/sytoanngo/ONEFlux/data/US-ARc_sample_output/99_fluxnet2015/FLX_US-ARc_FLUXNET2015_ERAI_HH_1989-2014_beta-5.csv: line 317000 [oneflux.pipeline.site_data_product]
2025-06-13 08:04:55.932 [DEBUG   ] Writing /global/home/users/sytoanngo/ONEFlux/data/US-ARc_sample_output/99_fluxnet2015/FLX_US-ARc_FLUXNET2015_ERAI_HH_1989-2014_beta-5.csv: line 318000 [oneflux.pipeline.site_data_product]
2025-06-13 08:04:55.942 [DEBUG   ] Writing /global/home/users/sytoanngo/ONEFlux/data/US-ARc_sample_output/99_fluxnet2015/FLX_US-ARc_FLUXNET2015_ERAI_HH_1989-2014_beta-5.csv: line 319000 [oneflux.pipeline.site_data_product]
2025-06-13 08:04:55.952 [DEBUG   ] Writing /global/home/users/sytoanngo/ONEFlux/data/US-ARc_sample_output/99_fluxnet2015/FLX_US-ARc_FLUXNET2015_ERAI_HH_1989-2014_beta-5.csv: line 320000 [oneflux.pipeline.site_data_product]
2025-06-13 08:04:55.963 [DEBUG   ] Writing /global/home/users/sytoanngo/ONEFlux/data/US-ARc_sample_output/99_fluxnet2015/FLX_US-ARc_FLUXNET2015_ERAI_HH_1989-2014_beta-5.csv: line 321000 [oneflux.pipeline.site_data_product]
2025-06-13 08:04:55.973 [DEBUG   ] Writing /global/home/users/sytoanngo/ONEFlux/data/US-ARc_sample_output/99_fluxnet2015/FLX_US-ARc_FLUXNET2015_ERAI_HH_1989-2014_beta-5.csv: line 322000 [oneflux.pipeline.site_data_product]
2025-06-13 08:04:55.983 [DEBUG   ] Writing /global/home/users/sytoanngo/ONEFlux/data/US-ARc_sample_output/99_fluxnet2015/FLX_US-ARc_FLUXNET2015_ERAI_HH_1989-2014_beta-5.csv: line 323000 [oneflux.pipeline.site_data_product]
2025-06-13 08:04:55.994 [DEBUG   ] Writing /global/home/users/sytoanngo/ONEFlux/data/US-ARc_sample_output/99_fluxnet2015/FLX_US-ARc_FLUXNET2015_ERAI_HH_1989-2014_beta-5.csv: line 324000 [oneflux.pipeline.site_data_product]
2025-06-13 08:04:56.004 [DEBUG   ] Writing /global/home/users/sytoanngo/ONEFlux/data/US-ARc_sample_output/99_fluxnet2015/FLX_US-ARc_FLUXNET2015_ERAI_HH_1989-2014_beta-5.csv: line 325000 [oneflux.pipeline.site_data_product]
2025-06-13 08:04:56.015 [DEBUG   ] Writing /global/home/users/sytoanngo/ONEFlux/data/US-ARc_sample_output/99_fluxnet2015/FLX_US-ARc_FLUXNET2015_ERAI_HH_1989-2014_beta-5.csv: line 326000 [oneflux.pipeline.site_data_product]
2025-06-13 08:04:56.025 [DEBUG   ] Writing /global/home/users/sytoanngo/ONEFlux/data/US-ARc_sample_output/99_fluxnet2015/FLX_US-ARc_FLUXNET2015_ERAI_HH_1989-2014_beta-5.csv: line 327000 [oneflux.pipeline.site_data_product]
2025-06-13 08:04:56.036 [DEBUG   ] Writing /global/home/users/sytoanngo/ONEFlux/data/US-ARc_sample_output/99_fluxnet2015/FLX_US-ARc_FLUXNET2015_ERAI_HH_1989-2014_beta-5.csv: line 328000 [oneflux.pipeline.site_data_product]
2025-06-13 08:04:56.047 [DEBUG   ] Writing /global/home/users/sytoanngo/ONEFlux/data/US-ARc_sample_output/99_fluxnet2015/FLX_US-ARc_FLUXNET2015_ERAI_HH_1989-2014_beta-5.csv: line 329000 [oneflux.pipeline.site_data_product]
2025-06-13 08:04:56.058 [DEBUG   ] Writing /global/home/users/sytoanngo/ONEFlux/data/US-ARc_sample_output/99_fluxnet2015/FLX_US-ARc_FLUXNET2015_ERAI_HH_1989-2014_beta-5.csv: line 330000 [oneflux.pipeline.site_data_product]
2025-06-13 08:04:56.069 [DEBUG   ] Writing /global/home/users/sytoanngo/ONEFlux/data/US-ARc_sample_output/99_fluxnet2015/FLX_US-ARc_FLUXNET2015_ERAI_HH_1989-2014_beta-5.csv: line 331000 [oneflux.pipeline.site_data_product]
2025-06-13 08:04:56.079 [DEBUG   ] Writing /global/home/users/sytoanngo/ONEFlux/data/US-ARc_sample_output/99_fluxnet2015/FLX_US-ARc_FLUXNET2015_ERAI_HH_1989-2014_beta-5.csv: line 332000 [oneflux.pipeline.site_data_product]
2025-06-13 08:04:56.090 [DEBUG   ] Writing /global/home/users/sytoanngo/ONEFlux/data/US-ARc_sample_output/99_fluxnet2015/FLX_US-ARc_FLUXNET2015_ERAI_HH_1989-2014_beta-5.csv: line 333000 [oneflux.pipeline.site_data_product]
2025-06-13 08:04:56.100 [DEBUG   ] Writing /global/home/users/sytoanngo/ONEFlux/data/US-ARc_sample_output/99_fluxnet2015/FLX_US-ARc_FLUXNET2015_ERAI_HH_1989-2014_beta-5.csv: line 334000 [oneflux.pipeline.site_data_product]
2025-06-13 08:04:56.110 [DEBUG   ] Writing /global/home/users/sytoanngo/ONEFlux/data/US-ARc_sample_output/99_fluxnet2015/FLX_US-ARc_FLUXNET2015_ERAI_HH_1989-2014_beta-5.csv: line 335000 [oneflux.pipeline.site_data_product]
2025-06-13 08:04:56.120 [DEBUG   ] Writing /global/home/users/sytoanngo/ONEFlux/data/US-ARc_sample_output/99_fluxnet2015/FLX_US-ARc_FLUXNET2015_ERAI_HH_1989-2014_beta-5.csv: line 336000 [oneflux.pipeline.site_data_product]
2025-06-13 08:04:56.131 [DEBUG   ] Writing /global/home/users/sytoanngo/ONEFlux/data/US-ARc_sample_output/99_fluxnet2015/FLX_US-ARc_FLUXNET2015_ERAI_HH_1989-2014_beta-5.csv: line 337000 [oneflux.pipeline.site_data_product]
2025-06-13 08:04:56.141 [DEBUG   ] Writing /global/home/users/sytoanngo/ONEFlux/data/US-ARc_sample_output/99_fluxnet2015/FLX_US-ARc_FLUXNET2015_ERAI_HH_1989-2014_beta-5.csv: line 338000 [oneflux.pipeline.site_data_product]
2025-06-13 08:04:56.152 [DEBUG   ] Writing /global/home/users/sytoanngo/ONEFlux/data/US-ARc_sample_output/99_fluxnet2015/FLX_US-ARc_FLUXNET2015_ERAI_HH_1989-2014_beta-5.csv: line 339000 [oneflux.pipeline.site_data_product]
2025-06-13 08:04:56.162 [DEBUG   ] Writing /global/home/users/sytoanngo/ONEFlux/data/US-ARc_sample_output/99_fluxnet2015/FLX_US-ARc_FLUXNET2015_ERAI_HH_1989-2014_beta-5.csv: line 340000 [oneflux.pipeline.site_data_product]
2025-06-13 08:04:56.173 [DEBUG   ] Writing /global/home/users/sytoanngo/ONEFlux/data/US-ARc_sample_output/99_fluxnet2015/FLX_US-ARc_FLUXNET2015_ERAI_HH_1989-2014_beta-5.csv: line 341000 [oneflux.pipeline.site_data_product]
2025-06-13 08:04:56.183 [DEBUG   ] Writing /global/home/users/sytoanngo/ONEFlux/data/US-ARc_sample_output/99_fluxnet2015/FLX_US-ARc_FLUXNET2015_ERAI_HH_1989-2014_beta-5.csv: line 342000 [oneflux.pipeline.site_data_product]
2025-06-13 08:04:56.194 [DEBUG   ] Writing /global/home/users/sytoanngo/ONEFlux/data/US-ARc_sample_output/99_fluxnet2015/FLX_US-ARc_FLUXNET2015_ERAI_HH_1989-2014_beta-5.csv: line 343000 [oneflux.pipeline.site_data_product]
2025-06-13 08:04:56.204 [DEBUG   ] Writing /global/home/users/sytoanngo/ONEFlux/data/US-ARc_sample_output/99_fluxnet2015/FLX_US-ARc_FLUXNET2015_ERAI_HH_1989-2014_beta-5.csv: line 344000 [oneflux.pipeline.site_data_product]
2025-06-13 08:04:56.214 [DEBUG   ] Writing /global/home/users/sytoanngo/ONEFlux/data/US-ARc_sample_output/99_fluxnet2015/FLX_US-ARc_FLUXNET2015_ERAI_HH_1989-2014_beta-5.csv: line 345000 [oneflux.pipeline.site_data_product]
2025-06-13 08:04:56.225 [DEBUG   ] Writing /global/home/users/sytoanngo/ONEFlux/data/US-ARc_sample_output/99_fluxnet2015/FLX_US-ARc_FLUXNET2015_ERAI_HH_1989-2014_beta-5.csv: line 346000 [oneflux.pipeline.site_data_product]
2025-06-13 08:04:56.236 [DEBUG   ] Writing /global/home/users/sytoanngo/ONEFlux/data/US-ARc_sample_output/99_fluxnet2015/FLX_US-ARc_FLUXNET2015_ERAI_HH_1989-2014_beta-5.csv: line 347000 [oneflux.pipeline.site_data_product]
2025-06-13 08:04:56.246 [DEBUG   ] Writing /global/home/users/sytoanngo/ONEFlux/data/US-ARc_sample_output/99_fluxnet2015/FLX_US-ARc_FLUXNET2015_ERAI_HH_1989-2014_beta-5.csv: line 348000 [oneflux.pipeline.site_data_product]
2025-06-13 08:04:56.256 [DEBUG   ] Writing /global/home/users/sytoanngo/ONEFlux/data/US-ARc_sample_output/99_fluxnet2015/FLX_US-ARc_FLUXNET2015_ERAI_HH_1989-2014_beta-5.csv: line 349000 [oneflux.pipeline.site_data_product]
2025-06-13 08:04:56.267 [DEBUG   ] Writing /global/home/users/sytoanngo/ONEFlux/data/US-ARc_sample_output/99_fluxnet2015/FLX_US-ARc_FLUXNET2015_ERAI_HH_1989-2014_beta-5.csv: line 350000 [oneflux.pipeline.site_data_product]
2025-06-13 08:04:56.277 [DEBUG   ] Writing /global/home/users/sytoanngo/ONEFlux/data/US-ARc_sample_output/99_fluxnet2015/FLX_US-ARc_FLUXNET2015_ERAI_HH_1989-2014_beta-5.csv: line 351000 [oneflux.pipeline.site_data_product]
2025-06-13 08:04:56.287 [DEBUG   ] Writing /global/home/users/sytoanngo/ONEFlux/data/US-ARc_sample_output/99_fluxnet2015/FLX_US-ARc_FLUXNET2015_ERAI_HH_1989-2014_beta-5.csv: line 352000 [oneflux.pipeline.site_data_product]
2025-06-13 08:04:56.298 [DEBUG   ] Writing /global/home/users/sytoanngo/ONEFlux/data/US-ARc_sample_output/99_fluxnet2015/FLX_US-ARc_FLUXNET2015_ERAI_HH_1989-2014_beta-5.csv: line 353000 [oneflux.pipeline.site_data_product]
2025-06-13 08:04:56.308 [DEBUG   ] Writing /global/home/users/sytoanngo/ONEFlux/data/US-ARc_sample_output/99_fluxnet2015/FLX_US-ARc_FLUXNET2015_ERAI_HH_1989-2014_beta-5.csv: line 354000 [oneflux.pipeline.site_data_product]
2025-06-13 08:04:56.319 [DEBUG   ] Writing /global/home/users/sytoanngo/ONEFlux/data/US-ARc_sample_output/99_fluxnet2015/FLX_US-ARc_FLUXNET2015_ERAI_HH_1989-2014_beta-5.csv: line 355000 [oneflux.pipeline.site_data_product]
2025-06-13 08:04:56.329 [DEBUG   ] Writing /global/home/users/sytoanngo/ONEFlux/data/US-ARc_sample_output/99_fluxnet2015/FLX_US-ARc_FLUXNET2015_ERAI_HH_1989-2014_beta-5.csv: line 356000 [oneflux.pipeline.site_data_product]
2025-06-13 08:04:56.340 [DEBUG   ] Writing /global/home/users/sytoanngo/ONEFlux/data/US-ARc_sample_output/99_fluxnet2015/FLX_US-ARc_FLUXNET2015_ERAI_HH_1989-2014_beta-5.csv: line 357000 [oneflux.pipeline.site_data_product]
2025-06-13 08:04:56.350 [DEBUG   ] Writing /global/home/users/sytoanngo/ONEFlux/data/US-ARc_sample_output/99_fluxnet2015/FLX_US-ARc_FLUXNET2015_ERAI_HH_1989-2014_beta-5.csv: line 358000 [oneflux.pipeline.site_data_product]
2025-06-13 08:04:56.361 [DEBUG   ] Writing /global/home/users/sytoanngo/ONEFlux/data/US-ARc_sample_output/99_fluxnet2015/FLX_US-ARc_FLUXNET2015_ERAI_HH_1989-2014_beta-5.csv: line 359000 [oneflux.pipeline.site_data_product]
2025-06-13 08:04:56.371 [DEBUG   ] Writing /global/home/users/sytoanngo/ONEFlux/data/US-ARc_sample_output/99_fluxnet2015/FLX_US-ARc_FLUXNET2015_ERAI_HH_1989-2014_beta-5.csv: line 360000 [oneflux.pipeline.site_data_product]
2025-06-13 08:04:56.381 [DEBUG   ] Writing /global/home/users/sytoanngo/ONEFlux/data/US-ARc_sample_output/99_fluxnet2015/FLX_US-ARc_FLUXNET2015_ERAI_HH_1989-2014_beta-5.csv: line 361000 [oneflux.pipeline.site_data_product]
2025-06-13 08:04:56.392 [DEBUG   ] Writing /global/home/users/sytoanngo/ONEFlux/data/US-ARc_sample_output/99_fluxnet2015/FLX_US-ARc_FLUXNET2015_ERAI_HH_1989-2014_beta-5.csv: line 362000 [oneflux.pipeline.site_data_product]
2025-06-13 08:04:56.402 [DEBUG   ] Writing /global/home/users/sytoanngo/ONEFlux/data/US-ARc_sample_output/99_fluxnet2015/FLX_US-ARc_FLUXNET2015_ERAI_HH_1989-2014_beta-5.csv: line 363000 [oneflux.pipeline.site_data_product]
2025-06-13 08:04:56.413 [DEBUG   ] Writing /global/home/users/sytoanngo/ONEFlux/data/US-ARc_sample_output/99_fluxnet2015/FLX_US-ARc_FLUXNET2015_ERAI_HH_1989-2014_beta-5.csv: line 364000 [oneflux.pipeline.site_data_product]
2025-06-13 08:04:56.423 [DEBUG   ] Writing /global/home/users/sytoanngo/ONEFlux/data/US-ARc_sample_output/99_fluxnet2015/FLX_US-ARc_FLUXNET2015_ERAI_HH_1989-2014_beta-5.csv: line 365000 [oneflux.pipeline.site_data_product]
2025-06-13 08:04:56.433 [DEBUG   ] Writing /global/home/users/sytoanngo/ONEFlux/data/US-ARc_sample_output/99_fluxnet2015/FLX_US-ARc_FLUXNET2015_ERAI_HH_1989-2014_beta-5.csv: line 366000 [oneflux.pipeline.site_data_product]
2025-06-13 08:04:56.444 [DEBUG   ] Writing /global/home/users/sytoanngo/ONEFlux/data/US-ARc_sample_output/99_fluxnet2015/FLX_US-ARc_FLUXNET2015_ERAI_HH_1989-2014_beta-5.csv: line 367000 [oneflux.pipeline.site_data_product]
2025-06-13 08:04:56.454 [DEBUG   ] Writing /global/home/users/sytoanngo/ONEFlux/data/US-ARc_sample_output/99_fluxnet2015/FLX_US-ARc_FLUXNET2015_ERAI_HH_1989-2014_beta-5.csv: line 368000 [oneflux.pipeline.site_data_product]
2025-06-13 08:04:56.464 [DEBUG   ] Writing /global/home/users/sytoanngo/ONEFlux/data/US-ARc_sample_output/99_fluxnet2015/FLX_US-ARc_FLUXNET2015_ERAI_HH_1989-2014_beta-5.csv: line 369000 [oneflux.pipeline.site_data_product]
2025-06-13 08:04:56.474 [DEBUG   ] Writing /global/home/users/sytoanngo/ONEFlux/data/US-ARc_sample_output/99_fluxnet2015/FLX_US-ARc_FLUXNET2015_ERAI_HH_1989-2014_beta-5.csv: line 370000 [oneflux.pipeline.site_data_product]
2025-06-13 08:04:56.485 [DEBUG   ] Writing /global/home/users/sytoanngo/ONEFlux/data/US-ARc_sample_output/99_fluxnet2015/FLX_US-ARc_FLUXNET2015_ERAI_HH_1989-2014_beta-5.csv: line 371000 [oneflux.pipeline.site_data_product]
2025-06-13 08:04:56.495 [DEBUG   ] Writing /global/home/users/sytoanngo/ONEFlux/data/US-ARc_sample_output/99_fluxnet2015/FLX_US-ARc_FLUXNET2015_ERAI_HH_1989-2014_beta-5.csv: line 372000 [oneflux.pipeline.site_data_product]
2025-06-13 08:04:56.505 [DEBUG   ] Writing /global/home/users/sytoanngo/ONEFlux/data/US-ARc_sample_output/99_fluxnet2015/FLX_US-ARc_FLUXNET2015_ERAI_HH_1989-2014_beta-5.csv: line 373000 [oneflux.pipeline.site_data_product]
2025-06-13 08:04:56.516 [DEBUG   ] Writing /global/home/users/sytoanngo/ONEFlux/data/US-ARc_sample_output/99_fluxnet2015/FLX_US-ARc_FLUXNET2015_ERAI_HH_1989-2014_beta-5.csv: line 374000 [oneflux.pipeline.site_data_product]
2025-06-13 08:04:56.526 [DEBUG   ] Writing /global/home/users/sytoanngo/ONEFlux/data/US-ARc_sample_output/99_fluxnet2015/FLX_US-ARc_FLUXNET2015_ERAI_HH_1989-2014_beta-5.csv: line 375000 [oneflux.pipeline.site_data_product]
2025-06-13 08:04:56.536 [DEBUG   ] Writing /global/home/users/sytoanngo/ONEFlux/data/US-ARc_sample_output/99_fluxnet2015/FLX_US-ARc_FLUXNET2015_ERAI_HH_1989-2014_beta-5.csv: line 376000 [oneflux.pipeline.site_data_product]
2025-06-13 08:04:56.547 [DEBUG   ] Writing /global/home/users/sytoanngo/ONEFlux/data/US-ARc_sample_output/99_fluxnet2015/FLX_US-ARc_FLUXNET2015_ERAI_HH_1989-2014_beta-5.csv: line 377000 [oneflux.pipeline.site_data_product]
2025-06-13 08:04:56.557 [DEBUG   ] Writing /global/home/users/sytoanngo/ONEFlux/data/US-ARc_sample_output/99_fluxnet2015/FLX_US-ARc_FLUXNET2015_ERAI_HH_1989-2014_beta-5.csv: line 378000 [oneflux.pipeline.site_data_product]
2025-06-13 08:04:56.568 [DEBUG   ] Writing /global/home/users/sytoanngo/ONEFlux/data/US-ARc_sample_output/99_fluxnet2015/FLX_US-ARc_FLUXNET2015_ERAI_HH_1989-2014_beta-5.csv: line 379000 [oneflux.pipeline.site_data_product]
2025-06-13 08:04:56.578 [DEBUG   ] Writing /global/home/users/sytoanngo/ONEFlux/data/US-ARc_sample_output/99_fluxnet2015/FLX_US-ARc_FLUXNET2015_ERAI_HH_1989-2014_beta-5.csv: line 380000 [oneflux.pipeline.site_data_product]
2025-06-13 08:04:56.589 [DEBUG   ] Writing /global/home/users/sytoanngo/ONEFlux/data/US-ARc_sample_output/99_fluxnet2015/FLX_US-ARc_FLUXNET2015_ERAI_HH_1989-2014_beta-5.csv: line 381000 [oneflux.pipeline.site_data_product]
2025-06-13 08:04:56.599 [DEBUG   ] Writing /global/home/users/sytoanngo/ONEFlux/data/US-ARc_sample_output/99_fluxnet2015/FLX_US-ARc_FLUXNET2015_ERAI_HH_1989-2014_beta-5.csv: line 382000 [oneflux.pipeline.site_data_product]
2025-06-13 08:04:56.610 [DEBUG   ] Writing /global/home/users/sytoanngo/ONEFlux/data/US-ARc_sample_output/99_fluxnet2015/FLX_US-ARc_FLUXNET2015_ERAI_HH_1989-2014_beta-5.csv: line 383000 [oneflux.pipeline.site_data_product]
2025-06-13 08:04:56.620 [DEBUG   ] Writing /global/home/users/sytoanngo/ONEFlux/data/US-ARc_sample_output/99_fluxnet2015/FLX_US-ARc_FLUXNET2015_ERAI_HH_1989-2014_beta-5.csv: line 384000 [oneflux.pipeline.site_data_product]
2025-06-13 08:04:56.630 [DEBUG   ] Writing /global/home/users/sytoanngo/ONEFlux/data/US-ARc_sample_output/99_fluxnet2015/FLX_US-ARc_FLUXNET2015_ERAI_HH_1989-2014_beta-5.csv: line 385000 [oneflux.pipeline.site_data_product]
2025-06-13 08:04:56.640 [DEBUG   ] Writing /global/home/users/sytoanngo/ONEFlux/data/US-ARc_sample_output/99_fluxnet2015/FLX_US-ARc_FLUXNET2015_ERAI_HH_1989-2014_beta-5.csv: line 386000 [oneflux.pipeline.site_data_product]
2025-06-13 08:04:56.651 [DEBUG   ] Writing /global/home/users/sytoanngo/ONEFlux/data/US-ARc_sample_output/99_fluxnet2015/FLX_US-ARc_FLUXNET2015_ERAI_HH_1989-2014_beta-5.csv: line 387000 [oneflux.pipeline.site_data_product]
2025-06-13 08:04:56.661 [DEBUG   ] Writing /global/home/users/sytoanngo/ONEFlux/data/US-ARc_sample_output/99_fluxnet2015/FLX_US-ARc_FLUXNET2015_ERAI_HH_1989-2014_beta-5.csv: line 388000 [oneflux.pipeline.site_data_product]
2025-06-13 08:04:56.671 [DEBUG   ] Writing /global/home/users/sytoanngo/ONEFlux/data/US-ARc_sample_output/99_fluxnet2015/FLX_US-ARc_FLUXNET2015_ERAI_HH_1989-2014_beta-5.csv: line 389000 [oneflux.pipeline.site_data_product]
2025-06-13 08:04:56.682 [DEBUG   ] Writing /global/home/users/sytoanngo/ONEFlux/data/US-ARc_sample_output/99_fluxnet2015/FLX_US-ARc_FLUXNET2015_ERAI_HH_1989-2014_beta-5.csv: line 390000 [oneflux.pipeline.site_data_product]
2025-06-13 08:04:56.692 [DEBUG   ] Writing /global/home/users/sytoanngo/ONEFlux/data/US-ARc_sample_output/99_fluxnet2015/FLX_US-ARc_FLUXNET2015_ERAI_HH_1989-2014_beta-5.csv: line 391000 [oneflux.pipeline.site_data_product]
2025-06-13 08:04:56.703 [DEBUG   ] Writing /global/home/users/sytoanngo/ONEFlux/data/US-ARc_sample_output/99_fluxnet2015/FLX_US-ARc_FLUXNET2015_ERAI_HH_1989-2014_beta-5.csv: line 392000 [oneflux.pipeline.site_data_product]
2025-06-13 08:04:56.713 [DEBUG   ] Writing /global/home/users/sytoanngo/ONEFlux/data/US-ARc_sample_output/99_fluxnet2015/FLX_US-ARc_FLUXNET2015_ERAI_HH_1989-2014_beta-5.csv: line 393000 [oneflux.pipeline.site_data_product]
2025-06-13 08:04:56.723 [DEBUG   ] Writing /global/home/users/sytoanngo/ONEFlux/data/US-ARc_sample_output/99_fluxnet2015/FLX_US-ARc_FLUXNET2015_ERAI_HH_1989-2014_beta-5.csv: line 394000 [oneflux.pipeline.site_data_product]
2025-06-13 08:04:56.734 [DEBUG   ] Writing /global/home/users/sytoanngo/ONEFlux/data/US-ARc_sample_output/99_fluxnet2015/FLX_US-ARc_FLUXNET2015_ERAI_HH_1989-2014_beta-5.csv: line 395000 [oneflux.pipeline.site_data_product]
2025-06-13 08:04:56.744 [DEBUG   ] Writing /global/home/users/sytoanngo/ONEFlux/data/US-ARc_sample_output/99_fluxnet2015/FLX_US-ARc_FLUXNET2015_ERAI_HH_1989-2014_beta-5.csv: line 396000 [oneflux.pipeline.site_data_product]
2025-06-13 08:04:56.755 [DEBUG   ] Writing /global/home/users/sytoanngo/ONEFlux/data/US-ARc_sample_output/99_fluxnet2015/FLX_US-ARc_FLUXNET2015_ERAI_HH_1989-2014_beta-5.csv: line 397000 [oneflux.pipeline.site_data_product]
2025-06-13 08:04:56.765 [DEBUG   ] Writing /global/home/users/sytoanngo/ONEFlux/data/US-ARc_sample_output/99_fluxnet2015/FLX_US-ARc_FLUXNET2015_ERAI_HH_1989-2014_beta-5.csv: line 398000 [oneflux.pipeline.site_data_product]
2025-06-13 08:04:56.775 [DEBUG   ] Writing /global/home/users/sytoanngo/ONEFlux/data/US-ARc_sample_output/99_fluxnet2015/FLX_US-ARc_FLUXNET2015_ERAI_HH_1989-2014_beta-5.csv: line 399000 [oneflux.pipeline.site_data_product]
2025-06-13 08:04:56.786 [DEBUG   ] Writing /global/home/users/sytoanngo/ONEFlux/data/US-ARc_sample_output/99_fluxnet2015/FLX_US-ARc_FLUXNET2015_ERAI_HH_1989-2014_beta-5.csv: line 400000 [oneflux.pipeline.site_data_product]
2025-06-13 08:04:56.796 [DEBUG   ] Writing /global/home/users/sytoanngo/ONEFlux/data/US-ARc_sample_output/99_fluxnet2015/FLX_US-ARc_FLUXNET2015_ERAI_HH_1989-2014_beta-5.csv: line 401000 [oneflux.pipeline.site_data_product]
2025-06-13 08:04:56.806 [DEBUG   ] Writing /global/home/users/sytoanngo/ONEFlux/data/US-ARc_sample_output/99_fluxnet2015/FLX_US-ARc_FLUXNET2015_ERAI_HH_1989-2014_beta-5.csv: line 402000 [oneflux.pipeline.site_data_product]
2025-06-13 08:04:56.816 [DEBUG   ] Writing /global/home/users/sytoanngo/ONEFlux/data/US-ARc_sample_output/99_fluxnet2015/FLX_US-ARc_FLUXNET2015_ERAI_HH_1989-2014_beta-5.csv: line 403000 [oneflux.pipeline.site_data_product]
2025-06-13 08:04:56.827 [DEBUG   ] Writing /global/home/users/sytoanngo/ONEFlux/data/US-ARc_sample_output/99_fluxnet2015/FLX_US-ARc_FLUXNET2015_ERAI_HH_1989-2014_beta-5.csv: line 404000 [oneflux.pipeline.site_data_product]
2025-06-13 08:04:56.837 [DEBUG   ] Writing /global/home/users/sytoanngo/ONEFlux/data/US-ARc_sample_output/99_fluxnet2015/FLX_US-ARc_FLUXNET2015_ERAI_HH_1989-2014_beta-5.csv: line 405000 [oneflux.pipeline.site_data_product]
2025-06-13 08:04:56.847 [DEBUG   ] Writing /global/home/users/sytoanngo/ONEFlux/data/US-ARc_sample_output/99_fluxnet2015/FLX_US-ARc_FLUXNET2015_ERAI_HH_1989-2014_beta-5.csv: line 406000 [oneflux.pipeline.site_data_product]
2025-06-13 08:04:56.858 [DEBUG   ] Writing /global/home/users/sytoanngo/ONEFlux/data/US-ARc_sample_output/99_fluxnet2015/FLX_US-ARc_FLUXNET2015_ERAI_HH_1989-2014_beta-5.csv: line 407000 [oneflux.pipeline.site_data_product]
2025-06-13 08:04:56.868 [DEBUG   ] Writing /global/home/users/sytoanngo/ONEFlux/data/US-ARc_sample_output/99_fluxnet2015/FLX_US-ARc_FLUXNET2015_ERAI_HH_1989-2014_beta-5.csv: line 408000 [oneflux.pipeline.site_data_product]
2025-06-13 08:04:56.879 [DEBUG   ] Writing /global/home/users/sytoanngo/ONEFlux/data/US-ARc_sample_output/99_fluxnet2015/FLX_US-ARc_FLUXNET2015_ERAI_HH_1989-2014_beta-5.csv: line 409000 [oneflux.pipeline.site_data_product]
2025-06-13 08:04:56.889 [DEBUG   ] Writing /global/home/users/sytoanngo/ONEFlux/data/US-ARc_sample_output/99_fluxnet2015/FLX_US-ARc_FLUXNET2015_ERAI_HH_1989-2014_beta-5.csv: line 410000 [oneflux.pipeline.site_data_product]
2025-06-13 08:04:56.899 [DEBUG   ] Writing /global/home/users/sytoanngo/ONEFlux/data/US-ARc_sample_output/99_fluxnet2015/FLX_US-ARc_FLUXNET2015_ERAI_HH_1989-2014_beta-5.csv: line 411000 [oneflux.pipeline.site_data_product]
2025-06-13 08:04:56.910 [DEBUG   ] Writing /global/home/users/sytoanngo/ONEFlux/data/US-ARc_sample_output/99_fluxnet2015/FLX_US-ARc_FLUXNET2015_ERAI_HH_1989-2014_beta-5.csv: line 412000 [oneflux.pipeline.site_data_product]
2025-06-13 08:04:56.920 [DEBUG   ] Writing /global/home/users/sytoanngo/ONEFlux/data/US-ARc_sample_output/99_fluxnet2015/FLX_US-ARc_FLUXNET2015_ERAI_HH_1989-2014_beta-5.csv: line 413000 [oneflux.pipeline.site_data_product]
2025-06-13 08:04:56.931 [DEBUG   ] Writing /global/home/users/sytoanngo/ONEFlux/data/US-ARc_sample_output/99_fluxnet2015/FLX_US-ARc_FLUXNET2015_ERAI_HH_1989-2014_beta-5.csv: line 414000 [oneflux.pipeline.site_data_product]
2025-06-13 08:04:56.941 [DEBUG   ] Writing /global/home/users/sytoanngo/ONEFlux/data/US-ARc_sample_output/99_fluxnet2015/FLX_US-ARc_FLUXNET2015_ERAI_HH_1989-2014_beta-5.csv: line 415000 [oneflux.pipeline.site_data_product]
2025-06-13 08:04:56.952 [DEBUG   ] Writing /global/home/users/sytoanngo/ONEFlux/data/US-ARc_sample_output/99_fluxnet2015/FLX_US-ARc_FLUXNET2015_ERAI_HH_1989-2014_beta-5.csv: line 416000 [oneflux.pipeline.site_data_product]
2025-06-13 08:04:56.962 [DEBUG   ] Writing /global/home/users/sytoanngo/ONEFlux/data/US-ARc_sample_output/99_fluxnet2015/FLX_US-ARc_FLUXNET2015_ERAI_HH_1989-2014_beta-5.csv: line 417000 [oneflux.pipeline.site_data_product]
2025-06-13 08:04:56.972 [DEBUG   ] Writing /global/home/users/sytoanngo/ONEFlux/data/US-ARc_sample_output/99_fluxnet2015/FLX_US-ARc_FLUXNET2015_ERAI_HH_1989-2014_beta-5.csv: line 418000 [oneflux.pipeline.site_data_product]
2025-06-13 08:04:56.983 [DEBUG   ] Writing /global/home/users/sytoanngo/ONEFlux/data/US-ARc_sample_output/99_fluxnet2015/FLX_US-ARc_FLUXNET2015_ERAI_HH_1989-2014_beta-5.csv: line 419000 [oneflux.pipeline.site_data_product]
2025-06-13 08:04:56.993 [DEBUG   ] Writing /global/home/users/sytoanngo/ONEFlux/data/US-ARc_sample_output/99_fluxnet2015/FLX_US-ARc_FLUXNET2015_ERAI_HH_1989-2014_beta-5.csv: line 420000 [oneflux.pipeline.site_data_product]
2025-06-13 08:04:57.003 [DEBUG   ] Writing /global/home/users/sytoanngo/ONEFlux/data/US-ARc_sample_output/99_fluxnet2015/FLX_US-ARc_FLUXNET2015_ERAI_HH_1989-2014_beta-5.csv: line 421000 [oneflux.pipeline.site_data_product]
2025-06-13 08:04:57.014 [DEBUG   ] Writing /global/home/users/sytoanngo/ONEFlux/data/US-ARc_sample_output/99_fluxnet2015/FLX_US-ARc_FLUXNET2015_ERAI_HH_1989-2014_beta-5.csv: line 422000 [oneflux.pipeline.site_data_product]
2025-06-13 08:04:57.025 [DEBUG   ] Writing /global/home/users/sytoanngo/ONEFlux/data/US-ARc_sample_output/99_fluxnet2015/FLX_US-ARc_FLUXNET2015_ERAI_HH_1989-2014_beta-5.csv: line 423000 [oneflux.pipeline.site_data_product]
2025-06-13 08:04:57.036 [DEBUG   ] Writing /global/home/users/sytoanngo/ONEFlux/data/US-ARc_sample_output/99_fluxnet2015/FLX_US-ARc_FLUXNET2015_ERAI_HH_1989-2014_beta-5.csv: line 424000 [oneflux.pipeline.site_data_product]
2025-06-13 08:04:57.047 [DEBUG   ] Writing /global/home/users/sytoanngo/ONEFlux/data/US-ARc_sample_output/99_fluxnet2015/FLX_US-ARc_FLUXNET2015_ERAI_HH_1989-2014_beta-5.csv: line 425000 [oneflux.pipeline.site_data_product]
2025-06-13 08:04:57.058 [DEBUG   ] Writing /global/home/users/sytoanngo/ONEFlux/data/US-ARc_sample_output/99_fluxnet2015/FLX_US-ARc_FLUXNET2015_ERAI_HH_1989-2014_beta-5.csv: line 426000 [oneflux.pipeline.site_data_product]
2025-06-13 08:04:57.069 [DEBUG   ] Writing /global/home/users/sytoanngo/ONEFlux/data/US-ARc_sample_output/99_fluxnet2015/FLX_US-ARc_FLUXNET2015_ERAI_HH_1989-2014_beta-5.csv: line 427000 [oneflux.pipeline.site_data_product]
2025-06-13 08:04:57.080 [DEBUG   ] Writing /global/home/users/sytoanngo/ONEFlux/data/US-ARc_sample_output/99_fluxnet2015/FLX_US-ARc_FLUXNET2015_ERAI_HH_1989-2014_beta-5.csv: line 428000 [oneflux.pipeline.site_data_product]
2025-06-13 08:04:57.090 [DEBUG   ] Writing /global/home/users/sytoanngo/ONEFlux/data/US-ARc_sample_output/99_fluxnet2015/FLX_US-ARc_FLUXNET2015_ERAI_HH_1989-2014_beta-5.csv: line 429000 [oneflux.pipeline.site_data_product]
2025-06-13 08:04:57.101 [DEBUG   ] Writing /global/home/users/sytoanngo/ONEFlux/data/US-ARc_sample_output/99_fluxnet2015/FLX_US-ARc_FLUXNET2015_ERAI_HH_1989-2014_beta-5.csv: line 430000 [oneflux.pipeline.site_data_product]
2025-06-13 08:04:57.111 [DEBUG   ] Writing /global/home/users/sytoanngo/ONEFlux/data/US-ARc_sample_output/99_fluxnet2015/FLX_US-ARc_FLUXNET2015_ERAI_HH_1989-2014_beta-5.csv: line 431000 [oneflux.pipeline.site_data_product]
2025-06-13 08:04:57.121 [DEBUG   ] Writing /global/home/users/sytoanngo/ONEFlux/data/US-ARc_sample_output/99_fluxnet2015/FLX_US-ARc_FLUXNET2015_ERAI_HH_1989-2014_beta-5.csv: line 432000 [oneflux.pipeline.site_data_product]
2025-06-13 08:04:57.132 [DEBUG   ] Writing /global/home/users/sytoanngo/ONEFlux/data/US-ARc_sample_output/99_fluxnet2015/FLX_US-ARc_FLUXNET2015_ERAI_HH_1989-2014_beta-5.csv: line 433000 [oneflux.pipeline.site_data_product]
2025-06-13 08:04:57.142 [DEBUG   ] Writing /global/home/users/sytoanngo/ONEFlux/data/US-ARc_sample_output/99_fluxnet2015/FLX_US-ARc_FLUXNET2015_ERAI_HH_1989-2014_beta-5.csv: line 434000 [oneflux.pipeline.site_data_product]
2025-06-13 08:04:57.153 [DEBUG   ] Writing /global/home/users/sytoanngo/ONEFlux/data/US-ARc_sample_output/99_fluxnet2015/FLX_US-ARc_FLUXNET2015_ERAI_HH_1989-2014_beta-5.csv: line 435000 [oneflux.pipeline.site_data_product]
2025-06-13 08:04:57.163 [DEBUG   ] Writing /global/home/users/sytoanngo/ONEFlux/data/US-ARc_sample_output/99_fluxnet2015/FLX_US-ARc_FLUXNET2015_ERAI_HH_1989-2014_beta-5.csv: line 436000 [oneflux.pipeline.site_data_product]
2025-06-13 08:04:57.174 [DEBUG   ] Writing /global/home/users/sytoanngo/ONEFlux/data/US-ARc_sample_output/99_fluxnet2015/FLX_US-ARc_FLUXNET2015_ERAI_HH_1989-2014_beta-5.csv: line 437000 [oneflux.pipeline.site_data_product]
2025-06-13 08:04:57.184 [DEBUG   ] Writing /global/home/users/sytoanngo/ONEFlux/data/US-ARc_sample_output/99_fluxnet2015/FLX_US-ARc_FLUXNET2015_ERAI_HH_1989-2014_beta-5.csv: line 438000 [oneflux.pipeline.site_data_product]
2025-06-13 08:04:57.194 [DEBUG   ] Writing /global/home/users/sytoanngo/ONEFlux/data/US-ARc_sample_output/99_fluxnet2015/FLX_US-ARc_FLUXNET2015_ERAI_HH_1989-2014_beta-5.csv: line 439000 [oneflux.pipeline.site_data_product]
2025-06-13 08:04:57.204 [DEBUG   ] Writing /global/home/users/sytoanngo/ONEFlux/data/US-ARc_sample_output/99_fluxnet2015/FLX_US-ARc_FLUXNET2015_ERAI_HH_1989-2014_beta-5.csv: line 440000 [oneflux.pipeline.site_data_product]
2025-06-13 08:04:57.215 [DEBUG   ] Writing /global/home/users/sytoanngo/ONEFlux/data/US-ARc_sample_output/99_fluxnet2015/FLX_US-ARc_FLUXNET2015_ERAI_HH_1989-2014_beta-5.csv: line 441000 [oneflux.pipeline.site_data_product]
2025-06-13 08:04:57.225 [DEBUG   ] Writing /global/home/users/sytoanngo/ONEFlux/data/US-ARc_sample_output/99_fluxnet2015/FLX_US-ARc_FLUXNET2015_ERAI_HH_1989-2014_beta-5.csv: line 442000 [oneflux.pipeline.site_data_product]
2025-06-13 08:04:57.235 [DEBUG   ] Writing /global/home/users/sytoanngo/ONEFlux/data/US-ARc_sample_output/99_fluxnet2015/FLX_US-ARc_FLUXNET2015_ERAI_HH_1989-2014_beta-5.csv: line 443000 [oneflux.pipeline.site_data_product]
2025-06-13 08:04:57.246 [DEBUG   ] Writing /global/home/users/sytoanngo/ONEFlux/data/US-ARc_sample_output/99_fluxnet2015/FLX_US-ARc_FLUXNET2015_ERAI_HH_1989-2014_beta-5.csv: line 444000 [oneflux.pipeline.site_data_product]
2025-06-13 08:04:57.256 [DEBUG   ] Writing /global/home/users/sytoanngo/ONEFlux/data/US-ARc_sample_output/99_fluxnet2015/FLX_US-ARc_FLUXNET2015_ERAI_HH_1989-2014_beta-5.csv: line 445000 [oneflux.pipeline.site_data_product]
2025-06-13 08:04:57.266 [DEBUG   ] Writing /global/home/users/sytoanngo/ONEFlux/data/US-ARc_sample_output/99_fluxnet2015/FLX_US-ARc_FLUXNET2015_ERAI_HH_1989-2014_beta-5.csv: line 446000 [oneflux.pipeline.site_data_product]
2025-06-13 08:04:57.277 [DEBUG   ] Writing /global/home/users/sytoanngo/ONEFlux/data/US-ARc_sample_output/99_fluxnet2015/FLX_US-ARc_FLUXNET2015_ERAI_HH_1989-2014_beta-5.csv: line 447000 [oneflux.pipeline.site_data_product]
2025-06-13 08:04:57.287 [DEBUG   ] Writing /global/home/users/sytoanngo/ONEFlux/data/US-ARc_sample_output/99_fluxnet2015/FLX_US-ARc_FLUXNET2015_ERAI_HH_1989-2014_beta-5.csv: line 448000 [oneflux.pipeline.site_data_product]
2025-06-13 08:04:57.298 [DEBUG   ] Writing /global/home/users/sytoanngo/ONEFlux/data/US-ARc_sample_output/99_fluxnet2015/FLX_US-ARc_FLUXNET2015_ERAI_HH_1989-2014_beta-5.csv: line 449000 [oneflux.pipeline.site_data_product]
2025-06-13 08:04:57.308 [DEBUG   ] Writing /global/home/users/sytoanngo/ONEFlux/data/US-ARc_sample_output/99_fluxnet2015/FLX_US-ARc_FLUXNET2015_ERAI_HH_1989-2014_beta-5.csv: line 450000 [oneflux.pipeline.site_data_product]
2025-06-13 08:04:57.319 [DEBUG   ] Writing /global/home/users/sytoanngo/ONEFlux/data/US-ARc_sample_output/99_fluxnet2015/FLX_US-ARc_FLUXNET2015_ERAI_HH_1989-2014_beta-5.csv: line 451000 [oneflux.pipeline.site_data_product]
2025-06-13 08:04:57.329 [DEBUG   ] Writing /global/home/users/sytoanngo/ONEFlux/data/US-ARc_sample_output/99_fluxnet2015/FLX_US-ARc_FLUXNET2015_ERAI_HH_1989-2014_beta-5.csv: line 452000 [oneflux.pipeline.site_data_product]
2025-06-13 08:04:57.339 [DEBUG   ] Writing /global/home/users/sytoanngo/ONEFlux/data/US-ARc_sample_output/99_fluxnet2015/FLX_US-ARc_FLUXNET2015_ERAI_HH_1989-2014_beta-5.csv: line 453000 [oneflux.pipeline.site_data_product]
2025-06-13 08:04:57.350 [DEBUG   ] Writing /global/home/users/sytoanngo/ONEFlux/data/US-ARc_sample_output/99_fluxnet2015/FLX_US-ARc_FLUXNET2015_ERAI_HH_1989-2014_beta-5.csv: line 454000 [oneflux.pipeline.site_data_product]
2025-06-13 08:04:57.361 [DEBUG   ] Writing /global/home/users/sytoanngo/ONEFlux/data/US-ARc_sample_output/99_fluxnet2015/FLX_US-ARc_FLUXNET2015_ERAI_HH_1989-2014_beta-5.csv: line 455000 [oneflux.pipeline.site_data_product]
2025-06-13 08:04:57.643 [INFO    ] Saving Tier 2 SUBSET CSV file: /global/home/users/sytoanngo/ONEFlux/data/US-ARc_sample_output/99_fluxnet2015/FLX_US-ARc_FLUXNET2015_SUBSET_HH_2005-2006_beta-5.csv [oneflux.pipeline.site_data_product]
2025-06-13 08:04:57.702 [DEBUG   ] Writing /global/home/users/sytoanngo/ONEFlux/data/US-ARc_sample_output/99_fluxnet2015/FLX_US-ARc_FLUXNET2015_SUBSET_HH_2005-2006_beta-5.csv: line 0 [oneflux.pipeline.site_data_product]
2025-06-13 08:04:57.845 [DEBUG   ] Writing /global/home/users/sytoanngo/ONEFlux/data/US-ARc_sample_output/99_fluxnet2015/FLX_US-ARc_FLUXNET2015_SUBSET_HH_2005-2006_beta-5.csv: line 1000 [oneflux.pipeline.site_data_product]
2025-06-13 08:04:57.985 [DEBUG   ] Writing /global/home/users/sytoanngo/ONEFlux/data/US-ARc_sample_output/99_fluxnet2015/FLX_US-ARc_FLUXNET2015_SUBSET_HH_2005-2006_beta-5.csv: line 2000 [oneflux.pipeline.site_data_product]
2025-06-13 08:04:58.134 [DEBUG   ] Writing /global/home/users/sytoanngo/ONEFlux/data/US-ARc_sample_output/99_fluxnet2015/FLX_US-ARc_FLUXNET2015_SUBSET_HH_2005-2006_beta-5.csv: line 3000 [oneflux.pipeline.site_data_product]
2025-06-13 08:04:58.295 [DEBUG   ] Writing /global/home/users/sytoanngo/ONEFlux/data/US-ARc_sample_output/99_fluxnet2015/FLX_US-ARc_FLUXNET2015_SUBSET_HH_2005-2006_beta-5.csv: line 4000 [oneflux.pipeline.site_data_product]
2025-06-13 08:04:58.466 [DEBUG   ] Writing /global/home/users/sytoanngo/ONEFlux/data/US-ARc_sample_output/99_fluxnet2015/FLX_US-ARc_FLUXNET2015_SUBSET_HH_2005-2006_beta-5.csv: line 5000 [oneflux.pipeline.site_data_product]
2025-06-13 08:04:58.634 [DEBUG   ] Writing /global/home/users/sytoanngo/ONEFlux/data/US-ARc_sample_output/99_fluxnet2015/FLX_US-ARc_FLUXNET2015_SUBSET_HH_2005-2006_beta-5.csv: line 6000 [oneflux.pipeline.site_data_product]
2025-06-13 08:04:58.798 [DEBUG   ] Writing /global/home/users/sytoanngo/ONEFlux/data/US-ARc_sample_output/99_fluxnet2015/FLX_US-ARc_FLUXNET2015_SUBSET_HH_2005-2006_beta-5.csv: line 7000 [oneflux.pipeline.site_data_product]
2025-06-13 08:04:58.960 [DEBUG   ] Writing /global/home/users/sytoanngo/ONEFlux/data/US-ARc_sample_output/99_fluxnet2015/FLX_US-ARc_FLUXNET2015_SUBSET_HH_2005-2006_beta-5.csv: line 8000 [oneflux.pipeline.site_data_product]
2025-06-13 08:04:59.123 [DEBUG   ] Writing /global/home/users/sytoanngo/ONEFlux/data/US-ARc_sample_output/99_fluxnet2015/FLX_US-ARc_FLUXNET2015_SUBSET_HH_2005-2006_beta-5.csv: line 9000 [oneflux.pipeline.site_data_product]
2025-06-13 08:04:59.285 [DEBUG   ] Writing /global/home/users/sytoanngo/ONEFlux/data/US-ARc_sample_output/99_fluxnet2015/FLX_US-ARc_FLUXNET2015_SUBSET_HH_2005-2006_beta-5.csv: line 10000 [oneflux.pipeline.site_data_product]
2025-06-13 08:04:59.451 [DEBUG   ] Writing /global/home/users/sytoanngo/ONEFlux/data/US-ARc_sample_output/99_fluxnet2015/FLX_US-ARc_FLUXNET2015_SUBSET_HH_2005-2006_beta-5.csv: line 11000 [oneflux.pipeline.site_data_product]
2025-06-13 08:04:59.606 [DEBUG   ] Writing /global/home/users/sytoanngo/ONEFlux/data/US-ARc_sample_output/99_fluxnet2015/FLX_US-ARc_FLUXNET2015_SUBSET_HH_2005-2006_beta-5.csv: line 12000 [oneflux.pipeline.site_data_product]
2025-06-13 08:04:59.726 [DEBUG   ] Writing /global/home/users/sytoanngo/ONEFlux/data/US-ARc_sample_output/99_fluxnet2015/FLX_US-ARc_FLUXNET2015_SUBSET_HH_2005-2006_beta-5.csv: line 13000 [oneflux.pipeline.site_data_product]
2025-06-13 08:04:59.847 [DEBUG   ] Writing /global/home/users/sytoanngo/ONEFlux/data/US-ARc_sample_output/99_fluxnet2015/FLX_US-ARc_FLUXNET2015_SUBSET_HH_2005-2006_beta-5.csv: line 14000 [oneflux.pipeline.site_data_product]
2025-06-13 08:04:59.968 [DEBUG   ] Writing /global/home/users/sytoanngo/ONEFlux/data/US-ARc_sample_output/99_fluxnet2015/FLX_US-ARc_FLUXNET2015_SUBSET_HH_2005-2006_beta-5.csv: line 15000 [oneflux.pipeline.site_data_product]
2025-06-13 08:05:00.089 [DEBUG   ] Writing /global/home/users/sytoanngo/ONEFlux/data/US-ARc_sample_output/99_fluxnet2015/FLX_US-ARc_FLUXNET2015_SUBSET_HH_2005-2006_beta-5.csv: line 16000 [oneflux.pipeline.site_data_product]
2025-06-13 08:05:00.209 [DEBUG   ] Writing /global/home/users/sytoanngo/ONEFlux/data/US-ARc_sample_output/99_fluxnet2015/FLX_US-ARc_FLUXNET2015_SUBSET_HH_2005-2006_beta-5.csv: line 17000 [oneflux.pipeline.site_data_product]
2025-06-13 08:05:00.329 [DEBUG   ] Writing /global/home/users/sytoanngo/ONEFlux/data/US-ARc_sample_output/99_fluxnet2015/FLX_US-ARc_FLUXNET2015_SUBSET_HH_2005-2006_beta-5.csv: line 18000 [oneflux.pipeline.site_data_product]
2025-06-13 08:05:00.450 [DEBUG   ] Writing /global/home/users/sytoanngo/ONEFlux/data/US-ARc_sample_output/99_fluxnet2015/FLX_US-ARc_FLUXNET2015_SUBSET_HH_2005-2006_beta-5.csv: line 19000 [oneflux.pipeline.site_data_product]
2025-06-13 08:05:00.570 [DEBUG   ] Writing /global/home/users/sytoanngo/ONEFlux/data/US-ARc_sample_output/99_fluxnet2015/FLX_US-ARc_FLUXNET2015_SUBSET_HH_2005-2006_beta-5.csv: line 20000 [oneflux.pipeline.site_data_product]
2025-06-13 08:05:00.690 [DEBUG   ] Writing /global/home/users/sytoanngo/ONEFlux/data/US-ARc_sample_output/99_fluxnet2015/FLX_US-ARc_FLUXNET2015_SUBSET_HH_2005-2006_beta-5.csv: line 21000 [oneflux.pipeline.site_data_product]
2025-06-13 08:05:00.811 [DEBUG   ] Writing /global/home/users/sytoanngo/ONEFlux/data/US-ARc_sample_output/99_fluxnet2015/FLX_US-ARc_FLUXNET2015_SUBSET_HH_2005-2006_beta-5.csv: line 22000 [oneflux.pipeline.site_data_product]
2025-06-13 08:05:00.932 [DEBUG   ] Writing /global/home/users/sytoanngo/ONEFlux/data/US-ARc_sample_output/99_fluxnet2015/FLX_US-ARc_FLUXNET2015_SUBSET_HH_2005-2006_beta-5.csv: line 23000 [oneflux.pipeline.site_data_product]
2025-06-13 08:05:01.052 [DEBUG   ] Writing /global/home/users/sytoanngo/ONEFlux/data/US-ARc_sample_output/99_fluxnet2015/FLX_US-ARc_FLUXNET2015_SUBSET_HH_2005-2006_beta-5.csv: line 24000 [oneflux.pipeline.site_data_product]
2025-06-13 08:05:01.174 [DEBUG   ] Writing /global/home/users/sytoanngo/ONEFlux/data/US-ARc_sample_output/99_fluxnet2015/FLX_US-ARc_FLUXNET2015_SUBSET_HH_2005-2006_beta-5.csv: line 25000 [oneflux.pipeline.site_data_product]
2025-06-13 08:05:01.295 [DEBUG   ] Writing /global/home/users/sytoanngo/ONEFlux/data/US-ARc_sample_output/99_fluxnet2015/FLX_US-ARc_FLUXNET2015_SUBSET_HH_2005-2006_beta-5.csv: line 26000 [oneflux.pipeline.site_data_product]
2025-06-13 08:05:01.416 [DEBUG   ] Writing /global/home/users/sytoanngo/ONEFlux/data/US-ARc_sample_output/99_fluxnet2015/FLX_US-ARc_FLUXNET2015_SUBSET_HH_2005-2006_beta-5.csv: line 27000 [oneflux.pipeline.site_data_product]
2025-06-13 08:05:01.537 [DEBUG   ] Writing /global/home/users/sytoanngo/ONEFlux/data/US-ARc_sample_output/99_fluxnet2015/FLX_US-ARc_FLUXNET2015_SUBSET_HH_2005-2006_beta-5.csv: line 28000 [oneflux.pipeline.site_data_product]
2025-06-13 08:05:01.658 [DEBUG   ] Writing /global/home/users/sytoanngo/ONEFlux/data/US-ARc_sample_output/99_fluxnet2015/FLX_US-ARc_FLUXNET2015_SUBSET_HH_2005-2006_beta-5.csv: line 29000 [oneflux.pipeline.site_data_product]
2025-06-13 08:05:01.779 [DEBUG   ] Writing /global/home/users/sytoanngo/ONEFlux/data/US-ARc_sample_output/99_fluxnet2015/FLX_US-ARc_FLUXNET2015_SUBSET_HH_2005-2006_beta-5.csv: line 30000 [oneflux.pipeline.site_data_product]
2025-06-13 08:05:01.900 [DEBUG   ] Writing /global/home/users/sytoanngo/ONEFlux/data/US-ARc_sample_output/99_fluxnet2015/FLX_US-ARc_FLUXNET2015_SUBSET_HH_2005-2006_beta-5.csv: line 31000 [oneflux.pipeline.site_data_product]
2025-06-13 08:05:02.021 [DEBUG   ] Writing /global/home/users/sytoanngo/ONEFlux/data/US-ARc_sample_output/99_fluxnet2015/FLX_US-ARc_FLUXNET2015_SUBSET_HH_2005-2006_beta-5.csv: line 32000 [oneflux.pipeline.site_data_product]
2025-06-13 08:05:02.135 [DEBUG   ] Writing /global/home/users/sytoanngo/ONEFlux/data/US-ARc_sample_output/99_fluxnet2015/FLX_US-ARc_FLUXNET2015_SUBSET_HH_2005-2006_beta-5.csv: line 33000 [oneflux.pipeline.site_data_product]
2025-06-13 08:05:02.238 [DEBUG   ] Writing /global/home/users/sytoanngo/ONEFlux/data/US-ARc_sample_output/99_fluxnet2015/FLX_US-ARc_FLUXNET2015_SUBSET_HH_2005-2006_beta-5.csv: line 34000 [oneflux.pipeline.site_data_product]
2025-06-13 08:05:02.342 [DEBUG   ] Writing /global/home/users/sytoanngo/ONEFlux/data/US-ARc_sample_output/99_fluxnet2015/FLX_US-ARc_FLUXNET2015_SUBSET_HH_2005-2006_beta-5.csv: line 35000 [oneflux.pipeline.site_data_product]
2025-06-13 08:05:02.476 [INFO    ] Tier 1 SUBSET CSV same as Tier 2 (all), reusing file: /global/home/users/sytoanngo/ONEFlux/data/US-ARc_sample_output/99_fluxnet2015/FLX_US-ARc_FLUXNET2015_SUBSET_HH_2005-2006_beta-5.csv [oneflux.pipeline.site_data_product]
2025-06-13 08:05:02.476 [DEBUG   ] Processing 'dd' resolution [oneflux.pipeline.site_data_product]
2025-06-13 08:05:02.477 [DEBUG   ] Loading meteo/dd file: /global/home/users/sytoanngo/ONEFlux/data/US-ARc_sample_output/07_meteo_proc/US-ARc_meteo_dd.csv [oneflux.pipeline.site_data_product]
2025-06-13 08:05:03.003 [INFO    ] Checking range of values for SWC (US-ARc) [oneflux.pipeline.site_data_product]
2025-06-13 08:05:03.003 [DEBUG   ] Found 1 SWC variables (['SWC_1_f']) for US-ARc, checking ranges [oneflux.pipeline.site_data_product]
2025-06-13 08:05:03.052 [DEBUG   ] SWC variable 'SWC_1_f' stats (US-ARc, 2005): negative_count=0  min=11.63  max=34.318 [oneflux.pipeline.site_data_product]
2025-06-13 08:05:03.055 [DEBUG   ] SWC variable 'SWC_1_f' stats (US-ARc, 2006): negative_count=0  min=11.023  max=31.567 [oneflux.pipeline.site_data_product]
2025-06-13 08:05:03.079 [DEBUG   ] Done with checking SWC vars for US-ARc [oneflux.pipeline.site_data_product]
2025-06-13 08:05:03.080 [DEBUG   ] Loading nee/dd file: /global/home/users/sytoanngo/ONEFlux/data/US-ARc_sample_output/08_nee_proc/US-ARc_NEE_dd.csv [oneflux.pipeline.site_data_product]
2025-06-13 08:05:03.141 [DEBUG   ] Loading energy/dd file: /global/home/users/sytoanngo/ONEFlux/data/US-ARc_sample_output/09_energy_proc/US-ARc_energy_dd.csv [oneflux.pipeline.site_data_product]
2025-06-13 08:05:03.156 [INFO    ] Skipping SR_RECO, file not found: /global/home/users/sytoanngo/ONEFlux/data/US-ARc_sample_output/12_ure/US-ARc_SR_RECO_dd.csv [oneflux.pipeline.site_data_product]
2025-06-13 08:05:03.156 [DEBUG   ] Loading partitioning/dd file: /global/home/users/sytoanngo/ONEFlux/data/US-ARc_sample_output/12_ure/US-ARc_DT_RECO_dd.csv [oneflux.pipeline.site_data_product]
2025-06-13 08:05:03.165 [DEBUG   ] Loading partitioning/dd file: /global/home/users/sytoanngo/ONEFlux/data/US-ARc_sample_output/12_ure/US-ARc_DT_GPP_dd.csv [oneflux.pipeline.site_data_product]
2025-06-13 08:05:03.174 [DEBUG   ] Loading partitioning/dd file: /global/home/users/sytoanngo/ONEFlux/data/US-ARc_sample_output/12_ure/US-ARc_NT_RECO_dd.csv [oneflux.pipeline.site_data_product]
2025-06-13 08:05:03.183 [DEBUG   ] Loading partitioning/dd file: /global/home/users/sytoanngo/ONEFlux/data/US-ARc_sample_output/12_ure/US-ARc_NT_GPP_dd.csv [oneflux.pipeline.site_data_product]
2025-06-13 08:05:03.192 [DEBUG   ] US-ARc: SR RECO file headers: ('TIMESTAMP', 'DOY', 'RECO', 'RECO_n') [oneflux.pipeline.site_data_product]
2025-06-13 08:05:03.193 [DEBUG   ] Merged UNC headers: ('TIMESTAMP', 'DT_RECO_ref_y', 'DT_RECO_ust50_y', 'DT_RECO_mean_y', 'DT_RECO_SE_y', 'DT_RECO_05_y', 'DT_RECO_16_y', 'DT_RECO_25_y', 'DT_RECO_50_y', 'DT_RECO_75_y', 'DT_RECO_84_y', 'DT_RECO_95_y', 'DT_GPP_ref_y', 'DT_GPP_ust50_y', 'DT_GPP_mean_y', 'DT_GPP_SE_y', 'DT_GPP_05_y', 'DT_GPP_16_y', 'DT_GPP_25_y', 'DT_GPP_50_y', 'DT_GPP_75_y', 'DT_GPP_84_y', 'DT_GPP_95_y', 'NT_RECO_ref_y', 'NT_RECO_ust50_y', 'NT_RECO_mean_y', 'NT_RECO_SE_y', 'NT_RECO_05_y', 'NT_RECO_16_y', 'NT_RECO_25_y', 'NT_RECO_50_y', 'NT_RECO_75_y', 'NT_RECO_84_y', 'NT_RECO_95_y', 'NT_GPP_ref_y', 'NT_GPP_ust50_y', 'NT_GPP_mean_y', 'NT_GPP_SE_y', 'NT_GPP_05_y', 'NT_GPP_16_y', 'NT_GPP_25_y', 'NT_GPP_50_y', 'NT_GPP_75_y', 'NT_GPP_84_y', 'NT_GPP_95_y', 'SR_RECO', 'SR_RECO_n') [oneflux.pipeline.site_data_product]
2025-06-13 08:05:03.199 [INFO    ] METEO number of records differs from ENERGY, assuming complete meteo and removing extra records [oneflux.pipeline.site_data_product]
2025-06-13 08:05:03.222 [DEBUG   ] Time slice results for 2005-2006: a[5844]=20050101  a[6573]=20061231 [oneflux.pipeline.site_data_product]
2025-06-13 08:05:03.222 [DEBUG   ] US-ARc: updating names for meteo data [oneflux.pipeline.site_data_product]
2025-06-13 08:05:03.222 [DEBUG   ] US-ARc: updating names for full meteo data [oneflux.pipeline.site_data_product]
2025-06-13 08:05:03.223 [DEBUG   ] US-ARc: updating names for energy data [oneflux.pipeline.site_data_product]
2025-06-13 08:05:03.223 [WARNING ] Unknown variable removed: 'DOY' [oneflux.pipeline.site_data_product]
2025-06-13 08:05:03.223 [DEBUG   ] US-ARc: updating names for nee data [oneflux.pipeline.site_data_product]
2025-06-13 08:05:03.223 [WARNING ] Unknown variable removed: 'DOY' [oneflux.pipeline.site_data_product]
2025-06-13 08:05:03.224 [DEBUG   ] US-ARc: updating names for unc data [oneflux.pipeline.site_data_product]
2025-06-13 08:05:03.224 [DEBUG   ] Skip duplicate header: NIGHT_D [oneflux.pipeline.site_data_product]
2025-06-13 08:05:03.224 [DEBUG   ] Skip duplicate header: DAY_D [oneflux.pipeline.site_data_product]
2025-06-13 08:05:03.235 [INFO    ] Saving Tier 2 FULLSET CSV file: /global/home/users/sytoanngo/ONEFlux/data/US-ARc_sample_output/99_fluxnet2015/FLX_US-ARc_FLUXNET2015_FULLSET_DD_2005-2006_beta-5.csv [oneflux.pipeline.site_data_product]
2025-06-13 08:05:03.240 [DEBUG   ] Writing /global/home/users/sytoanngo/ONEFlux/data/US-ARc_sample_output/99_fluxnet2015/FLX_US-ARc_FLUXNET2015_FULLSET_DD_2005-2006_beta-5.csv: line 0 [oneflux.pipeline.site_data_product]
2025-06-13 08:05:03.444 [INFO    ] Tier 1 FULLSET CSV same as Tier 2 (all), reusing file: /global/home/users/sytoanngo/ONEFlux/data/US-ARc_sample_output/99_fluxnet2015/FLX_US-ARc_FLUXNET2015_FULLSET_DD_2005-2006_beta-5.csv [oneflux.pipeline.site_data_product]
2025-06-13 08:05:03.444 [INFO    ] Saving ERA-Interim CSV file: /global/home/users/sytoanngo/ONEFlux/data/US-ARc_sample_output/99_fluxnet2015/FLX_US-ARc_FLUXNET2015_ERAI_DD_1989-2014_beta-5.csv [oneflux.pipeline.site_data_product]
2025-06-13 08:05:03.447 [DEBUG   ] Writing /global/home/users/sytoanngo/ONEFlux/data/US-ARc_sample_output/99_fluxnet2015/FLX_US-ARc_FLUXNET2015_ERAI_DD_1989-2014_beta-5.csv: line 0 [oneflux.pipeline.site_data_product]
2025-06-13 08:05:03.461 [DEBUG   ] Writing /global/home/users/sytoanngo/ONEFlux/data/US-ARc_sample_output/99_fluxnet2015/FLX_US-ARc_FLUXNET2015_ERAI_DD_1989-2014_beta-5.csv: line 1000 [oneflux.pipeline.site_data_product]
2025-06-13 08:05:03.475 [DEBUG   ] Writing /global/home/users/sytoanngo/ONEFlux/data/US-ARc_sample_output/99_fluxnet2015/FLX_US-ARc_FLUXNET2015_ERAI_DD_1989-2014_beta-5.csv: line 2000 [oneflux.pipeline.site_data_product]
2025-06-13 08:05:03.489 [DEBUG   ] Writing /global/home/users/sytoanngo/ONEFlux/data/US-ARc_sample_output/99_fluxnet2015/FLX_US-ARc_FLUXNET2015_ERAI_DD_1989-2014_beta-5.csv: line 3000 [oneflux.pipeline.site_data_product]
2025-06-13 08:05:03.502 [DEBUG   ] Writing /global/home/users/sytoanngo/ONEFlux/data/US-ARc_sample_output/99_fluxnet2015/FLX_US-ARc_FLUXNET2015_ERAI_DD_1989-2014_beta-5.csv: line 4000 [oneflux.pipeline.site_data_product]
2025-06-13 08:05:03.516 [DEBUG   ] Writing /global/home/users/sytoanngo/ONEFlux/data/US-ARc_sample_output/99_fluxnet2015/FLX_US-ARc_FLUXNET2015_ERAI_DD_1989-2014_beta-5.csv: line 5000 [oneflux.pipeline.site_data_product]
2025-06-13 08:05:03.530 [DEBUG   ] Writing /global/home/users/sytoanngo/ONEFlux/data/US-ARc_sample_output/99_fluxnet2015/FLX_US-ARc_FLUXNET2015_ERAI_DD_1989-2014_beta-5.csv: line 6000 [oneflux.pipeline.site_data_product]
2025-06-13 08:05:03.544 [DEBUG   ] Writing /global/home/users/sytoanngo/ONEFlux/data/US-ARc_sample_output/99_fluxnet2015/FLX_US-ARc_FLUXNET2015_ERAI_DD_1989-2014_beta-5.csv: line 7000 [oneflux.pipeline.site_data_product]
2025-06-13 08:05:03.557 [DEBUG   ] Writing /global/home/users/sytoanngo/ONEFlux/data/US-ARc_sample_output/99_fluxnet2015/FLX_US-ARc_FLUXNET2015_ERAI_DD_1989-2014_beta-5.csv: line 8000 [oneflux.pipeline.site_data_product]
2025-06-13 08:05:03.572 [DEBUG   ] Writing /global/home/users/sytoanngo/ONEFlux/data/US-ARc_sample_output/99_fluxnet2015/FLX_US-ARc_FLUXNET2015_ERAI_DD_1989-2014_beta-5.csv: line 9000 [oneflux.pipeline.site_data_product]
2025-06-13 08:05:03.588 [INFO    ] Saving Tier 2 SUBSET CSV file: /global/home/users/sytoanngo/ONEFlux/data/US-ARc_sample_output/99_fluxnet2015/FLX_US-ARc_FLUXNET2015_SUBSET_DD_2005-2006_beta-5.csv [oneflux.pipeline.site_data_product]
2025-06-13 08:05:03.591 [DEBUG   ] Writing /global/home/users/sytoanngo/ONEFlux/data/US-ARc_sample_output/99_fluxnet2015/FLX_US-ARc_FLUXNET2015_SUBSET_DD_2005-2006_beta-5.csv: line 0 [oneflux.pipeline.site_data_product]
2025-06-13 08:05:03.647 [INFO    ] Tier 1 SUBSET CSV same as Tier 2 (all), reusing file: /global/home/users/sytoanngo/ONEFlux/data/US-ARc_sample_output/99_fluxnet2015/FLX_US-ARc_FLUXNET2015_SUBSET_DD_2005-2006_beta-5.csv [oneflux.pipeline.site_data_product]
2025-06-13 08:05:03.647 [DEBUG   ] Processing 'ww' resolution [oneflux.pipeline.site_data_product]
2025-06-13 08:05:03.648 [DEBUG   ] Loading meteo/ww file: /global/home/users/sytoanngo/ONEFlux/data/US-ARc_sample_output/07_meteo_proc/US-ARc_meteo_ww.csv [oneflux.pipeline.site_data_product]
2025-06-13 08:05:03.719 [INFO    ] Checking range of values for SWC (US-ARc) [oneflux.pipeline.site_data_product]
2025-06-13 08:05:03.720 [DEBUG   ] Found 1 SWC variables (['SWC_1_f']) for US-ARc, checking ranges [oneflux.pipeline.site_data_product]
2025-06-13 08:05:03.727 [DEBUG   ] SWC variable 'SWC_1_f' stats (US-ARc, 2005): negative_count=0  min=12.09  max=31.573 [oneflux.pipeline.site_data_product]
2025-06-13 08:05:03.727 [DEBUG   ] SWC variable 'SWC_1_f' stats (US-ARc, 2006): negative_count=0  min=11.225  max=29.882 [oneflux.pipeline.site_data_product]
2025-06-13 08:05:03.731 [DEBUG   ] Done with checking SWC vars for US-ARc [oneflux.pipeline.site_data_product]
2025-06-13 08:05:03.732 [DEBUG   ] Loading nee/ww file: /global/home/users/sytoanngo/ONEFlux/data/US-ARc_sample_output/08_nee_proc/US-ARc_NEE_ww.csv [oneflux.pipeline.site_data_product]
2025-06-13 08:05:03.741 [DEBUG   ] Loading energy/ww file: /global/home/users/sytoanngo/ONEFlux/data/US-ARc_sample_output/09_energy_proc/US-ARc_energy_ww.csv [oneflux.pipeline.site_data_product]
2025-06-13 08:05:03.745 [INFO    ] Skipping SR_RECO, file not found: /global/home/users/sytoanngo/ONEFlux/data/US-ARc_sample_output/12_ure/US-ARc_SR_RECO_ww.csv [oneflux.pipeline.site_data_product]
2025-06-13 08:05:03.745 [DEBUG   ] Loading partitioning/ww file: /global/home/users/sytoanngo/ONEFlux/data/US-ARc_sample_output/12_ure/US-ARc_DT_RECO_ww.csv [oneflux.pipeline.site_data_product]
2025-06-13 08:05:03.747 [DEBUG   ] Loading partitioning/ww file: /global/home/users/sytoanngo/ONEFlux/data/US-ARc_sample_output/12_ure/US-ARc_DT_GPP_ww.csv [oneflux.pipeline.site_data_product]
2025-06-13 08:05:03.750 [DEBUG   ] Loading partitioning/ww file: /global/home/users/sytoanngo/ONEFlux/data/US-ARc_sample_output/12_ure/US-ARc_NT_RECO_ww.csv [oneflux.pipeline.site_data_product]
2025-06-13 08:05:03.753 [DEBUG   ] Loading partitioning/ww file: /global/home/users/sytoanngo/ONEFlux/data/US-ARc_sample_output/12_ure/US-ARc_NT_GPP_ww.csv [oneflux.pipeline.site_data_product]
2025-06-13 08:05:03.755 [DEBUG   ] US-ARc: SR RECO file headers: ('TIMESTAMP_START', 'TIMESTAMP_END', 'RECO', 'RECO_n') [oneflux.pipeline.site_data_product]
2025-06-13 08:05:03.756 [DEBUG   ] Merged UNC headers: ('TIMESTAMP_START', 'TIMESTAMP_END', 'DT_RECO_ref_y', 'DT_RECO_ust50_y', 'DT_RECO_mean_y', 'DT_RECO_SE_y', 'DT_RECO_05_y', 'DT_RECO_16_y', 'DT_RECO_25_y', 'DT_RECO_50_y', 'DT_RECO_75_y', 'DT_RECO_84_y', 'DT_RECO_95_y', 'DT_GPP_ref_y', 'DT_GPP_ust50_y', 'DT_GPP_mean_y', 'DT_GPP_SE_y', 'DT_GPP_05_y', 'DT_GPP_16_y', 'DT_GPP_25_y', 'DT_GPP_50_y', 'DT_GPP_75_y', 'DT_GPP_84_y', 'DT_GPP_95_y', 'NT_RECO_ref_y', 'NT_RECO_ust50_y', 'NT_RECO_mean_y', 'NT_RECO_SE_y', 'NT_RECO_05_y', 'NT_RECO_16_y', 'NT_RECO_25_y', 'NT_RECO_50_y', 'NT_RECO_75_y', 'NT_RECO_84_y', 'NT_RECO_95_y', 'NT_GPP_ref_y', 'NT_GPP_ust50_y', 'NT_GPP_mean_y', 'NT_GPP_SE_y', 'NT_GPP_05_y', 'NT_GPP_16_y', 'NT_GPP_25_y', 'NT_GPP_50_y', 'NT_GPP_75_y', 'NT_GPP_84_y', 'NT_GPP_95_y', 'SR_RECO', 'SR_RECO_n') [oneflux.pipeline.site_data_product]
2025-06-13 08:05:03.757 [INFO    ] METEO number of records differs from ENERGY, assuming complete meteo and removing extra records [oneflux.pipeline.site_data_product]
2025-06-13 08:05:03.759 [DEBUG   ] Time slice results for 2005-2006: a[832]=20050101  a[935]=20061224 [oneflux.pipeline.site_data_product]
2025-06-13 08:05:03.759 [DEBUG   ] US-ARc: updating names for meteo data [oneflux.pipeline.site_data_product]
2025-06-13 08:05:03.760 [WARNING ] Unknown variable removed: 'WEEK' [oneflux.pipeline.site_data_product]
2025-06-13 08:05:03.760 [DEBUG   ] US-ARc: updating names for full meteo data [oneflux.pipeline.site_data_product]
2025-06-13 08:05:03.760 [WARNING ] Unknown variable removed: 'WEEK' [oneflux.pipeline.site_data_product]
2025-06-13 08:05:03.760 [DEBUG   ] US-ARc: updating names for energy data [oneflux.pipeline.site_data_product]
2025-06-13 08:05:03.760 [WARNING ] Unknown variable removed: 'WEEK' [oneflux.pipeline.site_data_product]
2025-06-13 08:05:03.761 [DEBUG   ] US-ARc: updating names for nee data [oneflux.pipeline.site_data_product]
2025-06-13 08:05:03.761 [WARNING ] Unknown variable removed: 'WEEK' [oneflux.pipeline.site_data_product]
2025-06-13 08:05:03.761 [DEBUG   ] US-ARc: updating names for unc data [oneflux.pipeline.site_data_product]
2025-06-13 08:05:03.761 [DEBUG   ] Skip duplicate header: NIGHT_D [oneflux.pipeline.site_data_product]
2025-06-13 08:05:03.761 [DEBUG   ] Skip duplicate header: DAY_D [oneflux.pipeline.site_data_product]
2025-06-13 08:05:03.764 [INFO    ] Saving Tier 2 FULLSET CSV file: /global/home/users/sytoanngo/ONEFlux/data/US-ARc_sample_output/99_fluxnet2015/FLX_US-ARc_FLUXNET2015_FULLSET_WW_2005-2006_beta-5.csv [oneflux.pipeline.site_data_product]
2025-06-13 08:05:03.767 [DEBUG   ] Writing /global/home/users/sytoanngo/ONEFlux/data/US-ARc_sample_output/99_fluxnet2015/FLX_US-ARc_FLUXNET2015_FULLSET_WW_2005-2006_beta-5.csv: line 0 [oneflux.pipeline.site_data_product]
2025-06-13 08:05:03.792 [INFO    ] Tier 1 FULLSET CSV same as Tier 2 (all), reusing file: /global/home/users/sytoanngo/ONEFlux/data/US-ARc_sample_output/99_fluxnet2015/FLX_US-ARc_FLUXNET2015_FULLSET_WW_2005-2006_beta-5.csv [oneflux.pipeline.site_data_product]
2025-06-13 08:05:03.793 [INFO    ] Saving ERA-Interim CSV file: /global/home/users/sytoanngo/ONEFlux/data/US-ARc_sample_output/99_fluxnet2015/FLX_US-ARc_FLUXNET2015_ERAI_WW_1989-2014_beta-5.csv [oneflux.pipeline.site_data_product]
2025-06-13 08:05:03.795 [DEBUG   ] Writing /global/home/users/sytoanngo/ONEFlux/data/US-ARc_sample_output/99_fluxnet2015/FLX_US-ARc_FLUXNET2015_ERAI_WW_1989-2014_beta-5.csv: line 0 [oneflux.pipeline.site_data_product]
2025-06-13 08:05:03.810 [DEBUG   ] Writing /global/home/users/sytoanngo/ONEFlux/data/US-ARc_sample_output/99_fluxnet2015/FLX_US-ARc_FLUXNET2015_ERAI_WW_1989-2014_beta-5.csv: line 1000 [oneflux.pipeline.site_data_product]
2025-06-13 08:05:03.818 [INFO    ] Saving Tier 2 SUBSET CSV file: /global/home/users/sytoanngo/ONEFlux/data/US-ARc_sample_output/99_fluxnet2015/FLX_US-ARc_FLUXNET2015_SUBSET_WW_2005-2006_beta-5.csv [oneflux.pipeline.site_data_product]
2025-06-13 08:05:03.821 [DEBUG   ] Writing /global/home/users/sytoanngo/ONEFlux/data/US-ARc_sample_output/99_fluxnet2015/FLX_US-ARc_FLUXNET2015_SUBSET_WW_2005-2006_beta-5.csv: line 0 [oneflux.pipeline.site_data_product]
2025-06-13 08:05:03.830 [INFO    ] Tier 1 SUBSET CSV same as Tier 2 (all), reusing file: /global/home/users/sytoanngo/ONEFlux/data/US-ARc_sample_output/99_fluxnet2015/FLX_US-ARc_FLUXNET2015_SUBSET_WW_2005-2006_beta-5.csv [oneflux.pipeline.site_data_product]
2025-06-13 08:05:03.830 [DEBUG   ] Processing 'mm' resolution [oneflux.pipeline.site_data_product]
2025-06-13 08:05:03.830 [DEBUG   ] Loading meteo/mm file: /global/home/users/sytoanngo/ONEFlux/data/US-ARc_sample_output/07_meteo_proc/US-ARc_meteo_mm.csv [oneflux.pipeline.site_data_product]
2025-06-13 08:05:03.846 [INFO    ] Checking range of values for SWC (US-ARc) [oneflux.pipeline.site_data_product]
2025-06-13 08:05:03.846 [DEBUG   ] Found 1 SWC variables (['SWC_1_f']) for US-ARc, checking ranges [oneflux.pipeline.site_data_product]
2025-06-13 08:05:03.848 [DEBUG   ] SWC variable 'SWC_1_f' stats (US-ARc, 2005): negative_count=0  min=14.501  max=28.344 [oneflux.pipeline.site_data_product]
2025-06-13 08:05:03.848 [DEBUG   ] SWC variable 'SWC_1_f' stats (US-ARc, 2006): negative_count=0  min=15.076  max=24.945 [oneflux.pipeline.site_data_product]
2025-06-13 08:05:03.849 [DEBUG   ] Done with checking SWC vars for US-ARc [oneflux.pipeline.site_data_product]
2025-06-13 08:05:03.850 [DEBUG   ] Loading nee/mm file: /global/home/users/sytoanngo/ONEFlux/data/US-ARc_sample_output/08_nee_proc/US-ARc_NEE_mm.csv [oneflux.pipeline.site_data_product]
2025-06-13 08:05:03.855 [DEBUG   ] Loading energy/mm file: /global/home/users/sytoanngo/ONEFlux/data/US-ARc_sample_output/09_energy_proc/US-ARc_energy_mm.csv [oneflux.pipeline.site_data_product]
2025-06-13 08:05:03.858 [INFO    ] Skipping SR_RECO, file not found: /global/home/users/sytoanngo/ONEFlux/data/US-ARc_sample_output/12_ure/US-ARc_SR_RECO_mm.csv [oneflux.pipeline.site_data_product]
2025-06-13 08:05:03.858 [DEBUG   ] Loading partitioning/mm file: /global/home/users/sytoanngo/ONEFlux/data/US-ARc_sample_output/12_ure/US-ARc_DT_RECO_mm.csv [oneflux.pipeline.site_data_product]
2025-06-13 08:05:03.860 [DEBUG   ] Loading partitioning/mm file: /global/home/users/sytoanngo/ONEFlux/data/US-ARc_sample_output/12_ure/US-ARc_DT_GPP_mm.csv [oneflux.pipeline.site_data_product]
2025-06-13 08:05:03.862 [DEBUG   ] Loading partitioning/mm file: /global/home/users/sytoanngo/ONEFlux/data/US-ARc_sample_output/12_ure/US-ARc_NT_RECO_mm.csv [oneflux.pipeline.site_data_product]
2025-06-13 08:05:03.863 [DEBUG   ] Loading partitioning/mm file: /global/home/users/sytoanngo/ONEFlux/data/US-ARc_sample_output/12_ure/US-ARc_NT_GPP_mm.csv [oneflux.pipeline.site_data_product]
2025-06-13 08:05:03.865 [DEBUG   ] US-ARc: SR RECO file headers: ('TIMESTAMP', 'RECO', 'RECO_n') [oneflux.pipeline.site_data_product]
2025-06-13 08:05:03.865 [DEBUG   ] Merged UNC headers: ('TIMESTAMP', 'DT_RECO_ref_y', 'DT_RECO_ust50_y', 'DT_RECO_mean_y', 'DT_RECO_SE_y', 'DT_RECO_05_y', 'DT_RECO_16_y', 'DT_RECO_25_y', 'DT_RECO_50_y', 'DT_RECO_75_y', 'DT_RECO_84_y', 'DT_RECO_95_y', 'DT_GPP_ref_y', 'DT_GPP_ust50_y', 'DT_GPP_mean_y', 'DT_GPP_SE_y', 'DT_GPP_05_y', 'DT_GPP_16_y', 'DT_GPP_25_y', 'DT_GPP_50_y', 'DT_GPP_75_y', 'DT_GPP_84_y', 'DT_GPP_95_y', 'NT_RECO_ref_y', 'NT_RECO_ust50_y', 'NT_RECO_mean_y', 'NT_RECO_SE_y', 'NT_RECO_05_y', 'NT_RECO_16_y', 'NT_RECO_25_y', 'NT_RECO_50_y', 'NT_RECO_75_y', 'NT_RECO_84_y', 'NT_RECO_95_y', 'NT_GPP_ref_y', 'NT_GPP_ust50_y', 'NT_GPP_mean_y', 'NT_GPP_SE_y', 'NT_GPP_05_y', 'NT_GPP_16_y', 'NT_GPP_25_y', 'NT_GPP_50_y', 'NT_GPP_75_y', 'NT_GPP_84_y', 'NT_GPP_95_y', 'SR_RECO', 'SR_RECO_n') [oneflux.pipeline.site_data_product]
2025-06-13 08:05:03.866 [INFO    ] METEO number of records differs from ENERGY, assuming complete meteo and removing extra records [oneflux.pipeline.site_data_product]
2025-06-13 08:05:03.866 [DEBUG   ] Time slice results for 2005-2006: a[192]=200501  a[215]=200612 [oneflux.pipeline.site_data_product]
2025-06-13 08:05:03.867 [DEBUG   ] US-ARc: updating names for meteo data [oneflux.pipeline.site_data_product]
2025-06-13 08:05:03.867 [DEBUG   ] US-ARc: updating names for full meteo data [oneflux.pipeline.site_data_product]
2025-06-13 08:05:03.867 [DEBUG   ] US-ARc: updating names for energy data [oneflux.pipeline.site_data_product]
2025-06-13 08:05:03.867 [DEBUG   ] US-ARc: updating names for nee data [oneflux.pipeline.site_data_product]
2025-06-13 08:05:03.867 [DEBUG   ] US-ARc: updating names for unc data [oneflux.pipeline.site_data_product]
2025-06-13 08:05:03.867 [DEBUG   ] Skip duplicate header: NIGHT_D [oneflux.pipeline.site_data_product]
2025-06-13 08:05:03.867 [DEBUG   ] Skip duplicate header: DAY_D [oneflux.pipeline.site_data_product]
2025-06-13 08:05:03.869 [INFO    ] Saving Tier 2 FULLSET CSV file: /global/home/users/sytoanngo/ONEFlux/data/US-ARc_sample_output/99_fluxnet2015/FLX_US-ARc_FLUXNET2015_FULLSET_MM_2005-2006_beta-5.csv [oneflux.pipeline.site_data_product]
2025-06-13 08:05:03.872 [DEBUG   ] Writing /global/home/users/sytoanngo/ONEFlux/data/US-ARc_sample_output/99_fluxnet2015/FLX_US-ARc_FLUXNET2015_FULLSET_MM_2005-2006_beta-5.csv: line 0 [oneflux.pipeline.site_data_product]
2025-06-13 08:05:03.879 [INFO    ] Tier 1 FULLSET CSV same as Tier 2 (all), reusing file: /global/home/users/sytoanngo/ONEFlux/data/US-ARc_sample_output/99_fluxnet2015/FLX_US-ARc_FLUXNET2015_FULLSET_MM_2005-2006_beta-5.csv [oneflux.pipeline.site_data_product]
2025-06-13 08:05:03.880 [INFO    ] Saving ERA-Interim CSV file: /global/home/users/sytoanngo/ONEFlux/data/US-ARc_sample_output/99_fluxnet2015/FLX_US-ARc_FLUXNET2015_ERAI_MM_1989-2014_beta-5.csv [oneflux.pipeline.site_data_product]
2025-06-13 08:05:03.882 [DEBUG   ] Writing /global/home/users/sytoanngo/ONEFlux/data/US-ARc_sample_output/99_fluxnet2015/FLX_US-ARc_FLUXNET2015_ERAI_MM_1989-2014_beta-5.csv: line 0 [oneflux.pipeline.site_data_product]
2025-06-13 08:05:03.888 [INFO    ] Saving Tier 2 SUBSET CSV file: /global/home/users/sytoanngo/ONEFlux/data/US-ARc_sample_output/99_fluxnet2015/FLX_US-ARc_FLUXNET2015_SUBSET_MM_2005-2006_beta-5.csv [oneflux.pipeline.site_data_product]
2025-06-13 08:05:03.891 [DEBUG   ] Writing /global/home/users/sytoanngo/ONEFlux/data/US-ARc_sample_output/99_fluxnet2015/FLX_US-ARc_FLUXNET2015_SUBSET_MM_2005-2006_beta-5.csv: line 0 [oneflux.pipeline.site_data_product]
2025-06-13 08:05:03.894 [INFO    ] Tier 1 SUBSET CSV same as Tier 2 (all), reusing file: /global/home/users/sytoanngo/ONEFlux/data/US-ARc_sample_output/99_fluxnet2015/FLX_US-ARc_FLUXNET2015_SUBSET_MM_2005-2006_beta-5.csv [oneflux.pipeline.site_data_product]
2025-06-13 08:05:03.894 [DEBUG   ] Processing 'yy' resolution [oneflux.pipeline.site_data_product]
2025-06-13 08:05:03.894 [DEBUG   ] Loading meteo/yy file: /global/home/users/sytoanngo/ONEFlux/data/US-ARc_sample_output/07_meteo_proc/US-ARc_meteo_yy.csv [oneflux.pipeline.site_data_product]
2025-06-13 08:05:03.898 [INFO    ] Checking range of values for SWC (US-ARc) [oneflux.pipeline.site_data_product]
2025-06-13 08:05:03.898 [DEBUG   ] Found 1 SWC variables (['SWC_1_f']) for US-ARc, checking ranges [oneflux.pipeline.site_data_product]
2025-06-13 08:05:03.898 [DEBUG   ] Done with checking SWC vars for US-ARc [oneflux.pipeline.site_data_product]
2025-06-13 08:05:03.899 [DEBUG   ] Loading nee/yy file: /global/home/users/sytoanngo/ONEFlux/data/US-ARc_sample_output/08_nee_proc/US-ARc_NEE_yy.csv [oneflux.pipeline.site_data_product]
2025-06-13 08:05:03.902 [DEBUG   ] Loading energy/yy file: /global/home/users/sytoanngo/ONEFlux/data/US-ARc_sample_output/09_energy_proc/US-ARc_energy_yy.csv [oneflux.pipeline.site_data_product]
2025-06-13 08:05:03.905 [INFO    ] Skipping SR_RECO, file not found: /global/home/users/sytoanngo/ONEFlux/data/US-ARc_sample_output/12_ure/US-ARc_SR_RECO_yy.csv [oneflux.pipeline.site_data_product]
2025-06-13 08:05:03.905 [DEBUG   ] Loading partitioning/yy file: /global/home/users/sytoanngo/ONEFlux/data/US-ARc_sample_output/12_ure/US-ARc_DT_RECO_yy.csv [oneflux.pipeline.site_data_product]
2025-06-13 08:05:03.907 [DEBUG   ] Loading partitioning/yy file: /global/home/users/sytoanngo/ONEFlux/data/US-ARc_sample_output/12_ure/US-ARc_DT_GPP_yy.csv [oneflux.pipeline.site_data_product]
2025-06-13 08:05:03.908 [DEBUG   ] Loading partitioning/yy file: /global/home/users/sytoanngo/ONEFlux/data/US-ARc_sample_output/12_ure/US-ARc_NT_RECO_yy.csv [oneflux.pipeline.site_data_product]
2025-06-13 08:05:03.909 [DEBUG   ] Loading partitioning/yy file: /global/home/users/sytoanngo/ONEFlux/data/US-ARc_sample_output/12_ure/US-ARc_NT_GPP_yy.csv [oneflux.pipeline.site_data_product]
2025-06-13 08:05:03.911 [DEBUG   ] US-ARc: SR RECO file headers: ('TIMESTAMP', 'RECO', 'RECO_n') [oneflux.pipeline.site_data_product]
2025-06-13 08:05:03.912 [DEBUG   ] Merged UNC headers: ('TIMESTAMP', 'DT_RECO_ref_y', 'DT_RECO_ust50_y', 'DT_RECO_mean_y', 'DT_RECO_SE_y', 'DT_RECO_05_y', 'DT_RECO_16_y', 'DT_RECO_25_y', 'DT_RECO_50_y', 'DT_RECO_75_y', 'DT_RECO_84_y', 'DT_RECO_95_y', 'DT_GPP_ref_y', 'DT_GPP_ust50_y', 'DT_GPP_mean_y', 'DT_GPP_SE_y', 'DT_GPP_05_y', 'DT_GPP_16_y', 'DT_GPP_25_y', 'DT_GPP_50_y', 'DT_GPP_75_y', 'DT_GPP_84_y', 'DT_GPP_95_y', 'NT_RECO_ref_y', 'NT_RECO_ust50_y', 'NT_RECO_mean_y', 'NT_RECO_SE_y', 'NT_RECO_05_y', 'NT_RECO_16_y', 'NT_RECO_25_y', 'NT_RECO_50_y', 'NT_RECO_75_y', 'NT_RECO_84_y', 'NT_RECO_95_y', 'NT_GPP_ref_y', 'NT_GPP_ust50_y', 'NT_GPP_mean_y', 'NT_GPP_SE_y', 'NT_GPP_05_y', 'NT_GPP_16_y', 'NT_GPP_25_y', 'NT_GPP_50_y', 'NT_GPP_75_y', 'NT_GPP_84_y', 'NT_GPP_95_y', 'SR_RECO', 'SR_RECO_n') [oneflux.pipeline.site_data_product]
2025-06-13 08:05:03.912 [INFO    ] METEO number of records differs from ENERGY, assuming complete meteo and removing extra records [oneflux.pipeline.site_data_product]
2025-06-13 08:05:03.912 [DEBUG   ] Time slice results for 2005-2006: a[16]=2005  a[17]=2006 [oneflux.pipeline.site_data_product]
2025-06-13 08:05:03.912 [DEBUG   ] US-ARc: updating names for meteo data [oneflux.pipeline.site_data_product]
2025-06-13 08:05:03.913 [DEBUG   ] US-ARc: updating names for full meteo data [oneflux.pipeline.site_data_product]
2025-06-13 08:05:03.913 [DEBUG   ] US-ARc: updating names for energy data [oneflux.pipeline.site_data_product]
2025-06-13 08:05:03.913 [DEBUG   ] US-ARc: updating names for nee data [oneflux.pipeline.site_data_product]
2025-06-13 08:05:03.913 [DEBUG   ] US-ARc: updating names for unc data [oneflux.pipeline.site_data_product]
2025-06-13 08:05:03.915 [INFO    ] Saving Tier 2 FULLSET CSV file: /global/home/users/sytoanngo/ONEFlux/data/US-ARc_sample_output/99_fluxnet2015/FLX_US-ARc_FLUXNET2015_FULLSET_YY_2005-2006_beta-5.csv [oneflux.pipeline.site_data_product]
2025-06-13 08:05:03.918 [DEBUG   ] Writing /global/home/users/sytoanngo/ONEFlux/data/US-ARc_sample_output/99_fluxnet2015/FLX_US-ARc_FLUXNET2015_FULLSET_YY_2005-2006_beta-5.csv: line 0 [oneflux.pipeline.site_data_product]
2025-06-13 08:05:03.919 [INFO    ] Tier 1 FULLSET CSV same as Tier 2 (all), reusing file: /global/home/users/sytoanngo/ONEFlux/data/US-ARc_sample_output/99_fluxnet2015/FLX_US-ARc_FLUXNET2015_FULLSET_YY_2005-2006_beta-5.csv [oneflux.pipeline.site_data_product]
2025-06-13 08:05:03.919 [INFO    ] Saving ERA-Interim CSV file: /global/home/users/sytoanngo/ONEFlux/data/US-ARc_sample_output/99_fluxnet2015/FLX_US-ARc_FLUXNET2015_ERAI_YY_1989-2014_beta-5.csv [oneflux.pipeline.site_data_product]
2025-06-13 08:05:03.921 [DEBUG   ] Writing /global/home/users/sytoanngo/ONEFlux/data/US-ARc_sample_output/99_fluxnet2015/FLX_US-ARc_FLUXNET2015_ERAI_YY_1989-2014_beta-5.csv: line 0 [oneflux.pipeline.site_data_product]
2025-06-13 08:05:03.923 [INFO    ] Saving Tier 2 SUBSET CSV file: /global/home/users/sytoanngo/ONEFlux/data/US-ARc_sample_output/99_fluxnet2015/FLX_US-ARc_FLUXNET2015_SUBSET_YY_2005-2006_beta-5.csv [oneflux.pipeline.site_data_product]
2025-06-13 08:05:03.926 [DEBUG   ] Writing /global/home/users/sytoanngo/ONEFlux/data/US-ARc_sample_output/99_fluxnet2015/FLX_US-ARc_FLUXNET2015_SUBSET_YY_2005-2006_beta-5.csv: line 0 [oneflux.pipeline.site_data_product]
2025-06-13 08:05:03.927 [INFO    ] Tier 1 SUBSET CSV same as Tier 2 (all), reusing file: /global/home/users/sytoanngo/ONEFlux/data/US-ARc_sample_output/99_fluxnet2015/FLX_US-ARc_FLUXNET2015_SUBSET_YY_2005-2006_beta-5.csv [oneflux.pipeline.site_data_product]
2025-06-13 08:05:03.931 [DEBUG   ] US-ARc: wrote years metadata file: /global/home/users/sytoanngo/ONEFlux/data/US-ARc_sample_output/99_fluxnet2015/FLX_US-ARc_FLUXNET2015_YEARS_beta-5.csv [oneflux.pipeline.site_data_product]
2025-06-13 08:05:03.931 [INFO    ] Starting generation of AUX-INFO files for US-ARc [oneflux.pipeline.aux_info_files]
2025-06-13 08:05:03.931 [DEBUG   ] US-ARc: starting generation of AUXMETEO file [oneflux.pipeline.aux_info_files]
2025-06-13 08:05:03.932 [INFO    ] US-ARc: writing auxiliary METEO file: /global/home/users/sytoanngo/ONEFlux/data/US-ARc_sample_output/99_fluxnet2015/FLX_US-ARc_FLUXNET2015_AUXMETEO_2005-2006_beta-5.csv [oneflux.pipeline.aux_info_files]
2025-06-13 08:05:03.935 [DEBUG   ] US-ARc: finished generation of AUXMETEO file: /global/home/users/sytoanngo/ONEFlux/data/US-ARc_sample_output/99_fluxnet2015/FLX_US-ARc_FLUXNET2015_AUXMETEO_2005-2006_beta-5.csv [oneflux.pipeline.aux_info_files]
2025-06-13 08:05:03.936 [DEBUG   ] US-ARc: starting generation of AUXNEE file [oneflux.pipeline.aux_info_files]
2025-06-13 08:05:03.936 [WARNING ] US-ARc: looking for alternate USTAR CUT percentiles file, NOT found: /global/home/users/sytoanngo/ONEFlux/data/US-ARc_sample_output/08_nee_proc/US-ARc_2005_2006_USTAR_percentiles_c.csv [oneflux.pipeline.aux_info_files]
2025-06-13 08:05:03.936 [DEBUG   ] Pipeline aux_info_files directory is '/global/home/users/sytoanngo/ONEFlux/data/US-ARc_sample_output/08_nee_proc' [oneflux.pipeline.common]
2025-06-13 08:05:03.937 [WARNING ] Pipeline aux_info_files file with pattern 'US-ARc_????_????_USTAR_percentiles_c.csv' not found in '/global/home/users/sytoanngo/ONEFlux/data/US-ARc_sample_output/08_nee_proc' [oneflux.pipeline.common]
2025-06-13 08:05:03.937 [WARNING ] US-ARc: incorrect number of alternate NEE_PERC_USTAR_CUT files found (1-2 years record?): [] [oneflux.pipeline.aux_info_files]
2025-06-13 08:05:03.938 [DEBUG   ] US-ARc: processing file: /global/home/users/sytoanngo/ONEFlux/data/US-ARc_sample_output/08_nee_proc/US-ARc_2005_2006_USTAR_percentiles_c.csv [oneflux.pipeline.aux_info_files]
2025-06-13 08:05:03.938 [WARNING ] US-ARc: too few years, NEE CUT USTAR percentiles file not created: /global/home/users/sytoanngo/ONEFlux/data/US-ARc_sample_output/08_nee_proc/US-ARc_2005_2006_USTAR_percentiles_c.csv [oneflux.pipeline.aux_info_files]
2025-06-13 08:05:03.938 [DEBUG   ] US-ARc: processing file: /global/home/users/sytoanngo/ONEFlux/data/US-ARc_sample_output/08_nee_proc/US-ARc_USTAR_percentiles_y.csv [oneflux.pipeline.aux_info_files]
2025-06-13 08:05:03.943 [DEBUG   ] US-ARc: processing file: /global/home/users/sytoanngo/ONEFlux/data/US-ARc_sample_output/12_ure/US-ARc_NT_RECO_hh_info.txt [oneflux.pipeline.aux_info_files]
2025-06-13 08:05:03.944 [DEBUG   ] US-ARc: processing file: /global/home/users/sytoanngo/ONEFlux/data/US-ARc_sample_output/12_ure/US-ARc_NT_GPP_hh_info.txt [oneflux.pipeline.aux_info_files]
2025-06-13 08:05:03.945 [DEBUG   ] US-ARc: processing file: /global/home/users/sytoanngo/ONEFlux/data/US-ARc_sample_output/12_ure/US-ARc_DT_RECO_hh_info.txt [oneflux.pipeline.aux_info_files]
2025-06-13 08:05:03.946 [DEBUG   ] US-ARc: processing file: /global/home/users/sytoanngo/ONEFlux/data/US-ARc_sample_output/12_ure/US-ARc_DT_GPP_hh_info.txt [oneflux.pipeline.aux_info_files]
2025-06-13 08:05:03.949 [DEBUG   ] US-ARc: processing file: /global/home/users/sytoanngo/ONEFlux/data/US-ARc_sample_output/12_ure/US-ARc_NT_RECO_dd_info.txt [oneflux.pipeline.aux_info_files]
2025-06-13 08:05:03.950 [DEBUG   ] US-ARc: processing file: /global/home/users/sytoanngo/ONEFlux/data/US-ARc_sample_output/12_ure/US-ARc_NT_GPP_dd_info.txt [oneflux.pipeline.aux_info_files]
2025-06-13 08:05:03.950 [DEBUG   ] US-ARc: processing file: /global/home/users/sytoanngo/ONEFlux/data/US-ARc_sample_output/12_ure/US-ARc_DT_RECO_dd_info.txt [oneflux.pipeline.aux_info_files]
2025-06-13 08:05:03.951 [DEBUG   ] US-ARc: processing file: /global/home/users/sytoanngo/ONEFlux/data/US-ARc_sample_output/12_ure/US-ARc_DT_GPP_dd_info.txt [oneflux.pipeline.aux_info_files]
2025-06-13 08:05:03.954 [DEBUG   ] US-ARc: processing file: /global/home/users/sytoanngo/ONEFlux/data/US-ARc_sample_output/12_ure/US-ARc_NT_RECO_ww_info.txt [oneflux.pipeline.aux_info_files]
2025-06-13 08:05:03.955 [DEBUG   ] US-ARc: processing file: /global/home/users/sytoanngo/ONEFlux/data/US-ARc_sample_output/12_ure/US-ARc_NT_GPP_ww_info.txt [oneflux.pipeline.aux_info_files]
2025-06-13 08:05:03.956 [DEBUG   ] US-ARc: processing file: /global/home/users/sytoanngo/ONEFlux/data/US-ARc_sample_output/12_ure/US-ARc_DT_RECO_ww_info.txt [oneflux.pipeline.aux_info_files]
2025-06-13 08:05:03.957 [DEBUG   ] US-ARc: processing file: /global/home/users/sytoanngo/ONEFlux/data/US-ARc_sample_output/12_ure/US-ARc_DT_GPP_ww_info.txt [oneflux.pipeline.aux_info_files]
2025-06-13 08:05:03.960 [DEBUG   ] US-ARc: processing file: /global/home/users/sytoanngo/ONEFlux/data/US-ARc_sample_output/12_ure/US-ARc_NT_RECO_mm_info.txt [oneflux.pipeline.aux_info_files]
2025-06-13 08:05:03.960 [DEBUG   ] US-ARc: processing file: /global/home/users/sytoanngo/ONEFlux/data/US-ARc_sample_output/12_ure/US-ARc_NT_GPP_mm_info.txt [oneflux.pipeline.aux_info_files]
2025-06-13 08:05:03.961 [DEBUG   ] US-ARc: processing file: /global/home/users/sytoanngo/ONEFlux/data/US-ARc_sample_output/12_ure/US-ARc_DT_RECO_mm_info.txt [oneflux.pipeline.aux_info_files]
2025-06-13 08:05:03.962 [DEBUG   ] US-ARc: processing file: /global/home/users/sytoanngo/ONEFlux/data/US-ARc_sample_output/12_ure/US-ARc_DT_GPP_mm_info.txt [oneflux.pipeline.aux_info_files]
2025-06-13 08:05:03.965 [DEBUG   ] US-ARc: processing file: /global/home/users/sytoanngo/ONEFlux/data/US-ARc_sample_output/12_ure/US-ARc_NT_RECO_yy_info.txt [oneflux.pipeline.aux_info_files]
2025-06-13 08:05:03.966 [DEBUG   ] US-ARc: processing file: /global/home/users/sytoanngo/ONEFlux/data/US-ARc_sample_output/12_ure/US-ARc_NT_GPP_yy_info.txt [oneflux.pipeline.aux_info_files]
2025-06-13 08:05:03.967 [DEBUG   ] US-ARc: processing file: /global/home/users/sytoanngo/ONEFlux/data/US-ARc_sample_output/12_ure/US-ARc_DT_RECO_yy_info.txt [oneflux.pipeline.aux_info_files]
2025-06-13 08:05:03.968 [DEBUG   ] US-ARc: processing file: /global/home/users/sytoanngo/ONEFlux/data/US-ARc_sample_output/12_ure/US-ARc_DT_GPP_yy_info.txt [oneflux.pipeline.aux_info_files]
2025-06-13 08:05:03.970 [INFO    ] US-ARc: writing auxiliary NEE file: /global/home/users/sytoanngo/ONEFlux/data/US-ARc_sample_output/99_fluxnet2015/FLX_US-ARc_FLUXNET2015_AUXNEE_2005-2006_beta-5.csv [oneflux.pipeline.aux_info_files]
2025-06-13 08:05:03.973 [DEBUG   ] US-ARc: finished generation of AUXNEE file: /global/home/users/sytoanngo/ONEFlux/data/US-ARc_sample_output/99_fluxnet2015/FLX_US-ARc_FLUXNET2015_AUXNEE_2005-2006_beta-5.csv [oneflux.pipeline.aux_info_files]
2025-06-13 08:05:03.974 [INFO    ] Finished generation of AUX-INFO files for US-ARc [oneflux.pipeline.aux_info_files]
2025-06-13 08:05:03.974 [INFO    ] Generating ZIP and stats for: /global/home/users/sytoanngo/ONEFlux/data/US-ARc_sample_output/99_fluxnet2015/FLX_US-ARc_FLUXNET2015_FULLSET_2005-2006_beta-5.zip [oneflux.pipeline.site_data_product]
2025-06-13 08:05:03.976 [DEBUG   ] Compressing files into '/global/home/users/sytoanngo/ONEFlux/data/US-ARc_sample_output/99_fluxnet2015/FLX_US-ARc_FLUXNET2015_FULLSET_2005-2006_beta-5.zip' using zip option w [oneflux.utils.files]
2025-06-13 08:05:03.976 [DEBUG   ] Adding '/global/home/users/sytoanngo/ONEFlux/data/US-ARc_sample_output/99_fluxnet2015/FLX_US-ARc_FLUXNET2015_FULLSET_HH_2005-2006_beta-5.csv' [oneflux.utils.files]
2025-06-13 08:05:06.854 [DEBUG   ] Adding '/global/home/users/sytoanngo/ONEFlux/data/US-ARc_sample_output/99_fluxnet2015/FLX_US-ARc_FLUXNET2015_FULLSET_DD_2005-2006_beta-5.csv' [oneflux.utils.files]
2025-06-13 08:05:06.920 [DEBUG   ] Adding '/global/home/users/sytoanngo/ONEFlux/data/US-ARc_sample_output/99_fluxnet2015/FLX_US-ARc_FLUXNET2015_FULLSET_WW_2005-2006_beta-5.csv' [oneflux.utils.files]
2025-06-13 08:05:06.931 [DEBUG   ] Adding '/global/home/users/sytoanngo/ONEFlux/data/US-ARc_sample_output/99_fluxnet2015/FLX_US-ARc_FLUXNET2015_FULLSET_MM_2005-2006_beta-5.csv' [oneflux.utils.files]
2025-06-13 08:05:06.934 [DEBUG   ] Adding '/global/home/users/sytoanngo/ONEFlux/data/US-ARc_sample_output/99_fluxnet2015/FLX_US-ARc_FLUXNET2015_FULLSET_YY_2005-2006_beta-5.csv' [oneflux.utils.files]
2025-06-13 08:05:06.936 [DEBUG   ] Adding '/global/home/users/sytoanngo/ONEFlux/data/US-ARc_sample_output/99_fluxnet2015/FLX_US-ARc_FLUXNET2015_AUXMETEO_2005-2006_beta-5.csv' [oneflux.utils.files]
2025-06-13 08:05:06.937 [DEBUG   ] Adding '/global/home/users/sytoanngo/ONEFlux/data/US-ARc_sample_output/99_fluxnet2015/FLX_US-ARc_FLUXNET2015_AUXNEE_2005-2006_beta-5.csv' [oneflux.utils.files]
2025-06-13 08:05:06.938 [DEBUG   ] Adding '/global/home/users/sytoanngo/ONEFlux/data/US-ARc_sample_output/99_fluxnet2015/FLX_US-ARc_FLUXNET2015_ERAI_HH_1989-2014_beta-5.csv' [oneflux.utils.files]
2025-06-13 08:05:08.774 [DEBUG   ] Adding '/global/home/users/sytoanngo/ONEFlux/data/US-ARc_sample_output/99_fluxnet2015/FLX_US-ARc_FLUXNET2015_ERAI_DD_1989-2014_beta-5.csv' [oneflux.utils.files]
2025-06-13 08:05:08.848 [DEBUG   ] Adding '/global/home/users/sytoanngo/ONEFlux/data/US-ARc_sample_output/99_fluxnet2015/FLX_US-ARc_FLUXNET2015_ERAI_WW_1989-2014_beta-5.csv' [oneflux.utils.files]
2025-06-13 08:05:08.859 [DEBUG   ] Adding '/global/home/users/sytoanngo/ONEFlux/data/US-ARc_sample_output/99_fluxnet2015/FLX_US-ARc_FLUXNET2015_ERAI_MM_1989-2014_beta-5.csv' [oneflux.utils.files]
2025-06-13 08:05:08.862 [DEBUG   ] Adding '/global/home/users/sytoanngo/ONEFlux/data/US-ARc_sample_output/99_fluxnet2015/FLX_US-ARc_FLUXNET2015_ERAI_YY_1989-2014_beta-5.csv' [oneflux.utils.files]
2025-06-13 08:05:09.247 [INFO    ] Generating ZIP and stats for: /global/home/users/sytoanngo/ONEFlux/data/US-ARc_sample_output/99_fluxnet2015/FLX_US-ARc_FLUXNET2015_SUBSET_2005-2006_beta-5.zip [oneflux.pipeline.site_data_product]
2025-06-13 08:05:09.249 [DEBUG   ] Compressing files into '/global/home/users/sytoanngo/ONEFlux/data/US-ARc_sample_output/99_fluxnet2015/FLX_US-ARc_FLUXNET2015_SUBSET_2005-2006_beta-5.zip' using zip option w [oneflux.utils.files]
2025-06-13 08:05:09.249 [DEBUG   ] Adding '/global/home/users/sytoanngo/ONEFlux/data/US-ARc_sample_output/99_fluxnet2015/FLX_US-ARc_FLUXNET2015_SUBSET_HH_2005-2006_beta-5.csv' [oneflux.utils.files]
2025-06-13 08:05:10.547 [DEBUG   ] Adding '/global/home/users/sytoanngo/ONEFlux/data/US-ARc_sample_output/99_fluxnet2015/FLX_US-ARc_FLUXNET2015_SUBSET_DD_2005-2006_beta-5.csv' [oneflux.utils.files]
2025-06-13 08:05:10.579 [DEBUG   ] Adding '/global/home/users/sytoanngo/ONEFlux/data/US-ARc_sample_output/99_fluxnet2015/FLX_US-ARc_FLUXNET2015_SUBSET_WW_2005-2006_beta-5.csv' [oneflux.utils.files]
2025-06-13 08:05:10.584 [DEBUG   ] Adding '/global/home/users/sytoanngo/ONEFlux/data/US-ARc_sample_output/99_fluxnet2015/FLX_US-ARc_FLUXNET2015_SUBSET_MM_2005-2006_beta-5.csv' [oneflux.utils.files]
2025-06-13 08:05:10.586 [DEBUG   ] Adding '/global/home/users/sytoanngo/ONEFlux/data/US-ARc_sample_output/99_fluxnet2015/FLX_US-ARc_FLUXNET2015_SUBSET_YY_2005-2006_beta-5.csv' [oneflux.utils.files]
2025-06-13 08:05:10.587 [DEBUG   ] Adding '/global/home/users/sytoanngo/ONEFlux/data/US-ARc_sample_output/99_fluxnet2015/FLX_US-ARc_FLUXNET2015_AUXMETEO_2005-2006_beta-5.csv' [oneflux.utils.files]
2025-06-13 08:05:10.588 [DEBUG   ] Adding '/global/home/users/sytoanngo/ONEFlux/data/US-ARc_sample_output/99_fluxnet2015/FLX_US-ARc_FLUXNET2015_AUXNEE_2005-2006_beta-5.csv' [oneflux.utils.files]
2025-06-13 08:05:10.740 [INFO    ] Generation of plots for site US-ARc started [oneflux.pipeline.site_plots]
2025-06-13 08:05:10.742 [DEBUG   ] Loading: /global/home/users/sytoanngo/ONEFlux/data/US-ARc_sample_output/99_fluxnet2015/FLX_US-ARc_FLUXNET2015_FULLSET_HH_2005-2006_beta-5.csv [oneflux.pipeline.site_plots]
2025-06-13 08:05:19.133 [DEBUG   ] Loading: /global/home/users/sytoanngo/ONEFlux/data/US-ARc_sample_output/99_fluxnet2015/FLX_US-ARc_FLUXNET2015_FULLSET_DD_2005-2006_beta-5.csv [oneflux.pipeline.site_plots]
2025-06-13 08:05:19.348 [DEBUG   ] Loading: /global/home/users/sytoanngo/ONEFlux/data/US-ARc_sample_output/99_fluxnet2015/FLX_US-ARc_FLUXNET2015_FULLSET_WW_2005-2006_beta-5.csv [oneflux.pipeline.site_plots]
2025-06-13 08:05:19.385 [DEBUG   ] Loading: /global/home/users/sytoanngo/ONEFlux/data/US-ARc_sample_output/99_fluxnet2015/FLX_US-ARc_FLUXNET2015_FULLSET_MM_2005-2006_beta-5.csv [oneflux.pipeline.site_plots]
2025-06-13 08:05:19.403 [DEBUG   ] Loading: /global/home/users/sytoanngo/ONEFlux/data/US-ARc_sample_output/99_fluxnet2015/FLX_US-ARc_FLUXNET2015_FULLSET_YY_2005-2006_beta-5.csv [oneflux.pipeline.site_plots]
2025-06-13 08:05:19.417 [DEBUG   ] Plotting HH for '/global/home/users/sytoanngo/ONEFlux/data/US-ARc_sample_output/99_fluxnet2015/FLX_US-ARc_FLUXNET2015_FIG-NEE_2005-2006_beta-5.png' [oneflux.pipeline.site_plots]
2025-06-13 08:05:19.431 [WARNING ] /global/home/users/sytoanngo/.conda/envs/fluxcode/lib/python2.7/site-packages/pandas/plotting/_converter.py:129: FutureWarning: Using an implicitly registered datetime converter for a matplotlib plotting method. The converter was registered by pandas on import. Future versions of pandas will require you to explicitly register matplotlib converters.  To register the converters: 	>>> from pandas.plotting import register_matplotlib_converters 	>>> register_matplotlib_converters()   warnings.warn(msg, FutureWarning)  [py.warnings]
2025-06-13 08:05:19.650 [DEBUG   ] Plotting DD for '/global/home/users/sytoanngo/ONEFlux/data/US-ARc_sample_output/99_fluxnet2015/FLX_US-ARc_FLUXNET2015_FIG-NEE_2005-2006_beta-5.png' [oneflux.pipeline.site_plots]
2025-06-13 08:05:19.693 [DEBUG   ] Plotting WW for '/global/home/users/sytoanngo/ONEFlux/data/US-ARc_sample_output/99_fluxnet2015/FLX_US-ARc_FLUXNET2015_FIG-NEE_2005-2006_beta-5.png' [oneflux.pipeline.site_plots]
2025-06-13 08:05:19.734 [DEBUG   ] Plotting MM for '/global/home/users/sytoanngo/ONEFlux/data/US-ARc_sample_output/99_fluxnet2015/FLX_US-ARc_FLUXNET2015_FIG-NEE_2005-2006_beta-5.png' [oneflux.pipeline.site_plots]
2025-06-13 08:05:19.778 [DEBUG   ] Plotting YY for '/global/home/users/sytoanngo/ONEFlux/data/US-ARc_sample_output/99_fluxnet2015/FLX_US-ARc_FLUXNET2015_FIG-NEE_2005-2006_beta-5.png' [oneflux.pipeline.site_plots]
2025-06-13 08:05:20.409 [DEBUG   ] findfont: Matching :family=sans-serif:style=normal:variant=normal:weight=normal:stretch=normal:size=10.0 to DejaVu Sans (u'/global/home/users/sytoanngo/.conda/envs/fluxcode/lib/python2.7/site-packages/matplotlib/mpl-data/fonts/ttf/DejaVuSans.ttf') with score of 0.050000 [matplotlib.font_manager]
2025-06-13 08:05:20.448 [DEBUG   ] findfont: Matching :family=sans-serif:style=normal:variant=normal:weight=normal:stretch=normal:size=8.0 to DejaVu Sans (u'/global/home/users/sytoanngo/.conda/envs/fluxcode/lib/python2.7/site-packages/matplotlib/mpl-data/fonts/ttf/DejaVuSans.ttf') with score of 0.050000 [matplotlib.font_manager]
2025-06-13 08:05:20.699 [DEBUG   ] findfont: Matching :family=sans-serif:style=normal:variant=normal:weight=normal:stretch=normal:size=14.4 to DejaVu Sans (u'/global/home/users/sytoanngo/.conda/envs/fluxcode/lib/python2.7/site-packages/matplotlib/mpl-data/fonts/ttf/DejaVuSans.ttf') with score of 0.050000 [matplotlib.font_manager]
2025-06-13 08:05:20.871 [DEBUG   ] Saved '/global/home/users/sytoanngo/ONEFlux/data/US-ARc_sample_output/99_fluxnet2015/FLX_US-ARc_FLUXNET2015_FIG-NEE_2005-2006_beta-5.png' [oneflux.pipeline.site_plots]
2025-06-13 08:05:20.872 [DEBUG   ] Plotting HH for '/global/home/users/sytoanngo/ONEFlux/data/US-ARc_sample_output/99_fluxnet2015/FLX_US-ARc_FLUXNET2015_FIG-RECO_2005-2006_beta-5.png' [oneflux.pipeline.site_plots]
2025-06-13 08:05:21.257 [DEBUG   ] Plotting DD for '/global/home/users/sytoanngo/ONEFlux/data/US-ARc_sample_output/99_fluxnet2015/FLX_US-ARc_FLUXNET2015_FIG-RECO_2005-2006_beta-5.png' [oneflux.pipeline.site_plots]
2025-06-13 08:05:21.315 [DEBUG   ] Plotting WW for '/global/home/users/sytoanngo/ONEFlux/data/US-ARc_sample_output/99_fluxnet2015/FLX_US-ARc_FLUXNET2015_FIG-RECO_2005-2006_beta-5.png' [oneflux.pipeline.site_plots]
2025-06-13 08:05:21.365 [DEBUG   ] Plotting MM for '/global/home/users/sytoanngo/ONEFlux/data/US-ARc_sample_output/99_fluxnet2015/FLX_US-ARc_FLUXNET2015_FIG-RECO_2005-2006_beta-5.png' [oneflux.pipeline.site_plots]
2025-06-13 08:05:21.415 [DEBUG   ] Plotting YY for '/global/home/users/sytoanngo/ONEFlux/data/US-ARc_sample_output/99_fluxnet2015/FLX_US-ARc_FLUXNET2015_FIG-RECO_2005-2006_beta-5.png' [oneflux.pipeline.site_plots]
2025-06-13 08:05:22.269 [DEBUG   ] Saved '/global/home/users/sytoanngo/ONEFlux/data/US-ARc_sample_output/99_fluxnet2015/FLX_US-ARc_FLUXNET2015_FIG-RECO_2005-2006_beta-5.png' [oneflux.pipeline.site_plots]
2025-06-13 08:05:22.271 [DEBUG   ] Plotting HH for '/global/home/users/sytoanngo/ONEFlux/data/US-ARc_sample_output/99_fluxnet2015/FLX_US-ARc_FLUXNET2015_FIG-GPP_2005-2006_beta-5.png' [oneflux.pipeline.site_plots]
2025-06-13 08:05:22.657 [DEBUG   ] Plotting DD for '/global/home/users/sytoanngo/ONEFlux/data/US-ARc_sample_output/99_fluxnet2015/FLX_US-ARc_FLUXNET2015_FIG-GPP_2005-2006_beta-5.png' [oneflux.pipeline.site_plots]
2025-06-13 08:05:22.715 [DEBUG   ] Plotting WW for '/global/home/users/sytoanngo/ONEFlux/data/US-ARc_sample_output/99_fluxnet2015/FLX_US-ARc_FLUXNET2015_FIG-GPP_2005-2006_beta-5.png' [oneflux.pipeline.site_plots]
2025-06-13 08:05:22.764 [DEBUG   ] Plotting MM for '/global/home/users/sytoanngo/ONEFlux/data/US-ARc_sample_output/99_fluxnet2015/FLX_US-ARc_FLUXNET2015_FIG-GPP_2005-2006_beta-5.png' [oneflux.pipeline.site_plots]
2025-06-13 08:05:22.814 [DEBUG   ] Plotting YY for '/global/home/users/sytoanngo/ONEFlux/data/US-ARc_sample_output/99_fluxnet2015/FLX_US-ARc_FLUXNET2015_FIG-GPP_2005-2006_beta-5.png' [oneflux.pipeline.site_plots]
2025-06-13 08:05:23.811 [DEBUG   ] Saved '/global/home/users/sytoanngo/ONEFlux/data/US-ARc_sample_output/99_fluxnet2015/FLX_US-ARc_FLUXNET2015_FIG-GPP_2005-2006_beta-5.png' [oneflux.pipeline.site_plots]
2025-06-13 08:05:23.814 [DEBUG   ] Plotting HH for '/global/home/users/sytoanngo/ONEFlux/data/US-ARc_sample_output/99_fluxnet2015/FLX_US-ARc_FLUXNET2015_FIG-LE_2005-2006_beta-5.png' [oneflux.pipeline.site_plots]
2025-06-13 08:05:23.962 [DEBUG   ] Plotting DD for '/global/home/users/sytoanngo/ONEFlux/data/US-ARc_sample_output/99_fluxnet2015/FLX_US-ARc_FLUXNET2015_FIG-LE_2005-2006_beta-5.png' [oneflux.pipeline.site_plots]
2025-06-13 08:05:24.004 [DEBUG   ] Plotting WW for '/global/home/users/sytoanngo/ONEFlux/data/US-ARc_sample_output/99_fluxnet2015/FLX_US-ARc_FLUXNET2015_FIG-LE_2005-2006_beta-5.png' [oneflux.pipeline.site_plots]
2025-06-13 08:05:24.123 [DEBUG   ] Plotting MM for '/global/home/users/sytoanngo/ONEFlux/data/US-ARc_sample_output/99_fluxnet2015/FLX_US-ARc_FLUXNET2015_FIG-LE_2005-2006_beta-5.png' [oneflux.pipeline.site_plots]
2025-06-13 08:05:24.158 [DEBUG   ] Plotting YY for '/global/home/users/sytoanngo/ONEFlux/data/US-ARc_sample_output/99_fluxnet2015/FLX_US-ARc_FLUXNET2015_FIG-LE_2005-2006_beta-5.png' [oneflux.pipeline.site_plots]
2025-06-13 08:05:24.736 [DEBUG   ] Saved '/global/home/users/sytoanngo/ONEFlux/data/US-ARc_sample_output/99_fluxnet2015/FLX_US-ARc_FLUXNET2015_FIG-LE_2005-2006_beta-5.png' [oneflux.pipeline.site_plots]
2025-06-13 08:05:24.738 [DEBUG   ] Plotting HH for '/global/home/users/sytoanngo/ONEFlux/data/US-ARc_sample_output/99_fluxnet2015/FLX_US-ARc_FLUXNET2015_FIG-H_2005-2006_beta-5.png' [oneflux.pipeline.site_plots]
2025-06-13 08:05:24.885 [DEBUG   ] Plotting DD for '/global/home/users/sytoanngo/ONEFlux/data/US-ARc_sample_output/99_fluxnet2015/FLX_US-ARc_FLUXNET2015_FIG-H_2005-2006_beta-5.png' [oneflux.pipeline.site_plots]
2025-06-13 08:05:24.925 [DEBUG   ] Plotting WW for '/global/home/users/sytoanngo/ONEFlux/data/US-ARc_sample_output/99_fluxnet2015/FLX_US-ARc_FLUXNET2015_FIG-H_2005-2006_beta-5.png' [oneflux.pipeline.site_plots]
2025-06-13 08:05:24.960 [DEBUG   ] Plotting MM for '/global/home/users/sytoanngo/ONEFlux/data/US-ARc_sample_output/99_fluxnet2015/FLX_US-ARc_FLUXNET2015_FIG-H_2005-2006_beta-5.png' [oneflux.pipeline.site_plots]
2025-06-13 08:05:24.996 [DEBUG   ] Plotting YY for '/global/home/users/sytoanngo/ONEFlux/data/US-ARc_sample_output/99_fluxnet2015/FLX_US-ARc_FLUXNET2015_FIG-H_2005-2006_beta-5.png' [oneflux.pipeline.site_plots]
2025-06-13 08:05:25.672 [DEBUG   ] Saved '/global/home/users/sytoanngo/ONEFlux/data/US-ARc_sample_output/99_fluxnet2015/FLX_US-ARc_FLUXNET2015_FIG-H_2005-2006_beta-5.png' [oneflux.pipeline.site_plots]
2025-06-13 08:05:25.672 [INFO    ] Generation of plots for site US-ARc finished [oneflux.pipeline.site_plots]
2025-06-13 08:05:25.673 [DEBUG   ] Pipeline fluxnet2015 writing site CSV manifest file: /global/home/users/sytoanngo/ONEFlux/data/US-ARc_sample_output/99_fluxnet2015/report_CSV_n0004.dirac1_run20250613T080357.csv [oneflux.pipeline.wrappers]
2025-06-13 08:05:25.676 [DEBUG   ] Pipeline fluxnet2015 writing site ZIP manifest file: /global/home/users/sytoanngo/ONEFlux/data/US-ARc_sample_output/99_fluxnet2015/report_ZIP_n0004.dirac1_run20250613T080357.csv [oneflux.pipeline.wrappers]
2025-06-13 08:05:25.679 [DEBUG   ] Pipeline fluxnet2015.post_validate directory is '/global/home/users/sytoanngo/ONEFlux/data/US-ARc_sample_output/99_fluxnet2015' [oneflux.pipeline.common]
2025-06-13 08:05:25.679 [DEBUG   ] Pipeline fluxnet2015.post_validate directory is '/global/home/users/sytoanngo/ONEFlux/data/US-ARc_sample_output/99_fluxnet2015' [oneflux.pipeline.common]
2025-06-13 08:05:25.682 [DEBUG   ] Pipeline fluxnet2015.post_validate in '/global/home/users/sytoanngo/ONEFlux/data/US-ARc_sample_output/99_fluxnet2015' found file pattern 'FLX_US-ARc_FLUXNET2015_AUXMETEO_????-????_*-*.csv' (1 occurrences): ['FLX_US-ARc_FLUXNET2015_AUXMETEO_2005-2006_beta-5.csv'] [oneflux.pipeline.common]
2025-06-13 08:05:25.683 [DEBUG   ] Pipeline fluxnet2015.post_validate directory is '/global/home/users/sytoanngo/ONEFlux/data/US-ARc_sample_output/99_fluxnet2015' [oneflux.pipeline.common]
2025-06-13 08:05:25.684 [DEBUG   ] Pipeline fluxnet2015.post_validate in '/global/home/users/sytoanngo/ONEFlux/data/US-ARc_sample_output/99_fluxnet2015' found file pattern 'FLX_US-ARc_FLUXNET2015_AUXNEE_????-????_*-*.csv' (1 occurrences): ['FLX_US-ARc_FLUXNET2015_AUXNEE_2005-2006_beta-5.csv'] [oneflux.pipeline.common]
2025-06-13 08:05:25.684 [DEBUG   ] Pipeline fluxnet2015.post_validate directory is '/global/home/users/sytoanngo/ONEFlux/data/US-ARc_sample_output/99_fluxnet2015' [oneflux.pipeline.common]
2025-06-13 08:05:25.685 [DEBUG   ] Pipeline fluxnet2015.post_validate in '/global/home/users/sytoanngo/ONEFlux/data/US-ARc_sample_output/99_fluxnet2015' found file pattern 'FLX_US-ARc_FLUXNET2015_FULLSET_DD_????-????_*-*.csv' (1 occurrences): ['FLX_US-ARc_FLUXNET2015_FULLSET_DD_2005-2006_beta-5.csv'] [oneflux.pipeline.common]
2025-06-13 08:05:25.685 [DEBUG   ] Pipeline fluxnet2015.post_validate directory is '/global/home/users/sytoanngo/ONEFlux/data/US-ARc_sample_output/99_fluxnet2015' [oneflux.pipeline.common]
2025-06-13 08:05:25.686 [DEBUG   ] Pipeline fluxnet2015.post_validate in '/global/home/users/sytoanngo/ONEFlux/data/US-ARc_sample_output/99_fluxnet2015' found file pattern 'FLX_US-ARc_FLUXNET2015_FULLSET_HH_????-????_*-*.csv' (1 occurrences): ['FLX_US-ARc_FLUXNET2015_FULLSET_HH_2005-2006_beta-5.csv'] [oneflux.pipeline.common]
2025-06-13 08:05:25.686 [DEBUG   ] Pipeline fluxnet2015.post_validate directory is '/global/home/users/sytoanngo/ONEFlux/data/US-ARc_sample_output/99_fluxnet2015' [oneflux.pipeline.common]
2025-06-13 08:05:25.687 [DEBUG   ] Pipeline fluxnet2015.post_validate in '/global/home/users/sytoanngo/ONEFlux/data/US-ARc_sample_output/99_fluxnet2015' found file pattern 'FLX_US-ARc_FLUXNET2015_FULLSET_MM_????-????_*-*.csv' (1 occurrences): ['FLX_US-ARc_FLUXNET2015_FULLSET_MM_2005-2006_beta-5.csv'] [oneflux.pipeline.common]
2025-06-13 08:05:25.688 [DEBUG   ] Pipeline fluxnet2015.post_validate directory is '/global/home/users/sytoanngo/ONEFlux/data/US-ARc_sample_output/99_fluxnet2015' [oneflux.pipeline.common]
2025-06-13 08:05:25.689 [DEBUG   ] Pipeline fluxnet2015.post_validate in '/global/home/users/sytoanngo/ONEFlux/data/US-ARc_sample_output/99_fluxnet2015' found file pattern 'FLX_US-ARc_FLUXNET2015_FULLSET_WW_????-????_*-*.csv' (1 occurrences): ['FLX_US-ARc_FLUXNET2015_FULLSET_WW_2005-2006_beta-5.csv'] [oneflux.pipeline.common]
2025-06-13 08:05:25.689 [DEBUG   ] Pipeline fluxnet2015.post_validate directory is '/global/home/users/sytoanngo/ONEFlux/data/US-ARc_sample_output/99_fluxnet2015' [oneflux.pipeline.common]
2025-06-13 08:05:25.690 [DEBUG   ] Pipeline fluxnet2015.post_validate in '/global/home/users/sytoanngo/ONEFlux/data/US-ARc_sample_output/99_fluxnet2015' found file pattern 'FLX_US-ARc_FLUXNET2015_FULLSET_YY_????-????_*-*.csv' (1 occurrences): ['FLX_US-ARc_FLUXNET2015_FULLSET_YY_2005-2006_beta-5.csv'] [oneflux.pipeline.common]
2025-06-13 08:05:25.690 [DEBUG   ] Pipeline fluxnet2015.post_validate directory is '/global/home/users/sytoanngo/ONEFlux/data/US-ARc_sample_output/99_fluxnet2015' [oneflux.pipeline.common]
2025-06-13 08:05:25.691 [DEBUG   ] Pipeline fluxnet2015.post_validate in '/global/home/users/sytoanngo/ONEFlux/data/US-ARc_sample_output/99_fluxnet2015' found file pattern 'FLX_US-ARc_FLUXNET2015_SUBSET_DD_????-????_*-*.csv' (1 occurrences): ['FLX_US-ARc_FLUXNET2015_SUBSET_DD_2005-2006_beta-5.csv'] [oneflux.pipeline.common]
2025-06-13 08:05:25.691 [DEBUG   ] Pipeline fluxnet2015.post_validate directory is '/global/home/users/sytoanngo/ONEFlux/data/US-ARc_sample_output/99_fluxnet2015' [oneflux.pipeline.common]
2025-06-13 08:05:25.692 [DEBUG   ] Pipeline fluxnet2015.post_validate in '/global/home/users/sytoanngo/ONEFlux/data/US-ARc_sample_output/99_fluxnet2015' found file pattern 'FLX_US-ARc_FLUXNET2015_SUBSET_HH_????-????_*-*.csv' (1 occurrences): ['FLX_US-ARc_FLUXNET2015_SUBSET_HH_2005-2006_beta-5.csv'] [oneflux.pipeline.common]
2025-06-13 08:05:25.692 [DEBUG   ] Pipeline fluxnet2015.post_validate directory is '/global/home/users/sytoanngo/ONEFlux/data/US-ARc_sample_output/99_fluxnet2015' [oneflux.pipeline.common]
2025-06-13 08:05:25.693 [DEBUG   ] Pipeline fluxnet2015.post_validate in '/global/home/users/sytoanngo/ONEFlux/data/US-ARc_sample_output/99_fluxnet2015' found file pattern 'FLX_US-ARc_FLUXNET2015_SUBSET_MM_????-????_*-*.csv' (1 occurrences): ['FLX_US-ARc_FLUXNET2015_SUBSET_MM_2005-2006_beta-5.csv'] [oneflux.pipeline.common]
2025-06-13 08:05:25.693 [DEBUG   ] Pipeline fluxnet2015.post_validate directory is '/global/home/users/sytoanngo/ONEFlux/data/US-ARc_sample_output/99_fluxnet2015' [oneflux.pipeline.common]
2025-06-13 08:05:25.694 [DEBUG   ] Pipeline fluxnet2015.post_validate in '/global/home/users/sytoanngo/ONEFlux/data/US-ARc_sample_output/99_fluxnet2015' found file pattern 'FLX_US-ARc_FLUXNET2015_SUBSET_WW_????-????_*-*.csv' (1 occurrences): ['FLX_US-ARc_FLUXNET2015_SUBSET_WW_2005-2006_beta-5.csv'] [oneflux.pipeline.common]
2025-06-13 08:05:25.694 [DEBUG   ] Pipeline fluxnet2015.post_validate directory is '/global/home/users/sytoanngo/ONEFlux/data/US-ARc_sample_output/99_fluxnet2015' [oneflux.pipeline.common]
2025-06-13 08:05:25.695 [DEBUG   ] Pipeline fluxnet2015.post_validate in '/global/home/users/sytoanngo/ONEFlux/data/US-ARc_sample_output/99_fluxnet2015' found file pattern 'FLX_US-ARc_FLUXNET2015_SUBSET_YY_????-????_*-*.csv' (1 occurrences): ['FLX_US-ARc_FLUXNET2015_SUBSET_YY_2005-2006_beta-5.csv'] [oneflux.pipeline.common]
2025-06-13 08:05:25.696 [DEBUG   ] Pipeline fluxnet2015.post_validate directory is '/global/home/users/sytoanngo/ONEFlux/data/US-ARc_sample_output/99_fluxnet2015' [oneflux.pipeline.common]
2025-06-13 08:05:25.697 [DEBUG   ] Pipeline fluxnet2015.post_validate in '/global/home/users/sytoanngo/ONEFlux/data/US-ARc_sample_output/99_fluxnet2015' found file pattern 'FLX_US-ARc_FLUXNET2015_FULLSET_????-????_*-*.zip' (1 occurrences): ['FLX_US-ARc_FLUXNET2015_FULLSET_2005-2006_beta-5.zip'] [oneflux.pipeline.common]
2025-06-13 08:05:25.697 [DEBUG   ] Pipeline fluxnet2015.post_validate directory is '/global/home/users/sytoanngo/ONEFlux/data/US-ARc_sample_output/99_fluxnet2015' [oneflux.pipeline.common]
2025-06-13 08:05:25.698 [DEBUG   ] Pipeline fluxnet2015.post_validate in '/global/home/users/sytoanngo/ONEFlux/data/US-ARc_sample_output/99_fluxnet2015' found file pattern 'FLX_US-ARc_FLUXNET2015_SUBSET_????-????_*-*.zip' (1 occurrences): ['FLX_US-ARc_FLUXNET2015_SUBSET_2005-2006_beta-5.zip'] [oneflux.pipeline.common]
2025-06-13 08:05:25.698 [INFO    ] Checking FLUXNET2015 FULLSET data product files for variables (US-ARc) [oneflux.pipeline.wrappers]
2025-06-13 08:05:25.699 [INFO    ] Variable 'PPFD_DIF' might be missing from headers of file: /global/home/users/sytoanngo/ONEFlux/data/US-ARc_sample_output/99_fluxnet2015/FLX_US-ARc_FLUXNET2015_FULLSET_DD_2005-2006_beta-5.csv [oneflux.pipeline.common]
2025-06-13 08:05:25.699 [INFO    ] Variable 'PPFD_DIF_QC' might be missing from headers of file: /global/home/users/sytoanngo/ONEFlux/data/US-ARc_sample_output/99_fluxnet2015/FLX_US-ARc_FLUXNET2015_FULLSET_DD_2005-2006_beta-5.csv [oneflux.pipeline.common]
2025-06-13 08:05:25.699 [INFO    ] Variable 'PPFD_OUT' might be missing from headers of file: /global/home/users/sytoanngo/ONEFlux/data/US-ARc_sample_output/99_fluxnet2015/FLX_US-ARc_FLUXNET2015_FULLSET_DD_2005-2006_beta-5.csv [oneflux.pipeline.common]
2025-06-13 08:05:25.699 [INFO    ] Variable 'PPFD_OUT_QC' might be missing from headers of file: /global/home/users/sytoanngo/ONEFlux/data/US-ARc_sample_output/99_fluxnet2015/FLX_US-ARc_FLUXNET2015_FULLSET_DD_2005-2006_beta-5.csv [oneflux.pipeline.common]
2025-06-13 08:05:25.699 [INFO    ] Variable 'SW_DIF' might be missing from headers of file: /global/home/users/sytoanngo/ONEFlux/data/US-ARc_sample_output/99_fluxnet2015/FLX_US-ARc_FLUXNET2015_FULLSET_DD_2005-2006_beta-5.csv [oneflux.pipeline.common]
2025-06-13 08:05:25.700 [INFO    ] Variable 'SW_DIF_QC' might be missing from headers of file: /global/home/users/sytoanngo/ONEFlux/data/US-ARc_sample_output/99_fluxnet2015/FLX_US-ARc_FLUXNET2015_FULLSET_DD_2005-2006_beta-5.csv [oneflux.pipeline.common]
2025-06-13 08:05:25.700 [INFO    ] Variable 'SW_OUT' might be missing from headers of file: /global/home/users/sytoanngo/ONEFlux/data/US-ARc_sample_output/99_fluxnet2015/FLX_US-ARc_FLUXNET2015_FULLSET_DD_2005-2006_beta-5.csv [oneflux.pipeline.common]
2025-06-13 08:05:25.700 [INFO    ] Variable 'SW_OUT_QC' might be missing from headers of file: /global/home/users/sytoanngo/ONEFlux/data/US-ARc_sample_output/99_fluxnet2015/FLX_US-ARc_FLUXNET2015_FULLSET_DD_2005-2006_beta-5.csv [oneflux.pipeline.common]
2025-06-13 08:05:25.700 [INFO    ] Variable 'LW_OUT' might be missing from headers of file: /global/home/users/sytoanngo/ONEFlux/data/US-ARc_sample_output/99_fluxnet2015/FLX_US-ARc_FLUXNET2015_FULLSET_DD_2005-2006_beta-5.csv [oneflux.pipeline.common]
2025-06-13 08:05:25.700 [INFO    ] Variable 'LW_OUT_QC' might be missing from headers of file: /global/home/users/sytoanngo/ONEFlux/data/US-ARc_sample_output/99_fluxnet2015/FLX_US-ARc_FLUXNET2015_FULLSET_DD_2005-2006_beta-5.csv [oneflux.pipeline.common]
2025-06-13 08:05:25.700 [INFO    ] Variable 'PA' might be missing from headers of file: /global/home/users/sytoanngo/ONEFlux/data/US-ARc_sample_output/99_fluxnet2015/FLX_US-ARc_FLUXNET2015_FULLSET_DD_2005-2006_beta-5.csv [oneflux.pipeline.common]
2025-06-13 08:05:25.700 [INFO    ] Variable 'P' might be missing from headers of file: /global/home/users/sytoanngo/ONEFlux/data/US-ARc_sample_output/99_fluxnet2015/FLX_US-ARc_FLUXNET2015_FULLSET_DD_2005-2006_beta-5.csv [oneflux.pipeline.common]
2025-06-13 08:05:25.700 [INFO    ] Variable 'WS' might be missing from headers of file: /global/home/users/sytoanngo/ONEFlux/data/US-ARc_sample_output/99_fluxnet2015/FLX_US-ARc_FLUXNET2015_FULLSET_DD_2005-2006_beta-5.csv [oneflux.pipeline.common]
2025-06-13 08:05:25.700 [INFO    ] Variable 'WD' might be missing from headers of file: /global/home/users/sytoanngo/ONEFlux/data/US-ARc_sample_output/99_fluxnet2015/FLX_US-ARc_FLUXNET2015_FULLSET_DD_2005-2006_beta-5.csv [oneflux.pipeline.common]
2025-06-13 08:05:25.700 [INFO    ] Variable 'RH' might be missing from headers of file: /global/home/users/sytoanngo/ONEFlux/data/US-ARc_sample_output/99_fluxnet2015/FLX_US-ARc_FLUXNET2015_FULLSET_DD_2005-2006_beta-5.csv [oneflux.pipeline.common]
2025-06-13 08:05:25.700 [INFO    ] Variable 'LE_RANDUNC_METHOD' might be missing from headers of file: /global/home/users/sytoanngo/ONEFlux/data/US-ARc_sample_output/99_fluxnet2015/FLX_US-ARc_FLUXNET2015_FULLSET_DD_2005-2006_beta-5.csv [oneflux.pipeline.common]
2025-06-13 08:05:25.700 [INFO    ] Variable 'LE_RANDUNC_N' might be missing from headers of file: /global/home/users/sytoanngo/ONEFlux/data/US-ARc_sample_output/99_fluxnet2015/FLX_US-ARc_FLUXNET2015_FULLSET_DD_2005-2006_beta-5.csv [oneflux.pipeline.common]
2025-06-13 08:05:25.700 [INFO    ] Variable 'H_RANDUNC_METHOD' might be missing from headers of file: /global/home/users/sytoanngo/ONEFlux/data/US-ARc_sample_output/99_fluxnet2015/FLX_US-ARc_FLUXNET2015_FULLSET_DD_2005-2006_beta-5.csv [oneflux.pipeline.common]
2025-06-13 08:05:25.701 [INFO    ] Variable 'H_RANDUNC_N' might be missing from headers of file: /global/home/users/sytoanngo/ONEFlux/data/US-ARc_sample_output/99_fluxnet2015/FLX_US-ARc_FLUXNET2015_FULLSET_DD_2005-2006_beta-5.csv [oneflux.pipeline.common]
2025-06-13 08:05:25.701 [INFO    ] Variable 'NEE_CUT_REF' might be missing from headers of file: /global/home/users/sytoanngo/ONEFlux/data/US-ARc_sample_output/99_fluxnet2015/FLX_US-ARc_FLUXNET2015_FULLSET_DD_2005-2006_beta-5.csv [oneflux.pipeline.common]
2025-06-13 08:05:25.701 [INFO    ] Variable 'NEE_CUT_REF_QC' might be missing from headers of file: /global/home/users/sytoanngo/ONEFlux/data/US-ARc_sample_output/99_fluxnet2015/FLX_US-ARc_FLUXNET2015_FULLSET_DD_2005-2006_beta-5.csv [oneflux.pipeline.common]
2025-06-13 08:05:25.701 [INFO    ] Variable 'NEE_CUT_REF_RANDUNC' might be missing from headers of file: /global/home/users/sytoanngo/ONEFlux/data/US-ARc_sample_output/99_fluxnet2015/FLX_US-ARc_FLUXNET2015_FULLSET_DD_2005-2006_beta-5.csv [oneflux.pipeline.common]
2025-06-13 08:05:25.701 [INFO    ] Variable 'RECO_NT_CUT_REF' might be missing from headers of file: /global/home/users/sytoanngo/ONEFlux/data/US-ARc_sample_output/99_fluxnet2015/FLX_US-ARc_FLUXNET2015_FULLSET_DD_2005-2006_beta-5.csv [oneflux.pipeline.common]
2025-06-13 08:05:25.701 [INFO    ] Variable 'GPP_NT_CUT_REF' might be missing from headers of file: /global/home/users/sytoanngo/ONEFlux/data/US-ARc_sample_output/99_fluxnet2015/FLX_US-ARc_FLUXNET2015_FULLSET_DD_2005-2006_beta-5.csv [oneflux.pipeline.common]
2025-06-13 08:05:25.701 [INFO    ] Variable 'RECO_DT_CUT_REF' might be missing from headers of file: /global/home/users/sytoanngo/ONEFlux/data/US-ARc_sample_output/99_fluxnet2015/FLX_US-ARc_FLUXNET2015_FULLSET_DD_2005-2006_beta-5.csv [oneflux.pipeline.common]
2025-06-13 08:05:25.701 [INFO    ] Variable 'GPP_DT_CUT_REF' might be missing from headers of file: /global/home/users/sytoanngo/ONEFlux/data/US-ARc_sample_output/99_fluxnet2015/FLX_US-ARc_FLUXNET2015_FULLSET_DD_2005-2006_beta-5.csv [oneflux.pipeline.common]
2025-06-13 08:05:25.701 [INFO    ] Variable 'TS_F_MDS_2' might be missing from headers of file: /global/home/users/sytoanngo/ONEFlux/data/US-ARc_sample_output/99_fluxnet2015/FLX_US-ARc_FLUXNET2015_FULLSET_DD_2005-2006_beta-5.csv [oneflux.pipeline.common]
2025-06-13 08:05:25.701 [INFO    ] Variable 'TS_F_MDS_3' might be missing from headers of file: /global/home/users/sytoanngo/ONEFlux/data/US-ARc_sample_output/99_fluxnet2015/FLX_US-ARc_FLUXNET2015_FULLSET_DD_2005-2006_beta-5.csv [oneflux.pipeline.common]
2025-06-13 08:05:25.701 [INFO    ] Variable 'TS_F_MDS_4' might be missing from headers of file: /global/home/users/sytoanngo/ONEFlux/data/US-ARc_sample_output/99_fluxnet2015/FLX_US-ARc_FLUXNET2015_FULLSET_DD_2005-2006_beta-5.csv [oneflux.pipeline.common]
2025-06-13 08:05:25.701 [INFO    ] Variable 'TS_F_MDS_5' might be missing from headers of file: /global/home/users/sytoanngo/ONEFlux/data/US-ARc_sample_output/99_fluxnet2015/FLX_US-ARc_FLUXNET2015_FULLSET_DD_2005-2006_beta-5.csv [oneflux.pipeline.common]
2025-06-13 08:05:25.701 [INFO    ] Variable 'TS_F_MDS_6' might be missing from headers of file: /global/home/users/sytoanngo/ONEFlux/data/US-ARc_sample_output/99_fluxnet2015/FLX_US-ARc_FLUXNET2015_FULLSET_DD_2005-2006_beta-5.csv [oneflux.pipeline.common]
2025-06-13 08:05:25.701 [INFO    ] Variable 'TS_F_MDS_7' might be missing from headers of file: /global/home/users/sytoanngo/ONEFlux/data/US-ARc_sample_output/99_fluxnet2015/FLX_US-ARc_FLUXNET2015_FULLSET_DD_2005-2006_beta-5.csv [oneflux.pipeline.common]
2025-06-13 08:05:25.702 [INFO    ] Variable 'TS_F_MDS_8' might be missing from headers of file: /global/home/users/sytoanngo/ONEFlux/data/US-ARc_sample_output/99_fluxnet2015/FLX_US-ARc_FLUXNET2015_FULLSET_DD_2005-2006_beta-5.csv [oneflux.pipeline.common]
2025-06-13 08:05:25.702 [INFO    ] Variable 'TS_F_MDS_9' might be missing from headers of file: /global/home/users/sytoanngo/ONEFlux/data/US-ARc_sample_output/99_fluxnet2015/FLX_US-ARc_FLUXNET2015_FULLSET_DD_2005-2006_beta-5.csv [oneflux.pipeline.common]
2025-06-13 08:05:25.702 [INFO    ] Variable 'TS_F_MDS_10' might be missing from headers of file: /global/home/users/sytoanngo/ONEFlux/data/US-ARc_sample_output/99_fluxnet2015/FLX_US-ARc_FLUXNET2015_FULLSET_DD_2005-2006_beta-5.csv [oneflux.pipeline.common]
2025-06-13 08:05:25.702 [INFO    ] Variable 'TS_F_MDS_11' might be missing from headers of file: /global/home/users/sytoanngo/ONEFlux/data/US-ARc_sample_output/99_fluxnet2015/FLX_US-ARc_FLUXNET2015_FULLSET_DD_2005-2006_beta-5.csv [oneflux.pipeline.common]
2025-06-13 08:05:25.702 [INFO    ] Variable 'TS_F_MDS_12' might be missing from headers of file: /global/home/users/sytoanngo/ONEFlux/data/US-ARc_sample_output/99_fluxnet2015/FLX_US-ARc_FLUXNET2015_FULLSET_DD_2005-2006_beta-5.csv [oneflux.pipeline.common]
2025-06-13 08:05:25.702 [INFO    ] Variable 'TS_F_MDS_13' might be missing from headers of file: /global/home/users/sytoanngo/ONEFlux/data/US-ARc_sample_output/99_fluxnet2015/FLX_US-ARc_FLUXNET2015_FULLSET_DD_2005-2006_beta-5.csv [oneflux.pipeline.common]
2025-06-13 08:05:25.702 [INFO    ] Variable 'TS_F_MDS_14' might be missing from headers of file: /global/home/users/sytoanngo/ONEFlux/data/US-ARc_sample_output/99_fluxnet2015/FLX_US-ARc_FLUXNET2015_FULLSET_DD_2005-2006_beta-5.csv [oneflux.pipeline.common]
2025-06-13 08:05:25.702 [INFO    ] Variable 'TS_F_MDS_15' might be missing from headers of file: /global/home/users/sytoanngo/ONEFlux/data/US-ARc_sample_output/99_fluxnet2015/FLX_US-ARc_FLUXNET2015_FULLSET_DD_2005-2006_beta-5.csv [oneflux.pipeline.common]
2025-06-13 08:05:25.702 [INFO    ] Variable 'TS_F_MDS_16' might be missing from headers of file: /global/home/users/sytoanngo/ONEFlux/data/US-ARc_sample_output/99_fluxnet2015/FLX_US-ARc_FLUXNET2015_FULLSET_DD_2005-2006_beta-5.csv [oneflux.pipeline.common]
2025-06-13 08:05:25.702 [INFO    ] Variable 'TS_F_MDS_17' might be missing from headers of file: /global/home/users/sytoanngo/ONEFlux/data/US-ARc_sample_output/99_fluxnet2015/FLX_US-ARc_FLUXNET2015_FULLSET_DD_2005-2006_beta-5.csv [oneflux.pipeline.common]
2025-06-13 08:05:25.702 [INFO    ] Variable 'TS_F_MDS_18' might be missing from headers of file: /global/home/users/sytoanngo/ONEFlux/data/US-ARc_sample_output/99_fluxnet2015/FLX_US-ARc_FLUXNET2015_FULLSET_DD_2005-2006_beta-5.csv [oneflux.pipeline.common]
2025-06-13 08:05:25.702 [INFO    ] Variable 'TS_F_MDS_19' might be missing from headers of file: /global/home/users/sytoanngo/ONEFlux/data/US-ARc_sample_output/99_fluxnet2015/FLX_US-ARc_FLUXNET2015_FULLSET_DD_2005-2006_beta-5.csv [oneflux.pipeline.common]
2025-06-13 08:05:25.702 [INFO    ] Variable 'TS_F_MDS_2_QC' might be missing from headers of file: /global/home/users/sytoanngo/ONEFlux/data/US-ARc_sample_output/99_fluxnet2015/FLX_US-ARc_FLUXNET2015_FULLSET_DD_2005-2006_beta-5.csv [oneflux.pipeline.common]
2025-06-13 08:05:25.703 [INFO    ] Variable 'TS_F_MDS_3_QC' might be missing from headers of file: /global/home/users/sytoanngo/ONEFlux/data/US-ARc_sample_output/99_fluxnet2015/FLX_US-ARc_FLUXNET2015_FULLSET_DD_2005-2006_beta-5.csv [oneflux.pipeline.common]
2025-06-13 08:05:25.703 [INFO    ] Variable 'TS_F_MDS_4_QC' might be missing from headers of file: /global/home/users/sytoanngo/ONEFlux/data/US-ARc_sample_output/99_fluxnet2015/FLX_US-ARc_FLUXNET2015_FULLSET_DD_2005-2006_beta-5.csv [oneflux.pipeline.common]
2025-06-13 08:05:25.703 [INFO    ] Variable 'TS_F_MDS_5_QC' might be missing from headers of file: /global/home/users/sytoanngo/ONEFlux/data/US-ARc_sample_output/99_fluxnet2015/FLX_US-ARc_FLUXNET2015_FULLSET_DD_2005-2006_beta-5.csv [oneflux.pipeline.common]
2025-06-13 08:05:25.703 [INFO    ] Variable 'TS_F_MDS_6_QC' might be missing from headers of file: /global/home/users/sytoanngo/ONEFlux/data/US-ARc_sample_output/99_fluxnet2015/FLX_US-ARc_FLUXNET2015_FULLSET_DD_2005-2006_beta-5.csv [oneflux.pipeline.common]
2025-06-13 08:05:25.703 [INFO    ] Variable 'TS_F_MDS_7_QC' might be missing from headers of file: /global/home/users/sytoanngo/ONEFlux/data/US-ARc_sample_output/99_fluxnet2015/FLX_US-ARc_FLUXNET2015_FULLSET_DD_2005-2006_beta-5.csv [oneflux.pipeline.common]
2025-06-13 08:05:25.703 [INFO    ] Variable 'TS_F_MDS_8_QC' might be missing from headers of file: /global/home/users/sytoanngo/ONEFlux/data/US-ARc_sample_output/99_fluxnet2015/FLX_US-ARc_FLUXNET2015_FULLSET_DD_2005-2006_beta-5.csv [oneflux.pipeline.common]
2025-06-13 08:05:25.703 [INFO    ] Variable 'TS_F_MDS_9_QC' might be missing from headers of file: /global/home/users/sytoanngo/ONEFlux/data/US-ARc_sample_output/99_fluxnet2015/FLX_US-ARc_FLUXNET2015_FULLSET_DD_2005-2006_beta-5.csv [oneflux.pipeline.common]
2025-06-13 08:05:25.703 [INFO    ] Variable 'TS_F_MDS_10_QC' might be missing from headers of file: /global/home/users/sytoanngo/ONEFlux/data/US-ARc_sample_output/99_fluxnet2015/FLX_US-ARc_FLUXNET2015_FULLSET_DD_2005-2006_beta-5.csv [oneflux.pipeline.common]
2025-06-13 08:05:25.703 [INFO    ] Variable 'TS_F_MDS_11_QC' might be missing from headers of file: /global/home/users/sytoanngo/ONEFlux/data/US-ARc_sample_output/99_fluxnet2015/FLX_US-ARc_FLUXNET2015_FULLSET_DD_2005-2006_beta-5.csv [oneflux.pipeline.common]
2025-06-13 08:05:25.703 [INFO    ] Variable 'TS_F_MDS_12_QC' might be missing from headers of file: /global/home/users/sytoanngo/ONEFlux/data/US-ARc_sample_output/99_fluxnet2015/FLX_US-ARc_FLUXNET2015_FULLSET_DD_2005-2006_beta-5.csv [oneflux.pipeline.common]
2025-06-13 08:05:25.703 [INFO    ] Variable 'TS_F_MDS_13_QC' might be missing from headers of file: /global/home/users/sytoanngo/ONEFlux/data/US-ARc_sample_output/99_fluxnet2015/FLX_US-ARc_FLUXNET2015_FULLSET_DD_2005-2006_beta-5.csv [oneflux.pipeline.common]
2025-06-13 08:05:25.703 [INFO    ] Variable 'TS_F_MDS_14_QC' might be missing from headers of file: /global/home/users/sytoanngo/ONEFlux/data/US-ARc_sample_output/99_fluxnet2015/FLX_US-ARc_FLUXNET2015_FULLSET_DD_2005-2006_beta-5.csv [oneflux.pipeline.common]
2025-06-13 08:05:25.703 [INFO    ] Variable 'TS_F_MDS_15_QC' might be missing from headers of file: /global/home/users/sytoanngo/ONEFlux/data/US-ARc_sample_output/99_fluxnet2015/FLX_US-ARc_FLUXNET2015_FULLSET_DD_2005-2006_beta-5.csv [oneflux.pipeline.common]
2025-06-13 08:05:25.703 [INFO    ] Variable 'TS_F_MDS_16_QC' might be missing from headers of file: /global/home/users/sytoanngo/ONEFlux/data/US-ARc_sample_output/99_fluxnet2015/FLX_US-ARc_FLUXNET2015_FULLSET_DD_2005-2006_beta-5.csv [oneflux.pipeline.common]
2025-06-13 08:05:25.704 [INFO    ] Variable 'TS_F_MDS_17_QC' might be missing from headers of file: /global/home/users/sytoanngo/ONEFlux/data/US-ARc_sample_output/99_fluxnet2015/FLX_US-ARc_FLUXNET2015_FULLSET_DD_2005-2006_beta-5.csv [oneflux.pipeline.common]
2025-06-13 08:05:25.704 [INFO    ] Variable 'TS_F_MDS_18_QC' might be missing from headers of file: /global/home/users/sytoanngo/ONEFlux/data/US-ARc_sample_output/99_fluxnet2015/FLX_US-ARc_FLUXNET2015_FULLSET_DD_2005-2006_beta-5.csv [oneflux.pipeline.common]
2025-06-13 08:05:25.704 [INFO    ] Variable 'TS_F_MDS_19_QC' might be missing from headers of file: /global/home/users/sytoanngo/ONEFlux/data/US-ARc_sample_output/99_fluxnet2015/FLX_US-ARc_FLUXNET2015_FULLSET_DD_2005-2006_beta-5.csv [oneflux.pipeline.common]
2025-06-13 08:05:25.704 [INFO    ] Variable 'SWC_F_MDS_2' might be missing from headers of file: /global/home/users/sytoanngo/ONEFlux/data/US-ARc_sample_output/99_fluxnet2015/FLX_US-ARc_FLUXNET2015_FULLSET_DD_2005-2006_beta-5.csv [oneflux.pipeline.common]
2025-06-13 08:05:25.704 [INFO    ] Variable 'SWC_F_MDS_3' might be missing from headers of file: /global/home/users/sytoanngo/ONEFlux/data/US-ARc_sample_output/99_fluxnet2015/FLX_US-ARc_FLUXNET2015_FULLSET_DD_2005-2006_beta-5.csv [oneflux.pipeline.common]
2025-06-13 08:05:25.704 [INFO    ] Variable 'SWC_F_MDS_4' might be missing from headers of file: /global/home/users/sytoanngo/ONEFlux/data/US-ARc_sample_output/99_fluxnet2015/FLX_US-ARc_FLUXNET2015_FULLSET_DD_2005-2006_beta-5.csv [oneflux.pipeline.common]
2025-06-13 08:05:25.704 [INFO    ] Variable 'SWC_F_MDS_5' might be missing from headers of file: /global/home/users/sytoanngo/ONEFlux/data/US-ARc_sample_output/99_fluxnet2015/FLX_US-ARc_FLUXNET2015_FULLSET_DD_2005-2006_beta-5.csv [oneflux.pipeline.common]
2025-06-13 08:05:25.704 [INFO    ] Variable 'SWC_F_MDS_6' might be missing from headers of file: /global/home/users/sytoanngo/ONEFlux/data/US-ARc_sample_output/99_fluxnet2015/FLX_US-ARc_FLUXNET2015_FULLSET_DD_2005-2006_beta-5.csv [oneflux.pipeline.common]
2025-06-13 08:05:25.704 [INFO    ] Variable 'SWC_F_MDS_7' might be missing from headers of file: /global/home/users/sytoanngo/ONEFlux/data/US-ARc_sample_output/99_fluxnet2015/FLX_US-ARc_FLUXNET2015_FULLSET_DD_2005-2006_beta-5.csv [oneflux.pipeline.common]
2025-06-13 08:05:25.704 [INFO    ] Variable 'SWC_F_MDS_8' might be missing from headers of file: /global/home/users/sytoanngo/ONEFlux/data/US-ARc_sample_output/99_fluxnet2015/FLX_US-ARc_FLUXNET2015_FULLSET_DD_2005-2006_beta-5.csv [oneflux.pipeline.common]
2025-06-13 08:05:25.704 [INFO    ] Variable 'SWC_F_MDS_9' might be missing from headers of file: /global/home/users/sytoanngo/ONEFlux/data/US-ARc_sample_output/99_fluxnet2015/FLX_US-ARc_FLUXNET2015_FULLSET_DD_2005-2006_beta-5.csv [oneflux.pipeline.common]
2025-06-13 08:05:25.704 [INFO    ] Variable 'SWC_F_MDS_10' might be missing from headers of file: /global/home/users/sytoanngo/ONEFlux/data/US-ARc_sample_output/99_fluxnet2015/FLX_US-ARc_FLUXNET2015_FULLSET_DD_2005-2006_beta-5.csv [oneflux.pipeline.common]
2025-06-13 08:05:25.704 [INFO    ] Variable 'SWC_F_MDS_11' might be missing from headers of file: /global/home/users/sytoanngo/ONEFlux/data/US-ARc_sample_output/99_fluxnet2015/FLX_US-ARc_FLUXNET2015_FULLSET_DD_2005-2006_beta-5.csv [oneflux.pipeline.common]
2025-06-13 08:05:25.704 [INFO    ] Variable 'SWC_F_MDS_12' might be missing from headers of file: /global/home/users/sytoanngo/ONEFlux/data/US-ARc_sample_output/99_fluxnet2015/FLX_US-ARc_FLUXNET2015_FULLSET_DD_2005-2006_beta-5.csv [oneflux.pipeline.common]
2025-06-13 08:05:25.705 [INFO    ] Variable 'SWC_F_MDS_13' might be missing from headers of file: /global/home/users/sytoanngo/ONEFlux/data/US-ARc_sample_output/99_fluxnet2015/FLX_US-ARc_FLUXNET2015_FULLSET_DD_2005-2006_beta-5.csv [oneflux.pipeline.common]
2025-06-13 08:05:25.705 [INFO    ] Variable 'SWC_F_MDS_14' might be missing from headers of file: /global/home/users/sytoanngo/ONEFlux/data/US-ARc_sample_output/99_fluxnet2015/FLX_US-ARc_FLUXNET2015_FULLSET_DD_2005-2006_beta-5.csv [oneflux.pipeline.common]
2025-06-13 08:05:25.705 [INFO    ] Variable 'SWC_F_MDS_15' might be missing from headers of file: /global/home/users/sytoanngo/ONEFlux/data/US-ARc_sample_output/99_fluxnet2015/FLX_US-ARc_FLUXNET2015_FULLSET_DD_2005-2006_beta-5.csv [oneflux.pipeline.common]
2025-06-13 08:05:25.705 [INFO    ] Variable 'SWC_F_MDS_16' might be missing from headers of file: /global/home/users/sytoanngo/ONEFlux/data/US-ARc_sample_output/99_fluxnet2015/FLX_US-ARc_FLUXNET2015_FULLSET_DD_2005-2006_beta-5.csv [oneflux.pipeline.common]
2025-06-13 08:05:25.705 [INFO    ] Variable 'SWC_F_MDS_17' might be missing from headers of file: /global/home/users/sytoanngo/ONEFlux/data/US-ARc_sample_output/99_fluxnet2015/FLX_US-ARc_FLUXNET2015_FULLSET_DD_2005-2006_beta-5.csv [oneflux.pipeline.common]
2025-06-13 08:05:25.705 [INFO    ] Variable 'SWC_F_MDS_18' might be missing from headers of file: /global/home/users/sytoanngo/ONEFlux/data/US-ARc_sample_output/99_fluxnet2015/FLX_US-ARc_FLUXNET2015_FULLSET_DD_2005-2006_beta-5.csv [oneflux.pipeline.common]
2025-06-13 08:05:25.705 [INFO    ] Variable 'SWC_F_MDS_19' might be missing from headers of file: /global/home/users/sytoanngo/ONEFlux/data/US-ARc_sample_output/99_fluxnet2015/FLX_US-ARc_FLUXNET2015_FULLSET_DD_2005-2006_beta-5.csv [oneflux.pipeline.common]
2025-06-13 08:05:25.705 [INFO    ] Variable 'SWC_F_MDS_2_QC' might be missing from headers of file: /global/home/users/sytoanngo/ONEFlux/data/US-ARc_sample_output/99_fluxnet2015/FLX_US-ARc_FLUXNET2015_FULLSET_DD_2005-2006_beta-5.csv [oneflux.pipeline.common]
2025-06-13 08:05:25.705 [INFO    ] Variable 'SWC_F_MDS_3_QC' might be missing from headers of file: /global/home/users/sytoanngo/ONEFlux/data/US-ARc_sample_output/99_fluxnet2015/FLX_US-ARc_FLUXNET2015_FULLSET_DD_2005-2006_beta-5.csv [oneflux.pipeline.common]
2025-06-13 08:05:25.705 [INFO    ] Variable 'SWC_F_MDS_4_QC' might be missing from headers of file: /global/home/users/sytoanngo/ONEFlux/data/US-ARc_sample_output/99_fluxnet2015/FLX_US-ARc_FLUXNET2015_FULLSET_DD_2005-2006_beta-5.csv [oneflux.pipeline.common]
2025-06-13 08:05:25.705 [INFO    ] Variable 'SWC_F_MDS_5_QC' might be missing from headers of file: /global/home/users/sytoanngo/ONEFlux/data/US-ARc_sample_output/99_fluxnet2015/FLX_US-ARc_FLUXNET2015_FULLSET_DD_2005-2006_beta-5.csv [oneflux.pipeline.common]
2025-06-13 08:05:25.705 [INFO    ] Variable 'SWC_F_MDS_6_QC' might be missing from headers of file: /global/home/users/sytoanngo/ONEFlux/data/US-ARc_sample_output/99_fluxnet2015/FLX_US-ARc_FLUXNET2015_FULLSET_DD_2005-2006_beta-5.csv [oneflux.pipeline.common]
2025-06-13 08:05:25.705 [INFO    ] Variable 'SWC_F_MDS_7_QC' might be missing from headers of file: /global/home/users/sytoanngo/ONEFlux/data/US-ARc_sample_output/99_fluxnet2015/FLX_US-ARc_FLUXNET2015_FULLSET_DD_2005-2006_beta-5.csv [oneflux.pipeline.common]
2025-06-13 08:05:25.705 [INFO    ] Variable 'SWC_F_MDS_8_QC' might be missing from headers of file: /global/home/users/sytoanngo/ONEFlux/data/US-ARc_sample_output/99_fluxnet2015/FLX_US-ARc_FLUXNET2015_FULLSET_DD_2005-2006_beta-5.csv [oneflux.pipeline.common]
2025-06-13 08:05:25.706 [INFO    ] Variable 'SWC_F_MDS_9_QC' might be missing from headers of file: /global/home/users/sytoanngo/ONEFlux/data/US-ARc_sample_output/99_fluxnet2015/FLX_US-ARc_FLUXNET2015_FULLSET_DD_2005-2006_beta-5.csv [oneflux.pipeline.common]
2025-06-13 08:05:25.706 [INFO    ] Variable 'SWC_F_MDS_10_QC' might be missing from headers of file: /global/home/users/sytoanngo/ONEFlux/data/US-ARc_sample_output/99_fluxnet2015/FLX_US-ARc_FLUXNET2015_FULLSET_DD_2005-2006_beta-5.csv [oneflux.pipeline.common]
2025-06-13 08:05:25.706 [INFO    ] Variable 'SWC_F_MDS_11_QC' might be missing from headers of file: /global/home/users/sytoanngo/ONEFlux/data/US-ARc_sample_output/99_fluxnet2015/FLX_US-ARc_FLUXNET2015_FULLSET_DD_2005-2006_beta-5.csv [oneflux.pipeline.common]
2025-06-13 08:05:25.706 [INFO    ] Variable 'SWC_F_MDS_12_QC' might be missing from headers of file: /global/home/users/sytoanngo/ONEFlux/data/US-ARc_sample_output/99_fluxnet2015/FLX_US-ARc_FLUXNET2015_FULLSET_DD_2005-2006_beta-5.csv [oneflux.pipeline.common]
2025-06-13 08:05:25.706 [INFO    ] Variable 'SWC_F_MDS_13_QC' might be missing from headers of file: /global/home/users/sytoanngo/ONEFlux/data/US-ARc_sample_output/99_fluxnet2015/FLX_US-ARc_FLUXNET2015_FULLSET_DD_2005-2006_beta-5.csv [oneflux.pipeline.common]
2025-06-13 08:05:25.706 [INFO    ] Variable 'SWC_F_MDS_14_QC' might be missing from headers of file: /global/home/users/sytoanngo/ONEFlux/data/US-ARc_sample_output/99_fluxnet2015/FLX_US-ARc_FLUXNET2015_FULLSET_DD_2005-2006_beta-5.csv [oneflux.pipeline.common]
2025-06-13 08:05:25.706 [INFO    ] Variable 'SWC_F_MDS_15_QC' might be missing from headers of file: /global/home/users/sytoanngo/ONEFlux/data/US-ARc_sample_output/99_fluxnet2015/FLX_US-ARc_FLUXNET2015_FULLSET_DD_2005-2006_beta-5.csv [oneflux.pipeline.common]
2025-06-13 08:05:25.706 [INFO    ] Variable 'SWC_F_MDS_16_QC' might be missing from headers of file: /global/home/users/sytoanngo/ONEFlux/data/US-ARc_sample_output/99_fluxnet2015/FLX_US-ARc_FLUXNET2015_FULLSET_DD_2005-2006_beta-5.csv [oneflux.pipeline.common]
2025-06-13 08:05:25.706 [INFO    ] Variable 'SWC_F_MDS_17_QC' might be missing from headers of file: /global/home/users/sytoanngo/ONEFlux/data/US-ARc_sample_output/99_fluxnet2015/FLX_US-ARc_FLUXNET2015_FULLSET_DD_2005-2006_beta-5.csv [oneflux.pipeline.common]
2025-06-13 08:05:25.706 [INFO    ] Variable 'SWC_F_MDS_18_QC' might be missing from headers of file: /global/home/users/sytoanngo/ONEFlux/data/US-ARc_sample_output/99_fluxnet2015/FLX_US-ARc_FLUXNET2015_FULLSET_DD_2005-2006_beta-5.csv [oneflux.pipeline.common]
2025-06-13 08:05:25.706 [INFO    ] Variable 'SWC_F_MDS_19_QC' might be missing from headers of file: /global/home/users/sytoanngo/ONEFlux/data/US-ARc_sample_output/99_fluxnet2015/FLX_US-ARc_FLUXNET2015_FULLSET_DD_2005-2006_beta-5.csv [oneflux.pipeline.common]
2025-06-13 08:05:25.706 [INFO    ] Variable 'NEE_CUT_05' might be missing from headers of file: /global/home/users/sytoanngo/ONEFlux/data/US-ARc_sample_output/99_fluxnet2015/FLX_US-ARc_FLUXNET2015_FULLSET_DD_2005-2006_beta-5.csv [oneflux.pipeline.common]
2025-06-13 08:05:25.706 [INFO    ] Variable 'NEE_CUT_16' might be missing from headers of file: /global/home/users/sytoanngo/ONEFlux/data/US-ARc_sample_output/99_fluxnet2015/FLX_US-ARc_FLUXNET2015_FULLSET_DD_2005-2006_beta-5.csv [oneflux.pipeline.common]
2025-06-13 08:05:25.707 [INFO    ] Variable 'NEE_CUT_25' might be missing from headers of file: /global/home/users/sytoanngo/ONEFlux/data/US-ARc_sample_output/99_fluxnet2015/FLX_US-ARc_FLUXNET2015_FULLSET_DD_2005-2006_beta-5.csv [oneflux.pipeline.common]
2025-06-13 08:05:25.707 [INFO    ] Variable 'NEE_CUT_50' might be missing from headers of file: /global/home/users/sytoanngo/ONEFlux/data/US-ARc_sample_output/99_fluxnet2015/FLX_US-ARc_FLUXNET2015_FULLSET_DD_2005-2006_beta-5.csv [oneflux.pipeline.common]
2025-06-13 08:05:25.707 [INFO    ] Variable 'NEE_CUT_75' might be missing from headers of file: /global/home/users/sytoanngo/ONEFlux/data/US-ARc_sample_output/99_fluxnet2015/FLX_US-ARc_FLUXNET2015_FULLSET_DD_2005-2006_beta-5.csv [oneflux.pipeline.common]
2025-06-13 08:05:25.707 [INFO    ] Variable 'NEE_CUT_84' might be missing from headers of file: /global/home/users/sytoanngo/ONEFlux/data/US-ARc_sample_output/99_fluxnet2015/FLX_US-ARc_FLUXNET2015_FULLSET_DD_2005-2006_beta-5.csv [oneflux.pipeline.common]
2025-06-13 08:05:25.707 [INFO    ] Variable 'NEE_CUT_95' might be missing from headers of file: /global/home/users/sytoanngo/ONEFlux/data/US-ARc_sample_output/99_fluxnet2015/FLX_US-ARc_FLUXNET2015_FULLSET_DD_2005-2006_beta-5.csv [oneflux.pipeline.common]
2025-06-13 08:05:25.707 [INFO    ] Variable 'NEE_CUT_05_QC' might be missing from headers of file: /global/home/users/sytoanngo/ONEFlux/data/US-ARc_sample_output/99_fluxnet2015/FLX_US-ARc_FLUXNET2015_FULLSET_DD_2005-2006_beta-5.csv [oneflux.pipeline.common]
2025-06-13 08:05:25.707 [INFO    ] Variable 'NEE_CUT_16_QC' might be missing from headers of file: /global/home/users/sytoanngo/ONEFlux/data/US-ARc_sample_output/99_fluxnet2015/FLX_US-ARc_FLUXNET2015_FULLSET_DD_2005-2006_beta-5.csv [oneflux.pipeline.common]
2025-06-13 08:05:25.707 [INFO    ] Variable 'NEE_CUT_25_QC' might be missing from headers of file: /global/home/users/sytoanngo/ONEFlux/data/US-ARc_sample_output/99_fluxnet2015/FLX_US-ARc_FLUXNET2015_FULLSET_DD_2005-2006_beta-5.csv [oneflux.pipeline.common]
2025-06-13 08:05:25.707 [INFO    ] Variable 'NEE_CUT_50_QC' might be missing from headers of file: /global/home/users/sytoanngo/ONEFlux/data/US-ARc_sample_output/99_fluxnet2015/FLX_US-ARc_FLUXNET2015_FULLSET_DD_2005-2006_beta-5.csv [oneflux.pipeline.common]
2025-06-13 08:05:25.707 [INFO    ] Variable 'NEE_CUT_75_QC' might be missing from headers of file: /global/home/users/sytoanngo/ONEFlux/data/US-ARc_sample_output/99_fluxnet2015/FLX_US-ARc_FLUXNET2015_FULLSET_DD_2005-2006_beta-5.csv [oneflux.pipeline.common]
2025-06-13 08:05:25.707 [INFO    ] Variable 'NEE_CUT_84_QC' might be missing from headers of file: /global/home/users/sytoanngo/ONEFlux/data/US-ARc_sample_output/99_fluxnet2015/FLX_US-ARc_FLUXNET2015_FULLSET_DD_2005-2006_beta-5.csv [oneflux.pipeline.common]
2025-06-13 08:05:25.707 [INFO    ] Variable 'NEE_CUT_95_QC' might be missing from headers of file: /global/home/users/sytoanngo/ONEFlux/data/US-ARc_sample_output/99_fluxnet2015/FLX_US-ARc_FLUXNET2015_FULLSET_DD_2005-2006_beta-5.csv [oneflux.pipeline.common]
2025-06-13 08:05:25.707 [INFO    ] Variable 'RECO_NT_CUT_05' might be missing from headers of file: /global/home/users/sytoanngo/ONEFlux/data/US-ARc_sample_output/99_fluxnet2015/FLX_US-ARc_FLUXNET2015_FULLSET_DD_2005-2006_beta-5.csv [oneflux.pipeline.common]
2025-06-13 08:05:25.707 [INFO    ] Variable 'RECO_NT_CUT_16' might be missing from headers of file: /global/home/users/sytoanngo/ONEFlux/data/US-ARc_sample_output/99_fluxnet2015/FLX_US-ARc_FLUXNET2015_FULLSET_DD_2005-2006_beta-5.csv [oneflux.pipeline.common]
2025-06-13 08:05:25.708 [INFO    ] Variable 'RECO_NT_CUT_25' might be missing from headers of file: /global/home/users/sytoanngo/ONEFlux/data/US-ARc_sample_output/99_fluxnet2015/FLX_US-ARc_FLUXNET2015_FULLSET_DD_2005-2006_beta-5.csv [oneflux.pipeline.common]
2025-06-13 08:05:25.708 [INFO    ] Variable 'RECO_NT_CUT_50' might be missing from headers of file: /global/home/users/sytoanngo/ONEFlux/data/US-ARc_sample_output/99_fluxnet2015/FLX_US-ARc_FLUXNET2015_FULLSET_DD_2005-2006_beta-5.csv [oneflux.pipeline.common]
2025-06-13 08:05:25.708 [INFO    ] Variable 'RECO_NT_CUT_75' might be missing from headers of file: /global/home/users/sytoanngo/ONEFlux/data/US-ARc_sample_output/99_fluxnet2015/FLX_US-ARc_FLUXNET2015_FULLSET_DD_2005-2006_beta-5.csv [oneflux.pipeline.common]
2025-06-13 08:05:25.708 [INFO    ] Variable 'RECO_NT_CUT_84' might be missing from headers of file: /global/home/users/sytoanngo/ONEFlux/data/US-ARc_sample_output/99_fluxnet2015/FLX_US-ARc_FLUXNET2015_FULLSET_DD_2005-2006_beta-5.csv [oneflux.pipeline.common]
2025-06-13 08:05:25.708 [INFO    ] Variable 'RECO_NT_CUT_95' might be missing from headers of file: /global/home/users/sytoanngo/ONEFlux/data/US-ARc_sample_output/99_fluxnet2015/FLX_US-ARc_FLUXNET2015_FULLSET_DD_2005-2006_beta-5.csv [oneflux.pipeline.common]
2025-06-13 08:05:25.708 [INFO    ] Variable 'GPP_NT_CUT_05' might be missing from headers of file: /global/home/users/sytoanngo/ONEFlux/data/US-ARc_sample_output/99_fluxnet2015/FLX_US-ARc_FLUXNET2015_FULLSET_DD_2005-2006_beta-5.csv [oneflux.pipeline.common]
2025-06-13 08:05:25.708 [INFO    ] Variable 'GPP_NT_CUT_16' might be missing from headers of file: /global/home/users/sytoanngo/ONEFlux/data/US-ARc_sample_output/99_fluxnet2015/FLX_US-ARc_FLUXNET2015_FULLSET_DD_2005-2006_beta-5.csv [oneflux.pipeline.common]
2025-06-13 08:05:25.708 [INFO    ] Variable 'GPP_NT_CUT_25' might be missing from headers of file: /global/home/users/sytoanngo/ONEFlux/data/US-ARc_sample_output/99_fluxnet2015/FLX_US-ARc_FLUXNET2015_FULLSET_DD_2005-2006_beta-5.csv [oneflux.pipeline.common]
2025-06-13 08:05:25.708 [INFO    ] Variable 'GPP_NT_CUT_50' might be missing from headers of file: /global/home/users/sytoanngo/ONEFlux/data/US-ARc_sample_output/99_fluxnet2015/FLX_US-ARc_FLUXNET2015_FULLSET_DD_2005-2006_beta-5.csv [oneflux.pipeline.common]
2025-06-13 08:05:25.708 [INFO    ] Variable 'GPP_NT_CUT_75' might be missing from headers of file: /global/home/users/sytoanngo/ONEFlux/data/US-ARc_sample_output/99_fluxnet2015/FLX_US-ARc_FLUXNET2015_FULLSET_DD_2005-2006_beta-5.csv [oneflux.pipeline.common]
2025-06-13 08:05:25.708 [INFO    ] Variable 'GPP_NT_CUT_84' might be missing from headers of file: /global/home/users/sytoanngo/ONEFlux/data/US-ARc_sample_output/99_fluxnet2015/FLX_US-ARc_FLUXNET2015_FULLSET_DD_2005-2006_beta-5.csv [oneflux.pipeline.common]
2025-06-13 08:05:25.708 [INFO    ] Variable 'GPP_NT_CUT_95' might be missing from headers of file: /global/home/users/sytoanngo/ONEFlux/data/US-ARc_sample_output/99_fluxnet2015/FLX_US-ARc_FLUXNET2015_FULLSET_DD_2005-2006_beta-5.csv [oneflux.pipeline.common]
2025-06-13 08:05:25.708 [INFO    ] Variable 'RECO_DT_CUT_05' might be missing from headers of file: /global/home/users/sytoanngo/ONEFlux/data/US-ARc_sample_output/99_fluxnet2015/FLX_US-ARc_FLUXNET2015_FULLSET_DD_2005-2006_beta-5.csv [oneflux.pipeline.common]
2025-06-13 08:05:25.708 [INFO    ] Variable 'RECO_DT_CUT_16' might be missing from headers of file: /global/home/users/sytoanngo/ONEFlux/data/US-ARc_sample_output/99_fluxnet2015/FLX_US-ARc_FLUXNET2015_FULLSET_DD_2005-2006_beta-5.csv [oneflux.pipeline.common]
2025-06-13 08:05:25.709 [INFO    ] Variable 'RECO_DT_CUT_25' might be missing from headers of file: /global/home/users/sytoanngo/ONEFlux/data/US-ARc_sample_output/99_fluxnet2015/FLX_US-ARc_FLUXNET2015_FULLSET_DD_2005-2006_beta-5.csv [oneflux.pipeline.common]
2025-06-13 08:05:25.709 [INFO    ] Variable 'RECO_DT_CUT_50' might be missing from headers of file: /global/home/users/sytoanngo/ONEFlux/data/US-ARc_sample_output/99_fluxnet2015/FLX_US-ARc_FLUXNET2015_FULLSET_DD_2005-2006_beta-5.csv [oneflux.pipeline.common]
2025-06-13 08:05:25.709 [INFO    ] Variable 'RECO_DT_CUT_75' might be missing from headers of file: /global/home/users/sytoanngo/ONEFlux/data/US-ARc_sample_output/99_fluxnet2015/FLX_US-ARc_FLUXNET2015_FULLSET_DD_2005-2006_beta-5.csv [oneflux.pipeline.common]
2025-06-13 08:05:25.709 [INFO    ] Variable 'RECO_DT_CUT_84' might be missing from headers of file: /global/home/users/sytoanngo/ONEFlux/data/US-ARc_sample_output/99_fluxnet2015/FLX_US-ARc_FLUXNET2015_FULLSET_DD_2005-2006_beta-5.csv [oneflux.pipeline.common]
2025-06-13 08:05:25.709 [INFO    ] Variable 'RECO_DT_CUT_95' might be missing from headers of file: /global/home/users/sytoanngo/ONEFlux/data/US-ARc_sample_output/99_fluxnet2015/FLX_US-ARc_FLUXNET2015_FULLSET_DD_2005-2006_beta-5.csv [oneflux.pipeline.common]
2025-06-13 08:05:25.709 [INFO    ] Variable 'GPP_DT_CUT_05' might be missing from headers of file: /global/home/users/sytoanngo/ONEFlux/data/US-ARc_sample_output/99_fluxnet2015/FLX_US-ARc_FLUXNET2015_FULLSET_DD_2005-2006_beta-5.csv [oneflux.pipeline.common]
2025-06-13 08:05:25.709 [INFO    ] Variable 'GPP_DT_CUT_16' might be missing from headers of file: /global/home/users/sytoanngo/ONEFlux/data/US-ARc_sample_output/99_fluxnet2015/FLX_US-ARc_FLUXNET2015_FULLSET_DD_2005-2006_beta-5.csv [oneflux.pipeline.common]
2025-06-13 08:05:25.709 [INFO    ] Variable 'GPP_DT_CUT_25' might be missing from headers of file: /global/home/users/sytoanngo/ONEFlux/data/US-ARc_sample_output/99_fluxnet2015/FLX_US-ARc_FLUXNET2015_FULLSET_DD_2005-2006_beta-5.csv [oneflux.pipeline.common]
2025-06-13 08:05:25.709 [INFO    ] Variable 'GPP_DT_CUT_50' might be missing from headers of file: /global/home/users/sytoanngo/ONEFlux/data/US-ARc_sample_output/99_fluxnet2015/FLX_US-ARc_FLUXNET2015_FULLSET_DD_2005-2006_beta-5.csv [oneflux.pipeline.common]
2025-06-13 08:05:25.709 [INFO    ] Variable 'GPP_DT_CUT_75' might be missing from headers of file: /global/home/users/sytoanngo/ONEFlux/data/US-ARc_sample_output/99_fluxnet2015/FLX_US-ARc_FLUXNET2015_FULLSET_DD_2005-2006_beta-5.csv [oneflux.pipeline.common]
2025-06-13 08:05:25.709 [INFO    ] Variable 'GPP_DT_CUT_84' might be missing from headers of file: /global/home/users/sytoanngo/ONEFlux/data/US-ARc_sample_output/99_fluxnet2015/FLX_US-ARc_FLUXNET2015_FULLSET_DD_2005-2006_beta-5.csv [oneflux.pipeline.common]
2025-06-13 08:05:25.709 [INFO    ] Variable 'GPP_DT_CUT_95' might be missing from headers of file: /global/home/users/sytoanngo/ONEFlux/data/US-ARc_sample_output/99_fluxnet2015/FLX_US-ARc_FLUXNET2015_FULLSET_DD_2005-2006_beta-5.csv [oneflux.pipeline.common]
2025-06-13 08:05:25.710 [INFO    ] Variable 'PPFD_DIF' might be missing from headers of file: /global/home/users/sytoanngo/ONEFlux/data/US-ARc_sample_output/99_fluxnet2015/FLX_US-ARc_FLUXNET2015_FULLSET_DD_2005-2006_beta-5.csv [oneflux.pipeline.common]
2025-06-13 08:05:25.710 [INFO    ] Variable 'PPFD_DIF_QC' might be missing from headers of file: /global/home/users/sytoanngo/ONEFlux/data/US-ARc_sample_output/99_fluxnet2015/FLX_US-ARc_FLUXNET2015_FULLSET_DD_2005-2006_beta-5.csv [oneflux.pipeline.common]
2025-06-13 08:05:25.710 [INFO    ] Variable 'PPFD_OUT' might be missing from headers of file: /global/home/users/sytoanngo/ONEFlux/data/US-ARc_sample_output/99_fluxnet2015/FLX_US-ARc_FLUXNET2015_FULLSET_DD_2005-2006_beta-5.csv [oneflux.pipeline.common]
2025-06-13 08:05:25.710 [INFO    ] Variable 'PPFD_OUT_QC' might be missing from headers of file: /global/home/users/sytoanngo/ONEFlux/data/US-ARc_sample_output/99_fluxnet2015/FLX_US-ARc_FLUXNET2015_FULLSET_DD_2005-2006_beta-5.csv [oneflux.pipeline.common]
2025-06-13 08:05:25.710 [INFO    ] Variable 'SW_DIF' might be missing from headers of file: /global/home/users/sytoanngo/ONEFlux/data/US-ARc_sample_output/99_fluxnet2015/FLX_US-ARc_FLUXNET2015_FULLSET_DD_2005-2006_beta-5.csv [oneflux.pipeline.common]
2025-06-13 08:05:25.710 [INFO    ] Variable 'SW_DIF_QC' might be missing from headers of file: /global/home/users/sytoanngo/ONEFlux/data/US-ARc_sample_output/99_fluxnet2015/FLX_US-ARc_FLUXNET2015_FULLSET_DD_2005-2006_beta-5.csv [oneflux.pipeline.common]
2025-06-13 08:05:25.710 [INFO    ] Variable 'SW_OUT' might be missing from headers of file: /global/home/users/sytoanngo/ONEFlux/data/US-ARc_sample_output/99_fluxnet2015/FLX_US-ARc_FLUXNET2015_FULLSET_DD_2005-2006_beta-5.csv [oneflux.pipeline.common]
2025-06-13 08:05:25.710 [INFO    ] Variable 'SW_OUT_QC' might be missing from headers of file: /global/home/users/sytoanngo/ONEFlux/data/US-ARc_sample_output/99_fluxnet2015/FLX_US-ARc_FLUXNET2015_FULLSET_DD_2005-2006_beta-5.csv [oneflux.pipeline.common]
2025-06-13 08:05:25.710 [INFO    ] Variable 'LW_OUT' might be missing from headers of file: /global/home/users/sytoanngo/ONEFlux/data/US-ARc_sample_output/99_fluxnet2015/FLX_US-ARc_FLUXNET2015_FULLSET_DD_2005-2006_beta-5.csv [oneflux.pipeline.common]
2025-06-13 08:05:25.711 [INFO    ] Variable 'LW_OUT_QC' might be missing from headers of file: /global/home/users/sytoanngo/ONEFlux/data/US-ARc_sample_output/99_fluxnet2015/FLX_US-ARc_FLUXNET2015_FULLSET_DD_2005-2006_beta-5.csv [oneflux.pipeline.common]
2025-06-13 08:05:25.711 [INFO    ] Variable 'PA' might be missing from headers of file: /global/home/users/sytoanngo/ONEFlux/data/US-ARc_sample_output/99_fluxnet2015/FLX_US-ARc_FLUXNET2015_FULLSET_DD_2005-2006_beta-5.csv [oneflux.pipeline.common]
2025-06-13 08:05:25.711 [INFO    ] Variable 'P' might be missing from headers of file: /global/home/users/sytoanngo/ONEFlux/data/US-ARc_sample_output/99_fluxnet2015/FLX_US-ARc_FLUXNET2015_FULLSET_DD_2005-2006_beta-5.csv [oneflux.pipeline.common]
2025-06-13 08:05:25.711 [INFO    ] Variable 'WS' might be missing from headers of file: /global/home/users/sytoanngo/ONEFlux/data/US-ARc_sample_output/99_fluxnet2015/FLX_US-ARc_FLUXNET2015_FULLSET_DD_2005-2006_beta-5.csv [oneflux.pipeline.common]
2025-06-13 08:05:25.711 [INFO    ] Variable 'WD' might be missing from headers of file: /global/home/users/sytoanngo/ONEFlux/data/US-ARc_sample_output/99_fluxnet2015/FLX_US-ARc_FLUXNET2015_FULLSET_DD_2005-2006_beta-5.csv [oneflux.pipeline.common]
2025-06-13 08:05:25.711 [INFO    ] Variable 'RH' might be missing from headers of file: /global/home/users/sytoanngo/ONEFlux/data/US-ARc_sample_output/99_fluxnet2015/FLX_US-ARc_FLUXNET2015_FULLSET_DD_2005-2006_beta-5.csv [oneflux.pipeline.common]
2025-06-13 08:05:25.711 [INFO    ] Variable 'LE_RANDUNC_METHOD' might be missing from headers of file: /global/home/users/sytoanngo/ONEFlux/data/US-ARc_sample_output/99_fluxnet2015/FLX_US-ARc_FLUXNET2015_FULLSET_DD_2005-2006_beta-5.csv [oneflux.pipeline.common]
2025-06-13 08:05:25.711 [INFO    ] Variable 'LE_RANDUNC_N' might be missing from headers of file: /global/home/users/sytoanngo/ONEFlux/data/US-ARc_sample_output/99_fluxnet2015/FLX_US-ARc_FLUXNET2015_FULLSET_DD_2005-2006_beta-5.csv [oneflux.pipeline.common]
2025-06-13 08:05:25.711 [INFO    ] Variable 'H_RANDUNC_METHOD' might be missing from headers of file: /global/home/users/sytoanngo/ONEFlux/data/US-ARc_sample_output/99_fluxnet2015/FLX_US-ARc_FLUXNET2015_FULLSET_DD_2005-2006_beta-5.csv [oneflux.pipeline.common]
2025-06-13 08:05:25.711 [INFO    ] Variable 'H_RANDUNC_N' might be missing from headers of file: /global/home/users/sytoanngo/ONEFlux/data/US-ARc_sample_output/99_fluxnet2015/FLX_US-ARc_FLUXNET2015_FULLSET_DD_2005-2006_beta-5.csv [oneflux.pipeline.common]
2025-06-13 08:05:25.711 [INFO    ] Variable 'NEE_CUT_REF' might be missing from headers of file: /global/home/users/sytoanngo/ONEFlux/data/US-ARc_sample_output/99_fluxnet2015/FLX_US-ARc_FLUXNET2015_FULLSET_DD_2005-2006_beta-5.csv [oneflux.pipeline.common]
2025-06-13 08:05:25.711 [INFO    ] Variable 'NEE_CUT_REF_QC' might be missing from headers of file: /global/home/users/sytoanngo/ONEFlux/data/US-ARc_sample_output/99_fluxnet2015/FLX_US-ARc_FLUXNET2015_FULLSET_DD_2005-2006_beta-5.csv [oneflux.pipeline.common]
2025-06-13 08:05:25.711 [INFO    ] Variable 'NEE_CUT_REF_RANDUNC' might be missing from headers of file: /global/home/users/sytoanngo/ONEFlux/data/US-ARc_sample_output/99_fluxnet2015/FLX_US-ARc_FLUXNET2015_FULLSET_DD_2005-2006_beta-5.csv [oneflux.pipeline.common]
2025-06-13 08:05:25.712 [INFO    ] Variable 'RECO_NT_CUT_REF' might be missing from headers of file: /global/home/users/sytoanngo/ONEFlux/data/US-ARc_sample_output/99_fluxnet2015/FLX_US-ARc_FLUXNET2015_FULLSET_DD_2005-2006_beta-5.csv [oneflux.pipeline.common]
2025-06-13 08:05:25.712 [INFO    ] Variable 'GPP_NT_CUT_REF' might be missing from headers of file: /global/home/users/sytoanngo/ONEFlux/data/US-ARc_sample_output/99_fluxnet2015/FLX_US-ARc_FLUXNET2015_FULLSET_DD_2005-2006_beta-5.csv [oneflux.pipeline.common]
2025-06-13 08:05:25.712 [INFO    ] Variable 'RECO_DT_CUT_REF' might be missing from headers of file: /global/home/users/sytoanngo/ONEFlux/data/US-ARc_sample_output/99_fluxnet2015/FLX_US-ARc_FLUXNET2015_FULLSET_DD_2005-2006_beta-5.csv [oneflux.pipeline.common]
2025-06-13 08:05:25.712 [INFO    ] Variable 'GPP_DT_CUT_REF' might be missing from headers of file: /global/home/users/sytoanngo/ONEFlux/data/US-ARc_sample_output/99_fluxnet2015/FLX_US-ARc_FLUXNET2015_FULLSET_DD_2005-2006_beta-5.csv [oneflux.pipeline.common]
2025-06-13 08:05:25.712 [INFO    ] Variable 'TS_F_MDS_2' might be missing from headers of file: /global/home/users/sytoanngo/ONEFlux/data/US-ARc_sample_output/99_fluxnet2015/FLX_US-ARc_FLUXNET2015_FULLSET_DD_2005-2006_beta-5.csv [oneflux.pipeline.common]
2025-06-13 08:05:25.712 [INFO    ] Variable 'TS_F_MDS_3' might be missing from headers of file: /global/home/users/sytoanngo/ONEFlux/data/US-ARc_sample_output/99_fluxnet2015/FLX_US-ARc_FLUXNET2015_FULLSET_DD_2005-2006_beta-5.csv [oneflux.pipeline.common]
2025-06-13 08:05:25.712 [INFO    ] Variable 'TS_F_MDS_4' might be missing from headers of file: /global/home/users/sytoanngo/ONEFlux/data/US-ARc_sample_output/99_fluxnet2015/FLX_US-ARc_FLUXNET2015_FULLSET_DD_2005-2006_beta-5.csv [oneflux.pipeline.common]
2025-06-13 08:05:25.712 [INFO    ] Variable 'TS_F_MDS_5' might be missing from headers of file: /global/home/users/sytoanngo/ONEFlux/data/US-ARc_sample_output/99_fluxnet2015/FLX_US-ARc_FLUXNET2015_FULLSET_DD_2005-2006_beta-5.csv [oneflux.pipeline.common]
2025-06-13 08:05:25.712 [INFO    ] Variable 'TS_F_MDS_6' might be missing from headers of file: /global/home/users/sytoanngo/ONEFlux/data/US-ARc_sample_output/99_fluxnet2015/FLX_US-ARc_FLUXNET2015_FULLSET_DD_2005-2006_beta-5.csv [oneflux.pipeline.common]
2025-06-13 08:05:25.712 [INFO    ] Variable 'TS_F_MDS_7' might be missing from headers of file: /global/home/users/sytoanngo/ONEFlux/data/US-ARc_sample_output/99_fluxnet2015/FLX_US-ARc_FLUXNET2015_FULLSET_DD_2005-2006_beta-5.csv [oneflux.pipeline.common]
2025-06-13 08:05:25.712 [INFO    ] Variable 'TS_F_MDS_8' might be missing from headers of file: /global/home/users/sytoanngo/ONEFlux/data/US-ARc_sample_output/99_fluxnet2015/FLX_US-ARc_FLUXNET2015_FULLSET_DD_2005-2006_beta-5.csv [oneflux.pipeline.common]
2025-06-13 08:05:25.712 [INFO    ] Variable 'TS_F_MDS_9' might be missing from headers of file: /global/home/users/sytoanngo/ONEFlux/data/US-ARc_sample_output/99_fluxnet2015/FLX_US-ARc_FLUXNET2015_FULLSET_DD_2005-2006_beta-5.csv [oneflux.pipeline.common]
2025-06-13 08:05:25.712 [INFO    ] Variable 'TS_F_MDS_10' might be missing from headers of file: /global/home/users/sytoanngo/ONEFlux/data/US-ARc_sample_output/99_fluxnet2015/FLX_US-ARc_FLUXNET2015_FULLSET_DD_2005-2006_beta-5.csv [oneflux.pipeline.common]
2025-06-13 08:05:25.712 [INFO    ] Variable 'TS_F_MDS_11' might be missing from headers of file: /global/home/users/sytoanngo/ONEFlux/data/US-ARc_sample_output/99_fluxnet2015/FLX_US-ARc_FLUXNET2015_FULLSET_DD_2005-2006_beta-5.csv [oneflux.pipeline.common]
2025-06-13 08:05:25.713 [INFO    ] Variable 'TS_F_MDS_12' might be missing from headers of file: /global/home/users/sytoanngo/ONEFlux/data/US-ARc_sample_output/99_fluxnet2015/FLX_US-ARc_FLUXNET2015_FULLSET_DD_2005-2006_beta-5.csv [oneflux.pipeline.common]
2025-06-13 08:05:25.713 [INFO    ] Variable 'TS_F_MDS_13' might be missing from headers of file: /global/home/users/sytoanngo/ONEFlux/data/US-ARc_sample_output/99_fluxnet2015/FLX_US-ARc_FLUXNET2015_FULLSET_DD_2005-2006_beta-5.csv [oneflux.pipeline.common]
2025-06-13 08:05:25.713 [INFO    ] Variable 'TS_F_MDS_14' might be missing from headers of file: /global/home/users/sytoanngo/ONEFlux/data/US-ARc_sample_output/99_fluxnet2015/FLX_US-ARc_FLUXNET2015_FULLSET_DD_2005-2006_beta-5.csv [oneflux.pipeline.common]
2025-06-13 08:05:25.713 [INFO    ] Variable 'TS_F_MDS_15' might be missing from headers of file: /global/home/users/sytoanngo/ONEFlux/data/US-ARc_sample_output/99_fluxnet2015/FLX_US-ARc_FLUXNET2015_FULLSET_DD_2005-2006_beta-5.csv [oneflux.pipeline.common]
2025-06-13 08:05:25.713 [INFO    ] Variable 'TS_F_MDS_16' might be missing from headers of file: /global/home/users/sytoanngo/ONEFlux/data/US-ARc_sample_output/99_fluxnet2015/FLX_US-ARc_FLUXNET2015_FULLSET_DD_2005-2006_beta-5.csv [oneflux.pipeline.common]
2025-06-13 08:05:25.713 [INFO    ] Variable 'TS_F_MDS_17' might be missing from headers of file: /global/home/users/sytoanngo/ONEFlux/data/US-ARc_sample_output/99_fluxnet2015/FLX_US-ARc_FLUXNET2015_FULLSET_DD_2005-2006_beta-5.csv [oneflux.pipeline.common]
2025-06-13 08:05:25.713 [INFO    ] Variable 'TS_F_MDS_18' might be missing from headers of file: /global/home/users/sytoanngo/ONEFlux/data/US-ARc_sample_output/99_fluxnet2015/FLX_US-ARc_FLUXNET2015_FULLSET_DD_2005-2006_beta-5.csv [oneflux.pipeline.common]
2025-06-13 08:05:25.713 [INFO    ] Variable 'TS_F_MDS_19' might be missing from headers of file: /global/home/users/sytoanngo/ONEFlux/data/US-ARc_sample_output/99_fluxnet2015/FLX_US-ARc_FLUXNET2015_FULLSET_DD_2005-2006_beta-5.csv [oneflux.pipeline.common]
2025-06-13 08:05:25.713 [INFO    ] Variable 'TS_F_MDS_2_QC' might be missing from headers of file: /global/home/users/sytoanngo/ONEFlux/data/US-ARc_sample_output/99_fluxnet2015/FLX_US-ARc_FLUXNET2015_FULLSET_DD_2005-2006_beta-5.csv [oneflux.pipeline.common]
2025-06-13 08:05:25.713 [INFO    ] Variable 'TS_F_MDS_3_QC' might be missing from headers of file: /global/home/users/sytoanngo/ONEFlux/data/US-ARc_sample_output/99_fluxnet2015/FLX_US-ARc_FLUXNET2015_FULLSET_DD_2005-2006_beta-5.csv [oneflux.pipeline.common]
2025-06-13 08:05:25.713 [INFO    ] Variable 'TS_F_MDS_4_QC' might be missing from headers of file: /global/home/users/sytoanngo/ONEFlux/data/US-ARc_sample_output/99_fluxnet2015/FLX_US-ARc_FLUXNET2015_FULLSET_DD_2005-2006_beta-5.csv [oneflux.pipeline.common]
2025-06-13 08:05:25.713 [INFO    ] Variable 'TS_F_MDS_5_QC' might be missing from headers of file: /global/home/users/sytoanngo/ONEFlux/data/US-ARc_sample_output/99_fluxnet2015/FLX_US-ARc_FLUXNET2015_FULLSET_DD_2005-2006_beta-5.csv [oneflux.pipeline.common]
2025-06-13 08:05:25.713 [INFO    ] Variable 'TS_F_MDS_6_QC' might be missing from headers of file: /global/home/users/sytoanngo/ONEFlux/data/US-ARc_sample_output/99_fluxnet2015/FLX_US-ARc_FLUXNET2015_FULLSET_DD_2005-2006_beta-5.csv [oneflux.pipeline.common]
2025-06-13 08:05:25.713 [INFO    ] Variable 'TS_F_MDS_7_QC' might be missing from headers of file: /global/home/users/sytoanngo/ONEFlux/data/US-ARc_sample_output/99_fluxnet2015/FLX_US-ARc_FLUXNET2015_FULLSET_DD_2005-2006_beta-5.csv [oneflux.pipeline.common]
2025-06-13 08:05:25.714 [INFO    ] Variable 'TS_F_MDS_8_QC' might be missing from headers of file: /global/home/users/sytoanngo/ONEFlux/data/US-ARc_sample_output/99_fluxnet2015/FLX_US-ARc_FLUXNET2015_FULLSET_DD_2005-2006_beta-5.csv [oneflux.pipeline.common]
2025-06-13 08:05:25.714 [INFO    ] Variable 'TS_F_MDS_9_QC' might be missing from headers of file: /global/home/users/sytoanngo/ONEFlux/data/US-ARc_sample_output/99_fluxnet2015/FLX_US-ARc_FLUXNET2015_FULLSET_DD_2005-2006_beta-5.csv [oneflux.pipeline.common]
2025-06-13 08:05:25.714 [INFO    ] Variable 'TS_F_MDS_10_QC' might be missing from headers of file: /global/home/users/sytoanngo/ONEFlux/data/US-ARc_sample_output/99_fluxnet2015/FLX_US-ARc_FLUXNET2015_FULLSET_DD_2005-2006_beta-5.csv [oneflux.pipeline.common]
2025-06-13 08:05:25.714 [INFO    ] Variable 'TS_F_MDS_11_QC' might be missing from headers of file: /global/home/users/sytoanngo/ONEFlux/data/US-ARc_sample_output/99_fluxnet2015/FLX_US-ARc_FLUXNET2015_FULLSET_DD_2005-2006_beta-5.csv [oneflux.pipeline.common]
2025-06-13 08:05:25.714 [INFO    ] Variable 'TS_F_MDS_12_QC' might be missing from headers of file: /global/home/users/sytoanngo/ONEFlux/data/US-ARc_sample_output/99_fluxnet2015/FLX_US-ARc_FLUXNET2015_FULLSET_DD_2005-2006_beta-5.csv [oneflux.pipeline.common]
2025-06-13 08:05:25.714 [INFO    ] Variable 'TS_F_MDS_13_QC' might be missing from headers of file: /global/home/users/sytoanngo/ONEFlux/data/US-ARc_sample_output/99_fluxnet2015/FLX_US-ARc_FLUXNET2015_FULLSET_DD_2005-2006_beta-5.csv [oneflux.pipeline.common]
2025-06-13 08:05:25.714 [INFO    ] Variable 'TS_F_MDS_14_QC' might be missing from headers of file: /global/home/users/sytoanngo/ONEFlux/data/US-ARc_sample_output/99_fluxnet2015/FLX_US-ARc_FLUXNET2015_FULLSET_DD_2005-2006_beta-5.csv [oneflux.pipeline.common]
2025-06-13 08:05:25.714 [INFO    ] Variable 'TS_F_MDS_15_QC' might be missing from headers of file: /global/home/users/sytoanngo/ONEFlux/data/US-ARc_sample_output/99_fluxnet2015/FLX_US-ARc_FLUXNET2015_FULLSET_DD_2005-2006_beta-5.csv [oneflux.pipeline.common]
2025-06-13 08:05:25.714 [INFO    ] Variable 'TS_F_MDS_16_QC' might be missing from headers of file: /global/home/users/sytoanngo/ONEFlux/data/US-ARc_sample_output/99_fluxnet2015/FLX_US-ARc_FLUXNET2015_FULLSET_DD_2005-2006_beta-5.csv [oneflux.pipeline.common]
2025-06-13 08:05:25.714 [INFO    ] Variable 'TS_F_MDS_17_QC' might be missing from headers of file: /global/home/users/sytoanngo/ONEFlux/data/US-ARc_sample_output/99_fluxnet2015/FLX_US-ARc_FLUXNET2015_FULLSET_DD_2005-2006_beta-5.csv [oneflux.pipeline.common]
2025-06-13 08:05:25.714 [INFO    ] Variable 'TS_F_MDS_18_QC' might be missing from headers of file: /global/home/users/sytoanngo/ONEFlux/data/US-ARc_sample_output/99_fluxnet2015/FLX_US-ARc_FLUXNET2015_FULLSET_DD_2005-2006_beta-5.csv [oneflux.pipeline.common]
2025-06-13 08:05:25.714 [INFO    ] Variable 'TS_F_MDS_19_QC' might be missing from headers of file: /global/home/users/sytoanngo/ONEFlux/data/US-ARc_sample_output/99_fluxnet2015/FLX_US-ARc_FLUXNET2015_FULLSET_DD_2005-2006_beta-5.csv [oneflux.pipeline.common]
2025-06-13 08:05:25.714 [INFO    ] Variable 'SWC_F_MDS_2' might be missing from headers of file: /global/home/users/sytoanngo/ONEFlux/data/US-ARc_sample_output/99_fluxnet2015/FLX_US-ARc_FLUXNET2015_FULLSET_DD_2005-2006_beta-5.csv [oneflux.pipeline.common]
2025-06-13 08:05:25.714 [INFO    ] Variable 'SWC_F_MDS_3' might be missing from headers of file: /global/home/users/sytoanngo/ONEFlux/data/US-ARc_sample_output/99_fluxnet2015/FLX_US-ARc_FLUXNET2015_FULLSET_DD_2005-2006_beta-5.csv [oneflux.pipeline.common]
2025-06-13 08:05:25.715 [INFO    ] Variable 'SWC_F_MDS_4' might be missing from headers of file: /global/home/users/sytoanngo/ONEFlux/data/US-ARc_sample_output/99_fluxnet2015/FLX_US-ARc_FLUXNET2015_FULLSET_DD_2005-2006_beta-5.csv [oneflux.pipeline.common]
2025-06-13 08:05:25.715 [INFO    ] Variable 'SWC_F_MDS_5' might be missing from headers of file: /global/home/users/sytoanngo/ONEFlux/data/US-ARc_sample_output/99_fluxnet2015/FLX_US-ARc_FLUXNET2015_FULLSET_DD_2005-2006_beta-5.csv [oneflux.pipeline.common]
2025-06-13 08:05:25.715 [INFO    ] Variable 'SWC_F_MDS_6' might be missing from headers of file: /global/home/users/sytoanngo/ONEFlux/data/US-ARc_sample_output/99_fluxnet2015/FLX_US-ARc_FLUXNET2015_FULLSET_DD_2005-2006_beta-5.csv [oneflux.pipeline.common]
2025-06-13 08:05:25.715 [INFO    ] Variable 'SWC_F_MDS_7' might be missing from headers of file: /global/home/users/sytoanngo/ONEFlux/data/US-ARc_sample_output/99_fluxnet2015/FLX_US-ARc_FLUXNET2015_FULLSET_DD_2005-2006_beta-5.csv [oneflux.pipeline.common]
2025-06-13 08:05:25.715 [INFO    ] Variable 'SWC_F_MDS_8' might be missing from headers of file: /global/home/users/sytoanngo/ONEFlux/data/US-ARc_sample_output/99_fluxnet2015/FLX_US-ARc_FLUXNET2015_FULLSET_DD_2005-2006_beta-5.csv [oneflux.pipeline.common]
2025-06-13 08:05:25.715 [INFO    ] Variable 'SWC_F_MDS_9' might be missing from headers of file: /global/home/users/sytoanngo/ONEFlux/data/US-ARc_sample_output/99_fluxnet2015/FLX_US-ARc_FLUXNET2015_FULLSET_DD_2005-2006_beta-5.csv [oneflux.pipeline.common]
2025-06-13 08:05:25.715 [INFO    ] Variable 'SWC_F_MDS_10' might be missing from headers of file: /global/home/users/sytoanngo/ONEFlux/data/US-ARc_sample_output/99_fluxnet2015/FLX_US-ARc_FLUXNET2015_FULLSET_DD_2005-2006_beta-5.csv [oneflux.pipeline.common]
2025-06-13 08:05:25.715 [INFO    ] Variable 'SWC_F_MDS_11' might be missing from headers of file: /global/home/users/sytoanngo/ONEFlux/data/US-ARc_sample_output/99_fluxnet2015/FLX_US-ARc_FLUXNET2015_FULLSET_DD_2005-2006_beta-5.csv [oneflux.pipeline.common]
2025-06-13 08:05:25.715 [INFO    ] Variable 'SWC_F_MDS_12' might be missing from headers of file: /global/home/users/sytoanngo/ONEFlux/data/US-ARc_sample_output/99_fluxnet2015/FLX_US-ARc_FLUXNET2015_FULLSET_DD_2005-2006_beta-5.csv [oneflux.pipeline.common]
2025-06-13 08:05:25.715 [INFO    ] Variable 'SWC_F_MDS_13' might be missing from headers of file: /global/home/users/sytoanngo/ONEFlux/data/US-ARc_sample_output/99_fluxnet2015/FLX_US-ARc_FLUXNET2015_FULLSET_DD_2005-2006_beta-5.csv [oneflux.pipeline.common]
2025-06-13 08:05:25.715 [INFO    ] Variable 'SWC_F_MDS_14' might be missing from headers of file: /global/home/users/sytoanngo/ONEFlux/data/US-ARc_sample_output/99_fluxnet2015/FLX_US-ARc_FLUXNET2015_FULLSET_DD_2005-2006_beta-5.csv [oneflux.pipeline.common]
2025-06-13 08:05:25.715 [INFO    ] Variable 'SWC_F_MDS_15' might be missing from headers of file: /global/home/users/sytoanngo/ONEFlux/data/US-ARc_sample_output/99_fluxnet2015/FLX_US-ARc_FLUXNET2015_FULLSET_DD_2005-2006_beta-5.csv [oneflux.pipeline.common]
2025-06-13 08:05:25.715 [INFO    ] Variable 'SWC_F_MDS_16' might be missing from headers of file: /global/home/users/sytoanngo/ONEFlux/data/US-ARc_sample_output/99_fluxnet2015/FLX_US-ARc_FLUXNET2015_FULLSET_DD_2005-2006_beta-5.csv [oneflux.pipeline.common]
2025-06-13 08:05:25.716 [INFO    ] Variable 'SWC_F_MDS_17' might be missing from headers of file: /global/home/users/sytoanngo/ONEFlux/data/US-ARc_sample_output/99_fluxnet2015/FLX_US-ARc_FLUXNET2015_FULLSET_DD_2005-2006_beta-5.csv [oneflux.pipeline.common]
2025-06-13 08:05:25.716 [INFO    ] Variable 'SWC_F_MDS_18' might be missing from headers of file: /global/home/users/sytoanngo/ONEFlux/data/US-ARc_sample_output/99_fluxnet2015/FLX_US-ARc_FLUXNET2015_FULLSET_DD_2005-2006_beta-5.csv [oneflux.pipeline.common]
2025-06-13 08:05:25.716 [INFO    ] Variable 'SWC_F_MDS_19' might be missing from headers of file: /global/home/users/sytoanngo/ONEFlux/data/US-ARc_sample_output/99_fluxnet2015/FLX_US-ARc_FLUXNET2015_FULLSET_DD_2005-2006_beta-5.csv [oneflux.pipeline.common]
2025-06-13 08:05:25.716 [INFO    ] Variable 'SWC_F_MDS_2_QC' might be missing from headers of file: /global/home/users/sytoanngo/ONEFlux/data/US-ARc_sample_output/99_fluxnet2015/FLX_US-ARc_FLUXNET2015_FULLSET_DD_2005-2006_beta-5.csv [oneflux.pipeline.common]
2025-06-13 08:05:25.716 [INFO    ] Variable 'SWC_F_MDS_3_QC' might be missing from headers of file: /global/home/users/sytoanngo/ONEFlux/data/US-ARc_sample_output/99_fluxnet2015/FLX_US-ARc_FLUXNET2015_FULLSET_DD_2005-2006_beta-5.csv [oneflux.pipeline.common]
2025-06-13 08:05:25.716 [INFO    ] Variable 'SWC_F_MDS_4_QC' might be missing from headers of file: /global/home/users/sytoanngo/ONEFlux/data/US-ARc_sample_output/99_fluxnet2015/FLX_US-ARc_FLUXNET2015_FULLSET_DD_2005-2006_beta-5.csv [oneflux.pipeline.common]
2025-06-13 08:05:25.716 [INFO    ] Variable 'SWC_F_MDS_5_QC' might be missing from headers of file: /global/home/users/sytoanngo/ONEFlux/data/US-ARc_sample_output/99_fluxnet2015/FLX_US-ARc_FLUXNET2015_FULLSET_DD_2005-2006_beta-5.csv [oneflux.pipeline.common]
2025-06-13 08:05:25.716 [INFO    ] Variable 'SWC_F_MDS_6_QC' might be missing from headers of file: /global/home/users/sytoanngo/ONEFlux/data/US-ARc_sample_output/99_fluxnet2015/FLX_US-ARc_FLUXNET2015_FULLSET_DD_2005-2006_beta-5.csv [oneflux.pipeline.common]
2025-06-13 08:05:25.716 [INFO    ] Variable 'SWC_F_MDS_7_QC' might be missing from headers of file: /global/home/users/sytoanngo/ONEFlux/data/US-ARc_sample_output/99_fluxnet2015/FLX_US-ARc_FLUXNET2015_FULLSET_DD_2005-2006_beta-5.csv [oneflux.pipeline.common]
2025-06-13 08:05:25.716 [INFO    ] Variable 'SWC_F_MDS_8_QC' might be missing from headers of file: /global/home/users/sytoanngo/ONEFlux/data/US-ARc_sample_output/99_fluxnet2015/FLX_US-ARc_FLUXNET2015_FULLSET_DD_2005-2006_beta-5.csv [oneflux.pipeline.common]
2025-06-13 08:05:25.716 [INFO    ] Variable 'SWC_F_MDS_9_QC' might be missing from headers of file: /global/home/users/sytoanngo/ONEFlux/data/US-ARc_sample_output/99_fluxnet2015/FLX_US-ARc_FLUXNET2015_FULLSET_DD_2005-2006_beta-5.csv [oneflux.pipeline.common]
2025-06-13 08:05:25.716 [INFO    ] Variable 'SWC_F_MDS_10_QC' might be missing from headers of file: /global/home/users/sytoanngo/ONEFlux/data/US-ARc_sample_output/99_fluxnet2015/FLX_US-ARc_FLUXNET2015_FULLSET_DD_2005-2006_beta-5.csv [oneflux.pipeline.common]
2025-06-13 08:05:25.716 [INFO    ] Variable 'SWC_F_MDS_11_QC' might be missing from headers of file: /global/home/users/sytoanngo/ONEFlux/data/US-ARc_sample_output/99_fluxnet2015/FLX_US-ARc_FLUXNET2015_FULLSET_DD_2005-2006_beta-5.csv [oneflux.pipeline.common]
2025-06-13 08:05:25.716 [INFO    ] Variable 'SWC_F_MDS_12_QC' might be missing from headers of file: /global/home/users/sytoanngo/ONEFlux/data/US-ARc_sample_output/99_fluxnet2015/FLX_US-ARc_FLUXNET2015_FULLSET_DD_2005-2006_beta-5.csv [oneflux.pipeline.common]
2025-06-13 08:05:25.717 [INFO    ] Variable 'SWC_F_MDS_13_QC' might be missing from headers of file: /global/home/users/sytoanngo/ONEFlux/data/US-ARc_sample_output/99_fluxnet2015/FLX_US-ARc_FLUXNET2015_FULLSET_DD_2005-2006_beta-5.csv [oneflux.pipeline.common]
2025-06-13 08:05:25.717 [INFO    ] Variable 'SWC_F_MDS_14_QC' might be missing from headers of file: /global/home/users/sytoanngo/ONEFlux/data/US-ARc_sample_output/99_fluxnet2015/FLX_US-ARc_FLUXNET2015_FULLSET_DD_2005-2006_beta-5.csv [oneflux.pipeline.common]
2025-06-13 08:05:25.717 [INFO    ] Variable 'SWC_F_MDS_15_QC' might be missing from headers of file: /global/home/users/sytoanngo/ONEFlux/data/US-ARc_sample_output/99_fluxnet2015/FLX_US-ARc_FLUXNET2015_FULLSET_DD_2005-2006_beta-5.csv [oneflux.pipeline.common]
2025-06-13 08:05:25.717 [INFO    ] Variable 'SWC_F_MDS_16_QC' might be missing from headers of file: /global/home/users/sytoanngo/ONEFlux/data/US-ARc_sample_output/99_fluxnet2015/FLX_US-ARc_FLUXNET2015_FULLSET_DD_2005-2006_beta-5.csv [oneflux.pipeline.common]
2025-06-13 08:05:25.717 [INFO    ] Variable 'SWC_F_MDS_17_QC' might be missing from headers of file: /global/home/users/sytoanngo/ONEFlux/data/US-ARc_sample_output/99_fluxnet2015/FLX_US-ARc_FLUXNET2015_FULLSET_DD_2005-2006_beta-5.csv [oneflux.pipeline.common]
2025-06-13 08:05:25.717 [INFO    ] Variable 'SWC_F_MDS_18_QC' might be missing from headers of file: /global/home/users/sytoanngo/ONEFlux/data/US-ARc_sample_output/99_fluxnet2015/FLX_US-ARc_FLUXNET2015_FULLSET_DD_2005-2006_beta-5.csv [oneflux.pipeline.common]
2025-06-13 08:05:25.717 [INFO    ] Variable 'SWC_F_MDS_19_QC' might be missing from headers of file: /global/home/users/sytoanngo/ONEFlux/data/US-ARc_sample_output/99_fluxnet2015/FLX_US-ARc_FLUXNET2015_FULLSET_DD_2005-2006_beta-5.csv [oneflux.pipeline.common]
2025-06-13 08:05:25.717 [INFO    ] Variable 'NEE_CUT_05' might be missing from headers of file: /global/home/users/sytoanngo/ONEFlux/data/US-ARc_sample_output/99_fluxnet2015/FLX_US-ARc_FLUXNET2015_FULLSET_DD_2005-2006_beta-5.csv [oneflux.pipeline.common]
2025-06-13 08:05:25.717 [INFO    ] Variable 'NEE_CUT_16' might be missing from headers of file: /global/home/users/sytoanngo/ONEFlux/data/US-ARc_sample_output/99_fluxnet2015/FLX_US-ARc_FLUXNET2015_FULLSET_DD_2005-2006_beta-5.csv [oneflux.pipeline.common]
2025-06-13 08:05:25.717 [INFO    ] Variable 'NEE_CUT_25' might be missing from headers of file: /global/home/users/sytoanngo/ONEFlux/data/US-ARc_sample_output/99_fluxnet2015/FLX_US-ARc_FLUXNET2015_FULLSET_DD_2005-2006_beta-5.csv [oneflux.pipeline.common]
2025-06-13 08:05:25.717 [INFO    ] Variable 'NEE_CUT_50' might be missing from headers of file: /global/home/users/sytoanngo/ONEFlux/data/US-ARc_sample_output/99_fluxnet2015/FLX_US-ARc_FLUXNET2015_FULLSET_DD_2005-2006_beta-5.csv [oneflux.pipeline.common]
2025-06-13 08:05:25.717 [INFO    ] Variable 'NEE_CUT_75' might be missing from headers of file: /global/home/users/sytoanngo/ONEFlux/data/US-ARc_sample_output/99_fluxnet2015/FLX_US-ARc_FLUXNET2015_FULLSET_DD_2005-2006_beta-5.csv [oneflux.pipeline.common]
2025-06-13 08:05:25.717 [INFO    ] Variable 'NEE_CUT_84' might be missing from headers of file: /global/home/users/sytoanngo/ONEFlux/data/US-ARc_sample_output/99_fluxnet2015/FLX_US-ARc_FLUXNET2015_FULLSET_DD_2005-2006_beta-5.csv [oneflux.pipeline.common]
2025-06-13 08:05:25.718 [INFO    ] Variable 'NEE_CUT_95' might be missing from headers of file: /global/home/users/sytoanngo/ONEFlux/data/US-ARc_sample_output/99_fluxnet2015/FLX_US-ARc_FLUXNET2015_FULLSET_DD_2005-2006_beta-5.csv [oneflux.pipeline.common]
2025-06-13 08:05:25.718 [INFO    ] Variable 'NEE_CUT_05_QC' might be missing from headers of file: /global/home/users/sytoanngo/ONEFlux/data/US-ARc_sample_output/99_fluxnet2015/FLX_US-ARc_FLUXNET2015_FULLSET_DD_2005-2006_beta-5.csv [oneflux.pipeline.common]
2025-06-13 08:05:25.718 [INFO    ] Variable 'NEE_CUT_16_QC' might be missing from headers of file: /global/home/users/sytoanngo/ONEFlux/data/US-ARc_sample_output/99_fluxnet2015/FLX_US-ARc_FLUXNET2015_FULLSET_DD_2005-2006_beta-5.csv [oneflux.pipeline.common]
2025-06-13 08:05:25.718 [INFO    ] Variable 'NEE_CUT_25_QC' might be missing from headers of file: /global/home/users/sytoanngo/ONEFlux/data/US-ARc_sample_output/99_fluxnet2015/FLX_US-ARc_FLUXNET2015_FULLSET_DD_2005-2006_beta-5.csv [oneflux.pipeline.common]
2025-06-13 08:05:25.718 [INFO    ] Variable 'NEE_CUT_50_QC' might be missing from headers of file: /global/home/users/sytoanngo/ONEFlux/data/US-ARc_sample_output/99_fluxnet2015/FLX_US-ARc_FLUXNET2015_FULLSET_DD_2005-2006_beta-5.csv [oneflux.pipeline.common]
2025-06-13 08:05:25.718 [INFO    ] Variable 'NEE_CUT_75_QC' might be missing from headers of file: /global/home/users/sytoanngo/ONEFlux/data/US-ARc_sample_output/99_fluxnet2015/FLX_US-ARc_FLUXNET2015_FULLSET_DD_2005-2006_beta-5.csv [oneflux.pipeline.common]
2025-06-13 08:05:25.718 [INFO    ] Variable 'NEE_CUT_84_QC' might be missing from headers of file: /global/home/users/sytoanngo/ONEFlux/data/US-ARc_sample_output/99_fluxnet2015/FLX_US-ARc_FLUXNET2015_FULLSET_DD_2005-2006_beta-5.csv [oneflux.pipeline.common]
2025-06-13 08:05:25.718 [INFO    ] Variable 'NEE_CUT_95_QC' might be missing from headers of file: /global/home/users/sytoanngo/ONEFlux/data/US-ARc_sample_output/99_fluxnet2015/FLX_US-ARc_FLUXNET2015_FULLSET_DD_2005-2006_beta-5.csv [oneflux.pipeline.common]
2025-06-13 08:05:25.718 [INFO    ] Variable 'RECO_NT_CUT_05' might be missing from headers of file: /global/home/users/sytoanngo/ONEFlux/data/US-ARc_sample_output/99_fluxnet2015/FLX_US-ARc_FLUXNET2015_FULLSET_DD_2005-2006_beta-5.csv [oneflux.pipeline.common]
2025-06-13 08:05:25.718 [INFO    ] Variable 'RECO_NT_CUT_16' might be missing from headers of file: /global/home/users/sytoanngo/ONEFlux/data/US-ARc_sample_output/99_fluxnet2015/FLX_US-ARc_FLUXNET2015_FULLSET_DD_2005-2006_beta-5.csv [oneflux.pipeline.common]
2025-06-13 08:05:25.718 [INFO    ] Variable 'RECO_NT_CUT_25' might be missing from headers of file: /global/home/users/sytoanngo/ONEFlux/data/US-ARc_sample_output/99_fluxnet2015/FLX_US-ARc_FLUXNET2015_FULLSET_DD_2005-2006_beta-5.csv [oneflux.pipeline.common]
2025-06-13 08:05:25.718 [INFO    ] Variable 'RECO_NT_CUT_50' might be missing from headers of file: /global/home/users/sytoanngo/ONEFlux/data/US-ARc_sample_output/99_fluxnet2015/FLX_US-ARc_FLUXNET2015_FULLSET_DD_2005-2006_beta-5.csv [oneflux.pipeline.common]
2025-06-13 08:05:25.719 [INFO    ] Variable 'RECO_NT_CUT_75' might be missing from headers of file: /global/home/users/sytoanngo/ONEFlux/data/US-ARc_sample_output/99_fluxnet2015/FLX_US-ARc_FLUXNET2015_FULLSET_DD_2005-2006_beta-5.csv [oneflux.pipeline.common]
2025-06-13 08:05:25.719 [INFO    ] Variable 'RECO_NT_CUT_84' might be missing from headers of file: /global/home/users/sytoanngo/ONEFlux/data/US-ARc_sample_output/99_fluxnet2015/FLX_US-ARc_FLUXNET2015_FULLSET_DD_2005-2006_beta-5.csv [oneflux.pipeline.common]
2025-06-13 08:05:25.719 [INFO    ] Variable 'RECO_NT_CUT_95' might be missing from headers of file: /global/home/users/sytoanngo/ONEFlux/data/US-ARc_sample_output/99_fluxnet2015/FLX_US-ARc_FLUXNET2015_FULLSET_DD_2005-2006_beta-5.csv [oneflux.pipeline.common]
2025-06-13 08:05:25.719 [INFO    ] Variable 'GPP_NT_CUT_05' might be missing from headers of file: /global/home/users/sytoanngo/ONEFlux/data/US-ARc_sample_output/99_fluxnet2015/FLX_US-ARc_FLUXNET2015_FULLSET_DD_2005-2006_beta-5.csv [oneflux.pipeline.common]
2025-06-13 08:05:25.719 [INFO    ] Variable 'GPP_NT_CUT_16' might be missing from headers of file: /global/home/users/sytoanngo/ONEFlux/data/US-ARc_sample_output/99_fluxnet2015/FLX_US-ARc_FLUXNET2015_FULLSET_DD_2005-2006_beta-5.csv [oneflux.pipeline.common]
2025-06-13 08:05:25.719 [INFO    ] Variable 'GPP_NT_CUT_25' might be missing from headers of file: /global/home/users/sytoanngo/ONEFlux/data/US-ARc_sample_output/99_fluxnet2015/FLX_US-ARc_FLUXNET2015_FULLSET_DD_2005-2006_beta-5.csv [oneflux.pipeline.common]
2025-06-13 08:05:25.719 [INFO    ] Variable 'GPP_NT_CUT_50' might be missing from headers of file: /global/home/users/sytoanngo/ONEFlux/data/US-ARc_sample_output/99_fluxnet2015/FLX_US-ARc_FLUXNET2015_FULLSET_DD_2005-2006_beta-5.csv [oneflux.pipeline.common]
2025-06-13 08:05:25.719 [INFO    ] Variable 'GPP_NT_CUT_75' might be missing from headers of file: /global/home/users/sytoanngo/ONEFlux/data/US-ARc_sample_output/99_fluxnet2015/FLX_US-ARc_FLUXNET2015_FULLSET_DD_2005-2006_beta-5.csv [oneflux.pipeline.common]
2025-06-13 08:05:25.719 [INFO    ] Variable 'GPP_NT_CUT_84' might be missing from headers of file: /global/home/users/sytoanngo/ONEFlux/data/US-ARc_sample_output/99_fluxnet2015/FLX_US-ARc_FLUXNET2015_FULLSET_DD_2005-2006_beta-5.csv [oneflux.pipeline.common]
2025-06-13 08:05:25.719 [INFO    ] Variable 'GPP_NT_CUT_95' might be missing from headers of file: /global/home/users/sytoanngo/ONEFlux/data/US-ARc_sample_output/99_fluxnet2015/FLX_US-ARc_FLUXNET2015_FULLSET_DD_2005-2006_beta-5.csv [oneflux.pipeline.common]
2025-06-13 08:05:25.719 [INFO    ] Variable 'RECO_DT_CUT_05' might be missing from headers of file: /global/home/users/sytoanngo/ONEFlux/data/US-ARc_sample_output/99_fluxnet2015/FLX_US-ARc_FLUXNET2015_FULLSET_DD_2005-2006_beta-5.csv [oneflux.pipeline.common]
2025-06-13 08:05:25.719 [INFO    ] Variable 'RECO_DT_CUT_16' might be missing from headers of file: /global/home/users/sytoanngo/ONEFlux/data/US-ARc_sample_output/99_fluxnet2015/FLX_US-ARc_FLUXNET2015_FULLSET_DD_2005-2006_beta-5.csv [oneflux.pipeline.common]
2025-06-13 08:05:25.720 [INFO    ] Variable 'RECO_DT_CUT_25' might be missing from headers of file: /global/home/users/sytoanngo/ONEFlux/data/US-ARc_sample_output/99_fluxnet2015/FLX_US-ARc_FLUXNET2015_FULLSET_DD_2005-2006_beta-5.csv [oneflux.pipeline.common]
2025-06-13 08:05:25.720 [INFO    ] Variable 'RECO_DT_CUT_50' might be missing from headers of file: /global/home/users/sytoanngo/ONEFlux/data/US-ARc_sample_output/99_fluxnet2015/FLX_US-ARc_FLUXNET2015_FULLSET_DD_2005-2006_beta-5.csv [oneflux.pipeline.common]
2025-06-13 08:05:25.720 [INFO    ] Variable 'RECO_DT_CUT_75' might be missing from headers of file: /global/home/users/sytoanngo/ONEFlux/data/US-ARc_sample_output/99_fluxnet2015/FLX_US-ARc_FLUXNET2015_FULLSET_DD_2005-2006_beta-5.csv [oneflux.pipeline.common]
2025-06-13 08:05:25.720 [INFO    ] Variable 'RECO_DT_CUT_84' might be missing from headers of file: /global/home/users/sytoanngo/ONEFlux/data/US-ARc_sample_output/99_fluxnet2015/FLX_US-ARc_FLUXNET2015_FULLSET_DD_2005-2006_beta-5.csv [oneflux.pipeline.common]
2025-06-13 08:05:25.720 [INFO    ] Variable 'RECO_DT_CUT_95' might be missing from headers of file: /global/home/users/sytoanngo/ONEFlux/data/US-ARc_sample_output/99_fluxnet2015/FLX_US-ARc_FLUXNET2015_FULLSET_DD_2005-2006_beta-5.csv [oneflux.pipeline.common]
2025-06-13 08:05:25.720 [INFO    ] Variable 'GPP_DT_CUT_05' might be missing from headers of file: /global/home/users/sytoanngo/ONEFlux/data/US-ARc_sample_output/99_fluxnet2015/FLX_US-ARc_FLUXNET2015_FULLSET_DD_2005-2006_beta-5.csv [oneflux.pipeline.common]
2025-06-13 08:05:25.720 [INFO    ] Variable 'GPP_DT_CUT_16' might be missing from headers of file: /global/home/users/sytoanngo/ONEFlux/data/US-ARc_sample_output/99_fluxnet2015/FLX_US-ARc_FLUXNET2015_FULLSET_DD_2005-2006_beta-5.csv [oneflux.pipeline.common]
2025-06-13 08:05:25.720 [INFO    ] Variable 'GPP_DT_CUT_25' might be missing from headers of file: /global/home/users/sytoanngo/ONEFlux/data/US-ARc_sample_output/99_fluxnet2015/FLX_US-ARc_FLUXNET2015_FULLSET_DD_2005-2006_beta-5.csv [oneflux.pipeline.common]
2025-06-13 08:05:25.720 [INFO    ] Variable 'GPP_DT_CUT_50' might be missing from headers of file: /global/home/users/sytoanngo/ONEFlux/data/US-ARc_sample_output/99_fluxnet2015/FLX_US-ARc_FLUXNET2015_FULLSET_DD_2005-2006_beta-5.csv [oneflux.pipeline.common]
2025-06-13 08:05:25.720 [INFO    ] Variable 'GPP_DT_CUT_75' might be missing from headers of file: /global/home/users/sytoanngo/ONEFlux/data/US-ARc_sample_output/99_fluxnet2015/FLX_US-ARc_FLUXNET2015_FULLSET_DD_2005-2006_beta-5.csv [oneflux.pipeline.common]
2025-06-13 08:05:25.720 [INFO    ] Variable 'GPP_DT_CUT_84' might be missing from headers of file: /global/home/users/sytoanngo/ONEFlux/data/US-ARc_sample_output/99_fluxnet2015/FLX_US-ARc_FLUXNET2015_FULLSET_DD_2005-2006_beta-5.csv [oneflux.pipeline.common]
2025-06-13 08:05:25.720 [INFO    ] Variable 'GPP_DT_CUT_95' might be missing from headers of file: /global/home/users/sytoanngo/ONEFlux/data/US-ARc_sample_output/99_fluxnet2015/FLX_US-ARc_FLUXNET2015_FULLSET_DD_2005-2006_beta-5.csv [oneflux.pipeline.common]
2025-06-13 08:05:25.722 [INFO    ] Variable 'USTAR_QC' might be missing from headers of file: /global/home/users/sytoanngo/ONEFlux/data/US-ARc_sample_output/99_fluxnet2015/FLX_US-ARc_FLUXNET2015_FULLSET_HH_2005-2006_beta-5.csv [oneflux.pipeline.common]
2025-06-13 08:05:25.722 [INFO    ] Variable 'NETRAD_QC' might be missing from headers of file: /global/home/users/sytoanngo/ONEFlux/data/US-ARc_sample_output/99_fluxnet2015/FLX_US-ARc_FLUXNET2015_FULLSET_HH_2005-2006_beta-5.csv [oneflux.pipeline.common]
2025-06-13 08:05:25.722 [INFO    ] Variable 'PPFD_IN_QC' might be missing from headers of file: /global/home/users/sytoanngo/ONEFlux/data/US-ARc_sample_output/99_fluxnet2015/FLX_US-ARc_FLUXNET2015_FULLSET_HH_2005-2006_beta-5.csv [oneflux.pipeline.common]
2025-06-13 08:05:25.722 [INFO    ] Variable 'PPFD_DIF' might be missing from headers of file: /global/home/users/sytoanngo/ONEFlux/data/US-ARc_sample_output/99_fluxnet2015/FLX_US-ARc_FLUXNET2015_FULLSET_HH_2005-2006_beta-5.csv [oneflux.pipeline.common]
2025-06-13 08:05:25.722 [INFO    ] Variable 'PPFD_DIF_QC' might be missing from headers of file: /global/home/users/sytoanngo/ONEFlux/data/US-ARc_sample_output/99_fluxnet2015/FLX_US-ARc_FLUXNET2015_FULLSET_HH_2005-2006_beta-5.csv [oneflux.pipeline.common]
2025-06-13 08:05:25.722 [INFO    ] Variable 'PPFD_OUT' might be missing from headers of file: /global/home/users/sytoanngo/ONEFlux/data/US-ARc_sample_output/99_fluxnet2015/FLX_US-ARc_FLUXNET2015_FULLSET_HH_2005-2006_beta-5.csv [oneflux.pipeline.common]
2025-06-13 08:05:25.722 [INFO    ] Variable 'PPFD_OUT_QC' might be missing from headers of file: /global/home/users/sytoanngo/ONEFlux/data/US-ARc_sample_output/99_fluxnet2015/FLX_US-ARc_FLUXNET2015_FULLSET_HH_2005-2006_beta-5.csv [oneflux.pipeline.common]
2025-06-13 08:05:25.722 [INFO    ] Variable 'SW_DIF' might be missing from headers of file: /global/home/users/sytoanngo/ONEFlux/data/US-ARc_sample_output/99_fluxnet2015/FLX_US-ARc_FLUXNET2015_FULLSET_HH_2005-2006_beta-5.csv [oneflux.pipeline.common]
2025-06-13 08:05:25.722 [INFO    ] Variable 'SW_DIF_QC' might be missing from headers of file: /global/home/users/sytoanngo/ONEFlux/data/US-ARc_sample_output/99_fluxnet2015/FLX_US-ARc_FLUXNET2015_FULLSET_HH_2005-2006_beta-5.csv [oneflux.pipeline.common]
2025-06-13 08:05:25.722 [INFO    ] Variable 'SW_OUT' might be missing from headers of file: /global/home/users/sytoanngo/ONEFlux/data/US-ARc_sample_output/99_fluxnet2015/FLX_US-ARc_FLUXNET2015_FULLSET_HH_2005-2006_beta-5.csv [oneflux.pipeline.common]
2025-06-13 08:05:25.723 [INFO    ] Variable 'SW_OUT_QC' might be missing from headers of file: /global/home/users/sytoanngo/ONEFlux/data/US-ARc_sample_output/99_fluxnet2015/FLX_US-ARc_FLUXNET2015_FULLSET_HH_2005-2006_beta-5.csv [oneflux.pipeline.common]
2025-06-13 08:05:25.723 [INFO    ] Variable 'LW_OUT' might be missing from headers of file: /global/home/users/sytoanngo/ONEFlux/data/US-ARc_sample_output/99_fluxnet2015/FLX_US-ARc_FLUXNET2015_FULLSET_HH_2005-2006_beta-5.csv [oneflux.pipeline.common]
2025-06-13 08:05:25.723 [INFO    ] Variable 'LW_OUT_QC' might be missing from headers of file: /global/home/users/sytoanngo/ONEFlux/data/US-ARc_sample_output/99_fluxnet2015/FLX_US-ARc_FLUXNET2015_FULLSET_HH_2005-2006_beta-5.csv [oneflux.pipeline.common]
2025-06-13 08:05:25.723 [INFO    ] Variable 'NEE_CUT_REF' might be missing from headers of file: /global/home/users/sytoanngo/ONEFlux/data/US-ARc_sample_output/99_fluxnet2015/FLX_US-ARc_FLUXNET2015_FULLSET_HH_2005-2006_beta-5.csv [oneflux.pipeline.common]
2025-06-13 08:05:25.723 [INFO    ] Variable 'NEE_CUT_REF_QC' might be missing from headers of file: /global/home/users/sytoanngo/ONEFlux/data/US-ARc_sample_output/99_fluxnet2015/FLX_US-ARc_FLUXNET2015_FULLSET_HH_2005-2006_beta-5.csv [oneflux.pipeline.common]
2025-06-13 08:05:25.723 [INFO    ] Variable 'NEE_CUT_REF_RANDUNC' might be missing from headers of file: /global/home/users/sytoanngo/ONEFlux/data/US-ARc_sample_output/99_fluxnet2015/FLX_US-ARc_FLUXNET2015_FULLSET_HH_2005-2006_beta-5.csv [oneflux.pipeline.common]
2025-06-13 08:05:25.723 [INFO    ] Variable 'RECO_NT_CUT_REF' might be missing from headers of file: /global/home/users/sytoanngo/ONEFlux/data/US-ARc_sample_output/99_fluxnet2015/FLX_US-ARc_FLUXNET2015_FULLSET_HH_2005-2006_beta-5.csv [oneflux.pipeline.common]
2025-06-13 08:05:25.723 [INFO    ] Variable 'GPP_NT_CUT_REF' might be missing from headers of file: /global/home/users/sytoanngo/ONEFlux/data/US-ARc_sample_output/99_fluxnet2015/FLX_US-ARc_FLUXNET2015_FULLSET_HH_2005-2006_beta-5.csv [oneflux.pipeline.common]
2025-06-13 08:05:25.723 [INFO    ] Variable 'RECO_DT_CUT_REF' might be missing from headers of file: /global/home/users/sytoanngo/ONEFlux/data/US-ARc_sample_output/99_fluxnet2015/FLX_US-ARc_FLUXNET2015_FULLSET_HH_2005-2006_beta-5.csv [oneflux.pipeline.common]
2025-06-13 08:05:25.723 [INFO    ] Variable 'GPP_DT_CUT_REF' might be missing from headers of file: /global/home/users/sytoanngo/ONEFlux/data/US-ARc_sample_output/99_fluxnet2015/FLX_US-ARc_FLUXNET2015_FULLSET_HH_2005-2006_beta-5.csv [oneflux.pipeline.common]
2025-06-13 08:05:25.723 [INFO    ] Variable 'TS_F_MDS_2' might be missing from headers of file: /global/home/users/sytoanngo/ONEFlux/data/US-ARc_sample_output/99_fluxnet2015/FLX_US-ARc_FLUXNET2015_FULLSET_HH_2005-2006_beta-5.csv [oneflux.pipeline.common]
2025-06-13 08:05:25.723 [INFO    ] Variable 'TS_F_MDS_3' might be missing from headers of file: /global/home/users/sytoanngo/ONEFlux/data/US-ARc_sample_output/99_fluxnet2015/FLX_US-ARc_FLUXNET2015_FULLSET_HH_2005-2006_beta-5.csv [oneflux.pipeline.common]
2025-06-13 08:05:25.723 [INFO    ] Variable 'TS_F_MDS_4' might be missing from headers of file: /global/home/users/sytoanngo/ONEFlux/data/US-ARc_sample_output/99_fluxnet2015/FLX_US-ARc_FLUXNET2015_FULLSET_HH_2005-2006_beta-5.csv [oneflux.pipeline.common]
2025-06-13 08:05:25.724 [INFO    ] Variable 'TS_F_MDS_5' might be missing from headers of file: /global/home/users/sytoanngo/ONEFlux/data/US-ARc_sample_output/99_fluxnet2015/FLX_US-ARc_FLUXNET2015_FULLSET_HH_2005-2006_beta-5.csv [oneflux.pipeline.common]
2025-06-13 08:05:25.724 [INFO    ] Variable 'TS_F_MDS_6' might be missing from headers of file: /global/home/users/sytoanngo/ONEFlux/data/US-ARc_sample_output/99_fluxnet2015/FLX_US-ARc_FLUXNET2015_FULLSET_HH_2005-2006_beta-5.csv [oneflux.pipeline.common]
2025-06-13 08:05:25.724 [INFO    ] Variable 'TS_F_MDS_7' might be missing from headers of file: /global/home/users/sytoanngo/ONEFlux/data/US-ARc_sample_output/99_fluxnet2015/FLX_US-ARc_FLUXNET2015_FULLSET_HH_2005-2006_beta-5.csv [oneflux.pipeline.common]
2025-06-13 08:05:25.724 [INFO    ] Variable 'TS_F_MDS_8' might be missing from headers of file: /global/home/users/sytoanngo/ONEFlux/data/US-ARc_sample_output/99_fluxnet2015/FLX_US-ARc_FLUXNET2015_FULLSET_HH_2005-2006_beta-5.csv [oneflux.pipeline.common]
2025-06-13 08:05:25.724 [INFO    ] Variable 'TS_F_MDS_9' might be missing from headers of file: /global/home/users/sytoanngo/ONEFlux/data/US-ARc_sample_output/99_fluxnet2015/FLX_US-ARc_FLUXNET2015_FULLSET_HH_2005-2006_beta-5.csv [oneflux.pipeline.common]
2025-06-13 08:05:25.724 [INFO    ] Variable 'TS_F_MDS_10' might be missing from headers of file: /global/home/users/sytoanngo/ONEFlux/data/US-ARc_sample_output/99_fluxnet2015/FLX_US-ARc_FLUXNET2015_FULLSET_HH_2005-2006_beta-5.csv [oneflux.pipeline.common]
2025-06-13 08:05:25.724 [INFO    ] Variable 'TS_F_MDS_11' might be missing from headers of file: /global/home/users/sytoanngo/ONEFlux/data/US-ARc_sample_output/99_fluxnet2015/FLX_US-ARc_FLUXNET2015_FULLSET_HH_2005-2006_beta-5.csv [oneflux.pipeline.common]
2025-06-13 08:05:25.724 [INFO    ] Variable 'TS_F_MDS_12' might be missing from headers of file: /global/home/users/sytoanngo/ONEFlux/data/US-ARc_sample_output/99_fluxnet2015/FLX_US-ARc_FLUXNET2015_FULLSET_HH_2005-2006_beta-5.csv [oneflux.pipeline.common]
2025-06-13 08:05:25.724 [INFO    ] Variable 'TS_F_MDS_13' might be missing from headers of file: /global/home/users/sytoanngo/ONEFlux/data/US-ARc_sample_output/99_fluxnet2015/FLX_US-ARc_FLUXNET2015_FULLSET_HH_2005-2006_beta-5.csv [oneflux.pipeline.common]
2025-06-13 08:05:25.724 [INFO    ] Variable 'TS_F_MDS_14' might be missing from headers of file: /global/home/users/sytoanngo/ONEFlux/data/US-ARc_sample_output/99_fluxnet2015/FLX_US-ARc_FLUXNET2015_FULLSET_HH_2005-2006_beta-5.csv [oneflux.pipeline.common]
2025-06-13 08:05:25.724 [INFO    ] Variable 'TS_F_MDS_15' might be missing from headers of file: /global/home/users/sytoanngo/ONEFlux/data/US-ARc_sample_output/99_fluxnet2015/FLX_US-ARc_FLUXNET2015_FULLSET_HH_2005-2006_beta-5.csv [oneflux.pipeline.common]
2025-06-13 08:05:25.724 [INFO    ] Variable 'TS_F_MDS_16' might be missing from headers of file: /global/home/users/sytoanngo/ONEFlux/data/US-ARc_sample_output/99_fluxnet2015/FLX_US-ARc_FLUXNET2015_FULLSET_HH_2005-2006_beta-5.csv [oneflux.pipeline.common]
2025-06-13 08:05:25.724 [INFO    ] Variable 'TS_F_MDS_17' might be missing from headers of file: /global/home/users/sytoanngo/ONEFlux/data/US-ARc_sample_output/99_fluxnet2015/FLX_US-ARc_FLUXNET2015_FULLSET_HH_2005-2006_beta-5.csv [oneflux.pipeline.common]
2025-06-13 08:05:25.724 [INFO    ] Variable 'TS_F_MDS_18' might be missing from headers of file: /global/home/users/sytoanngo/ONEFlux/data/US-ARc_sample_output/99_fluxnet2015/FLX_US-ARc_FLUXNET2015_FULLSET_HH_2005-2006_beta-5.csv [oneflux.pipeline.common]
2025-06-13 08:05:25.725 [INFO    ] Variable 'TS_F_MDS_19' might be missing from headers of file: /global/home/users/sytoanngo/ONEFlux/data/US-ARc_sample_output/99_fluxnet2015/FLX_US-ARc_FLUXNET2015_FULLSET_HH_2005-2006_beta-5.csv [oneflux.pipeline.common]
2025-06-13 08:05:25.725 [INFO    ] Variable 'TS_F_MDS_2_QC' might be missing from headers of file: /global/home/users/sytoanngo/ONEFlux/data/US-ARc_sample_output/99_fluxnet2015/FLX_US-ARc_FLUXNET2015_FULLSET_HH_2005-2006_beta-5.csv [oneflux.pipeline.common]
2025-06-13 08:05:25.725 [INFO    ] Variable 'TS_F_MDS_3_QC' might be missing from headers of file: /global/home/users/sytoanngo/ONEFlux/data/US-ARc_sample_output/99_fluxnet2015/FLX_US-ARc_FLUXNET2015_FULLSET_HH_2005-2006_beta-5.csv [oneflux.pipeline.common]
2025-06-13 08:05:25.725 [INFO    ] Variable 'TS_F_MDS_4_QC' might be missing from headers of file: /global/home/users/sytoanngo/ONEFlux/data/US-ARc_sample_output/99_fluxnet2015/FLX_US-ARc_FLUXNET2015_FULLSET_HH_2005-2006_beta-5.csv [oneflux.pipeline.common]
2025-06-13 08:05:25.725 [INFO    ] Variable 'TS_F_MDS_5_QC' might be missing from headers of file: /global/home/users/sytoanngo/ONEFlux/data/US-ARc_sample_output/99_fluxnet2015/FLX_US-ARc_FLUXNET2015_FULLSET_HH_2005-2006_beta-5.csv [oneflux.pipeline.common]
2025-06-13 08:05:25.725 [INFO    ] Variable 'TS_F_MDS_6_QC' might be missing from headers of file: /global/home/users/sytoanngo/ONEFlux/data/US-ARc_sample_output/99_fluxnet2015/FLX_US-ARc_FLUXNET2015_FULLSET_HH_2005-2006_beta-5.csv [oneflux.pipeline.common]
2025-06-13 08:05:25.725 [INFO    ] Variable 'TS_F_MDS_7_QC' might be missing from headers of file: /global/home/users/sytoanngo/ONEFlux/data/US-ARc_sample_output/99_fluxnet2015/FLX_US-ARc_FLUXNET2015_FULLSET_HH_2005-2006_beta-5.csv [oneflux.pipeline.common]
2025-06-13 08:05:25.725 [INFO    ] Variable 'TS_F_MDS_8_QC' might be missing from headers of file: /global/home/users/sytoanngo/ONEFlux/data/US-ARc_sample_output/99_fluxnet2015/FLX_US-ARc_FLUXNET2015_FULLSET_HH_2005-2006_beta-5.csv [oneflux.pipeline.common]
2025-06-13 08:05:25.725 [INFO    ] Variable 'TS_F_MDS_9_QC' might be missing from headers of file: /global/home/users/sytoanngo/ONEFlux/data/US-ARc_sample_output/99_fluxnet2015/FLX_US-ARc_FLUXNET2015_FULLSET_HH_2005-2006_beta-5.csv [oneflux.pipeline.common]
2025-06-13 08:05:25.725 [INFO    ] Variable 'TS_F_MDS_10_QC' might be missing from headers of file: /global/home/users/sytoanngo/ONEFlux/data/US-ARc_sample_output/99_fluxnet2015/FLX_US-ARc_FLUXNET2015_FULLSET_HH_2005-2006_beta-5.csv [oneflux.pipeline.common]
2025-06-13 08:05:25.725 [INFO    ] Variable 'TS_F_MDS_11_QC' might be missing from headers of file: /global/home/users/sytoanngo/ONEFlux/data/US-ARc_sample_output/99_fluxnet2015/FLX_US-ARc_FLUXNET2015_FULLSET_HH_2005-2006_beta-5.csv [oneflux.pipeline.common]
2025-06-13 08:05:25.725 [INFO    ] Variable 'TS_F_MDS_12_QC' might be missing from headers of file: /global/home/users/sytoanngo/ONEFlux/data/US-ARc_sample_output/99_fluxnet2015/FLX_US-ARc_FLUXNET2015_FULLSET_HH_2005-2006_beta-5.csv [oneflux.pipeline.common]
2025-06-13 08:05:25.725 [INFO    ] Variable 'TS_F_MDS_13_QC' might be missing from headers of file: /global/home/users/sytoanngo/ONEFlux/data/US-ARc_sample_output/99_fluxnet2015/FLX_US-ARc_FLUXNET2015_FULLSET_HH_2005-2006_beta-5.csv [oneflux.pipeline.common]
2025-06-13 08:05:25.725 [INFO    ] Variable 'TS_F_MDS_14_QC' might be missing from headers of file: /global/home/users/sytoanngo/ONEFlux/data/US-ARc_sample_output/99_fluxnet2015/FLX_US-ARc_FLUXNET2015_FULLSET_HH_2005-2006_beta-5.csv [oneflux.pipeline.common]
2025-06-13 08:05:25.726 [INFO    ] Variable 'TS_F_MDS_15_QC' might be missing from headers of file: /global/home/users/sytoanngo/ONEFlux/data/US-ARc_sample_output/99_fluxnet2015/FLX_US-ARc_FLUXNET2015_FULLSET_HH_2005-2006_beta-5.csv [oneflux.pipeline.common]
2025-06-13 08:05:25.726 [INFO    ] Variable 'TS_F_MDS_16_QC' might be missing from headers of file: /global/home/users/sytoanngo/ONEFlux/data/US-ARc_sample_output/99_fluxnet2015/FLX_US-ARc_FLUXNET2015_FULLSET_HH_2005-2006_beta-5.csv [oneflux.pipeline.common]
2025-06-13 08:05:25.726 [INFO    ] Variable 'TS_F_MDS_17_QC' might be missing from headers of file: /global/home/users/sytoanngo/ONEFlux/data/US-ARc_sample_output/99_fluxnet2015/FLX_US-ARc_FLUXNET2015_FULLSET_HH_2005-2006_beta-5.csv [oneflux.pipeline.common]
2025-06-13 08:05:25.726 [INFO    ] Variable 'TS_F_MDS_18_QC' might be missing from headers of file: /global/home/users/sytoanngo/ONEFlux/data/US-ARc_sample_output/99_fluxnet2015/FLX_US-ARc_FLUXNET2015_FULLSET_HH_2005-2006_beta-5.csv [oneflux.pipeline.common]
2025-06-13 08:05:25.726 [INFO    ] Variable 'TS_F_MDS_19_QC' might be missing from headers of file: /global/home/users/sytoanngo/ONEFlux/data/US-ARc_sample_output/99_fluxnet2015/FLX_US-ARc_FLUXNET2015_FULLSET_HH_2005-2006_beta-5.csv [oneflux.pipeline.common]
2025-06-13 08:05:25.726 [INFO    ] Variable 'SWC_F_MDS_2' might be missing from headers of file: /global/home/users/sytoanngo/ONEFlux/data/US-ARc_sample_output/99_fluxnet2015/FLX_US-ARc_FLUXNET2015_FULLSET_HH_2005-2006_beta-5.csv [oneflux.pipeline.common]
2025-06-13 08:05:25.726 [INFO    ] Variable 'SWC_F_MDS_3' might be missing from headers of file: /global/home/users/sytoanngo/ONEFlux/data/US-ARc_sample_output/99_fluxnet2015/FLX_US-ARc_FLUXNET2015_FULLSET_HH_2005-2006_beta-5.csv [oneflux.pipeline.common]
2025-06-13 08:05:25.726 [INFO    ] Variable 'SWC_F_MDS_4' might be missing from headers of file: /global/home/users/sytoanngo/ONEFlux/data/US-ARc_sample_output/99_fluxnet2015/FLX_US-ARc_FLUXNET2015_FULLSET_HH_2005-2006_beta-5.csv [oneflux.pipeline.common]
2025-06-13 08:05:25.726 [INFO    ] Variable 'SWC_F_MDS_5' might be missing from headers of file: /global/home/users/sytoanngo/ONEFlux/data/US-ARc_sample_output/99_fluxnet2015/FLX_US-ARc_FLUXNET2015_FULLSET_HH_2005-2006_beta-5.csv [oneflux.pipeline.common]
2025-06-13 08:05:25.726 [INFO    ] Variable 'SWC_F_MDS_6' might be missing from headers of file: /global/home/users/sytoanngo/ONEFlux/data/US-ARc_sample_output/99_fluxnet2015/FLX_US-ARc_FLUXNET2015_FULLSET_HH_2005-2006_beta-5.csv [oneflux.pipeline.common]
2025-06-13 08:05:25.726 [INFO    ] Variable 'SWC_F_MDS_7' might be missing from headers of file: /global/home/users/sytoanngo/ONEFlux/data/US-ARc_sample_output/99_fluxnet2015/FLX_US-ARc_FLUXNET2015_FULLSET_HH_2005-2006_beta-5.csv [oneflux.pipeline.common]
2025-06-13 08:05:25.726 [INFO    ] Variable 'SWC_F_MDS_8' might be missing from headers of file: /global/home/users/sytoanngo/ONEFlux/data/US-ARc_sample_output/99_fluxnet2015/FLX_US-ARc_FLUXNET2015_FULLSET_HH_2005-2006_beta-5.csv [oneflux.pipeline.common]
2025-06-13 08:05:25.726 [INFO    ] Variable 'SWC_F_MDS_9' might be missing from headers of file: /global/home/users/sytoanngo/ONEFlux/data/US-ARc_sample_output/99_fluxnet2015/FLX_US-ARc_FLUXNET2015_FULLSET_HH_2005-2006_beta-5.csv [oneflux.pipeline.common]
2025-06-13 08:05:25.726 [INFO    ] Variable 'SWC_F_MDS_10' might be missing from headers of file: /global/home/users/sytoanngo/ONEFlux/data/US-ARc_sample_output/99_fluxnet2015/FLX_US-ARc_FLUXNET2015_FULLSET_HH_2005-2006_beta-5.csv [oneflux.pipeline.common]
2025-06-13 08:05:25.727 [INFO    ] Variable 'SWC_F_MDS_11' might be missing from headers of file: /global/home/users/sytoanngo/ONEFlux/data/US-ARc_sample_output/99_fluxnet2015/FLX_US-ARc_FLUXNET2015_FULLSET_HH_2005-2006_beta-5.csv [oneflux.pipeline.common]
2025-06-13 08:05:25.727 [INFO    ] Variable 'SWC_F_MDS_12' might be missing from headers of file: /global/home/users/sytoanngo/ONEFlux/data/US-ARc_sample_output/99_fluxnet2015/FLX_US-ARc_FLUXNET2015_FULLSET_HH_2005-2006_beta-5.csv [oneflux.pipeline.common]
2025-06-13 08:05:25.727 [INFO    ] Variable 'SWC_F_MDS_13' might be missing from headers of file: /global/home/users/sytoanngo/ONEFlux/data/US-ARc_sample_output/99_fluxnet2015/FLX_US-ARc_FLUXNET2015_FULLSET_HH_2005-2006_beta-5.csv [oneflux.pipeline.common]
2025-06-13 08:05:25.727 [INFO    ] Variable 'SWC_F_MDS_14' might be missing from headers of file: /global/home/users/sytoanngo/ONEFlux/data/US-ARc_sample_output/99_fluxnet2015/FLX_US-ARc_FLUXNET2015_FULLSET_HH_2005-2006_beta-5.csv [oneflux.pipeline.common]
2025-06-13 08:05:25.727 [INFO    ] Variable 'SWC_F_MDS_15' might be missing from headers of file: /global/home/users/sytoanngo/ONEFlux/data/US-ARc_sample_output/99_fluxnet2015/FLX_US-ARc_FLUXNET2015_FULLSET_HH_2005-2006_beta-5.csv [oneflux.pipeline.common]
2025-06-13 08:05:25.727 [INFO    ] Variable 'SWC_F_MDS_16' might be missing from headers of file: /global/home/users/sytoanngo/ONEFlux/data/US-ARc_sample_output/99_fluxnet2015/FLX_US-ARc_FLUXNET2015_FULLSET_HH_2005-2006_beta-5.csv [oneflux.pipeline.common]
2025-06-13 08:05:25.727 [INFO    ] Variable 'SWC_F_MDS_17' might be missing from headers of file: /global/home/users/sytoanngo/ONEFlux/data/US-ARc_sample_output/99_fluxnet2015/FLX_US-ARc_FLUXNET2015_FULLSET_HH_2005-2006_beta-5.csv [oneflux.pipeline.common]
2025-06-13 08:05:25.727 [INFO    ] Variable 'SWC_F_MDS_18' might be missing from headers of file: /global/home/users/sytoanngo/ONEFlux/data/US-ARc_sample_output/99_fluxnet2015/FLX_US-ARc_FLUXNET2015_FULLSET_HH_2005-2006_beta-5.csv [oneflux.pipeline.common]
2025-06-13 08:05:25.727 [INFO    ] Variable 'SWC_F_MDS_19' might be missing from headers of file: /global/home/users/sytoanngo/ONEFlux/data/US-ARc_sample_output/99_fluxnet2015/FLX_US-ARc_FLUXNET2015_FULLSET_HH_2005-2006_beta-5.csv [oneflux.pipeline.common]
2025-06-13 08:05:25.727 [INFO    ] Variable 'SWC_F_MDS_2_QC' might be missing from headers of file: /global/home/users/sytoanngo/ONEFlux/data/US-ARc_sample_output/99_fluxnet2015/FLX_US-ARc_FLUXNET2015_FULLSET_HH_2005-2006_beta-5.csv [oneflux.pipeline.common]
2025-06-13 08:05:25.727 [INFO    ] Variable 'SWC_F_MDS_3_QC' might be missing from headers of file: /global/home/users/sytoanngo/ONEFlux/data/US-ARc_sample_output/99_fluxnet2015/FLX_US-ARc_FLUXNET2015_FULLSET_HH_2005-2006_beta-5.csv [oneflux.pipeline.common]
2025-06-13 08:05:25.727 [INFO    ] Variable 'SWC_F_MDS_4_QC' might be missing from headers of file: /global/home/users/sytoanngo/ONEFlux/data/US-ARc_sample_output/99_fluxnet2015/FLX_US-ARc_FLUXNET2015_FULLSET_HH_2005-2006_beta-5.csv [oneflux.pipeline.common]
2025-06-13 08:05:25.727 [INFO    ] Variable 'SWC_F_MDS_5_QC' might be missing from headers of file: /global/home/users/sytoanngo/ONEFlux/data/US-ARc_sample_output/99_fluxnet2015/FLX_US-ARc_FLUXNET2015_FULLSET_HH_2005-2006_beta-5.csv [oneflux.pipeline.common]
2025-06-13 08:05:25.727 [INFO    ] Variable 'SWC_F_MDS_6_QC' might be missing from headers of file: /global/home/users/sytoanngo/ONEFlux/data/US-ARc_sample_output/99_fluxnet2015/FLX_US-ARc_FLUXNET2015_FULLSET_HH_2005-2006_beta-5.csv [oneflux.pipeline.common]
2025-06-13 08:05:25.728 [INFO    ] Variable 'SWC_F_MDS_7_QC' might be missing from headers of file: /global/home/users/sytoanngo/ONEFlux/data/US-ARc_sample_output/99_fluxnet2015/FLX_US-ARc_FLUXNET2015_FULLSET_HH_2005-2006_beta-5.csv [oneflux.pipeline.common]
2025-06-13 08:05:25.728 [INFO    ] Variable 'SWC_F_MDS_8_QC' might be missing from headers of file: /global/home/users/sytoanngo/ONEFlux/data/US-ARc_sample_output/99_fluxnet2015/FLX_US-ARc_FLUXNET2015_FULLSET_HH_2005-2006_beta-5.csv [oneflux.pipeline.common]
2025-06-13 08:05:25.728 [INFO    ] Variable 'SWC_F_MDS_9_QC' might be missing from headers of file: /global/home/users/sytoanngo/ONEFlux/data/US-ARc_sample_output/99_fluxnet2015/FLX_US-ARc_FLUXNET2015_FULLSET_HH_2005-2006_beta-5.csv [oneflux.pipeline.common]
2025-06-13 08:05:25.728 [INFO    ] Variable 'SWC_F_MDS_10_QC' might be missing from headers of file: /global/home/users/sytoanngo/ONEFlux/data/US-ARc_sample_output/99_fluxnet2015/FLX_US-ARc_FLUXNET2015_FULLSET_HH_2005-2006_beta-5.csv [oneflux.pipeline.common]
2025-06-13 08:05:25.728 [INFO    ] Variable 'SWC_F_MDS_11_QC' might be missing from headers of file: /global/home/users/sytoanngo/ONEFlux/data/US-ARc_sample_output/99_fluxnet2015/FLX_US-ARc_FLUXNET2015_FULLSET_HH_2005-2006_beta-5.csv [oneflux.pipeline.common]
2025-06-13 08:05:25.728 [INFO    ] Variable 'SWC_F_MDS_12_QC' might be missing from headers of file: /global/home/users/sytoanngo/ONEFlux/data/US-ARc_sample_output/99_fluxnet2015/FLX_US-ARc_FLUXNET2015_FULLSET_HH_2005-2006_beta-5.csv [oneflux.pipeline.common]
2025-06-13 08:05:25.728 [INFO    ] Variable 'SWC_F_MDS_13_QC' might be missing from headers of file: /global/home/users/sytoanngo/ONEFlux/data/US-ARc_sample_output/99_fluxnet2015/FLX_US-ARc_FLUXNET2015_FULLSET_HH_2005-2006_beta-5.csv [oneflux.pipeline.common]
2025-06-13 08:05:25.728 [INFO    ] Variable 'SWC_F_MDS_14_QC' might be missing from headers of file: /global/home/users/sytoanngo/ONEFlux/data/US-ARc_sample_output/99_fluxnet2015/FLX_US-ARc_FLUXNET2015_FULLSET_HH_2005-2006_beta-5.csv [oneflux.pipeline.common]
2025-06-13 08:05:25.728 [INFO    ] Variable 'SWC_F_MDS_15_QC' might be missing from headers of file: /global/home/users/sytoanngo/ONEFlux/data/US-ARc_sample_output/99_fluxnet2015/FLX_US-ARc_FLUXNET2015_FULLSET_HH_2005-2006_beta-5.csv [oneflux.pipeline.common]
2025-06-13 08:05:25.728 [INFO    ] Variable 'SWC_F_MDS_16_QC' might be missing from headers of file: /global/home/users/sytoanngo/ONEFlux/data/US-ARc_sample_output/99_fluxnet2015/FLX_US-ARc_FLUXNET2015_FULLSET_HH_2005-2006_beta-5.csv [oneflux.pipeline.common]
2025-06-13 08:05:25.728 [INFO    ] Variable 'SWC_F_MDS_17_QC' might be missing from headers of file: /global/home/users/sytoanngo/ONEFlux/data/US-ARc_sample_output/99_fluxnet2015/FLX_US-ARc_FLUXNET2015_FULLSET_HH_2005-2006_beta-5.csv [oneflux.pipeline.common]
2025-06-13 08:05:25.728 [INFO    ] Variable 'SWC_F_MDS_18_QC' might be missing from headers of file: /global/home/users/sytoanngo/ONEFlux/data/US-ARc_sample_output/99_fluxnet2015/FLX_US-ARc_FLUXNET2015_FULLSET_HH_2005-2006_beta-5.csv [oneflux.pipeline.common]
2025-06-13 08:05:25.728 [INFO    ] Variable 'SWC_F_MDS_19_QC' might be missing from headers of file: /global/home/users/sytoanngo/ONEFlux/data/US-ARc_sample_output/99_fluxnet2015/FLX_US-ARc_FLUXNET2015_FULLSET_HH_2005-2006_beta-5.csv [oneflux.pipeline.common]
2025-06-13 08:05:25.728 [INFO    ] Variable 'NEE_CUT_05' might be missing from headers of file: /global/home/users/sytoanngo/ONEFlux/data/US-ARc_sample_output/99_fluxnet2015/FLX_US-ARc_FLUXNET2015_FULLSET_HH_2005-2006_beta-5.csv [oneflux.pipeline.common]
2025-06-13 08:05:25.729 [INFO    ] Variable 'NEE_CUT_16' might be missing from headers of file: /global/home/users/sytoanngo/ONEFlux/data/US-ARc_sample_output/99_fluxnet2015/FLX_US-ARc_FLUXNET2015_FULLSET_HH_2005-2006_beta-5.csv [oneflux.pipeline.common]
2025-06-13 08:05:25.729 [INFO    ] Variable 'NEE_CUT_25' might be missing from headers of file: /global/home/users/sytoanngo/ONEFlux/data/US-ARc_sample_output/99_fluxnet2015/FLX_US-ARc_FLUXNET2015_FULLSET_HH_2005-2006_beta-5.csv [oneflux.pipeline.common]
2025-06-13 08:05:25.729 [INFO    ] Variable 'NEE_CUT_50' might be missing from headers of file: /global/home/users/sytoanngo/ONEFlux/data/US-ARc_sample_output/99_fluxnet2015/FLX_US-ARc_FLUXNET2015_FULLSET_HH_2005-2006_beta-5.csv [oneflux.pipeline.common]
2025-06-13 08:05:25.729 [INFO    ] Variable 'NEE_CUT_75' might be missing from headers of file: /global/home/users/sytoanngo/ONEFlux/data/US-ARc_sample_output/99_fluxnet2015/FLX_US-ARc_FLUXNET2015_FULLSET_HH_2005-2006_beta-5.csv [oneflux.pipeline.common]
2025-06-13 08:05:25.729 [INFO    ] Variable 'NEE_CUT_84' might be missing from headers of file: /global/home/users/sytoanngo/ONEFlux/data/US-ARc_sample_output/99_fluxnet2015/FLX_US-ARc_FLUXNET2015_FULLSET_HH_2005-2006_beta-5.csv [oneflux.pipeline.common]
2025-06-13 08:05:25.729 [INFO    ] Variable 'NEE_CUT_95' might be missing from headers of file: /global/home/users/sytoanngo/ONEFlux/data/US-ARc_sample_output/99_fluxnet2015/FLX_US-ARc_FLUXNET2015_FULLSET_HH_2005-2006_beta-5.csv [oneflux.pipeline.common]
2025-06-13 08:05:25.729 [INFO    ] Variable 'NEE_CUT_05_QC' might be missing from headers of file: /global/home/users/sytoanngo/ONEFlux/data/US-ARc_sample_output/99_fluxnet2015/FLX_US-ARc_FLUXNET2015_FULLSET_HH_2005-2006_beta-5.csv [oneflux.pipeline.common]
2025-06-13 08:05:25.729 [INFO    ] Variable 'NEE_CUT_16_QC' might be missing from headers of file: /global/home/users/sytoanngo/ONEFlux/data/US-ARc_sample_output/99_fluxnet2015/FLX_US-ARc_FLUXNET2015_FULLSET_HH_2005-2006_beta-5.csv [oneflux.pipeline.common]
2025-06-13 08:05:25.729 [INFO    ] Variable 'NEE_CUT_25_QC' might be missing from headers of file: /global/home/users/sytoanngo/ONEFlux/data/US-ARc_sample_output/99_fluxnet2015/FLX_US-ARc_FLUXNET2015_FULLSET_HH_2005-2006_beta-5.csv [oneflux.pipeline.common]
2025-06-13 08:05:25.729 [INFO    ] Variable 'NEE_CUT_50_QC' might be missing from headers of file: /global/home/users/sytoanngo/ONEFlux/data/US-ARc_sample_output/99_fluxnet2015/FLX_US-ARc_FLUXNET2015_FULLSET_HH_2005-2006_beta-5.csv [oneflux.pipeline.common]
2025-06-13 08:05:25.729 [INFO    ] Variable 'NEE_CUT_75_QC' might be missing from headers of file: /global/home/users/sytoanngo/ONEFlux/data/US-ARc_sample_output/99_fluxnet2015/FLX_US-ARc_FLUXNET2015_FULLSET_HH_2005-2006_beta-5.csv [oneflux.pipeline.common]
2025-06-13 08:05:25.729 [INFO    ] Variable 'NEE_CUT_84_QC' might be missing from headers of file: /global/home/users/sytoanngo/ONEFlux/data/US-ARc_sample_output/99_fluxnet2015/FLX_US-ARc_FLUXNET2015_FULLSET_HH_2005-2006_beta-5.csv [oneflux.pipeline.common]
2025-06-13 08:05:25.729 [INFO    ] Variable 'NEE_CUT_95_QC' might be missing from headers of file: /global/home/users/sytoanngo/ONEFlux/data/US-ARc_sample_output/99_fluxnet2015/FLX_US-ARc_FLUXNET2015_FULLSET_HH_2005-2006_beta-5.csv [oneflux.pipeline.common]
2025-06-13 08:05:25.729 [INFO    ] Variable 'RECO_NT_CUT_05' might be missing from headers of file: /global/home/users/sytoanngo/ONEFlux/data/US-ARc_sample_output/99_fluxnet2015/FLX_US-ARc_FLUXNET2015_FULLSET_HH_2005-2006_beta-5.csv [oneflux.pipeline.common]
2025-06-13 08:05:25.730 [INFO    ] Variable 'RECO_NT_CUT_16' might be missing from headers of file: /global/home/users/sytoanngo/ONEFlux/data/US-ARc_sample_output/99_fluxnet2015/FLX_US-ARc_FLUXNET2015_FULLSET_HH_2005-2006_beta-5.csv [oneflux.pipeline.common]
2025-06-13 08:05:25.730 [INFO    ] Variable 'RECO_NT_CUT_25' might be missing from headers of file: /global/home/users/sytoanngo/ONEFlux/data/US-ARc_sample_output/99_fluxnet2015/FLX_US-ARc_FLUXNET2015_FULLSET_HH_2005-2006_beta-5.csv [oneflux.pipeline.common]
2025-06-13 08:05:25.730 [INFO    ] Variable 'RECO_NT_CUT_50' might be missing from headers of file: /global/home/users/sytoanngo/ONEFlux/data/US-ARc_sample_output/99_fluxnet2015/FLX_US-ARc_FLUXNET2015_FULLSET_HH_2005-2006_beta-5.csv [oneflux.pipeline.common]
2025-06-13 08:05:25.730 [INFO    ] Variable 'RECO_NT_CUT_75' might be missing from headers of file: /global/home/users/sytoanngo/ONEFlux/data/US-ARc_sample_output/99_fluxnet2015/FLX_US-ARc_FLUXNET2015_FULLSET_HH_2005-2006_beta-5.csv [oneflux.pipeline.common]
2025-06-13 08:05:25.730 [INFO    ] Variable 'RECO_NT_CUT_84' might be missing from headers of file: /global/home/users/sytoanngo/ONEFlux/data/US-ARc_sample_output/99_fluxnet2015/FLX_US-ARc_FLUXNET2015_FULLSET_HH_2005-2006_beta-5.csv [oneflux.pipeline.common]
2025-06-13 08:05:25.730 [INFO    ] Variable 'RECO_NT_CUT_95' might be missing from headers of file: /global/home/users/sytoanngo/ONEFlux/data/US-ARc_sample_output/99_fluxnet2015/FLX_US-ARc_FLUXNET2015_FULLSET_HH_2005-2006_beta-5.csv [oneflux.pipeline.common]
2025-06-13 08:05:25.730 [INFO    ] Variable 'GPP_NT_CUT_05' might be missing from headers of file: /global/home/users/sytoanngo/ONEFlux/data/US-ARc_sample_output/99_fluxnet2015/FLX_US-ARc_FLUXNET2015_FULLSET_HH_2005-2006_beta-5.csv [oneflux.pipeline.common]
2025-06-13 08:05:25.730 [INFO    ] Variable 'GPP_NT_CUT_16' might be missing from headers of file: /global/home/users/sytoanngo/ONEFlux/data/US-ARc_sample_output/99_fluxnet2015/FLX_US-ARc_FLUXNET2015_FULLSET_HH_2005-2006_beta-5.csv [oneflux.pipeline.common]
2025-06-13 08:05:25.730 [INFO    ] Variable 'GPP_NT_CUT_25' might be missing from headers of file: /global/home/users/sytoanngo/ONEFlux/data/US-ARc_sample_output/99_fluxnet2015/FLX_US-ARc_FLUXNET2015_FULLSET_HH_2005-2006_beta-5.csv [oneflux.pipeline.common]
2025-06-13 08:05:25.730 [INFO    ] Variable 'GPP_NT_CUT_50' might be missing from headers of file: /global/home/users/sytoanngo/ONEFlux/data/US-ARc_sample_output/99_fluxnet2015/FLX_US-ARc_FLUXNET2015_FULLSET_HH_2005-2006_beta-5.csv [oneflux.pipeline.common]
2025-06-13 08:05:25.730 [INFO    ] Variable 'GPP_NT_CUT_75' might be missing from headers of file: /global/home/users/sytoanngo/ONEFlux/data/US-ARc_sample_output/99_fluxnet2015/FLX_US-ARc_FLUXNET2015_FULLSET_HH_2005-2006_beta-5.csv [oneflux.pipeline.common]
2025-06-13 08:05:25.730 [INFO    ] Variable 'GPP_NT_CUT_84' might be missing from headers of file: /global/home/users/sytoanngo/ONEFlux/data/US-ARc_sample_output/99_fluxnet2015/FLX_US-ARc_FLUXNET2015_FULLSET_HH_2005-2006_beta-5.csv [oneflux.pipeline.common]
2025-06-13 08:05:25.730 [INFO    ] Variable 'GPP_NT_CUT_95' might be missing from headers of file: /global/home/users/sytoanngo/ONEFlux/data/US-ARc_sample_output/99_fluxnet2015/FLX_US-ARc_FLUXNET2015_FULLSET_HH_2005-2006_beta-5.csv [oneflux.pipeline.common]
2025-06-13 08:05:25.730 [INFO    ] Variable 'RECO_DT_CUT_05' might be missing from headers of file: /global/home/users/sytoanngo/ONEFlux/data/US-ARc_sample_output/99_fluxnet2015/FLX_US-ARc_FLUXNET2015_FULLSET_HH_2005-2006_beta-5.csv [oneflux.pipeline.common]
2025-06-13 08:05:25.731 [INFO    ] Variable 'RECO_DT_CUT_16' might be missing from headers of file: /global/home/users/sytoanngo/ONEFlux/data/US-ARc_sample_output/99_fluxnet2015/FLX_US-ARc_FLUXNET2015_FULLSET_HH_2005-2006_beta-5.csv [oneflux.pipeline.common]
2025-06-13 08:05:25.731 [INFO    ] Variable 'RECO_DT_CUT_25' might be missing from headers of file: /global/home/users/sytoanngo/ONEFlux/data/US-ARc_sample_output/99_fluxnet2015/FLX_US-ARc_FLUXNET2015_FULLSET_HH_2005-2006_beta-5.csv [oneflux.pipeline.common]
2025-06-13 08:05:25.731 [INFO    ] Variable 'RECO_DT_CUT_50' might be missing from headers of file: /global/home/users/sytoanngo/ONEFlux/data/US-ARc_sample_output/99_fluxnet2015/FLX_US-ARc_FLUXNET2015_FULLSET_HH_2005-2006_beta-5.csv [oneflux.pipeline.common]
2025-06-13 08:05:25.731 [INFO    ] Variable 'RECO_DT_CUT_75' might be missing from headers of file: /global/home/users/sytoanngo/ONEFlux/data/US-ARc_sample_output/99_fluxnet2015/FLX_US-ARc_FLUXNET2015_FULLSET_HH_2005-2006_beta-5.csv [oneflux.pipeline.common]
2025-06-13 08:05:25.731 [INFO    ] Variable 'RECO_DT_CUT_84' might be missing from headers of file: /global/home/users/sytoanngo/ONEFlux/data/US-ARc_sample_output/99_fluxnet2015/FLX_US-ARc_FLUXNET2015_FULLSET_HH_2005-2006_beta-5.csv [oneflux.pipeline.common]
2025-06-13 08:05:25.731 [INFO    ] Variable 'RECO_DT_CUT_95' might be missing from headers of file: /global/home/users/sytoanngo/ONEFlux/data/US-ARc_sample_output/99_fluxnet2015/FLX_US-ARc_FLUXNET2015_FULLSET_HH_2005-2006_beta-5.csv [oneflux.pipeline.common]
2025-06-13 08:05:25.731 [INFO    ] Variable 'GPP_DT_CUT_05' might be missing from headers of file: /global/home/users/sytoanngo/ONEFlux/data/US-ARc_sample_output/99_fluxnet2015/FLX_US-ARc_FLUXNET2015_FULLSET_HH_2005-2006_beta-5.csv [oneflux.pipeline.common]
2025-06-13 08:05:25.731 [INFO    ] Variable 'GPP_DT_CUT_16' might be missing from headers of file: /global/home/users/sytoanngo/ONEFlux/data/US-ARc_sample_output/99_fluxnet2015/FLX_US-ARc_FLUXNET2015_FULLSET_HH_2005-2006_beta-5.csv [oneflux.pipeline.common]
2025-06-13 08:05:25.731 [INFO    ] Variable 'GPP_DT_CUT_25' might be missing from headers of file: /global/home/users/sytoanngo/ONEFlux/data/US-ARc_sample_output/99_fluxnet2015/FLX_US-ARc_FLUXNET2015_FULLSET_HH_2005-2006_beta-5.csv [oneflux.pipeline.common]
2025-06-13 08:05:25.731 [INFO    ] Variable 'GPP_DT_CUT_50' might be missing from headers of file: /global/home/users/sytoanngo/ONEFlux/data/US-ARc_sample_output/99_fluxnet2015/FLX_US-ARc_FLUXNET2015_FULLSET_HH_2005-2006_beta-5.csv [oneflux.pipeline.common]
2025-06-13 08:05:25.731 [INFO    ] Variable 'GPP_DT_CUT_75' might be missing from headers of file: /global/home/users/sytoanngo/ONEFlux/data/US-ARc_sample_output/99_fluxnet2015/FLX_US-ARc_FLUXNET2015_FULLSET_HH_2005-2006_beta-5.csv [oneflux.pipeline.common]
2025-06-13 08:05:25.731 [INFO    ] Variable 'GPP_DT_CUT_84' might be missing from headers of file: /global/home/users/sytoanngo/ONEFlux/data/US-ARc_sample_output/99_fluxnet2015/FLX_US-ARc_FLUXNET2015_FULLSET_HH_2005-2006_beta-5.csv [oneflux.pipeline.common]
2025-06-13 08:05:25.731 [INFO    ] Variable 'GPP_DT_CUT_95' might be missing from headers of file: /global/home/users/sytoanngo/ONEFlux/data/US-ARc_sample_output/99_fluxnet2015/FLX_US-ARc_FLUXNET2015_FULLSET_HH_2005-2006_beta-5.csv [oneflux.pipeline.common]
2025-06-13 08:05:25.733 [INFO    ] Variable 'PPFD_DIF' might be missing from headers of file: /global/home/users/sytoanngo/ONEFlux/data/US-ARc_sample_output/99_fluxnet2015/FLX_US-ARc_FLUXNET2015_FULLSET_MM_2005-2006_beta-5.csv [oneflux.pipeline.common]
2025-06-13 08:05:25.733 [INFO    ] Variable 'PPFD_DIF_QC' might be missing from headers of file: /global/home/users/sytoanngo/ONEFlux/data/US-ARc_sample_output/99_fluxnet2015/FLX_US-ARc_FLUXNET2015_FULLSET_MM_2005-2006_beta-5.csv [oneflux.pipeline.common]
2025-06-13 08:05:25.733 [INFO    ] Variable 'PPFD_OUT' might be missing from headers of file: /global/home/users/sytoanngo/ONEFlux/data/US-ARc_sample_output/99_fluxnet2015/FLX_US-ARc_FLUXNET2015_FULLSET_MM_2005-2006_beta-5.csv [oneflux.pipeline.common]
2025-06-13 08:05:25.733 [INFO    ] Variable 'PPFD_OUT_QC' might be missing from headers of file: /global/home/users/sytoanngo/ONEFlux/data/US-ARc_sample_output/99_fluxnet2015/FLX_US-ARc_FLUXNET2015_FULLSET_MM_2005-2006_beta-5.csv [oneflux.pipeline.common]
2025-06-13 08:05:25.733 [INFO    ] Variable 'SW_DIF' might be missing from headers of file: /global/home/users/sytoanngo/ONEFlux/data/US-ARc_sample_output/99_fluxnet2015/FLX_US-ARc_FLUXNET2015_FULLSET_MM_2005-2006_beta-5.csv [oneflux.pipeline.common]
2025-06-13 08:05:25.733 [INFO    ] Variable 'SW_DIF_QC' might be missing from headers of file: /global/home/users/sytoanngo/ONEFlux/data/US-ARc_sample_output/99_fluxnet2015/FLX_US-ARc_FLUXNET2015_FULLSET_MM_2005-2006_beta-5.csv [oneflux.pipeline.common]
2025-06-13 08:05:25.733 [INFO    ] Variable 'SW_OUT' might be missing from headers of file: /global/home/users/sytoanngo/ONEFlux/data/US-ARc_sample_output/99_fluxnet2015/FLX_US-ARc_FLUXNET2015_FULLSET_MM_2005-2006_beta-5.csv [oneflux.pipeline.common]
2025-06-13 08:05:25.733 [INFO    ] Variable 'SW_OUT_QC' might be missing from headers of file: /global/home/users/sytoanngo/ONEFlux/data/US-ARc_sample_output/99_fluxnet2015/FLX_US-ARc_FLUXNET2015_FULLSET_MM_2005-2006_beta-5.csv [oneflux.pipeline.common]
2025-06-13 08:05:25.733 [INFO    ] Variable 'LW_OUT' might be missing from headers of file: /global/home/users/sytoanngo/ONEFlux/data/US-ARc_sample_output/99_fluxnet2015/FLX_US-ARc_FLUXNET2015_FULLSET_MM_2005-2006_beta-5.csv [oneflux.pipeline.common]
2025-06-13 08:05:25.733 [INFO    ] Variable 'LW_OUT_QC' might be missing from headers of file: /global/home/users/sytoanngo/ONEFlux/data/US-ARc_sample_output/99_fluxnet2015/FLX_US-ARc_FLUXNET2015_FULLSET_MM_2005-2006_beta-5.csv [oneflux.pipeline.common]
2025-06-13 08:05:25.734 [INFO    ] Variable 'PA' might be missing from headers of file: /global/home/users/sytoanngo/ONEFlux/data/US-ARc_sample_output/99_fluxnet2015/FLX_US-ARc_FLUXNET2015_FULLSET_MM_2005-2006_beta-5.csv [oneflux.pipeline.common]
2025-06-13 08:05:25.734 [INFO    ] Variable 'P' might be missing from headers of file: /global/home/users/sytoanngo/ONEFlux/data/US-ARc_sample_output/99_fluxnet2015/FLX_US-ARc_FLUXNET2015_FULLSET_MM_2005-2006_beta-5.csv [oneflux.pipeline.common]
2025-06-13 08:05:25.734 [INFO    ] Variable 'WS' might be missing from headers of file: /global/home/users/sytoanngo/ONEFlux/data/US-ARc_sample_output/99_fluxnet2015/FLX_US-ARc_FLUXNET2015_FULLSET_MM_2005-2006_beta-5.csv [oneflux.pipeline.common]
2025-06-13 08:05:25.734 [INFO    ] Variable 'WD' might be missing from headers of file: /global/home/users/sytoanngo/ONEFlux/data/US-ARc_sample_output/99_fluxnet2015/FLX_US-ARc_FLUXNET2015_FULLSET_MM_2005-2006_beta-5.csv [oneflux.pipeline.common]
2025-06-13 08:05:25.734 [INFO    ] Variable 'RH' might be missing from headers of file: /global/home/users/sytoanngo/ONEFlux/data/US-ARc_sample_output/99_fluxnet2015/FLX_US-ARc_FLUXNET2015_FULLSET_MM_2005-2006_beta-5.csv [oneflux.pipeline.common]
2025-06-13 08:05:25.734 [INFO    ] Variable 'LE_CORR_25' might be missing from headers of file: /global/home/users/sytoanngo/ONEFlux/data/US-ARc_sample_output/99_fluxnet2015/FLX_US-ARc_FLUXNET2015_FULLSET_MM_2005-2006_beta-5.csv [oneflux.pipeline.common]
2025-06-13 08:05:25.734 [INFO    ] Variable 'LE_CORR_75' might be missing from headers of file: /global/home/users/sytoanngo/ONEFlux/data/US-ARc_sample_output/99_fluxnet2015/FLX_US-ARc_FLUXNET2015_FULLSET_MM_2005-2006_beta-5.csv [oneflux.pipeline.common]
2025-06-13 08:05:25.734 [INFO    ] Variable 'LE_RANDUNC_METHOD' might be missing from headers of file: /global/home/users/sytoanngo/ONEFlux/data/US-ARc_sample_output/99_fluxnet2015/FLX_US-ARc_FLUXNET2015_FULLSET_MM_2005-2006_beta-5.csv [oneflux.pipeline.common]
2025-06-13 08:05:25.734 [INFO    ] Variable 'LE_RANDUNC_N' might be missing from headers of file: /global/home/users/sytoanngo/ONEFlux/data/US-ARc_sample_output/99_fluxnet2015/FLX_US-ARc_FLUXNET2015_FULLSET_MM_2005-2006_beta-5.csv [oneflux.pipeline.common]
2025-06-13 08:05:25.734 [INFO    ] Variable 'LE_CORR_JOINTUNC' might be missing from headers of file: /global/home/users/sytoanngo/ONEFlux/data/US-ARc_sample_output/99_fluxnet2015/FLX_US-ARc_FLUXNET2015_FULLSET_MM_2005-2006_beta-5.csv [oneflux.pipeline.common]
2025-06-13 08:05:25.734 [INFO    ] Variable 'H_CORR_25' might be missing from headers of file: /global/home/users/sytoanngo/ONEFlux/data/US-ARc_sample_output/99_fluxnet2015/FLX_US-ARc_FLUXNET2015_FULLSET_MM_2005-2006_beta-5.csv [oneflux.pipeline.common]
2025-06-13 08:05:25.734 [INFO    ] Variable 'H_CORR_75' might be missing from headers of file: /global/home/users/sytoanngo/ONEFlux/data/US-ARc_sample_output/99_fluxnet2015/FLX_US-ARc_FLUXNET2015_FULLSET_MM_2005-2006_beta-5.csv [oneflux.pipeline.common]
2025-06-13 08:05:25.734 [INFO    ] Variable 'H_RANDUNC_METHOD' might be missing from headers of file: /global/home/users/sytoanngo/ONEFlux/data/US-ARc_sample_output/99_fluxnet2015/FLX_US-ARc_FLUXNET2015_FULLSET_MM_2005-2006_beta-5.csv [oneflux.pipeline.common]
2025-06-13 08:05:25.735 [INFO    ] Variable 'H_RANDUNC_N' might be missing from headers of file: /global/home/users/sytoanngo/ONEFlux/data/US-ARc_sample_output/99_fluxnet2015/FLX_US-ARc_FLUXNET2015_FULLSET_MM_2005-2006_beta-5.csv [oneflux.pipeline.common]
2025-06-13 08:05:25.735 [INFO    ] Variable 'H_CORR_JOINTUNC' might be missing from headers of file: /global/home/users/sytoanngo/ONEFlux/data/US-ARc_sample_output/99_fluxnet2015/FLX_US-ARc_FLUXNET2015_FULLSET_MM_2005-2006_beta-5.csv [oneflux.pipeline.common]
2025-06-13 08:05:25.735 [INFO    ] Variable 'NEE_CUT_REF' might be missing from headers of file: /global/home/users/sytoanngo/ONEFlux/data/US-ARc_sample_output/99_fluxnet2015/FLX_US-ARc_FLUXNET2015_FULLSET_MM_2005-2006_beta-5.csv [oneflux.pipeline.common]
2025-06-13 08:05:25.735 [INFO    ] Variable 'NEE_CUT_REF_QC' might be missing from headers of file: /global/home/users/sytoanngo/ONEFlux/data/US-ARc_sample_output/99_fluxnet2015/FLX_US-ARc_FLUXNET2015_FULLSET_MM_2005-2006_beta-5.csv [oneflux.pipeline.common]
2025-06-13 08:05:25.735 [INFO    ] Variable 'NEE_CUT_REF_RANDUNC' might be missing from headers of file: /global/home/users/sytoanngo/ONEFlux/data/US-ARc_sample_output/99_fluxnet2015/FLX_US-ARc_FLUXNET2015_FULLSET_MM_2005-2006_beta-5.csv [oneflux.pipeline.common]
2025-06-13 08:05:25.735 [INFO    ] Variable 'RECO_NT_CUT_REF' might be missing from headers of file: /global/home/users/sytoanngo/ONEFlux/data/US-ARc_sample_output/99_fluxnet2015/FLX_US-ARc_FLUXNET2015_FULLSET_MM_2005-2006_beta-5.csv [oneflux.pipeline.common]
2025-06-13 08:05:25.735 [INFO    ] Variable 'GPP_NT_CUT_REF' might be missing from headers of file: /global/home/users/sytoanngo/ONEFlux/data/US-ARc_sample_output/99_fluxnet2015/FLX_US-ARc_FLUXNET2015_FULLSET_MM_2005-2006_beta-5.csv [oneflux.pipeline.common]
2025-06-13 08:05:25.735 [INFO    ] Variable 'RECO_DT_CUT_REF' might be missing from headers of file: /global/home/users/sytoanngo/ONEFlux/data/US-ARc_sample_output/99_fluxnet2015/FLX_US-ARc_FLUXNET2015_FULLSET_MM_2005-2006_beta-5.csv [oneflux.pipeline.common]
2025-06-13 08:05:25.735 [INFO    ] Variable 'GPP_DT_CUT_REF' might be missing from headers of file: /global/home/users/sytoanngo/ONEFlux/data/US-ARc_sample_output/99_fluxnet2015/FLX_US-ARc_FLUXNET2015_FULLSET_MM_2005-2006_beta-5.csv [oneflux.pipeline.common]
2025-06-13 08:05:25.735 [INFO    ] Variable 'TS_F_MDS_2' might be missing from headers of file: /global/home/users/sytoanngo/ONEFlux/data/US-ARc_sample_output/99_fluxnet2015/FLX_US-ARc_FLUXNET2015_FULLSET_MM_2005-2006_beta-5.csv [oneflux.pipeline.common]
2025-06-13 08:05:25.735 [INFO    ] Variable 'TS_F_MDS_3' might be missing from headers of file: /global/home/users/sytoanngo/ONEFlux/data/US-ARc_sample_output/99_fluxnet2015/FLX_US-ARc_FLUXNET2015_FULLSET_MM_2005-2006_beta-5.csv [oneflux.pipeline.common]
2025-06-13 08:05:25.735 [INFO    ] Variable 'TS_F_MDS_4' might be missing from headers of file: /global/home/users/sytoanngo/ONEFlux/data/US-ARc_sample_output/99_fluxnet2015/FLX_US-ARc_FLUXNET2015_FULLSET_MM_2005-2006_beta-5.csv [oneflux.pipeline.common]
2025-06-13 08:05:25.735 [INFO    ] Variable 'TS_F_MDS_5' might be missing from headers of file: /global/home/users/sytoanngo/ONEFlux/data/US-ARc_sample_output/99_fluxnet2015/FLX_US-ARc_FLUXNET2015_FULLSET_MM_2005-2006_beta-5.csv [oneflux.pipeline.common]
2025-06-13 08:05:25.736 [INFO    ] Variable 'TS_F_MDS_6' might be missing from headers of file: /global/home/users/sytoanngo/ONEFlux/data/US-ARc_sample_output/99_fluxnet2015/FLX_US-ARc_FLUXNET2015_FULLSET_MM_2005-2006_beta-5.csv [oneflux.pipeline.common]
2025-06-13 08:05:25.736 [INFO    ] Variable 'TS_F_MDS_7' might be missing from headers of file: /global/home/users/sytoanngo/ONEFlux/data/US-ARc_sample_output/99_fluxnet2015/FLX_US-ARc_FLUXNET2015_FULLSET_MM_2005-2006_beta-5.csv [oneflux.pipeline.common]
2025-06-13 08:05:25.736 [INFO    ] Variable 'TS_F_MDS_8' might be missing from headers of file: /global/home/users/sytoanngo/ONEFlux/data/US-ARc_sample_output/99_fluxnet2015/FLX_US-ARc_FLUXNET2015_FULLSET_MM_2005-2006_beta-5.csv [oneflux.pipeline.common]
2025-06-13 08:05:25.736 [INFO    ] Variable 'TS_F_MDS_9' might be missing from headers of file: /global/home/users/sytoanngo/ONEFlux/data/US-ARc_sample_output/99_fluxnet2015/FLX_US-ARc_FLUXNET2015_FULLSET_MM_2005-2006_beta-5.csv [oneflux.pipeline.common]
2025-06-13 08:05:25.736 [INFO    ] Variable 'TS_F_MDS_10' might be missing from headers of file: /global/home/users/sytoanngo/ONEFlux/data/US-ARc_sample_output/99_fluxnet2015/FLX_US-ARc_FLUXNET2015_FULLSET_MM_2005-2006_beta-5.csv [oneflux.pipeline.common]
2025-06-13 08:05:25.736 [INFO    ] Variable 'TS_F_MDS_11' might be missing from headers of file: /global/home/users/sytoanngo/ONEFlux/data/US-ARc_sample_output/99_fluxnet2015/FLX_US-ARc_FLUXNET2015_FULLSET_MM_2005-2006_beta-5.csv [oneflux.pipeline.common]
2025-06-13 08:05:25.736 [INFO    ] Variable 'TS_F_MDS_12' might be missing from headers of file: /global/home/users/sytoanngo/ONEFlux/data/US-ARc_sample_output/99_fluxnet2015/FLX_US-ARc_FLUXNET2015_FULLSET_MM_2005-2006_beta-5.csv [oneflux.pipeline.common]
2025-06-13 08:05:25.736 [INFO    ] Variable 'TS_F_MDS_13' might be missing from headers of file: /global/home/users/sytoanngo/ONEFlux/data/US-ARc_sample_output/99_fluxnet2015/FLX_US-ARc_FLUXNET2015_FULLSET_MM_2005-2006_beta-5.csv [oneflux.pipeline.common]
2025-06-13 08:05:25.736 [INFO    ] Variable 'TS_F_MDS_14' might be missing from headers of file: /global/home/users/sytoanngo/ONEFlux/data/US-ARc_sample_output/99_fluxnet2015/FLX_US-ARc_FLUXNET2015_FULLSET_MM_2005-2006_beta-5.csv [oneflux.pipeline.common]
2025-06-13 08:05:25.736 [INFO    ] Variable 'TS_F_MDS_15' might be missing from headers of file: /global/home/users/sytoanngo/ONEFlux/data/US-ARc_sample_output/99_fluxnet2015/FLX_US-ARc_FLUXNET2015_FULLSET_MM_2005-2006_beta-5.csv [oneflux.pipeline.common]
2025-06-13 08:05:25.736 [INFO    ] Variable 'TS_F_MDS_16' might be missing from headers of file: /global/home/users/sytoanngo/ONEFlux/data/US-ARc_sample_output/99_fluxnet2015/FLX_US-ARc_FLUXNET2015_FULLSET_MM_2005-2006_beta-5.csv [oneflux.pipeline.common]
2025-06-13 08:05:25.736 [INFO    ] Variable 'TS_F_MDS_17' might be missing from headers of file: /global/home/users/sytoanngo/ONEFlux/data/US-ARc_sample_output/99_fluxnet2015/FLX_US-ARc_FLUXNET2015_FULLSET_MM_2005-2006_beta-5.csv [oneflux.pipeline.common]
2025-06-13 08:05:25.737 [INFO    ] Variable 'TS_F_MDS_18' might be missing from headers of file: /global/home/users/sytoanngo/ONEFlux/data/US-ARc_sample_output/99_fluxnet2015/FLX_US-ARc_FLUXNET2015_FULLSET_MM_2005-2006_beta-5.csv [oneflux.pipeline.common]
2025-06-13 08:05:25.737 [INFO    ] Variable 'TS_F_MDS_19' might be missing from headers of file: /global/home/users/sytoanngo/ONEFlux/data/US-ARc_sample_output/99_fluxnet2015/FLX_US-ARc_FLUXNET2015_FULLSET_MM_2005-2006_beta-5.csv [oneflux.pipeline.common]
2025-06-13 08:05:25.737 [INFO    ] Variable 'TS_F_MDS_2_QC' might be missing from headers of file: /global/home/users/sytoanngo/ONEFlux/data/US-ARc_sample_output/99_fluxnet2015/FLX_US-ARc_FLUXNET2015_FULLSET_MM_2005-2006_beta-5.csv [oneflux.pipeline.common]
2025-06-13 08:05:25.737 [INFO    ] Variable 'TS_F_MDS_3_QC' might be missing from headers of file: /global/home/users/sytoanngo/ONEFlux/data/US-ARc_sample_output/99_fluxnet2015/FLX_US-ARc_FLUXNET2015_FULLSET_MM_2005-2006_beta-5.csv [oneflux.pipeline.common]
2025-06-13 08:05:25.737 [INFO    ] Variable 'TS_F_MDS_4_QC' might be missing from headers of file: /global/home/users/sytoanngo/ONEFlux/data/US-ARc_sample_output/99_fluxnet2015/FLX_US-ARc_FLUXNET2015_FULLSET_MM_2005-2006_beta-5.csv [oneflux.pipeline.common]
2025-06-13 08:05:25.737 [INFO    ] Variable 'TS_F_MDS_5_QC' might be missing from headers of file: /global/home/users/sytoanngo/ONEFlux/data/US-ARc_sample_output/99_fluxnet2015/FLX_US-ARc_FLUXNET2015_FULLSET_MM_2005-2006_beta-5.csv [oneflux.pipeline.common]
2025-06-13 08:05:25.737 [INFO    ] Variable 'TS_F_MDS_6_QC' might be missing from headers of file: /global/home/users/sytoanngo/ONEFlux/data/US-ARc_sample_output/99_fluxnet2015/FLX_US-ARc_FLUXNET2015_FULLSET_MM_2005-2006_beta-5.csv [oneflux.pipeline.common]
2025-06-13 08:05:25.737 [INFO    ] Variable 'TS_F_MDS_7_QC' might be missing from headers of file: /global/home/users/sytoanngo/ONEFlux/data/US-ARc_sample_output/99_fluxnet2015/FLX_US-ARc_FLUXNET2015_FULLSET_MM_2005-2006_beta-5.csv [oneflux.pipeline.common]
2025-06-13 08:05:25.737 [INFO    ] Variable 'TS_F_MDS_8_QC' might be missing from headers of file: /global/home/users/sytoanngo/ONEFlux/data/US-ARc_sample_output/99_fluxnet2015/FLX_US-ARc_FLUXNET2015_FULLSET_MM_2005-2006_beta-5.csv [oneflux.pipeline.common]
2025-06-13 08:05:25.737 [INFO    ] Variable 'TS_F_MDS_9_QC' might be missing from headers of file: /global/home/users/sytoanngo/ONEFlux/data/US-ARc_sample_output/99_fluxnet2015/FLX_US-ARc_FLUXNET2015_FULLSET_MM_2005-2006_beta-5.csv [oneflux.pipeline.common]
2025-06-13 08:05:25.737 [INFO    ] Variable 'TS_F_MDS_10_QC' might be missing from headers of file: /global/home/users/sytoanngo/ONEFlux/data/US-ARc_sample_output/99_fluxnet2015/FLX_US-ARc_FLUXNET2015_FULLSET_MM_2005-2006_beta-5.csv [oneflux.pipeline.common]
2025-06-13 08:05:25.737 [INFO    ] Variable 'TS_F_MDS_11_QC' might be missing from headers of file: /global/home/users/sytoanngo/ONEFlux/data/US-ARc_sample_output/99_fluxnet2015/FLX_US-ARc_FLUXNET2015_FULLSET_MM_2005-2006_beta-5.csv [oneflux.pipeline.common]
2025-06-13 08:05:25.738 [INFO    ] Variable 'TS_F_MDS_12_QC' might be missing from headers of file: /global/home/users/sytoanngo/ONEFlux/data/US-ARc_sample_output/99_fluxnet2015/FLX_US-ARc_FLUXNET2015_FULLSET_MM_2005-2006_beta-5.csv [oneflux.pipeline.common]
2025-06-13 08:05:25.738 [INFO    ] Variable 'TS_F_MDS_13_QC' might be missing from headers of file: /global/home/users/sytoanngo/ONEFlux/data/US-ARc_sample_output/99_fluxnet2015/FLX_US-ARc_FLUXNET2015_FULLSET_MM_2005-2006_beta-5.csv [oneflux.pipeline.common]
2025-06-13 08:05:25.738 [INFO    ] Variable 'TS_F_MDS_14_QC' might be missing from headers of file: /global/home/users/sytoanngo/ONEFlux/data/US-ARc_sample_output/99_fluxnet2015/FLX_US-ARc_FLUXNET2015_FULLSET_MM_2005-2006_beta-5.csv [oneflux.pipeline.common]
2025-06-13 08:05:25.738 [INFO    ] Variable 'TS_F_MDS_15_QC' might be missing from headers of file: /global/home/users/sytoanngo/ONEFlux/data/US-ARc_sample_output/99_fluxnet2015/FLX_US-ARc_FLUXNET2015_FULLSET_MM_2005-2006_beta-5.csv [oneflux.pipeline.common]
2025-06-13 08:05:25.738 [INFO    ] Variable 'TS_F_MDS_16_QC' might be missing from headers of file: /global/home/users/sytoanngo/ONEFlux/data/US-ARc_sample_output/99_fluxnet2015/FLX_US-ARc_FLUXNET2015_FULLSET_MM_2005-2006_beta-5.csv [oneflux.pipeline.common]
2025-06-13 08:05:25.738 [INFO    ] Variable 'TS_F_MDS_17_QC' might be missing from headers of file: /global/home/users/sytoanngo/ONEFlux/data/US-ARc_sample_output/99_fluxnet2015/FLX_US-ARc_FLUXNET2015_FULLSET_MM_2005-2006_beta-5.csv [oneflux.pipeline.common]
2025-06-13 08:05:25.738 [INFO    ] Variable 'TS_F_MDS_18_QC' might be missing from headers of file: /global/home/users/sytoanngo/ONEFlux/data/US-ARc_sample_output/99_fluxnet2015/FLX_US-ARc_FLUXNET2015_FULLSET_MM_2005-2006_beta-5.csv [oneflux.pipeline.common]
2025-06-13 08:05:25.738 [INFO    ] Variable 'TS_F_MDS_19_QC' might be missing from headers of file: /global/home/users/sytoanngo/ONEFlux/data/US-ARc_sample_output/99_fluxnet2015/FLX_US-ARc_FLUXNET2015_FULLSET_MM_2005-2006_beta-5.csv [oneflux.pipeline.common]
2025-06-13 08:05:25.738 [INFO    ] Variable 'SWC_F_MDS_2' might be missing from headers of file: /global/home/users/sytoanngo/ONEFlux/data/US-ARc_sample_output/99_fluxnet2015/FLX_US-ARc_FLUXNET2015_FULLSET_MM_2005-2006_beta-5.csv [oneflux.pipeline.common]
2025-06-13 08:05:25.738 [INFO    ] Variable 'SWC_F_MDS_3' might be missing from headers of file: /global/home/users/sytoanngo/ONEFlux/data/US-ARc_sample_output/99_fluxnet2015/FLX_US-ARc_FLUXNET2015_FULLSET_MM_2005-2006_beta-5.csv [oneflux.pipeline.common]
2025-06-13 08:05:25.738 [INFO    ] Variable 'SWC_F_MDS_4' might be missing from headers of file: /global/home/users/sytoanngo/ONEFlux/data/US-ARc_sample_output/99_fluxnet2015/FLX_US-ARc_FLUXNET2015_FULLSET_MM_2005-2006_beta-5.csv [oneflux.pipeline.common]
2025-06-13 08:05:25.738 [INFO    ] Variable 'SWC_F_MDS_5' might be missing from headers of file: /global/home/users/sytoanngo/ONEFlux/data/US-ARc_sample_output/99_fluxnet2015/FLX_US-ARc_FLUXNET2015_FULLSET_MM_2005-2006_beta-5.csv [oneflux.pipeline.common]
2025-06-13 08:05:25.738 [INFO    ] Variable 'SWC_F_MDS_6' might be missing from headers of file: /global/home/users/sytoanngo/ONEFlux/data/US-ARc_sample_output/99_fluxnet2015/FLX_US-ARc_FLUXNET2015_FULLSET_MM_2005-2006_beta-5.csv [oneflux.pipeline.common]
2025-06-13 08:05:25.739 [INFO    ] Variable 'SWC_F_MDS_7' might be missing from headers of file: /global/home/users/sytoanngo/ONEFlux/data/US-ARc_sample_output/99_fluxnet2015/FLX_US-ARc_FLUXNET2015_FULLSET_MM_2005-2006_beta-5.csv [oneflux.pipeline.common]
2025-06-13 08:05:25.739 [INFO    ] Variable 'SWC_F_MDS_8' might be missing from headers of file: /global/home/users/sytoanngo/ONEFlux/data/US-ARc_sample_output/99_fluxnet2015/FLX_US-ARc_FLUXNET2015_FULLSET_MM_2005-2006_beta-5.csv [oneflux.pipeline.common]
2025-06-13 08:05:25.739 [INFO    ] Variable 'SWC_F_MDS_9' might be missing from headers of file: /global/home/users/sytoanngo/ONEFlux/data/US-ARc_sample_output/99_fluxnet2015/FLX_US-ARc_FLUXNET2015_FULLSET_MM_2005-2006_beta-5.csv [oneflux.pipeline.common]
2025-06-13 08:05:25.739 [INFO    ] Variable 'SWC_F_MDS_10' might be missing from headers of file: /global/home/users/sytoanngo/ONEFlux/data/US-ARc_sample_output/99_fluxnet2015/FLX_US-ARc_FLUXNET2015_FULLSET_MM_2005-2006_beta-5.csv [oneflux.pipeline.common]
2025-06-13 08:05:25.739 [INFO    ] Variable 'SWC_F_MDS_11' might be missing from headers of file: /global/home/users/sytoanngo/ONEFlux/data/US-ARc_sample_output/99_fluxnet2015/FLX_US-ARc_FLUXNET2015_FULLSET_MM_2005-2006_beta-5.csv [oneflux.pipeline.common]
2025-06-13 08:05:25.739 [INFO    ] Variable 'SWC_F_MDS_12' might be missing from headers of file: /global/home/users/sytoanngo/ONEFlux/data/US-ARc_sample_output/99_fluxnet2015/FLX_US-ARc_FLUXNET2015_FULLSET_MM_2005-2006_beta-5.csv [oneflux.pipeline.common]
2025-06-13 08:05:25.739 [INFO    ] Variable 'SWC_F_MDS_13' might be missing from headers of file: /global/home/users/sytoanngo/ONEFlux/data/US-ARc_sample_output/99_fluxnet2015/FLX_US-ARc_FLUXNET2015_FULLSET_MM_2005-2006_beta-5.csv [oneflux.pipeline.common]
2025-06-13 08:05:25.739 [INFO    ] Variable 'SWC_F_MDS_14' might be missing from headers of file: /global/home/users/sytoanngo/ONEFlux/data/US-ARc_sample_output/99_fluxnet2015/FLX_US-ARc_FLUXNET2015_FULLSET_MM_2005-2006_beta-5.csv [oneflux.pipeline.common]
2025-06-13 08:05:25.739 [INFO    ] Variable 'SWC_F_MDS_15' might be missing from headers of file: /global/home/users/sytoanngo/ONEFlux/data/US-ARc_sample_output/99_fluxnet2015/FLX_US-ARc_FLUXNET2015_FULLSET_MM_2005-2006_beta-5.csv [oneflux.pipeline.common]
2025-06-13 08:05:25.739 [INFO    ] Variable 'SWC_F_MDS_16' might be missing from headers of file: /global/home/users/sytoanngo/ONEFlux/data/US-ARc_sample_output/99_fluxnet2015/FLX_US-ARc_FLUXNET2015_FULLSET_MM_2005-2006_beta-5.csv [oneflux.pipeline.common]
2025-06-13 08:05:25.739 [INFO    ] Variable 'SWC_F_MDS_17' might be missing from headers of file: /global/home/users/sytoanngo/ONEFlux/data/US-ARc_sample_output/99_fluxnet2015/FLX_US-ARc_FLUXNET2015_FULLSET_MM_2005-2006_beta-5.csv [oneflux.pipeline.common]
2025-06-13 08:05:25.739 [INFO    ] Variable 'SWC_F_MDS_18' might be missing from headers of file: /global/home/users/sytoanngo/ONEFlux/data/US-ARc_sample_output/99_fluxnet2015/FLX_US-ARc_FLUXNET2015_FULLSET_MM_2005-2006_beta-5.csv [oneflux.pipeline.common]
2025-06-13 08:05:25.739 [INFO    ] Variable 'SWC_F_MDS_19' might be missing from headers of file: /global/home/users/sytoanngo/ONEFlux/data/US-ARc_sample_output/99_fluxnet2015/FLX_US-ARc_FLUXNET2015_FULLSET_MM_2005-2006_beta-5.csv [oneflux.pipeline.common]
2025-06-13 08:05:25.739 [INFO    ] Variable 'SWC_F_MDS_2_QC' might be missing from headers of file: /global/home/users/sytoanngo/ONEFlux/data/US-ARc_sample_output/99_fluxnet2015/FLX_US-ARc_FLUXNET2015_FULLSET_MM_2005-2006_beta-5.csv [oneflux.pipeline.common]
2025-06-13 08:05:25.740 [INFO    ] Variable 'SWC_F_MDS_3_QC' might be missing from headers of file: /global/home/users/sytoanngo/ONEFlux/data/US-ARc_sample_output/99_fluxnet2015/FLX_US-ARc_FLUXNET2015_FULLSET_MM_2005-2006_beta-5.csv [oneflux.pipeline.common]
2025-06-13 08:05:25.740 [INFO    ] Variable 'SWC_F_MDS_4_QC' might be missing from headers of file: /global/home/users/sytoanngo/ONEFlux/data/US-ARc_sample_output/99_fluxnet2015/FLX_US-ARc_FLUXNET2015_FULLSET_MM_2005-2006_beta-5.csv [oneflux.pipeline.common]
2025-06-13 08:05:25.740 [INFO    ] Variable 'SWC_F_MDS_5_QC' might be missing from headers of file: /global/home/users/sytoanngo/ONEFlux/data/US-ARc_sample_output/99_fluxnet2015/FLX_US-ARc_FLUXNET2015_FULLSET_MM_2005-2006_beta-5.csv [oneflux.pipeline.common]
2025-06-13 08:05:25.740 [INFO    ] Variable 'SWC_F_MDS_6_QC' might be missing from headers of file: /global/home/users/sytoanngo/ONEFlux/data/US-ARc_sample_output/99_fluxnet2015/FLX_US-ARc_FLUXNET2015_FULLSET_MM_2005-2006_beta-5.csv [oneflux.pipeline.common]
2025-06-13 08:05:25.740 [INFO    ] Variable 'SWC_F_MDS_7_QC' might be missing from headers of file: /global/home/users/sytoanngo/ONEFlux/data/US-ARc_sample_output/99_fluxnet2015/FLX_US-ARc_FLUXNET2015_FULLSET_MM_2005-2006_beta-5.csv [oneflux.pipeline.common]
2025-06-13 08:05:25.740 [INFO    ] Variable 'SWC_F_MDS_8_QC' might be missing from headers of file: /global/home/users/sytoanngo/ONEFlux/data/US-ARc_sample_output/99_fluxnet2015/FLX_US-ARc_FLUXNET2015_FULLSET_MM_2005-2006_beta-5.csv [oneflux.pipeline.common]
2025-06-13 08:05:25.740 [INFO    ] Variable 'SWC_F_MDS_9_QC' might be missing from headers of file: /global/home/users/sytoanngo/ONEFlux/data/US-ARc_sample_output/99_fluxnet2015/FLX_US-ARc_FLUXNET2015_FULLSET_MM_2005-2006_beta-5.csv [oneflux.pipeline.common]
2025-06-13 08:05:25.740 [INFO    ] Variable 'SWC_F_MDS_10_QC' might be missing from headers of file: /global/home/users/sytoanngo/ONEFlux/data/US-ARc_sample_output/99_fluxnet2015/FLX_US-ARc_FLUXNET2015_FULLSET_MM_2005-2006_beta-5.csv [oneflux.pipeline.common]
2025-06-13 08:05:25.740 [INFO    ] Variable 'SWC_F_MDS_11_QC' might be missing from headers of file: /global/home/users/sytoanngo/ONEFlux/data/US-ARc_sample_output/99_fluxnet2015/FLX_US-ARc_FLUXNET2015_FULLSET_MM_2005-2006_beta-5.csv [oneflux.pipeline.common]
2025-06-13 08:05:25.740 [INFO    ] Variable 'SWC_F_MDS_12_QC' might be missing from headers of file: /global/home/users/sytoanngo/ONEFlux/data/US-ARc_sample_output/99_fluxnet2015/FLX_US-ARc_FLUXNET2015_FULLSET_MM_2005-2006_beta-5.csv [oneflux.pipeline.common]
2025-06-13 08:05:25.740 [INFO    ] Variable 'SWC_F_MDS_13_QC' might be missing from headers of file: /global/home/users/sytoanngo/ONEFlux/data/US-ARc_sample_output/99_fluxnet2015/FLX_US-ARc_FLUXNET2015_FULLSET_MM_2005-2006_beta-5.csv [oneflux.pipeline.common]
2025-06-13 08:05:25.740 [INFO    ] Variable 'SWC_F_MDS_14_QC' might be missing from headers of file: /global/home/users/sytoanngo/ONEFlux/data/US-ARc_sample_output/99_fluxnet2015/FLX_US-ARc_FLUXNET2015_FULLSET_MM_2005-2006_beta-5.csv [oneflux.pipeline.common]
2025-06-13 08:05:25.741 [INFO    ] Variable 'SWC_F_MDS_15_QC' might be missing from headers of file: /global/home/users/sytoanngo/ONEFlux/data/US-ARc_sample_output/99_fluxnet2015/FLX_US-ARc_FLUXNET2015_FULLSET_MM_2005-2006_beta-5.csv [oneflux.pipeline.common]
2025-06-13 08:05:25.741 [INFO    ] Variable 'SWC_F_MDS_16_QC' might be missing from headers of file: /global/home/users/sytoanngo/ONEFlux/data/US-ARc_sample_output/99_fluxnet2015/FLX_US-ARc_FLUXNET2015_FULLSET_MM_2005-2006_beta-5.csv [oneflux.pipeline.common]
2025-06-13 08:05:25.741 [INFO    ] Variable 'SWC_F_MDS_17_QC' might be missing from headers of file: /global/home/users/sytoanngo/ONEFlux/data/US-ARc_sample_output/99_fluxnet2015/FLX_US-ARc_FLUXNET2015_FULLSET_MM_2005-2006_beta-5.csv [oneflux.pipeline.common]
2025-06-13 08:05:25.741 [INFO    ] Variable 'SWC_F_MDS_18_QC' might be missing from headers of file: /global/home/users/sytoanngo/ONEFlux/data/US-ARc_sample_output/99_fluxnet2015/FLX_US-ARc_FLUXNET2015_FULLSET_MM_2005-2006_beta-5.csv [oneflux.pipeline.common]
2025-06-13 08:05:25.741 [INFO    ] Variable 'SWC_F_MDS_19_QC' might be missing from headers of file: /global/home/users/sytoanngo/ONEFlux/data/US-ARc_sample_output/99_fluxnet2015/FLX_US-ARc_FLUXNET2015_FULLSET_MM_2005-2006_beta-5.csv [oneflux.pipeline.common]
2025-06-13 08:05:25.741 [INFO    ] Variable 'NEE_CUT_05' might be missing from headers of file: /global/home/users/sytoanngo/ONEFlux/data/US-ARc_sample_output/99_fluxnet2015/FLX_US-ARc_FLUXNET2015_FULLSET_MM_2005-2006_beta-5.csv [oneflux.pipeline.common]
2025-06-13 08:05:25.741 [INFO    ] Variable 'NEE_CUT_16' might be missing from headers of file: /global/home/users/sytoanngo/ONEFlux/data/US-ARc_sample_output/99_fluxnet2015/FLX_US-ARc_FLUXNET2015_FULLSET_MM_2005-2006_beta-5.csv [oneflux.pipeline.common]
2025-06-13 08:05:25.741 [INFO    ] Variable 'NEE_CUT_25' might be missing from headers of file: /global/home/users/sytoanngo/ONEFlux/data/US-ARc_sample_output/99_fluxnet2015/FLX_US-ARc_FLUXNET2015_FULLSET_MM_2005-2006_beta-5.csv [oneflux.pipeline.common]
2025-06-13 08:05:25.741 [INFO    ] Variable 'NEE_CUT_50' might be missing from headers of file: /global/home/users/sytoanngo/ONEFlux/data/US-ARc_sample_output/99_fluxnet2015/FLX_US-ARc_FLUXNET2015_FULLSET_MM_2005-2006_beta-5.csv [oneflux.pipeline.common]
2025-06-13 08:05:25.741 [INFO    ] Variable 'NEE_CUT_75' might be missing from headers of file: /global/home/users/sytoanngo/ONEFlux/data/US-ARc_sample_output/99_fluxnet2015/FLX_US-ARc_FLUXNET2015_FULLSET_MM_2005-2006_beta-5.csv [oneflux.pipeline.common]
2025-06-13 08:05:25.741 [INFO    ] Variable 'NEE_CUT_84' might be missing from headers of file: /global/home/users/sytoanngo/ONEFlux/data/US-ARc_sample_output/99_fluxnet2015/FLX_US-ARc_FLUXNET2015_FULLSET_MM_2005-2006_beta-5.csv [oneflux.pipeline.common]
2025-06-13 08:05:25.741 [INFO    ] Variable 'NEE_CUT_95' might be missing from headers of file: /global/home/users/sytoanngo/ONEFlux/data/US-ARc_sample_output/99_fluxnet2015/FLX_US-ARc_FLUXNET2015_FULLSET_MM_2005-2006_beta-5.csv [oneflux.pipeline.common]
2025-06-13 08:05:25.742 [INFO    ] Variable 'NEE_CUT_05_QC' might be missing from headers of file: /global/home/users/sytoanngo/ONEFlux/data/US-ARc_sample_output/99_fluxnet2015/FLX_US-ARc_FLUXNET2015_FULLSET_MM_2005-2006_beta-5.csv [oneflux.pipeline.common]
2025-06-13 08:05:25.742 [INFO    ] Variable 'NEE_CUT_16_QC' might be missing from headers of file: /global/home/users/sytoanngo/ONEFlux/data/US-ARc_sample_output/99_fluxnet2015/FLX_US-ARc_FLUXNET2015_FULLSET_MM_2005-2006_beta-5.csv [oneflux.pipeline.common]
2025-06-13 08:05:25.742 [INFO    ] Variable 'NEE_CUT_25_QC' might be missing from headers of file: /global/home/users/sytoanngo/ONEFlux/data/US-ARc_sample_output/99_fluxnet2015/FLX_US-ARc_FLUXNET2015_FULLSET_MM_2005-2006_beta-5.csv [oneflux.pipeline.common]
2025-06-13 08:05:25.742 [INFO    ] Variable 'NEE_CUT_50_QC' might be missing from headers of file: /global/home/users/sytoanngo/ONEFlux/data/US-ARc_sample_output/99_fluxnet2015/FLX_US-ARc_FLUXNET2015_FULLSET_MM_2005-2006_beta-5.csv [oneflux.pipeline.common]
2025-06-13 08:05:25.742 [INFO    ] Variable 'NEE_CUT_75_QC' might be missing from headers of file: /global/home/users/sytoanngo/ONEFlux/data/US-ARc_sample_output/99_fluxnet2015/FLX_US-ARc_FLUXNET2015_FULLSET_MM_2005-2006_beta-5.csv [oneflux.pipeline.common]
2025-06-13 08:05:25.742 [INFO    ] Variable 'NEE_CUT_84_QC' might be missing from headers of file: /global/home/users/sytoanngo/ONEFlux/data/US-ARc_sample_output/99_fluxnet2015/FLX_US-ARc_FLUXNET2015_FULLSET_MM_2005-2006_beta-5.csv [oneflux.pipeline.common]
2025-06-13 08:05:25.742 [INFO    ] Variable 'NEE_CUT_95_QC' might be missing from headers of file: /global/home/users/sytoanngo/ONEFlux/data/US-ARc_sample_output/99_fluxnet2015/FLX_US-ARc_FLUXNET2015_FULLSET_MM_2005-2006_beta-5.csv [oneflux.pipeline.common]
2025-06-13 08:05:25.742 [INFO    ] Variable 'RECO_NT_CUT_05' might be missing from headers of file: /global/home/users/sytoanngo/ONEFlux/data/US-ARc_sample_output/99_fluxnet2015/FLX_US-ARc_FLUXNET2015_FULLSET_MM_2005-2006_beta-5.csv [oneflux.pipeline.common]
2025-06-13 08:05:25.742 [INFO    ] Variable 'RECO_NT_CUT_16' might be missing from headers of file: /global/home/users/sytoanngo/ONEFlux/data/US-ARc_sample_output/99_fluxnet2015/FLX_US-ARc_FLUXNET2015_FULLSET_MM_2005-2006_beta-5.csv [oneflux.pipeline.common]
2025-06-13 08:05:25.742 [INFO    ] Variable 'RECO_NT_CUT_25' might be missing from headers of file: /global/home/users/sytoanngo/ONEFlux/data/US-ARc_sample_output/99_fluxnet2015/FLX_US-ARc_FLUXNET2015_FULLSET_MM_2005-2006_beta-5.csv [oneflux.pipeline.common]
2025-06-13 08:05:25.742 [INFO    ] Variable 'RECO_NT_CUT_50' might be missing from headers of file: /global/home/users/sytoanngo/ONEFlux/data/US-ARc_sample_output/99_fluxnet2015/FLX_US-ARc_FLUXNET2015_FULLSET_MM_2005-2006_beta-5.csv [oneflux.pipeline.common]
2025-06-13 08:05:25.742 [INFO    ] Variable 'RECO_NT_CUT_75' might be missing from headers of file: /global/home/users/sytoanngo/ONEFlux/data/US-ARc_sample_output/99_fluxnet2015/FLX_US-ARc_FLUXNET2015_FULLSET_MM_2005-2006_beta-5.csv [oneflux.pipeline.common]
2025-06-13 08:05:25.743 [INFO    ] Variable 'RECO_NT_CUT_84' might be missing from headers of file: /global/home/users/sytoanngo/ONEFlux/data/US-ARc_sample_output/99_fluxnet2015/FLX_US-ARc_FLUXNET2015_FULLSET_MM_2005-2006_beta-5.csv [oneflux.pipeline.common]
2025-06-13 08:05:25.743 [INFO    ] Variable 'RECO_NT_CUT_95' might be missing from headers of file: /global/home/users/sytoanngo/ONEFlux/data/US-ARc_sample_output/99_fluxnet2015/FLX_US-ARc_FLUXNET2015_FULLSET_MM_2005-2006_beta-5.csv [oneflux.pipeline.common]
2025-06-13 08:05:25.743 [INFO    ] Variable 'GPP_NT_CUT_05' might be missing from headers of file: /global/home/users/sytoanngo/ONEFlux/data/US-ARc_sample_output/99_fluxnet2015/FLX_US-ARc_FLUXNET2015_FULLSET_MM_2005-2006_beta-5.csv [oneflux.pipeline.common]
2025-06-13 08:05:25.743 [INFO    ] Variable 'GPP_NT_CUT_16' might be missing from headers of file: /global/home/users/sytoanngo/ONEFlux/data/US-ARc_sample_output/99_fluxnet2015/FLX_US-ARc_FLUXNET2015_FULLSET_MM_2005-2006_beta-5.csv [oneflux.pipeline.common]
2025-06-13 08:05:25.743 [INFO    ] Variable 'GPP_NT_CUT_25' might be missing from headers of file: /global/home/users/sytoanngo/ONEFlux/data/US-ARc_sample_output/99_fluxnet2015/FLX_US-ARc_FLUXNET2015_FULLSET_MM_2005-2006_beta-5.csv [oneflux.pipeline.common]
2025-06-13 08:05:25.743 [INFO    ] Variable 'GPP_NT_CUT_50' might be missing from headers of file: /global/home/users/sytoanngo/ONEFlux/data/US-ARc_sample_output/99_fluxnet2015/FLX_US-ARc_FLUXNET2015_FULLSET_MM_2005-2006_beta-5.csv [oneflux.pipeline.common]
2025-06-13 08:05:25.743 [INFO    ] Variable 'GPP_NT_CUT_75' might be missing from headers of file: /global/home/users/sytoanngo/ONEFlux/data/US-ARc_sample_output/99_fluxnet2015/FLX_US-ARc_FLUXNET2015_FULLSET_MM_2005-2006_beta-5.csv [oneflux.pipeline.common]
2025-06-13 08:05:25.743 [INFO    ] Variable 'GPP_NT_CUT_84' might be missing from headers of file: /global/home/users/sytoanngo/ONEFlux/data/US-ARc_sample_output/99_fluxnet2015/FLX_US-ARc_FLUXNET2015_FULLSET_MM_2005-2006_beta-5.csv [oneflux.pipeline.common]
2025-06-13 08:05:25.743 [INFO    ] Variable 'GPP_NT_CUT_95' might be missing from headers of file: /global/home/users/sytoanngo/ONEFlux/data/US-ARc_sample_output/99_fluxnet2015/FLX_US-ARc_FLUXNET2015_FULLSET_MM_2005-2006_beta-5.csv [oneflux.pipeline.common]
2025-06-13 08:05:25.743 [INFO    ] Variable 'RECO_DT_CUT_05' might be missing from headers of file: /global/home/users/sytoanngo/ONEFlux/data/US-ARc_sample_output/99_fluxnet2015/FLX_US-ARc_FLUXNET2015_FULLSET_MM_2005-2006_beta-5.csv [oneflux.pipeline.common]
2025-06-13 08:05:25.743 [INFO    ] Variable 'RECO_DT_CUT_16' might be missing from headers of file: /global/home/users/sytoanngo/ONEFlux/data/US-ARc_sample_output/99_fluxnet2015/FLX_US-ARc_FLUXNET2015_FULLSET_MM_2005-2006_beta-5.csv [oneflux.pipeline.common]
2025-06-13 08:05:25.743 [INFO    ] Variable 'RECO_DT_CUT_25' might be missing from headers of file: /global/home/users/sytoanngo/ONEFlux/data/US-ARc_sample_output/99_fluxnet2015/FLX_US-ARc_FLUXNET2015_FULLSET_MM_2005-2006_beta-5.csv [oneflux.pipeline.common]
2025-06-13 08:05:25.744 [INFO    ] Variable 'RECO_DT_CUT_50' might be missing from headers of file: /global/home/users/sytoanngo/ONEFlux/data/US-ARc_sample_output/99_fluxnet2015/FLX_US-ARc_FLUXNET2015_FULLSET_MM_2005-2006_beta-5.csv [oneflux.pipeline.common]
2025-06-13 08:05:25.744 [INFO    ] Variable 'RECO_DT_CUT_75' might be missing from headers of file: /global/home/users/sytoanngo/ONEFlux/data/US-ARc_sample_output/99_fluxnet2015/FLX_US-ARc_FLUXNET2015_FULLSET_MM_2005-2006_beta-5.csv [oneflux.pipeline.common]
2025-06-13 08:05:25.744 [INFO    ] Variable 'RECO_DT_CUT_84' might be missing from headers of file: /global/home/users/sytoanngo/ONEFlux/data/US-ARc_sample_output/99_fluxnet2015/FLX_US-ARc_FLUXNET2015_FULLSET_MM_2005-2006_beta-5.csv [oneflux.pipeline.common]
2025-06-13 08:05:25.744 [INFO    ] Variable 'RECO_DT_CUT_95' might be missing from headers of file: /global/home/users/sytoanngo/ONEFlux/data/US-ARc_sample_output/99_fluxnet2015/FLX_US-ARc_FLUXNET2015_FULLSET_MM_2005-2006_beta-5.csv [oneflux.pipeline.common]
2025-06-13 08:05:25.744 [INFO    ] Variable 'GPP_DT_CUT_05' might be missing from headers of file: /global/home/users/sytoanngo/ONEFlux/data/US-ARc_sample_output/99_fluxnet2015/FLX_US-ARc_FLUXNET2015_FULLSET_MM_2005-2006_beta-5.csv [oneflux.pipeline.common]
2025-06-13 08:05:25.744 [INFO    ] Variable 'GPP_DT_CUT_16' might be missing from headers of file: /global/home/users/sytoanngo/ONEFlux/data/US-ARc_sample_output/99_fluxnet2015/FLX_US-ARc_FLUXNET2015_FULLSET_MM_2005-2006_beta-5.csv [oneflux.pipeline.common]
2025-06-13 08:05:25.744 [INFO    ] Variable 'GPP_DT_CUT_25' might be missing from headers of file: /global/home/users/sytoanngo/ONEFlux/data/US-ARc_sample_output/99_fluxnet2015/FLX_US-ARc_FLUXNET2015_FULLSET_MM_2005-2006_beta-5.csv [oneflux.pipeline.common]
2025-06-13 08:05:25.744 [INFO    ] Variable 'GPP_DT_CUT_50' might be missing from headers of file: /global/home/users/sytoanngo/ONEFlux/data/US-ARc_sample_output/99_fluxnet2015/FLX_US-ARc_FLUXNET2015_FULLSET_MM_2005-2006_beta-5.csv [oneflux.pipeline.common]
2025-06-13 08:05:25.744 [INFO    ] Variable 'GPP_DT_CUT_75' might be missing from headers of file: /global/home/users/sytoanngo/ONEFlux/data/US-ARc_sample_output/99_fluxnet2015/FLX_US-ARc_FLUXNET2015_FULLSET_MM_2005-2006_beta-5.csv [oneflux.pipeline.common]
2025-06-13 08:05:25.744 [INFO    ] Variable 'GPP_DT_CUT_84' might be missing from headers of file: /global/home/users/sytoanngo/ONEFlux/data/US-ARc_sample_output/99_fluxnet2015/FLX_US-ARc_FLUXNET2015_FULLSET_MM_2005-2006_beta-5.csv [oneflux.pipeline.common]
2025-06-13 08:05:25.744 [INFO    ] Variable 'GPP_DT_CUT_95' might be missing from headers of file: /global/home/users/sytoanngo/ONEFlux/data/US-ARc_sample_output/99_fluxnet2015/FLX_US-ARc_FLUXNET2015_FULLSET_MM_2005-2006_beta-5.csv [oneflux.pipeline.common]
2025-06-13 08:05:25.745 [INFO    ] Variable 'PPFD_DIF' might be missing from headers of file: /global/home/users/sytoanngo/ONEFlux/data/US-ARc_sample_output/99_fluxnet2015/FLX_US-ARc_FLUXNET2015_FULLSET_MM_2005-2006_beta-5.csv [oneflux.pipeline.common]
2025-06-13 08:05:25.745 [INFO    ] Variable 'PPFD_DIF_QC' might be missing from headers of file: /global/home/users/sytoanngo/ONEFlux/data/US-ARc_sample_output/99_fluxnet2015/FLX_US-ARc_FLUXNET2015_FULLSET_MM_2005-2006_beta-5.csv [oneflux.pipeline.common]
2025-06-13 08:05:25.745 [INFO    ] Variable 'PPFD_OUT' might be missing from headers of file: /global/home/users/sytoanngo/ONEFlux/data/US-ARc_sample_output/99_fluxnet2015/FLX_US-ARc_FLUXNET2015_FULLSET_MM_2005-2006_beta-5.csv [oneflux.pipeline.common]
2025-06-13 08:05:25.745 [INFO    ] Variable 'PPFD_OUT_QC' might be missing from headers of file: /global/home/users/sytoanngo/ONEFlux/data/US-ARc_sample_output/99_fluxnet2015/FLX_US-ARc_FLUXNET2015_FULLSET_MM_2005-2006_beta-5.csv [oneflux.pipeline.common]
2025-06-13 08:05:25.745 [INFO    ] Variable 'SW_DIF' might be missing from headers of file: /global/home/users/sytoanngo/ONEFlux/data/US-ARc_sample_output/99_fluxnet2015/FLX_US-ARc_FLUXNET2015_FULLSET_MM_2005-2006_beta-5.csv [oneflux.pipeline.common]
2025-06-13 08:05:25.745 [INFO    ] Variable 'SW_DIF_QC' might be missing from headers of file: /global/home/users/sytoanngo/ONEFlux/data/US-ARc_sample_output/99_fluxnet2015/FLX_US-ARc_FLUXNET2015_FULLSET_MM_2005-2006_beta-5.csv [oneflux.pipeline.common]
2025-06-13 08:05:25.745 [INFO    ] Variable 'SW_OUT' might be missing from headers of file: /global/home/users/sytoanngo/ONEFlux/data/US-ARc_sample_output/99_fluxnet2015/FLX_US-ARc_FLUXNET2015_FULLSET_MM_2005-2006_beta-5.csv [oneflux.pipeline.common]
2025-06-13 08:05:25.746 [INFO    ] Variable 'SW_OUT_QC' might be missing from headers of file: /global/home/users/sytoanngo/ONEFlux/data/US-ARc_sample_output/99_fluxnet2015/FLX_US-ARc_FLUXNET2015_FULLSET_MM_2005-2006_beta-5.csv [oneflux.pipeline.common]
2025-06-13 08:05:25.746 [INFO    ] Variable 'LW_OUT' might be missing from headers of file: /global/home/users/sytoanngo/ONEFlux/data/US-ARc_sample_output/99_fluxnet2015/FLX_US-ARc_FLUXNET2015_FULLSET_MM_2005-2006_beta-5.csv [oneflux.pipeline.common]
2025-06-13 08:05:25.746 [INFO    ] Variable 'LW_OUT_QC' might be missing from headers of file: /global/home/users/sytoanngo/ONEFlux/data/US-ARc_sample_output/99_fluxnet2015/FLX_US-ARc_FLUXNET2015_FULLSET_MM_2005-2006_beta-5.csv [oneflux.pipeline.common]
2025-06-13 08:05:25.746 [INFO    ] Variable 'PA' might be missing from headers of file: /global/home/users/sytoanngo/ONEFlux/data/US-ARc_sample_output/99_fluxnet2015/FLX_US-ARc_FLUXNET2015_FULLSET_MM_2005-2006_beta-5.csv [oneflux.pipeline.common]
2025-06-13 08:05:25.746 [INFO    ] Variable 'P' might be missing from headers of file: /global/home/users/sytoanngo/ONEFlux/data/US-ARc_sample_output/99_fluxnet2015/FLX_US-ARc_FLUXNET2015_FULLSET_MM_2005-2006_beta-5.csv [oneflux.pipeline.common]
2025-06-13 08:05:25.746 [INFO    ] Variable 'WS' might be missing from headers of file: /global/home/users/sytoanngo/ONEFlux/data/US-ARc_sample_output/99_fluxnet2015/FLX_US-ARc_FLUXNET2015_FULLSET_MM_2005-2006_beta-5.csv [oneflux.pipeline.common]
2025-06-13 08:05:25.746 [INFO    ] Variable 'WD' might be missing from headers of file: /global/home/users/sytoanngo/ONEFlux/data/US-ARc_sample_output/99_fluxnet2015/FLX_US-ARc_FLUXNET2015_FULLSET_MM_2005-2006_beta-5.csv [oneflux.pipeline.common]
2025-06-13 08:05:25.746 [INFO    ] Variable 'RH' might be missing from headers of file: /global/home/users/sytoanngo/ONEFlux/data/US-ARc_sample_output/99_fluxnet2015/FLX_US-ARc_FLUXNET2015_FULLSET_MM_2005-2006_beta-5.csv [oneflux.pipeline.common]
2025-06-13 08:05:25.746 [INFO    ] Variable 'LE_CORR_25' might be missing from headers of file: /global/home/users/sytoanngo/ONEFlux/data/US-ARc_sample_output/99_fluxnet2015/FLX_US-ARc_FLUXNET2015_FULLSET_MM_2005-2006_beta-5.csv [oneflux.pipeline.common]
2025-06-13 08:05:25.746 [INFO    ] Variable 'LE_CORR_75' might be missing from headers of file: /global/home/users/sytoanngo/ONEFlux/data/US-ARc_sample_output/99_fluxnet2015/FLX_US-ARc_FLUXNET2015_FULLSET_MM_2005-2006_beta-5.csv [oneflux.pipeline.common]
2025-06-13 08:05:25.746 [INFO    ] Variable 'LE_RANDUNC_METHOD' might be missing from headers of file: /global/home/users/sytoanngo/ONEFlux/data/US-ARc_sample_output/99_fluxnet2015/FLX_US-ARc_FLUXNET2015_FULLSET_MM_2005-2006_beta-5.csv [oneflux.pipeline.common]
2025-06-13 08:05:25.746 [INFO    ] Variable 'LE_RANDUNC_N' might be missing from headers of file: /global/home/users/sytoanngo/ONEFlux/data/US-ARc_sample_output/99_fluxnet2015/FLX_US-ARc_FLUXNET2015_FULLSET_MM_2005-2006_beta-5.csv [oneflux.pipeline.common]
2025-06-13 08:05:25.746 [INFO    ] Variable 'LE_CORR_JOINTUNC' might be missing from headers of file: /global/home/users/sytoanngo/ONEFlux/data/US-ARc_sample_output/99_fluxnet2015/FLX_US-ARc_FLUXNET2015_FULLSET_MM_2005-2006_beta-5.csv [oneflux.pipeline.common]
2025-06-13 08:05:25.746 [INFO    ] Variable 'H_CORR_25' might be missing from headers of file: /global/home/users/sytoanngo/ONEFlux/data/US-ARc_sample_output/99_fluxnet2015/FLX_US-ARc_FLUXNET2015_FULLSET_MM_2005-2006_beta-5.csv [oneflux.pipeline.common]
2025-06-13 08:05:25.747 [INFO    ] Variable 'H_CORR_75' might be missing from headers of file: /global/home/users/sytoanngo/ONEFlux/data/US-ARc_sample_output/99_fluxnet2015/FLX_US-ARc_FLUXNET2015_FULLSET_MM_2005-2006_beta-5.csv [oneflux.pipeline.common]
2025-06-13 08:05:25.747 [INFO    ] Variable 'H_RANDUNC_METHOD' might be missing from headers of file: /global/home/users/sytoanngo/ONEFlux/data/US-ARc_sample_output/99_fluxnet2015/FLX_US-ARc_FLUXNET2015_FULLSET_MM_2005-2006_beta-5.csv [oneflux.pipeline.common]
2025-06-13 08:05:25.747 [INFO    ] Variable 'H_RANDUNC_N' might be missing from headers of file: /global/home/users/sytoanngo/ONEFlux/data/US-ARc_sample_output/99_fluxnet2015/FLX_US-ARc_FLUXNET2015_FULLSET_MM_2005-2006_beta-5.csv [oneflux.pipeline.common]
2025-06-13 08:05:25.747 [INFO    ] Variable 'H_CORR_JOINTUNC' might be missing from headers of file: /global/home/users/sytoanngo/ONEFlux/data/US-ARc_sample_output/99_fluxnet2015/FLX_US-ARc_FLUXNET2015_FULLSET_MM_2005-2006_beta-5.csv [oneflux.pipeline.common]
2025-06-13 08:05:25.747 [INFO    ] Variable 'NEE_CUT_REF' might be missing from headers of file: /global/home/users/sytoanngo/ONEFlux/data/US-ARc_sample_output/99_fluxnet2015/FLX_US-ARc_FLUXNET2015_FULLSET_MM_2005-2006_beta-5.csv [oneflux.pipeline.common]
2025-06-13 08:05:25.747 [INFO    ] Variable 'NEE_CUT_REF_QC' might be missing from headers of file: /global/home/users/sytoanngo/ONEFlux/data/US-ARc_sample_output/99_fluxnet2015/FLX_US-ARc_FLUXNET2015_FULLSET_MM_2005-2006_beta-5.csv [oneflux.pipeline.common]
2025-06-13 08:05:25.747 [INFO    ] Variable 'NEE_CUT_REF_RANDUNC' might be missing from headers of file: /global/home/users/sytoanngo/ONEFlux/data/US-ARc_sample_output/99_fluxnet2015/FLX_US-ARc_FLUXNET2015_FULLSET_MM_2005-2006_beta-5.csv [oneflux.pipeline.common]
2025-06-13 08:05:25.747 [INFO    ] Variable 'RECO_NT_CUT_REF' might be missing from headers of file: /global/home/users/sytoanngo/ONEFlux/data/US-ARc_sample_output/99_fluxnet2015/FLX_US-ARc_FLUXNET2015_FULLSET_MM_2005-2006_beta-5.csv [oneflux.pipeline.common]
2025-06-13 08:05:25.747 [INFO    ] Variable 'GPP_NT_CUT_REF' might be missing from headers of file: /global/home/users/sytoanngo/ONEFlux/data/US-ARc_sample_output/99_fluxnet2015/FLX_US-ARc_FLUXNET2015_FULLSET_MM_2005-2006_beta-5.csv [oneflux.pipeline.common]
2025-06-13 08:05:25.747 [INFO    ] Variable 'RECO_DT_CUT_REF' might be missing from headers of file: /global/home/users/sytoanngo/ONEFlux/data/US-ARc_sample_output/99_fluxnet2015/FLX_US-ARc_FLUXNET2015_FULLSET_MM_2005-2006_beta-5.csv [oneflux.pipeline.common]
2025-06-13 08:05:25.747 [INFO    ] Variable 'GPP_DT_CUT_REF' might be missing from headers of file: /global/home/users/sytoanngo/ONEFlux/data/US-ARc_sample_output/99_fluxnet2015/FLX_US-ARc_FLUXNET2015_FULLSET_MM_2005-2006_beta-5.csv [oneflux.pipeline.common]
2025-06-13 08:05:25.747 [INFO    ] Variable 'TS_F_MDS_2' might be missing from headers of file: /global/home/users/sytoanngo/ONEFlux/data/US-ARc_sample_output/99_fluxnet2015/FLX_US-ARc_FLUXNET2015_FULLSET_MM_2005-2006_beta-5.csv [oneflux.pipeline.common]
2025-06-13 08:05:25.747 [INFO    ] Variable 'TS_F_MDS_3' might be missing from headers of file: /global/home/users/sytoanngo/ONEFlux/data/US-ARc_sample_output/99_fluxnet2015/FLX_US-ARc_FLUXNET2015_FULLSET_MM_2005-2006_beta-5.csv [oneflux.pipeline.common]
2025-06-13 08:05:25.747 [INFO    ] Variable 'TS_F_MDS_4' might be missing from headers of file: /global/home/users/sytoanngo/ONEFlux/data/US-ARc_sample_output/99_fluxnet2015/FLX_US-ARc_FLUXNET2015_FULLSET_MM_2005-2006_beta-5.csv [oneflux.pipeline.common]
2025-06-13 08:05:25.748 [INFO    ] Variable 'TS_F_MDS_5' might be missing from headers of file: /global/home/users/sytoanngo/ONEFlux/data/US-ARc_sample_output/99_fluxnet2015/FLX_US-ARc_FLUXNET2015_FULLSET_MM_2005-2006_beta-5.csv [oneflux.pipeline.common]
2025-06-13 08:05:25.748 [INFO    ] Variable 'TS_F_MDS_6' might be missing from headers of file: /global/home/users/sytoanngo/ONEFlux/data/US-ARc_sample_output/99_fluxnet2015/FLX_US-ARc_FLUXNET2015_FULLSET_MM_2005-2006_beta-5.csv [oneflux.pipeline.common]
2025-06-13 08:05:25.748 [INFO    ] Variable 'TS_F_MDS_7' might be missing from headers of file: /global/home/users/sytoanngo/ONEFlux/data/US-ARc_sample_output/99_fluxnet2015/FLX_US-ARc_FLUXNET2015_FULLSET_MM_2005-2006_beta-5.csv [oneflux.pipeline.common]
2025-06-13 08:05:25.748 [INFO    ] Variable 'TS_F_MDS_8' might be missing from headers of file: /global/home/users/sytoanngo/ONEFlux/data/US-ARc_sample_output/99_fluxnet2015/FLX_US-ARc_FLUXNET2015_FULLSET_MM_2005-2006_beta-5.csv [oneflux.pipeline.common]
2025-06-13 08:05:25.748 [INFO    ] Variable 'TS_F_MDS_9' might be missing from headers of file: /global/home/users/sytoanngo/ONEFlux/data/US-ARc_sample_output/99_fluxnet2015/FLX_US-ARc_FLUXNET2015_FULLSET_MM_2005-2006_beta-5.csv [oneflux.pipeline.common]
2025-06-13 08:05:25.748 [INFO    ] Variable 'TS_F_MDS_10' might be missing from headers of file: /global/home/users/sytoanngo/ONEFlux/data/US-ARc_sample_output/99_fluxnet2015/FLX_US-ARc_FLUXNET2015_FULLSET_MM_2005-2006_beta-5.csv [oneflux.pipeline.common]
2025-06-13 08:05:25.748 [INFO    ] Variable 'TS_F_MDS_11' might be missing from headers of file: /global/home/users/sytoanngo/ONEFlux/data/US-ARc_sample_output/99_fluxnet2015/FLX_US-ARc_FLUXNET2015_FULLSET_MM_2005-2006_beta-5.csv [oneflux.pipeline.common]
2025-06-13 08:05:25.748 [INFO    ] Variable 'TS_F_MDS_12' might be missing from headers of file: /global/home/users/sytoanngo/ONEFlux/data/US-ARc_sample_output/99_fluxnet2015/FLX_US-ARc_FLUXNET2015_FULLSET_MM_2005-2006_beta-5.csv [oneflux.pipeline.common]
2025-06-13 08:05:25.748 [INFO    ] Variable 'TS_F_MDS_13' might be missing from headers of file: /global/home/users/sytoanngo/ONEFlux/data/US-ARc_sample_output/99_fluxnet2015/FLX_US-ARc_FLUXNET2015_FULLSET_MM_2005-2006_beta-5.csv [oneflux.pipeline.common]
2025-06-13 08:05:25.748 [INFO    ] Variable 'TS_F_MDS_14' might be missing from headers of file: /global/home/users/sytoanngo/ONEFlux/data/US-ARc_sample_output/99_fluxnet2015/FLX_US-ARc_FLUXNET2015_FULLSET_MM_2005-2006_beta-5.csv [oneflux.pipeline.common]
2025-06-13 08:05:25.748 [INFO    ] Variable 'TS_F_MDS_15' might be missing from headers of file: /global/home/users/sytoanngo/ONEFlux/data/US-ARc_sample_output/99_fluxnet2015/FLX_US-ARc_FLUXNET2015_FULLSET_MM_2005-2006_beta-5.csv [oneflux.pipeline.common]
2025-06-13 08:05:25.748 [INFO    ] Variable 'TS_F_MDS_16' might be missing from headers of file: /global/home/users/sytoanngo/ONEFlux/data/US-ARc_sample_output/99_fluxnet2015/FLX_US-ARc_FLUXNET2015_FULLSET_MM_2005-2006_beta-5.csv [oneflux.pipeline.common]
2025-06-13 08:05:25.748 [INFO    ] Variable 'TS_F_MDS_17' might be missing from headers of file: /global/home/users/sytoanngo/ONEFlux/data/US-ARc_sample_output/99_fluxnet2015/FLX_US-ARc_FLUXNET2015_FULLSET_MM_2005-2006_beta-5.csv [oneflux.pipeline.common]
2025-06-13 08:05:25.749 [INFO    ] Variable 'TS_F_MDS_18' might be missing from headers of file: /global/home/users/sytoanngo/ONEFlux/data/US-ARc_sample_output/99_fluxnet2015/FLX_US-ARc_FLUXNET2015_FULLSET_MM_2005-2006_beta-5.csv [oneflux.pipeline.common]
2025-06-13 08:05:25.749 [INFO    ] Variable 'TS_F_MDS_19' might be missing from headers of file: /global/home/users/sytoanngo/ONEFlux/data/US-ARc_sample_output/99_fluxnet2015/FLX_US-ARc_FLUXNET2015_FULLSET_MM_2005-2006_beta-5.csv [oneflux.pipeline.common]
2025-06-13 08:05:25.749 [INFO    ] Variable 'TS_F_MDS_2_QC' might be missing from headers of file: /global/home/users/sytoanngo/ONEFlux/data/US-ARc_sample_output/99_fluxnet2015/FLX_US-ARc_FLUXNET2015_FULLSET_MM_2005-2006_beta-5.csv [oneflux.pipeline.common]
2025-06-13 08:05:25.749 [INFO    ] Variable 'TS_F_MDS_3_QC' might be missing from headers of file: /global/home/users/sytoanngo/ONEFlux/data/US-ARc_sample_output/99_fluxnet2015/FLX_US-ARc_FLUXNET2015_FULLSET_MM_2005-2006_beta-5.csv [oneflux.pipeline.common]
2025-06-13 08:05:25.749 [INFO    ] Variable 'TS_F_MDS_4_QC' might be missing from headers of file: /global/home/users/sytoanngo/ONEFlux/data/US-ARc_sample_output/99_fluxnet2015/FLX_US-ARc_FLUXNET2015_FULLSET_MM_2005-2006_beta-5.csv [oneflux.pipeline.common]
2025-06-13 08:05:25.749 [INFO    ] Variable 'TS_F_MDS_5_QC' might be missing from headers of file: /global/home/users/sytoanngo/ONEFlux/data/US-ARc_sample_output/99_fluxnet2015/FLX_US-ARc_FLUXNET2015_FULLSET_MM_2005-2006_beta-5.csv [oneflux.pipeline.common]
2025-06-13 08:05:25.749 [INFO    ] Variable 'TS_F_MDS_6_QC' might be missing from headers of file: /global/home/users/sytoanngo/ONEFlux/data/US-ARc_sample_output/99_fluxnet2015/FLX_US-ARc_FLUXNET2015_FULLSET_MM_2005-2006_beta-5.csv [oneflux.pipeline.common]
2025-06-13 08:05:25.749 [INFO    ] Variable 'TS_F_MDS_7_QC' might be missing from headers of file: /global/home/users/sytoanngo/ONEFlux/data/US-ARc_sample_output/99_fluxnet2015/FLX_US-ARc_FLUXNET2015_FULLSET_MM_2005-2006_beta-5.csv [oneflux.pipeline.common]
2025-06-13 08:05:25.749 [INFO    ] Variable 'TS_F_MDS_8_QC' might be missing from headers of file: /global/home/users/sytoanngo/ONEFlux/data/US-ARc_sample_output/99_fluxnet2015/FLX_US-ARc_FLUXNET2015_FULLSET_MM_2005-2006_beta-5.csv [oneflux.pipeline.common]
2025-06-13 08:05:25.749 [INFO    ] Variable 'TS_F_MDS_9_QC' might be missing from headers of file: /global/home/users/sytoanngo/ONEFlux/data/US-ARc_sample_output/99_fluxnet2015/FLX_US-ARc_FLUXNET2015_FULLSET_MM_2005-2006_beta-5.csv [oneflux.pipeline.common]
2025-06-13 08:05:25.749 [INFO    ] Variable 'TS_F_MDS_10_QC' might be missing from headers of file: /global/home/users/sytoanngo/ONEFlux/data/US-ARc_sample_output/99_fluxnet2015/FLX_US-ARc_FLUXNET2015_FULLSET_MM_2005-2006_beta-5.csv [oneflux.pipeline.common]
2025-06-13 08:05:25.749 [INFO    ] Variable 'TS_F_MDS_11_QC' might be missing from headers of file: /global/home/users/sytoanngo/ONEFlux/data/US-ARc_sample_output/99_fluxnet2015/FLX_US-ARc_FLUXNET2015_FULLSET_MM_2005-2006_beta-5.csv [oneflux.pipeline.common]
2025-06-13 08:05:25.749 [INFO    ] Variable 'TS_F_MDS_12_QC' might be missing from headers of file: /global/home/users/sytoanngo/ONEFlux/data/US-ARc_sample_output/99_fluxnet2015/FLX_US-ARc_FLUXNET2015_FULLSET_MM_2005-2006_beta-5.csv [oneflux.pipeline.common]
2025-06-13 08:05:25.749 [INFO    ] Variable 'TS_F_MDS_13_QC' might be missing from headers of file: /global/home/users/sytoanngo/ONEFlux/data/US-ARc_sample_output/99_fluxnet2015/FLX_US-ARc_FLUXNET2015_FULLSET_MM_2005-2006_beta-5.csv [oneflux.pipeline.common]
2025-06-13 08:05:25.750 [INFO    ] Variable 'TS_F_MDS_14_QC' might be missing from headers of file: /global/home/users/sytoanngo/ONEFlux/data/US-ARc_sample_output/99_fluxnet2015/FLX_US-ARc_FLUXNET2015_FULLSET_MM_2005-2006_beta-5.csv [oneflux.pipeline.common]
2025-06-13 08:05:25.750 [INFO    ] Variable 'TS_F_MDS_15_QC' might be missing from headers of file: /global/home/users/sytoanngo/ONEFlux/data/US-ARc_sample_output/99_fluxnet2015/FLX_US-ARc_FLUXNET2015_FULLSET_MM_2005-2006_beta-5.csv [oneflux.pipeline.common]
2025-06-13 08:05:25.750 [INFO    ] Variable 'TS_F_MDS_16_QC' might be missing from headers of file: /global/home/users/sytoanngo/ONEFlux/data/US-ARc_sample_output/99_fluxnet2015/FLX_US-ARc_FLUXNET2015_FULLSET_MM_2005-2006_beta-5.csv [oneflux.pipeline.common]
2025-06-13 08:05:25.750 [INFO    ] Variable 'TS_F_MDS_17_QC' might be missing from headers of file: /global/home/users/sytoanngo/ONEFlux/data/US-ARc_sample_output/99_fluxnet2015/FLX_US-ARc_FLUXNET2015_FULLSET_MM_2005-2006_beta-5.csv [oneflux.pipeline.common]
2025-06-13 08:05:25.750 [INFO    ] Variable 'TS_F_MDS_18_QC' might be missing from headers of file: /global/home/users/sytoanngo/ONEFlux/data/US-ARc_sample_output/99_fluxnet2015/FLX_US-ARc_FLUXNET2015_FULLSET_MM_2005-2006_beta-5.csv [oneflux.pipeline.common]
2025-06-13 08:05:25.750 [INFO    ] Variable 'TS_F_MDS_19_QC' might be missing from headers of file: /global/home/users/sytoanngo/ONEFlux/data/US-ARc_sample_output/99_fluxnet2015/FLX_US-ARc_FLUXNET2015_FULLSET_MM_2005-2006_beta-5.csv [oneflux.pipeline.common]
2025-06-13 08:05:25.750 [INFO    ] Variable 'SWC_F_MDS_2' might be missing from headers of file: /global/home/users/sytoanngo/ONEFlux/data/US-ARc_sample_output/99_fluxnet2015/FLX_US-ARc_FLUXNET2015_FULLSET_MM_2005-2006_beta-5.csv [oneflux.pipeline.common]
2025-06-13 08:05:25.750 [INFO    ] Variable 'SWC_F_MDS_3' might be missing from headers of file: /global/home/users/sytoanngo/ONEFlux/data/US-ARc_sample_output/99_fluxnet2015/FLX_US-ARc_FLUXNET2015_FULLSET_MM_2005-2006_beta-5.csv [oneflux.pipeline.common]
2025-06-13 08:05:25.750 [INFO    ] Variable 'SWC_F_MDS_4' might be missing from headers of file: /global/home/users/sytoanngo/ONEFlux/data/US-ARc_sample_output/99_fluxnet2015/FLX_US-ARc_FLUXNET2015_FULLSET_MM_2005-2006_beta-5.csv [oneflux.pipeline.common]
2025-06-13 08:05:25.750 [INFO    ] Variable 'SWC_F_MDS_5' might be missing from headers of file: /global/home/users/sytoanngo/ONEFlux/data/US-ARc_sample_output/99_fluxnet2015/FLX_US-ARc_FLUXNET2015_FULLSET_MM_2005-2006_beta-5.csv [oneflux.pipeline.common]
2025-06-13 08:05:25.750 [INFO    ] Variable 'SWC_F_MDS_6' might be missing from headers of file: /global/home/users/sytoanngo/ONEFlux/data/US-ARc_sample_output/99_fluxnet2015/FLX_US-ARc_FLUXNET2015_FULLSET_MM_2005-2006_beta-5.csv [oneflux.pipeline.common]
2025-06-13 08:05:25.750 [INFO    ] Variable 'SWC_F_MDS_7' might be missing from headers of file: /global/home/users/sytoanngo/ONEFlux/data/US-ARc_sample_output/99_fluxnet2015/FLX_US-ARc_FLUXNET2015_FULLSET_MM_2005-2006_beta-5.csv [oneflux.pipeline.common]
2025-06-13 08:05:25.750 [INFO    ] Variable 'SWC_F_MDS_8' might be missing from headers of file: /global/home/users/sytoanngo/ONEFlux/data/US-ARc_sample_output/99_fluxnet2015/FLX_US-ARc_FLUXNET2015_FULLSET_MM_2005-2006_beta-5.csv [oneflux.pipeline.common]
2025-06-13 08:05:25.750 [INFO    ] Variable 'SWC_F_MDS_9' might be missing from headers of file: /global/home/users/sytoanngo/ONEFlux/data/US-ARc_sample_output/99_fluxnet2015/FLX_US-ARc_FLUXNET2015_FULLSET_MM_2005-2006_beta-5.csv [oneflux.pipeline.common]
2025-06-13 08:05:25.751 [INFO    ] Variable 'SWC_F_MDS_10' might be missing from headers of file: /global/home/users/sytoanngo/ONEFlux/data/US-ARc_sample_output/99_fluxnet2015/FLX_US-ARc_FLUXNET2015_FULLSET_MM_2005-2006_beta-5.csv [oneflux.pipeline.common]
2025-06-13 08:05:25.751 [INFO    ] Variable 'SWC_F_MDS_11' might be missing from headers of file: /global/home/users/sytoanngo/ONEFlux/data/US-ARc_sample_output/99_fluxnet2015/FLX_US-ARc_FLUXNET2015_FULLSET_MM_2005-2006_beta-5.csv [oneflux.pipeline.common]
2025-06-13 08:05:25.751 [INFO    ] Variable 'SWC_F_MDS_12' might be missing from headers of file: /global/home/users/sytoanngo/ONEFlux/data/US-ARc_sample_output/99_fluxnet2015/FLX_US-ARc_FLUXNET2015_FULLSET_MM_2005-2006_beta-5.csv [oneflux.pipeline.common]
2025-06-13 08:05:25.751 [INFO    ] Variable 'SWC_F_MDS_13' might be missing from headers of file: /global/home/users/sytoanngo/ONEFlux/data/US-ARc_sample_output/99_fluxnet2015/FLX_US-ARc_FLUXNET2015_FULLSET_MM_2005-2006_beta-5.csv [oneflux.pipeline.common]
2025-06-13 08:05:25.751 [INFO    ] Variable 'SWC_F_MDS_14' might be missing from headers of file: /global/home/users/sytoanngo/ONEFlux/data/US-ARc_sample_output/99_fluxnet2015/FLX_US-ARc_FLUXNET2015_FULLSET_MM_2005-2006_beta-5.csv [oneflux.pipeline.common]
2025-06-13 08:05:25.751 [INFO    ] Variable 'SWC_F_MDS_15' might be missing from headers of file: /global/home/users/sytoanngo/ONEFlux/data/US-ARc_sample_output/99_fluxnet2015/FLX_US-ARc_FLUXNET2015_FULLSET_MM_2005-2006_beta-5.csv [oneflux.pipeline.common]
2025-06-13 08:05:25.751 [INFO    ] Variable 'SWC_F_MDS_16' might be missing from headers of file: /global/home/users/sytoanngo/ONEFlux/data/US-ARc_sample_output/99_fluxnet2015/FLX_US-ARc_FLUXNET2015_FULLSET_MM_2005-2006_beta-5.csv [oneflux.pipeline.common]
2025-06-13 08:05:25.751 [INFO    ] Variable 'SWC_F_MDS_17' might be missing from headers of file: /global/home/users/sytoanngo/ONEFlux/data/US-ARc_sample_output/99_fluxnet2015/FLX_US-ARc_FLUXNET2015_FULLSET_MM_2005-2006_beta-5.csv [oneflux.pipeline.common]
2025-06-13 08:05:25.751 [INFO    ] Variable 'SWC_F_MDS_18' might be missing from headers of file: /global/home/users/sytoanngo/ONEFlux/data/US-ARc_sample_output/99_fluxnet2015/FLX_US-ARc_FLUXNET2015_FULLSET_MM_2005-2006_beta-5.csv [oneflux.pipeline.common]
2025-06-13 08:05:25.751 [INFO    ] Variable 'SWC_F_MDS_19' might be missing from headers of file: /global/home/users/sytoanngo/ONEFlux/data/US-ARc_sample_output/99_fluxnet2015/FLX_US-ARc_FLUXNET2015_FULLSET_MM_2005-2006_beta-5.csv [oneflux.pipeline.common]
2025-06-13 08:05:25.751 [INFO    ] Variable 'SWC_F_MDS_2_QC' might be missing from headers of file: /global/home/users/sytoanngo/ONEFlux/data/US-ARc_sample_output/99_fluxnet2015/FLX_US-ARc_FLUXNET2015_FULLSET_MM_2005-2006_beta-5.csv [oneflux.pipeline.common]
2025-06-13 08:05:25.751 [INFO    ] Variable 'SWC_F_MDS_3_QC' might be missing from headers of file: /global/home/users/sytoanngo/ONEFlux/data/US-ARc_sample_output/99_fluxnet2015/FLX_US-ARc_FLUXNET2015_FULLSET_MM_2005-2006_beta-5.csv [oneflux.pipeline.common]
2025-06-13 08:05:25.751 [INFO    ] Variable 'SWC_F_MDS_4_QC' might be missing from headers of file: /global/home/users/sytoanngo/ONEFlux/data/US-ARc_sample_output/99_fluxnet2015/FLX_US-ARc_FLUXNET2015_FULLSET_MM_2005-2006_beta-5.csv [oneflux.pipeline.common]
2025-06-13 08:05:25.751 [INFO    ] Variable 'SWC_F_MDS_5_QC' might be missing from headers of file: /global/home/users/sytoanngo/ONEFlux/data/US-ARc_sample_output/99_fluxnet2015/FLX_US-ARc_FLUXNET2015_FULLSET_MM_2005-2006_beta-5.csv [oneflux.pipeline.common]
2025-06-13 08:05:25.752 [INFO    ] Variable 'SWC_F_MDS_6_QC' might be missing from headers of file: /global/home/users/sytoanngo/ONEFlux/data/US-ARc_sample_output/99_fluxnet2015/FLX_US-ARc_FLUXNET2015_FULLSET_MM_2005-2006_beta-5.csv [oneflux.pipeline.common]
2025-06-13 08:05:25.752 [INFO    ] Variable 'SWC_F_MDS_7_QC' might be missing from headers of file: /global/home/users/sytoanngo/ONEFlux/data/US-ARc_sample_output/99_fluxnet2015/FLX_US-ARc_FLUXNET2015_FULLSET_MM_2005-2006_beta-5.csv [oneflux.pipeline.common]
2025-06-13 08:05:25.752 [INFO    ] Variable 'SWC_F_MDS_8_QC' might be missing from headers of file: /global/home/users/sytoanngo/ONEFlux/data/US-ARc_sample_output/99_fluxnet2015/FLX_US-ARc_FLUXNET2015_FULLSET_MM_2005-2006_beta-5.csv [oneflux.pipeline.common]
2025-06-13 08:05:25.752 [INFO    ] Variable 'SWC_F_MDS_9_QC' might be missing from headers of file: /global/home/users/sytoanngo/ONEFlux/data/US-ARc_sample_output/99_fluxnet2015/FLX_US-ARc_FLUXNET2015_FULLSET_MM_2005-2006_beta-5.csv [oneflux.pipeline.common]
2025-06-13 08:05:25.752 [INFO    ] Variable 'SWC_F_MDS_10_QC' might be missing from headers of file: /global/home/users/sytoanngo/ONEFlux/data/US-ARc_sample_output/99_fluxnet2015/FLX_US-ARc_FLUXNET2015_FULLSET_MM_2005-2006_beta-5.csv [oneflux.pipeline.common]
2025-06-13 08:05:25.752 [INFO    ] Variable 'SWC_F_MDS_11_QC' might be missing from headers of file: /global/home/users/sytoanngo/ONEFlux/data/US-ARc_sample_output/99_fluxnet2015/FLX_US-ARc_FLUXNET2015_FULLSET_MM_2005-2006_beta-5.csv [oneflux.pipeline.common]
2025-06-13 08:05:25.752 [INFO    ] Variable 'SWC_F_MDS_12_QC' might be missing from headers of file: /global/home/users/sytoanngo/ONEFlux/data/US-ARc_sample_output/99_fluxnet2015/FLX_US-ARc_FLUXNET2015_FULLSET_MM_2005-2006_beta-5.csv [oneflux.pipeline.common]
2025-06-13 08:05:25.752 [INFO    ] Variable 'SWC_F_MDS_13_QC' might be missing from headers of file: /global/home/users/sytoanngo/ONEFlux/data/US-ARc_sample_output/99_fluxnet2015/FLX_US-ARc_FLUXNET2015_FULLSET_MM_2005-2006_beta-5.csv [oneflux.pipeline.common]
2025-06-13 08:05:25.752 [INFO    ] Variable 'SWC_F_MDS_14_QC' might be missing from headers of file: /global/home/users/sytoanngo/ONEFlux/data/US-ARc_sample_output/99_fluxnet2015/FLX_US-ARc_FLUXNET2015_FULLSET_MM_2005-2006_beta-5.csv [oneflux.pipeline.common]
2025-06-13 08:05:25.752 [INFO    ] Variable 'SWC_F_MDS_15_QC' might be missing from headers of file: /global/home/users/sytoanngo/ONEFlux/data/US-ARc_sample_output/99_fluxnet2015/FLX_US-ARc_FLUXNET2015_FULLSET_MM_2005-2006_beta-5.csv [oneflux.pipeline.common]
2025-06-13 08:05:25.752 [INFO    ] Variable 'SWC_F_MDS_16_QC' might be missing from headers of file: /global/home/users/sytoanngo/ONEFlux/data/US-ARc_sample_output/99_fluxnet2015/FLX_US-ARc_FLUXNET2015_FULLSET_MM_2005-2006_beta-5.csv [oneflux.pipeline.common]
2025-06-13 08:05:25.752 [INFO    ] Variable 'SWC_F_MDS_17_QC' might be missing from headers of file: /global/home/users/sytoanngo/ONEFlux/data/US-ARc_sample_output/99_fluxnet2015/FLX_US-ARc_FLUXNET2015_FULLSET_MM_2005-2006_beta-5.csv [oneflux.pipeline.common]
2025-06-13 08:05:25.752 [INFO    ] Variable 'SWC_F_MDS_18_QC' might be missing from headers of file: /global/home/users/sytoanngo/ONEFlux/data/US-ARc_sample_output/99_fluxnet2015/FLX_US-ARc_FLUXNET2015_FULLSET_MM_2005-2006_beta-5.csv [oneflux.pipeline.common]
2025-06-13 08:05:25.752 [INFO    ] Variable 'SWC_F_MDS_19_QC' might be missing from headers of file: /global/home/users/sytoanngo/ONEFlux/data/US-ARc_sample_output/99_fluxnet2015/FLX_US-ARc_FLUXNET2015_FULLSET_MM_2005-2006_beta-5.csv [oneflux.pipeline.common]
2025-06-13 08:05:25.753 [INFO    ] Variable 'NEE_CUT_05' might be missing from headers of file: /global/home/users/sytoanngo/ONEFlux/data/US-ARc_sample_output/99_fluxnet2015/FLX_US-ARc_FLUXNET2015_FULLSET_MM_2005-2006_beta-5.csv [oneflux.pipeline.common]
2025-06-13 08:05:25.753 [INFO    ] Variable 'NEE_CUT_16' might be missing from headers of file: /global/home/users/sytoanngo/ONEFlux/data/US-ARc_sample_output/99_fluxnet2015/FLX_US-ARc_FLUXNET2015_FULLSET_MM_2005-2006_beta-5.csv [oneflux.pipeline.common]
2025-06-13 08:05:25.753 [INFO    ] Variable 'NEE_CUT_25' might be missing from headers of file: /global/home/users/sytoanngo/ONEFlux/data/US-ARc_sample_output/99_fluxnet2015/FLX_US-ARc_FLUXNET2015_FULLSET_MM_2005-2006_beta-5.csv [oneflux.pipeline.common]
2025-06-13 08:05:25.753 [INFO    ] Variable 'NEE_CUT_50' might be missing from headers of file: /global/home/users/sytoanngo/ONEFlux/data/US-ARc_sample_output/99_fluxnet2015/FLX_US-ARc_FLUXNET2015_FULLSET_MM_2005-2006_beta-5.csv [oneflux.pipeline.common]
2025-06-13 08:05:25.753 [INFO    ] Variable 'NEE_CUT_75' might be missing from headers of file: /global/home/users/sytoanngo/ONEFlux/data/US-ARc_sample_output/99_fluxnet2015/FLX_US-ARc_FLUXNET2015_FULLSET_MM_2005-2006_beta-5.csv [oneflux.pipeline.common]
2025-06-13 08:05:25.753 [INFO    ] Variable 'NEE_CUT_84' might be missing from headers of file: /global/home/users/sytoanngo/ONEFlux/data/US-ARc_sample_output/99_fluxnet2015/FLX_US-ARc_FLUXNET2015_FULLSET_MM_2005-2006_beta-5.csv [oneflux.pipeline.common]
2025-06-13 08:05:25.753 [INFO    ] Variable 'NEE_CUT_95' might be missing from headers of file: /global/home/users/sytoanngo/ONEFlux/data/US-ARc_sample_output/99_fluxnet2015/FLX_US-ARc_FLUXNET2015_FULLSET_MM_2005-2006_beta-5.csv [oneflux.pipeline.common]
2025-06-13 08:05:25.753 [INFO    ] Variable 'NEE_CUT_05_QC' might be missing from headers of file: /global/home/users/sytoanngo/ONEFlux/data/US-ARc_sample_output/99_fluxnet2015/FLX_US-ARc_FLUXNET2015_FULLSET_MM_2005-2006_beta-5.csv [oneflux.pipeline.common]
2025-06-13 08:05:25.753 [INFO    ] Variable 'NEE_CUT_16_QC' might be missing from headers of file: /global/home/users/sytoanngo/ONEFlux/data/US-ARc_sample_output/99_fluxnet2015/FLX_US-ARc_FLUXNET2015_FULLSET_MM_2005-2006_beta-5.csv [oneflux.pipeline.common]
2025-06-13 08:05:25.753 [INFO    ] Variable 'NEE_CUT_25_QC' might be missing from headers of file: /global/home/users/sytoanngo/ONEFlux/data/US-ARc_sample_output/99_fluxnet2015/FLX_US-ARc_FLUXNET2015_FULLSET_MM_2005-2006_beta-5.csv [oneflux.pipeline.common]
2025-06-13 08:05:25.753 [INFO    ] Variable 'NEE_CUT_50_QC' might be missing from headers of file: /global/home/users/sytoanngo/ONEFlux/data/US-ARc_sample_output/99_fluxnet2015/FLX_US-ARc_FLUXNET2015_FULLSET_MM_2005-2006_beta-5.csv [oneflux.pipeline.common]
2025-06-13 08:05:25.753 [INFO    ] Variable 'NEE_CUT_75_QC' might be missing from headers of file: /global/home/users/sytoanngo/ONEFlux/data/US-ARc_sample_output/99_fluxnet2015/FLX_US-ARc_FLUXNET2015_FULLSET_MM_2005-2006_beta-5.csv [oneflux.pipeline.common]
2025-06-13 08:05:25.753 [INFO    ] Variable 'NEE_CUT_84_QC' might be missing from headers of file: /global/home/users/sytoanngo/ONEFlux/data/US-ARc_sample_output/99_fluxnet2015/FLX_US-ARc_FLUXNET2015_FULLSET_MM_2005-2006_beta-5.csv [oneflux.pipeline.common]
2025-06-13 08:05:25.753 [INFO    ] Variable 'NEE_CUT_95_QC' might be missing from headers of file: /global/home/users/sytoanngo/ONEFlux/data/US-ARc_sample_output/99_fluxnet2015/FLX_US-ARc_FLUXNET2015_FULLSET_MM_2005-2006_beta-5.csv [oneflux.pipeline.common]
2025-06-13 08:05:25.754 [INFO    ] Variable 'RECO_NT_CUT_05' might be missing from headers of file: /global/home/users/sytoanngo/ONEFlux/data/US-ARc_sample_output/99_fluxnet2015/FLX_US-ARc_FLUXNET2015_FULLSET_MM_2005-2006_beta-5.csv [oneflux.pipeline.common]
2025-06-13 08:05:25.754 [INFO    ] Variable 'RECO_NT_CUT_16' might be missing from headers of file: /global/home/users/sytoanngo/ONEFlux/data/US-ARc_sample_output/99_fluxnet2015/FLX_US-ARc_FLUXNET2015_FULLSET_MM_2005-2006_beta-5.csv [oneflux.pipeline.common]
2025-06-13 08:05:25.754 [INFO    ] Variable 'RECO_NT_CUT_25' might be missing from headers of file: /global/home/users/sytoanngo/ONEFlux/data/US-ARc_sample_output/99_fluxnet2015/FLX_US-ARc_FLUXNET2015_FULLSET_MM_2005-2006_beta-5.csv [oneflux.pipeline.common]
2025-06-13 08:05:25.754 [INFO    ] Variable 'RECO_NT_CUT_50' might be missing from headers of file: /global/home/users/sytoanngo/ONEFlux/data/US-ARc_sample_output/99_fluxnet2015/FLX_US-ARc_FLUXNET2015_FULLSET_MM_2005-2006_beta-5.csv [oneflux.pipeline.common]
2025-06-13 08:05:25.754 [INFO    ] Variable 'RECO_NT_CUT_75' might be missing from headers of file: /global/home/users/sytoanngo/ONEFlux/data/US-ARc_sample_output/99_fluxnet2015/FLX_US-ARc_FLUXNET2015_FULLSET_MM_2005-2006_beta-5.csv [oneflux.pipeline.common]
2025-06-13 08:05:25.754 [INFO    ] Variable 'RECO_NT_CUT_84' might be missing from headers of file: /global/home/users/sytoanngo/ONEFlux/data/US-ARc_sample_output/99_fluxnet2015/FLX_US-ARc_FLUXNET2015_FULLSET_MM_2005-2006_beta-5.csv [oneflux.pipeline.common]
2025-06-13 08:05:25.754 [INFO    ] Variable 'RECO_NT_CUT_95' might be missing from headers of file: /global/home/users/sytoanngo/ONEFlux/data/US-ARc_sample_output/99_fluxnet2015/FLX_US-ARc_FLUXNET2015_FULLSET_MM_2005-2006_beta-5.csv [oneflux.pipeline.common]
2025-06-13 08:05:25.754 [INFO    ] Variable 'GPP_NT_CUT_05' might be missing from headers of file: /global/home/users/sytoanngo/ONEFlux/data/US-ARc_sample_output/99_fluxnet2015/FLX_US-ARc_FLUXNET2015_FULLSET_MM_2005-2006_beta-5.csv [oneflux.pipeline.common]
2025-06-13 08:05:25.754 [INFO    ] Variable 'GPP_NT_CUT_16' might be missing from headers of file: /global/home/users/sytoanngo/ONEFlux/data/US-ARc_sample_output/99_fluxnet2015/FLX_US-ARc_FLUXNET2015_FULLSET_MM_2005-2006_beta-5.csv [oneflux.pipeline.common]
2025-06-13 08:05:25.754 [INFO    ] Variable 'GPP_NT_CUT_25' might be missing from headers of file: /global/home/users/sytoanngo/ONEFlux/data/US-ARc_sample_output/99_fluxnet2015/FLX_US-ARc_FLUXNET2015_FULLSET_MM_2005-2006_beta-5.csv [oneflux.pipeline.common]
2025-06-13 08:05:25.754 [INFO    ] Variable 'GPP_NT_CUT_50' might be missing from headers of file: /global/home/users/sytoanngo/ONEFlux/data/US-ARc_sample_output/99_fluxnet2015/FLX_US-ARc_FLUXNET2015_FULLSET_MM_2005-2006_beta-5.csv [oneflux.pipeline.common]
2025-06-13 08:05:25.754 [INFO    ] Variable 'GPP_NT_CUT_75' might be missing from headers of file: /global/home/users/sytoanngo/ONEFlux/data/US-ARc_sample_output/99_fluxnet2015/FLX_US-ARc_FLUXNET2015_FULLSET_MM_2005-2006_beta-5.csv [oneflux.pipeline.common]
2025-06-13 08:05:25.754 [INFO    ] Variable 'GPP_NT_CUT_84' might be missing from headers of file: /global/home/users/sytoanngo/ONEFlux/data/US-ARc_sample_output/99_fluxnet2015/FLX_US-ARc_FLUXNET2015_FULLSET_MM_2005-2006_beta-5.csv [oneflux.pipeline.common]
2025-06-13 08:05:25.754 [INFO    ] Variable 'GPP_NT_CUT_95' might be missing from headers of file: /global/home/users/sytoanngo/ONEFlux/data/US-ARc_sample_output/99_fluxnet2015/FLX_US-ARc_FLUXNET2015_FULLSET_MM_2005-2006_beta-5.csv [oneflux.pipeline.common]
2025-06-13 08:05:25.755 [INFO    ] Variable 'RECO_DT_CUT_05' might be missing from headers of file: /global/home/users/sytoanngo/ONEFlux/data/US-ARc_sample_output/99_fluxnet2015/FLX_US-ARc_FLUXNET2015_FULLSET_MM_2005-2006_beta-5.csv [oneflux.pipeline.common]
2025-06-13 08:05:25.755 [INFO    ] Variable 'RECO_DT_CUT_16' might be missing from headers of file: /global/home/users/sytoanngo/ONEFlux/data/US-ARc_sample_output/99_fluxnet2015/FLX_US-ARc_FLUXNET2015_FULLSET_MM_2005-2006_beta-5.csv [oneflux.pipeline.common]
2025-06-13 08:05:25.755 [INFO    ] Variable 'RECO_DT_CUT_25' might be missing from headers of file: /global/home/users/sytoanngo/ONEFlux/data/US-ARc_sample_output/99_fluxnet2015/FLX_US-ARc_FLUXNET2015_FULLSET_MM_2005-2006_beta-5.csv [oneflux.pipeline.common]
2025-06-13 08:05:25.755 [INFO    ] Variable 'RECO_DT_CUT_50' might be missing from headers of file: /global/home/users/sytoanngo/ONEFlux/data/US-ARc_sample_output/99_fluxnet2015/FLX_US-ARc_FLUXNET2015_FULLSET_MM_2005-2006_beta-5.csv [oneflux.pipeline.common]
2025-06-13 08:05:25.755 [INFO    ] Variable 'RECO_DT_CUT_75' might be missing from headers of file: /global/home/users/sytoanngo/ONEFlux/data/US-ARc_sample_output/99_fluxnet2015/FLX_US-ARc_FLUXNET2015_FULLSET_MM_2005-2006_beta-5.csv [oneflux.pipeline.common]
2025-06-13 08:05:25.755 [INFO    ] Variable 'RECO_DT_CUT_84' might be missing from headers of file: /global/home/users/sytoanngo/ONEFlux/data/US-ARc_sample_output/99_fluxnet2015/FLX_US-ARc_FLUXNET2015_FULLSET_MM_2005-2006_beta-5.csv [oneflux.pipeline.common]
2025-06-13 08:05:25.755 [INFO    ] Variable 'RECO_DT_CUT_95' might be missing from headers of file: /global/home/users/sytoanngo/ONEFlux/data/US-ARc_sample_output/99_fluxnet2015/FLX_US-ARc_FLUXNET2015_FULLSET_MM_2005-2006_beta-5.csv [oneflux.pipeline.common]
2025-06-13 08:05:25.755 [INFO    ] Variable 'GPP_DT_CUT_05' might be missing from headers of file: /global/home/users/sytoanngo/ONEFlux/data/US-ARc_sample_output/99_fluxnet2015/FLX_US-ARc_FLUXNET2015_FULLSET_MM_2005-2006_beta-5.csv [oneflux.pipeline.common]
2025-06-13 08:05:25.755 [INFO    ] Variable 'GPP_DT_CUT_16' might be missing from headers of file: /global/home/users/sytoanngo/ONEFlux/data/US-ARc_sample_output/99_fluxnet2015/FLX_US-ARc_FLUXNET2015_FULLSET_MM_2005-2006_beta-5.csv [oneflux.pipeline.common]
2025-06-13 08:05:25.755 [INFO    ] Variable 'GPP_DT_CUT_25' might be missing from headers of file: /global/home/users/sytoanngo/ONEFlux/data/US-ARc_sample_output/99_fluxnet2015/FLX_US-ARc_FLUXNET2015_FULLSET_MM_2005-2006_beta-5.csv [oneflux.pipeline.common]
2025-06-13 08:05:25.755 [INFO    ] Variable 'GPP_DT_CUT_50' might be missing from headers of file: /global/home/users/sytoanngo/ONEFlux/data/US-ARc_sample_output/99_fluxnet2015/FLX_US-ARc_FLUXNET2015_FULLSET_MM_2005-2006_beta-5.csv [oneflux.pipeline.common]
2025-06-13 08:05:25.755 [INFO    ] Variable 'GPP_DT_CUT_75' might be missing from headers of file: /global/home/users/sytoanngo/ONEFlux/data/US-ARc_sample_output/99_fluxnet2015/FLX_US-ARc_FLUXNET2015_FULLSET_MM_2005-2006_beta-5.csv [oneflux.pipeline.common]
2025-06-13 08:05:25.755 [INFO    ] Variable 'GPP_DT_CUT_84' might be missing from headers of file: /global/home/users/sytoanngo/ONEFlux/data/US-ARc_sample_output/99_fluxnet2015/FLX_US-ARc_FLUXNET2015_FULLSET_MM_2005-2006_beta-5.csv [oneflux.pipeline.common]
2025-06-13 08:05:25.755 [INFO    ] Variable 'GPP_DT_CUT_95' might be missing from headers of file: /global/home/users/sytoanngo/ONEFlux/data/US-ARc_sample_output/99_fluxnet2015/FLX_US-ARc_FLUXNET2015_FULLSET_MM_2005-2006_beta-5.csv [oneflux.pipeline.common]
2025-06-13 08:05:25.757 [INFO    ] Variable 'PPFD_DIF' might be missing from headers of file: /global/home/users/sytoanngo/ONEFlux/data/US-ARc_sample_output/99_fluxnet2015/FLX_US-ARc_FLUXNET2015_FULLSET_WW_2005-2006_beta-5.csv [oneflux.pipeline.common]
2025-06-13 08:05:25.757 [INFO    ] Variable 'PPFD_DIF_QC' might be missing from headers of file: /global/home/users/sytoanngo/ONEFlux/data/US-ARc_sample_output/99_fluxnet2015/FLX_US-ARc_FLUXNET2015_FULLSET_WW_2005-2006_beta-5.csv [oneflux.pipeline.common]
2025-06-13 08:05:25.757 [INFO    ] Variable 'PPFD_OUT' might be missing from headers of file: /global/home/users/sytoanngo/ONEFlux/data/US-ARc_sample_output/99_fluxnet2015/FLX_US-ARc_FLUXNET2015_FULLSET_WW_2005-2006_beta-5.csv [oneflux.pipeline.common]
2025-06-13 08:05:25.757 [INFO    ] Variable 'PPFD_OUT_QC' might be missing from headers of file: /global/home/users/sytoanngo/ONEFlux/data/US-ARc_sample_output/99_fluxnet2015/FLX_US-ARc_FLUXNET2015_FULLSET_WW_2005-2006_beta-5.csv [oneflux.pipeline.common]
2025-06-13 08:05:25.757 [INFO    ] Variable 'SW_DIF' might be missing from headers of file: /global/home/users/sytoanngo/ONEFlux/data/US-ARc_sample_output/99_fluxnet2015/FLX_US-ARc_FLUXNET2015_FULLSET_WW_2005-2006_beta-5.csv [oneflux.pipeline.common]
2025-06-13 08:05:25.757 [INFO    ] Variable 'SW_DIF_QC' might be missing from headers of file: /global/home/users/sytoanngo/ONEFlux/data/US-ARc_sample_output/99_fluxnet2015/FLX_US-ARc_FLUXNET2015_FULLSET_WW_2005-2006_beta-5.csv [oneflux.pipeline.common]
2025-06-13 08:05:25.757 [INFO    ] Variable 'SW_OUT' might be missing from headers of file: /global/home/users/sytoanngo/ONEFlux/data/US-ARc_sample_output/99_fluxnet2015/FLX_US-ARc_FLUXNET2015_FULLSET_WW_2005-2006_beta-5.csv [oneflux.pipeline.common]
2025-06-13 08:05:25.757 [INFO    ] Variable 'SW_OUT_QC' might be missing from headers of file: /global/home/users/sytoanngo/ONEFlux/data/US-ARc_sample_output/99_fluxnet2015/FLX_US-ARc_FLUXNET2015_FULLSET_WW_2005-2006_beta-5.csv [oneflux.pipeline.common]
2025-06-13 08:05:25.757 [INFO    ] Variable 'LW_OUT' might be missing from headers of file: /global/home/users/sytoanngo/ONEFlux/data/US-ARc_sample_output/99_fluxnet2015/FLX_US-ARc_FLUXNET2015_FULLSET_WW_2005-2006_beta-5.csv [oneflux.pipeline.common]
2025-06-13 08:05:25.758 [INFO    ] Variable 'LW_OUT_QC' might be missing from headers of file: /global/home/users/sytoanngo/ONEFlux/data/US-ARc_sample_output/99_fluxnet2015/FLX_US-ARc_FLUXNET2015_FULLSET_WW_2005-2006_beta-5.csv [oneflux.pipeline.common]
2025-06-13 08:05:25.758 [INFO    ] Variable 'PA' might be missing from headers of file: /global/home/users/sytoanngo/ONEFlux/data/US-ARc_sample_output/99_fluxnet2015/FLX_US-ARc_FLUXNET2015_FULLSET_WW_2005-2006_beta-5.csv [oneflux.pipeline.common]
2025-06-13 08:05:25.758 [INFO    ] Variable 'P' might be missing from headers of file: /global/home/users/sytoanngo/ONEFlux/data/US-ARc_sample_output/99_fluxnet2015/FLX_US-ARc_FLUXNET2015_FULLSET_WW_2005-2006_beta-5.csv [oneflux.pipeline.common]
2025-06-13 08:05:25.758 [INFO    ] Variable 'WS' might be missing from headers of file: /global/home/users/sytoanngo/ONEFlux/data/US-ARc_sample_output/99_fluxnet2015/FLX_US-ARc_FLUXNET2015_FULLSET_WW_2005-2006_beta-5.csv [oneflux.pipeline.common]
2025-06-13 08:05:25.758 [INFO    ] Variable 'WD' might be missing from headers of file: /global/home/users/sytoanngo/ONEFlux/data/US-ARc_sample_output/99_fluxnet2015/FLX_US-ARc_FLUXNET2015_FULLSET_WW_2005-2006_beta-5.csv [oneflux.pipeline.common]
2025-06-13 08:05:25.758 [INFO    ] Variable 'RH' might be missing from headers of file: /global/home/users/sytoanngo/ONEFlux/data/US-ARc_sample_output/99_fluxnet2015/FLX_US-ARc_FLUXNET2015_FULLSET_WW_2005-2006_beta-5.csv [oneflux.pipeline.common]
2025-06-13 08:05:25.758 [INFO    ] Variable 'LE_CORR_25' might be missing from headers of file: /global/home/users/sytoanngo/ONEFlux/data/US-ARc_sample_output/99_fluxnet2015/FLX_US-ARc_FLUXNET2015_FULLSET_WW_2005-2006_beta-5.csv [oneflux.pipeline.common]
2025-06-13 08:05:25.758 [INFO    ] Variable 'LE_CORR_75' might be missing from headers of file: /global/home/users/sytoanngo/ONEFlux/data/US-ARc_sample_output/99_fluxnet2015/FLX_US-ARc_FLUXNET2015_FULLSET_WW_2005-2006_beta-5.csv [oneflux.pipeline.common]
2025-06-13 08:05:25.758 [INFO    ] Variable 'LE_RANDUNC_METHOD' might be missing from headers of file: /global/home/users/sytoanngo/ONEFlux/data/US-ARc_sample_output/99_fluxnet2015/FLX_US-ARc_FLUXNET2015_FULLSET_WW_2005-2006_beta-5.csv [oneflux.pipeline.common]
2025-06-13 08:05:25.758 [INFO    ] Variable 'LE_RANDUNC_N' might be missing from headers of file: /global/home/users/sytoanngo/ONEFlux/data/US-ARc_sample_output/99_fluxnet2015/FLX_US-ARc_FLUXNET2015_FULLSET_WW_2005-2006_beta-5.csv [oneflux.pipeline.common]
2025-06-13 08:05:25.758 [INFO    ] Variable 'LE_CORR_JOINTUNC' might be missing from headers of file: /global/home/users/sytoanngo/ONEFlux/data/US-ARc_sample_output/99_fluxnet2015/FLX_US-ARc_FLUXNET2015_FULLSET_WW_2005-2006_beta-5.csv [oneflux.pipeline.common]
2025-06-13 08:05:25.758 [INFO    ] Variable 'H_CORR_25' might be missing from headers of file: /global/home/users/sytoanngo/ONEFlux/data/US-ARc_sample_output/99_fluxnet2015/FLX_US-ARc_FLUXNET2015_FULLSET_WW_2005-2006_beta-5.csv [oneflux.pipeline.common]
2025-06-13 08:05:25.758 [INFO    ] Variable 'H_CORR_75' might be missing from headers of file: /global/home/users/sytoanngo/ONEFlux/data/US-ARc_sample_output/99_fluxnet2015/FLX_US-ARc_FLUXNET2015_FULLSET_WW_2005-2006_beta-5.csv [oneflux.pipeline.common]
2025-06-13 08:05:25.758 [INFO    ] Variable 'H_RANDUNC_METHOD' might be missing from headers of file: /global/home/users/sytoanngo/ONEFlux/data/US-ARc_sample_output/99_fluxnet2015/FLX_US-ARc_FLUXNET2015_FULLSET_WW_2005-2006_beta-5.csv [oneflux.pipeline.common]
2025-06-13 08:05:25.759 [INFO    ] Variable 'H_RANDUNC_N' might be missing from headers of file: /global/home/users/sytoanngo/ONEFlux/data/US-ARc_sample_output/99_fluxnet2015/FLX_US-ARc_FLUXNET2015_FULLSET_WW_2005-2006_beta-5.csv [oneflux.pipeline.common]
2025-06-13 08:05:25.759 [INFO    ] Variable 'H_CORR_JOINTUNC' might be missing from headers of file: /global/home/users/sytoanngo/ONEFlux/data/US-ARc_sample_output/99_fluxnet2015/FLX_US-ARc_FLUXNET2015_FULLSET_WW_2005-2006_beta-5.csv [oneflux.pipeline.common]
2025-06-13 08:05:25.759 [INFO    ] Variable 'NEE_CUT_REF' might be missing from headers of file: /global/home/users/sytoanngo/ONEFlux/data/US-ARc_sample_output/99_fluxnet2015/FLX_US-ARc_FLUXNET2015_FULLSET_WW_2005-2006_beta-5.csv [oneflux.pipeline.common]
2025-06-13 08:05:25.759 [INFO    ] Variable 'NEE_CUT_REF_QC' might be missing from headers of file: /global/home/users/sytoanngo/ONEFlux/data/US-ARc_sample_output/99_fluxnet2015/FLX_US-ARc_FLUXNET2015_FULLSET_WW_2005-2006_beta-5.csv [oneflux.pipeline.common]
2025-06-13 08:05:25.759 [INFO    ] Variable 'NEE_CUT_REF_RANDUNC' might be missing from headers of file: /global/home/users/sytoanngo/ONEFlux/data/US-ARc_sample_output/99_fluxnet2015/FLX_US-ARc_FLUXNET2015_FULLSET_WW_2005-2006_beta-5.csv [oneflux.pipeline.common]
2025-06-13 08:05:25.759 [INFO    ] Variable 'RECO_NT_CUT_REF' might be missing from headers of file: /global/home/users/sytoanngo/ONEFlux/data/US-ARc_sample_output/99_fluxnet2015/FLX_US-ARc_FLUXNET2015_FULLSET_WW_2005-2006_beta-5.csv [oneflux.pipeline.common]
2025-06-13 08:05:25.759 [INFO    ] Variable 'GPP_NT_CUT_REF' might be missing from headers of file: /global/home/users/sytoanngo/ONEFlux/data/US-ARc_sample_output/99_fluxnet2015/FLX_US-ARc_FLUXNET2015_FULLSET_WW_2005-2006_beta-5.csv [oneflux.pipeline.common]
2025-06-13 08:05:25.759 [INFO    ] Variable 'RECO_DT_CUT_REF' might be missing from headers of file: /global/home/users/sytoanngo/ONEFlux/data/US-ARc_sample_output/99_fluxnet2015/FLX_US-ARc_FLUXNET2015_FULLSET_WW_2005-2006_beta-5.csv [oneflux.pipeline.common]
2025-06-13 08:05:25.759 [INFO    ] Variable 'GPP_DT_CUT_REF' might be missing from headers of file: /global/home/users/sytoanngo/ONEFlux/data/US-ARc_sample_output/99_fluxnet2015/FLX_US-ARc_FLUXNET2015_FULLSET_WW_2005-2006_beta-5.csv [oneflux.pipeline.common]
2025-06-13 08:05:25.759 [INFO    ] Variable 'TS_F_MDS_2' might be missing from headers of file: /global/home/users/sytoanngo/ONEFlux/data/US-ARc_sample_output/99_fluxnet2015/FLX_US-ARc_FLUXNET2015_FULLSET_WW_2005-2006_beta-5.csv [oneflux.pipeline.common]
2025-06-13 08:05:25.759 [INFO    ] Variable 'TS_F_MDS_3' might be missing from headers of file: /global/home/users/sytoanngo/ONEFlux/data/US-ARc_sample_output/99_fluxnet2015/FLX_US-ARc_FLUXNET2015_FULLSET_WW_2005-2006_beta-5.csv [oneflux.pipeline.common]
2025-06-13 08:05:25.759 [INFO    ] Variable 'TS_F_MDS_4' might be missing from headers of file: /global/home/users/sytoanngo/ONEFlux/data/US-ARc_sample_output/99_fluxnet2015/FLX_US-ARc_FLUXNET2015_FULLSET_WW_2005-2006_beta-5.csv [oneflux.pipeline.common]
2025-06-13 08:05:25.759 [INFO    ] Variable 'TS_F_MDS_5' might be missing from headers of file: /global/home/users/sytoanngo/ONEFlux/data/US-ARc_sample_output/99_fluxnet2015/FLX_US-ARc_FLUXNET2015_FULLSET_WW_2005-2006_beta-5.csv [oneflux.pipeline.common]
2025-06-13 08:05:25.759 [INFO    ] Variable 'TS_F_MDS_6' might be missing from headers of file: /global/home/users/sytoanngo/ONEFlux/data/US-ARc_sample_output/99_fluxnet2015/FLX_US-ARc_FLUXNET2015_FULLSET_WW_2005-2006_beta-5.csv [oneflux.pipeline.common]
2025-06-13 08:05:25.760 [INFO    ] Variable 'TS_F_MDS_7' might be missing from headers of file: /global/home/users/sytoanngo/ONEFlux/data/US-ARc_sample_output/99_fluxnet2015/FLX_US-ARc_FLUXNET2015_FULLSET_WW_2005-2006_beta-5.csv [oneflux.pipeline.common]
2025-06-13 08:05:25.760 [INFO    ] Variable 'TS_F_MDS_8' might be missing from headers of file: /global/home/users/sytoanngo/ONEFlux/data/US-ARc_sample_output/99_fluxnet2015/FLX_US-ARc_FLUXNET2015_FULLSET_WW_2005-2006_beta-5.csv [oneflux.pipeline.common]
2025-06-13 08:05:25.760 [INFO    ] Variable 'TS_F_MDS_9' might be missing from headers of file: /global/home/users/sytoanngo/ONEFlux/data/US-ARc_sample_output/99_fluxnet2015/FLX_US-ARc_FLUXNET2015_FULLSET_WW_2005-2006_beta-5.csv [oneflux.pipeline.common]
2025-06-13 08:05:25.760 [INFO    ] Variable 'TS_F_MDS_10' might be missing from headers of file: /global/home/users/sytoanngo/ONEFlux/data/US-ARc_sample_output/99_fluxnet2015/FLX_US-ARc_FLUXNET2015_FULLSET_WW_2005-2006_beta-5.csv [oneflux.pipeline.common]
2025-06-13 08:05:25.760 [INFO    ] Variable 'TS_F_MDS_11' might be missing from headers of file: /global/home/users/sytoanngo/ONEFlux/data/US-ARc_sample_output/99_fluxnet2015/FLX_US-ARc_FLUXNET2015_FULLSET_WW_2005-2006_beta-5.csv [oneflux.pipeline.common]
2025-06-13 08:05:25.760 [INFO    ] Variable 'TS_F_MDS_12' might be missing from headers of file: /global/home/users/sytoanngo/ONEFlux/data/US-ARc_sample_output/99_fluxnet2015/FLX_US-ARc_FLUXNET2015_FULLSET_WW_2005-2006_beta-5.csv [oneflux.pipeline.common]
2025-06-13 08:05:25.760 [INFO    ] Variable 'TS_F_MDS_13' might be missing from headers of file: /global/home/users/sytoanngo/ONEFlux/data/US-ARc_sample_output/99_fluxnet2015/FLX_US-ARc_FLUXNET2015_FULLSET_WW_2005-2006_beta-5.csv [oneflux.pipeline.common]
2025-06-13 08:05:25.760 [INFO    ] Variable 'TS_F_MDS_14' might be missing from headers of file: /global/home/users/sytoanngo/ONEFlux/data/US-ARc_sample_output/99_fluxnet2015/FLX_US-ARc_FLUXNET2015_FULLSET_WW_2005-2006_beta-5.csv [oneflux.pipeline.common]
2025-06-13 08:05:25.760 [INFO    ] Variable 'TS_F_MDS_15' might be missing from headers of file: /global/home/users/sytoanngo/ONEFlux/data/US-ARc_sample_output/99_fluxnet2015/FLX_US-ARc_FLUXNET2015_FULLSET_WW_2005-2006_beta-5.csv [oneflux.pipeline.common]
2025-06-13 08:05:25.760 [INFO    ] Variable 'TS_F_MDS_16' might be missing from headers of file: /global/home/users/sytoanngo/ONEFlux/data/US-ARc_sample_output/99_fluxnet2015/FLX_US-ARc_FLUXNET2015_FULLSET_WW_2005-2006_beta-5.csv [oneflux.pipeline.common]
2025-06-13 08:05:25.760 [INFO    ] Variable 'TS_F_MDS_17' might be missing from headers of file: /global/home/users/sytoanngo/ONEFlux/data/US-ARc_sample_output/99_fluxnet2015/FLX_US-ARc_FLUXNET2015_FULLSET_WW_2005-2006_beta-5.csv [oneflux.pipeline.common]
2025-06-13 08:05:25.760 [INFO    ] Variable 'TS_F_MDS_18' might be missing from headers of file: /global/home/users/sytoanngo/ONEFlux/data/US-ARc_sample_output/99_fluxnet2015/FLX_US-ARc_FLUXNET2015_FULLSET_WW_2005-2006_beta-5.csv [oneflux.pipeline.common]
2025-06-13 08:05:25.760 [INFO    ] Variable 'TS_F_MDS_19' might be missing from headers of file: /global/home/users/sytoanngo/ONEFlux/data/US-ARc_sample_output/99_fluxnet2015/FLX_US-ARc_FLUXNET2015_FULLSET_WW_2005-2006_beta-5.csv [oneflux.pipeline.common]
2025-06-13 08:05:25.761 [INFO    ] Variable 'TS_F_MDS_2_QC' might be missing from headers of file: /global/home/users/sytoanngo/ONEFlux/data/US-ARc_sample_output/99_fluxnet2015/FLX_US-ARc_FLUXNET2015_FULLSET_WW_2005-2006_beta-5.csv [oneflux.pipeline.common]
2025-06-13 08:05:25.761 [INFO    ] Variable 'TS_F_MDS_3_QC' might be missing from headers of file: /global/home/users/sytoanngo/ONEFlux/data/US-ARc_sample_output/99_fluxnet2015/FLX_US-ARc_FLUXNET2015_FULLSET_WW_2005-2006_beta-5.csv [oneflux.pipeline.common]
2025-06-13 08:05:25.761 [INFO    ] Variable 'TS_F_MDS_4_QC' might be missing from headers of file: /global/home/users/sytoanngo/ONEFlux/data/US-ARc_sample_output/99_fluxnet2015/FLX_US-ARc_FLUXNET2015_FULLSET_WW_2005-2006_beta-5.csv [oneflux.pipeline.common]
2025-06-13 08:05:25.761 [INFO    ] Variable 'TS_F_MDS_5_QC' might be missing from headers of file: /global/home/users/sytoanngo/ONEFlux/data/US-ARc_sample_output/99_fluxnet2015/FLX_US-ARc_FLUXNET2015_FULLSET_WW_2005-2006_beta-5.csv [oneflux.pipeline.common]
2025-06-13 08:05:25.761 [INFO    ] Variable 'TS_F_MDS_6_QC' might be missing from headers of file: /global/home/users/sytoanngo/ONEFlux/data/US-ARc_sample_output/99_fluxnet2015/FLX_US-ARc_FLUXNET2015_FULLSET_WW_2005-2006_beta-5.csv [oneflux.pipeline.common]
2025-06-13 08:05:25.761 [INFO    ] Variable 'TS_F_MDS_7_QC' might be missing from headers of file: /global/home/users/sytoanngo/ONEFlux/data/US-ARc_sample_output/99_fluxnet2015/FLX_US-ARc_FLUXNET2015_FULLSET_WW_2005-2006_beta-5.csv [oneflux.pipeline.common]
2025-06-13 08:05:25.761 [INFO    ] Variable 'TS_F_MDS_8_QC' might be missing from headers of file: /global/home/users/sytoanngo/ONEFlux/data/US-ARc_sample_output/99_fluxnet2015/FLX_US-ARc_FLUXNET2015_FULLSET_WW_2005-2006_beta-5.csv [oneflux.pipeline.common]
2025-06-13 08:05:25.761 [INFO    ] Variable 'TS_F_MDS_9_QC' might be missing from headers of file: /global/home/users/sytoanngo/ONEFlux/data/US-ARc_sample_output/99_fluxnet2015/FLX_US-ARc_FLUXNET2015_FULLSET_WW_2005-2006_beta-5.csv [oneflux.pipeline.common]
2025-06-13 08:05:25.761 [INFO    ] Variable 'TS_F_MDS_10_QC' might be missing from headers of file: /global/home/users/sytoanngo/ONEFlux/data/US-ARc_sample_output/99_fluxnet2015/FLX_US-ARc_FLUXNET2015_FULLSET_WW_2005-2006_beta-5.csv [oneflux.pipeline.common]
2025-06-13 08:05:25.761 [INFO    ] Variable 'TS_F_MDS_11_QC' might be missing from headers of file: /global/home/users/sytoanngo/ONEFlux/data/US-ARc_sample_output/99_fluxnet2015/FLX_US-ARc_FLUXNET2015_FULLSET_WW_2005-2006_beta-5.csv [oneflux.pipeline.common]
2025-06-13 08:05:25.761 [INFO    ] Variable 'TS_F_MDS_12_QC' might be missing from headers of file: /global/home/users/sytoanngo/ONEFlux/data/US-ARc_sample_output/99_fluxnet2015/FLX_US-ARc_FLUXNET2015_FULLSET_WW_2005-2006_beta-5.csv [oneflux.pipeline.common]
2025-06-13 08:05:25.761 [INFO    ] Variable 'TS_F_MDS_13_QC' might be missing from headers of file: /global/home/users/sytoanngo/ONEFlux/data/US-ARc_sample_output/99_fluxnet2015/FLX_US-ARc_FLUXNET2015_FULLSET_WW_2005-2006_beta-5.csv [oneflux.pipeline.common]
2025-06-13 08:05:25.761 [INFO    ] Variable 'TS_F_MDS_14_QC' might be missing from headers of file: /global/home/users/sytoanngo/ONEFlux/data/US-ARc_sample_output/99_fluxnet2015/FLX_US-ARc_FLUXNET2015_FULLSET_WW_2005-2006_beta-5.csv [oneflux.pipeline.common]
2025-06-13 08:05:25.761 [INFO    ] Variable 'TS_F_MDS_15_QC' might be missing from headers of file: /global/home/users/sytoanngo/ONEFlux/data/US-ARc_sample_output/99_fluxnet2015/FLX_US-ARc_FLUXNET2015_FULLSET_WW_2005-2006_beta-5.csv [oneflux.pipeline.common]
2025-06-13 08:05:25.762 [INFO    ] Variable 'TS_F_MDS_16_QC' might be missing from headers of file: /global/home/users/sytoanngo/ONEFlux/data/US-ARc_sample_output/99_fluxnet2015/FLX_US-ARc_FLUXNET2015_FULLSET_WW_2005-2006_beta-5.csv [oneflux.pipeline.common]
2025-06-13 08:05:25.762 [INFO    ] Variable 'TS_F_MDS_17_QC' might be missing from headers of file: /global/home/users/sytoanngo/ONEFlux/data/US-ARc_sample_output/99_fluxnet2015/FLX_US-ARc_FLUXNET2015_FULLSET_WW_2005-2006_beta-5.csv [oneflux.pipeline.common]
2025-06-13 08:05:25.762 [INFO    ] Variable 'TS_F_MDS_18_QC' might be missing from headers of file: /global/home/users/sytoanngo/ONEFlux/data/US-ARc_sample_output/99_fluxnet2015/FLX_US-ARc_FLUXNET2015_FULLSET_WW_2005-2006_beta-5.csv [oneflux.pipeline.common]
2025-06-13 08:05:25.762 [INFO    ] Variable 'TS_F_MDS_19_QC' might be missing from headers of file: /global/home/users/sytoanngo/ONEFlux/data/US-ARc_sample_output/99_fluxnet2015/FLX_US-ARc_FLUXNET2015_FULLSET_WW_2005-2006_beta-5.csv [oneflux.pipeline.common]
2025-06-13 08:05:25.762 [INFO    ] Variable 'SWC_F_MDS_2' might be missing from headers of file: /global/home/users/sytoanngo/ONEFlux/data/US-ARc_sample_output/99_fluxnet2015/FLX_US-ARc_FLUXNET2015_FULLSET_WW_2005-2006_beta-5.csv [oneflux.pipeline.common]
2025-06-13 08:05:25.762 [INFO    ] Variable 'SWC_F_MDS_3' might be missing from headers of file: /global/home/users/sytoanngo/ONEFlux/data/US-ARc_sample_output/99_fluxnet2015/FLX_US-ARc_FLUXNET2015_FULLSET_WW_2005-2006_beta-5.csv [oneflux.pipeline.common]
2025-06-13 08:05:25.762 [INFO    ] Variable 'SWC_F_MDS_4' might be missing from headers of file: /global/home/users/sytoanngo/ONEFlux/data/US-ARc_sample_output/99_fluxnet2015/FLX_US-ARc_FLUXNET2015_FULLSET_WW_2005-2006_beta-5.csv [oneflux.pipeline.common]
2025-06-13 08:05:25.762 [INFO    ] Variable 'SWC_F_MDS_5' might be missing from headers of file: /global/home/users/sytoanngo/ONEFlux/data/US-ARc_sample_output/99_fluxnet2015/FLX_US-ARc_FLUXNET2015_FULLSET_WW_2005-2006_beta-5.csv [oneflux.pipeline.common]
2025-06-13 08:05:25.762 [INFO    ] Variable 'SWC_F_MDS_6' might be missing from headers of file: /global/home/users/sytoanngo/ONEFlux/data/US-ARc_sample_output/99_fluxnet2015/FLX_US-ARc_FLUXNET2015_FULLSET_WW_2005-2006_beta-5.csv [oneflux.pipeline.common]
2025-06-13 08:05:25.762 [INFO    ] Variable 'SWC_F_MDS_7' might be missing from headers of file: /global/home/users/sytoanngo/ONEFlux/data/US-ARc_sample_output/99_fluxnet2015/FLX_US-ARc_FLUXNET2015_FULLSET_WW_2005-2006_beta-5.csv [oneflux.pipeline.common]
2025-06-13 08:05:25.762 [INFO    ] Variable 'SWC_F_MDS_8' might be missing from headers of file: /global/home/users/sytoanngo/ONEFlux/data/US-ARc_sample_output/99_fluxnet2015/FLX_US-ARc_FLUXNET2015_FULLSET_WW_2005-2006_beta-5.csv [oneflux.pipeline.common]
2025-06-13 08:05:25.762 [INFO    ] Variable 'SWC_F_MDS_9' might be missing from headers of file: /global/home/users/sytoanngo/ONEFlux/data/US-ARc_sample_output/99_fluxnet2015/FLX_US-ARc_FLUXNET2015_FULLSET_WW_2005-2006_beta-5.csv [oneflux.pipeline.common]
2025-06-13 08:05:25.762 [INFO    ] Variable 'SWC_F_MDS_10' might be missing from headers of file: /global/home/users/sytoanngo/ONEFlux/data/US-ARc_sample_output/99_fluxnet2015/FLX_US-ARc_FLUXNET2015_FULLSET_WW_2005-2006_beta-5.csv [oneflux.pipeline.common]
2025-06-13 08:05:25.762 [INFO    ] Variable 'SWC_F_MDS_11' might be missing from headers of file: /global/home/users/sytoanngo/ONEFlux/data/US-ARc_sample_output/99_fluxnet2015/FLX_US-ARc_FLUXNET2015_FULLSET_WW_2005-2006_beta-5.csv [oneflux.pipeline.common]
2025-06-13 08:05:25.763 [INFO    ] Variable 'SWC_F_MDS_12' might be missing from headers of file: /global/home/users/sytoanngo/ONEFlux/data/US-ARc_sample_output/99_fluxnet2015/FLX_US-ARc_FLUXNET2015_FULLSET_WW_2005-2006_beta-5.csv [oneflux.pipeline.common]
2025-06-13 08:05:25.763 [INFO    ] Variable 'SWC_F_MDS_13' might be missing from headers of file: /global/home/users/sytoanngo/ONEFlux/data/US-ARc_sample_output/99_fluxnet2015/FLX_US-ARc_FLUXNET2015_FULLSET_WW_2005-2006_beta-5.csv [oneflux.pipeline.common]
2025-06-13 08:05:25.763 [INFO    ] Variable 'SWC_F_MDS_14' might be missing from headers of file: /global/home/users/sytoanngo/ONEFlux/data/US-ARc_sample_output/99_fluxnet2015/FLX_US-ARc_FLUXNET2015_FULLSET_WW_2005-2006_beta-5.csv [oneflux.pipeline.common]
2025-06-13 08:05:25.763 [INFO    ] Variable 'SWC_F_MDS_15' might be missing from headers of file: /global/home/users/sytoanngo/ONEFlux/data/US-ARc_sample_output/99_fluxnet2015/FLX_US-ARc_FLUXNET2015_FULLSET_WW_2005-2006_beta-5.csv [oneflux.pipeline.common]
2025-06-13 08:05:25.763 [INFO    ] Variable 'SWC_F_MDS_16' might be missing from headers of file: /global/home/users/sytoanngo/ONEFlux/data/US-ARc_sample_output/99_fluxnet2015/FLX_US-ARc_FLUXNET2015_FULLSET_WW_2005-2006_beta-5.csv [oneflux.pipeline.common]
2025-06-13 08:05:25.763 [INFO    ] Variable 'SWC_F_MDS_17' might be missing from headers of file: /global/home/users/sytoanngo/ONEFlux/data/US-ARc_sample_output/99_fluxnet2015/FLX_US-ARc_FLUXNET2015_FULLSET_WW_2005-2006_beta-5.csv [oneflux.pipeline.common]
2025-06-13 08:05:25.763 [INFO    ] Variable 'SWC_F_MDS_18' might be missing from headers of file: /global/home/users/sytoanngo/ONEFlux/data/US-ARc_sample_output/99_fluxnet2015/FLX_US-ARc_FLUXNET2015_FULLSET_WW_2005-2006_beta-5.csv [oneflux.pipeline.common]
2025-06-13 08:05:25.763 [INFO    ] Variable 'SWC_F_MDS_19' might be missing from headers of file: /global/home/users/sytoanngo/ONEFlux/data/US-ARc_sample_output/99_fluxnet2015/FLX_US-ARc_FLUXNET2015_FULLSET_WW_2005-2006_beta-5.csv [oneflux.pipeline.common]
2025-06-13 08:05:25.763 [INFO    ] Variable 'SWC_F_MDS_2_QC' might be missing from headers of file: /global/home/users/sytoanngo/ONEFlux/data/US-ARc_sample_output/99_fluxnet2015/FLX_US-ARc_FLUXNET2015_FULLSET_WW_2005-2006_beta-5.csv [oneflux.pipeline.common]
2025-06-13 08:05:25.763 [INFO    ] Variable 'SWC_F_MDS_3_QC' might be missing from headers of file: /global/home/users/sytoanngo/ONEFlux/data/US-ARc_sample_output/99_fluxnet2015/FLX_US-ARc_FLUXNET2015_FULLSET_WW_2005-2006_beta-5.csv [oneflux.pipeline.common]
2025-06-13 08:05:25.763 [INFO    ] Variable 'SWC_F_MDS_4_QC' might be missing from headers of file: /global/home/users/sytoanngo/ONEFlux/data/US-ARc_sample_output/99_fluxnet2015/FLX_US-ARc_FLUXNET2015_FULLSET_WW_2005-2006_beta-5.csv [oneflux.pipeline.common]
2025-06-13 08:05:25.763 [INFO    ] Variable 'SWC_F_MDS_5_QC' might be missing from headers of file: /global/home/users/sytoanngo/ONEFlux/data/US-ARc_sample_output/99_fluxnet2015/FLX_US-ARc_FLUXNET2015_FULLSET_WW_2005-2006_beta-5.csv [oneflux.pipeline.common]
2025-06-13 08:05:25.763 [INFO    ] Variable 'SWC_F_MDS_6_QC' might be missing from headers of file: /global/home/users/sytoanngo/ONEFlux/data/US-ARc_sample_output/99_fluxnet2015/FLX_US-ARc_FLUXNET2015_FULLSET_WW_2005-2006_beta-5.csv [oneflux.pipeline.common]
2025-06-13 08:05:25.763 [INFO    ] Variable 'SWC_F_MDS_7_QC' might be missing from headers of file: /global/home/users/sytoanngo/ONEFlux/data/US-ARc_sample_output/99_fluxnet2015/FLX_US-ARc_FLUXNET2015_FULLSET_WW_2005-2006_beta-5.csv [oneflux.pipeline.common]
2025-06-13 08:05:25.764 [INFO    ] Variable 'SWC_F_MDS_8_QC' might be missing from headers of file: /global/home/users/sytoanngo/ONEFlux/data/US-ARc_sample_output/99_fluxnet2015/FLX_US-ARc_FLUXNET2015_FULLSET_WW_2005-2006_beta-5.csv [oneflux.pipeline.common]
2025-06-13 08:05:25.764 [INFO    ] Variable 'SWC_F_MDS_9_QC' might be missing from headers of file: /global/home/users/sytoanngo/ONEFlux/data/US-ARc_sample_output/99_fluxnet2015/FLX_US-ARc_FLUXNET2015_FULLSET_WW_2005-2006_beta-5.csv [oneflux.pipeline.common]
2025-06-13 08:05:25.764 [INFO    ] Variable 'SWC_F_MDS_10_QC' might be missing from headers of file: /global/home/users/sytoanngo/ONEFlux/data/US-ARc_sample_output/99_fluxnet2015/FLX_US-ARc_FLUXNET2015_FULLSET_WW_2005-2006_beta-5.csv [oneflux.pipeline.common]
2025-06-13 08:05:25.764 [INFO    ] Variable 'SWC_F_MDS_11_QC' might be missing from headers of file: /global/home/users/sytoanngo/ONEFlux/data/US-ARc_sample_output/99_fluxnet2015/FLX_US-ARc_FLUXNET2015_FULLSET_WW_2005-2006_beta-5.csv [oneflux.pipeline.common]
2025-06-13 08:05:25.764 [INFO    ] Variable 'SWC_F_MDS_12_QC' might be missing from headers of file: /global/home/users/sytoanngo/ONEFlux/data/US-ARc_sample_output/99_fluxnet2015/FLX_US-ARc_FLUXNET2015_FULLSET_WW_2005-2006_beta-5.csv [oneflux.pipeline.common]
2025-06-13 08:05:25.764 [INFO    ] Variable 'SWC_F_MDS_13_QC' might be missing from headers of file: /global/home/users/sytoanngo/ONEFlux/data/US-ARc_sample_output/99_fluxnet2015/FLX_US-ARc_FLUXNET2015_FULLSET_WW_2005-2006_beta-5.csv [oneflux.pipeline.common]
2025-06-13 08:05:25.764 [INFO    ] Variable 'SWC_F_MDS_14_QC' might be missing from headers of file: /global/home/users/sytoanngo/ONEFlux/data/US-ARc_sample_output/99_fluxnet2015/FLX_US-ARc_FLUXNET2015_FULLSET_WW_2005-2006_beta-5.csv [oneflux.pipeline.common]
2025-06-13 08:05:25.764 [INFO    ] Variable 'SWC_F_MDS_15_QC' might be missing from headers of file: /global/home/users/sytoanngo/ONEFlux/data/US-ARc_sample_output/99_fluxnet2015/FLX_US-ARc_FLUXNET2015_FULLSET_WW_2005-2006_beta-5.csv [oneflux.pipeline.common]
2025-06-13 08:05:25.764 [INFO    ] Variable 'SWC_F_MDS_16_QC' might be missing from headers of file: /global/home/users/sytoanngo/ONEFlux/data/US-ARc_sample_output/99_fluxnet2015/FLX_US-ARc_FLUXNET2015_FULLSET_WW_2005-2006_beta-5.csv [oneflux.pipeline.common]
2025-06-13 08:05:25.764 [INFO    ] Variable 'SWC_F_MDS_17_QC' might be missing from headers of file: /global/home/users/sytoanngo/ONEFlux/data/US-ARc_sample_output/99_fluxnet2015/FLX_US-ARc_FLUXNET2015_FULLSET_WW_2005-2006_beta-5.csv [oneflux.pipeline.common]
2025-06-13 08:05:25.764 [INFO    ] Variable 'SWC_F_MDS_18_QC' might be missing from headers of file: /global/home/users/sytoanngo/ONEFlux/data/US-ARc_sample_output/99_fluxnet2015/FLX_US-ARc_FLUXNET2015_FULLSET_WW_2005-2006_beta-5.csv [oneflux.pipeline.common]
2025-06-13 08:05:25.764 [INFO    ] Variable 'SWC_F_MDS_19_QC' might be missing from headers of file: /global/home/users/sytoanngo/ONEFlux/data/US-ARc_sample_output/99_fluxnet2015/FLX_US-ARc_FLUXNET2015_FULLSET_WW_2005-2006_beta-5.csv [oneflux.pipeline.common]
2025-06-13 08:05:25.764 [INFO    ] Variable 'NEE_CUT_05' might be missing from headers of file: /global/home/users/sytoanngo/ONEFlux/data/US-ARc_sample_output/99_fluxnet2015/FLX_US-ARc_FLUXNET2015_FULLSET_WW_2005-2006_beta-5.csv [oneflux.pipeline.common]
2025-06-13 08:05:25.764 [INFO    ] Variable 'NEE_CUT_16' might be missing from headers of file: /global/home/users/sytoanngo/ONEFlux/data/US-ARc_sample_output/99_fluxnet2015/FLX_US-ARc_FLUXNET2015_FULLSET_WW_2005-2006_beta-5.csv [oneflux.pipeline.common]
2025-06-13 08:05:25.765 [INFO    ] Variable 'NEE_CUT_25' might be missing from headers of file: /global/home/users/sytoanngo/ONEFlux/data/US-ARc_sample_output/99_fluxnet2015/FLX_US-ARc_FLUXNET2015_FULLSET_WW_2005-2006_beta-5.csv [oneflux.pipeline.common]
2025-06-13 08:05:25.765 [INFO    ] Variable 'NEE_CUT_50' might be missing from headers of file: /global/home/users/sytoanngo/ONEFlux/data/US-ARc_sample_output/99_fluxnet2015/FLX_US-ARc_FLUXNET2015_FULLSET_WW_2005-2006_beta-5.csv [oneflux.pipeline.common]
2025-06-13 08:05:25.765 [INFO    ] Variable 'NEE_CUT_75' might be missing from headers of file: /global/home/users/sytoanngo/ONEFlux/data/US-ARc_sample_output/99_fluxnet2015/FLX_US-ARc_FLUXNET2015_FULLSET_WW_2005-2006_beta-5.csv [oneflux.pipeline.common]
2025-06-13 08:05:25.765 [INFO    ] Variable 'NEE_CUT_84' might be missing from headers of file: /global/home/users/sytoanngo/ONEFlux/data/US-ARc_sample_output/99_fluxnet2015/FLX_US-ARc_FLUXNET2015_FULLSET_WW_2005-2006_beta-5.csv [oneflux.pipeline.common]
2025-06-13 08:05:25.765 [INFO    ] Variable 'NEE_CUT_95' might be missing from headers of file: /global/home/users/sytoanngo/ONEFlux/data/US-ARc_sample_output/99_fluxnet2015/FLX_US-ARc_FLUXNET2015_FULLSET_WW_2005-2006_beta-5.csv [oneflux.pipeline.common]
2025-06-13 08:05:25.765 [INFO    ] Variable 'NEE_CUT_05_QC' might be missing from headers of file: /global/home/users/sytoanngo/ONEFlux/data/US-ARc_sample_output/99_fluxnet2015/FLX_US-ARc_FLUXNET2015_FULLSET_WW_2005-2006_beta-5.csv [oneflux.pipeline.common]
2025-06-13 08:05:25.765 [INFO    ] Variable 'NEE_CUT_16_QC' might be missing from headers of file: /global/home/users/sytoanngo/ONEFlux/data/US-ARc_sample_output/99_fluxnet2015/FLX_US-ARc_FLUXNET2015_FULLSET_WW_2005-2006_beta-5.csv [oneflux.pipeline.common]
2025-06-13 08:05:25.765 [INFO    ] Variable 'NEE_CUT_25_QC' might be missing from headers of file: /global/home/users/sytoanngo/ONEFlux/data/US-ARc_sample_output/99_fluxnet2015/FLX_US-ARc_FLUXNET2015_FULLSET_WW_2005-2006_beta-5.csv [oneflux.pipeline.common]
2025-06-13 08:05:25.765 [INFO    ] Variable 'NEE_CUT_50_QC' might be missing from headers of file: /global/home/users/sytoanngo/ONEFlux/data/US-ARc_sample_output/99_fluxnet2015/FLX_US-ARc_FLUXNET2015_FULLSET_WW_2005-2006_beta-5.csv [oneflux.pipeline.common]
2025-06-13 08:05:25.765 [INFO    ] Variable 'NEE_CUT_75_QC' might be missing from headers of file: /global/home/users/sytoanngo/ONEFlux/data/US-ARc_sample_output/99_fluxnet2015/FLX_US-ARc_FLUXNET2015_FULLSET_WW_2005-2006_beta-5.csv [oneflux.pipeline.common]
2025-06-13 08:05:25.765 [INFO    ] Variable 'NEE_CUT_84_QC' might be missing from headers of file: /global/home/users/sytoanngo/ONEFlux/data/US-ARc_sample_output/99_fluxnet2015/FLX_US-ARc_FLUXNET2015_FULLSET_WW_2005-2006_beta-5.csv [oneflux.pipeline.common]
2025-06-13 08:05:25.765 [INFO    ] Variable 'NEE_CUT_95_QC' might be missing from headers of file: /global/home/users/sytoanngo/ONEFlux/data/US-ARc_sample_output/99_fluxnet2015/FLX_US-ARc_FLUXNET2015_FULLSET_WW_2005-2006_beta-5.csv [oneflux.pipeline.common]
2025-06-13 08:05:25.765 [INFO    ] Variable 'RECO_NT_CUT_05' might be missing from headers of file: /global/home/users/sytoanngo/ONEFlux/data/US-ARc_sample_output/99_fluxnet2015/FLX_US-ARc_FLUXNET2015_FULLSET_WW_2005-2006_beta-5.csv [oneflux.pipeline.common]
2025-06-13 08:05:25.766 [INFO    ] Variable 'RECO_NT_CUT_16' might be missing from headers of file: /global/home/users/sytoanngo/ONEFlux/data/US-ARc_sample_output/99_fluxnet2015/FLX_US-ARc_FLUXNET2015_FULLSET_WW_2005-2006_beta-5.csv [oneflux.pipeline.common]
2025-06-13 08:05:25.766 [INFO    ] Variable 'RECO_NT_CUT_25' might be missing from headers of file: /global/home/users/sytoanngo/ONEFlux/data/US-ARc_sample_output/99_fluxnet2015/FLX_US-ARc_FLUXNET2015_FULLSET_WW_2005-2006_beta-5.csv [oneflux.pipeline.common]
2025-06-13 08:05:25.766 [INFO    ] Variable 'RECO_NT_CUT_50' might be missing from headers of file: /global/home/users/sytoanngo/ONEFlux/data/US-ARc_sample_output/99_fluxnet2015/FLX_US-ARc_FLUXNET2015_FULLSET_WW_2005-2006_beta-5.csv [oneflux.pipeline.common]
2025-06-13 08:05:25.766 [INFO    ] Variable 'RECO_NT_CUT_75' might be missing from headers of file: /global/home/users/sytoanngo/ONEFlux/data/US-ARc_sample_output/99_fluxnet2015/FLX_US-ARc_FLUXNET2015_FULLSET_WW_2005-2006_beta-5.csv [oneflux.pipeline.common]
2025-06-13 08:05:25.766 [INFO    ] Variable 'RECO_NT_CUT_84' might be missing from headers of file: /global/home/users/sytoanngo/ONEFlux/data/US-ARc_sample_output/99_fluxnet2015/FLX_US-ARc_FLUXNET2015_FULLSET_WW_2005-2006_beta-5.csv [oneflux.pipeline.common]
2025-06-13 08:05:25.766 [INFO    ] Variable 'RECO_NT_CUT_95' might be missing from headers of file: /global/home/users/sytoanngo/ONEFlux/data/US-ARc_sample_output/99_fluxnet2015/FLX_US-ARc_FLUXNET2015_FULLSET_WW_2005-2006_beta-5.csv [oneflux.pipeline.common]
2025-06-13 08:05:25.766 [INFO    ] Variable 'GPP_NT_CUT_05' might be missing from headers of file: /global/home/users/sytoanngo/ONEFlux/data/US-ARc_sample_output/99_fluxnet2015/FLX_US-ARc_FLUXNET2015_FULLSET_WW_2005-2006_beta-5.csv [oneflux.pipeline.common]
2025-06-13 08:05:25.766 [INFO    ] Variable 'GPP_NT_CUT_16' might be missing from headers of file: /global/home/users/sytoanngo/ONEFlux/data/US-ARc_sample_output/99_fluxnet2015/FLX_US-ARc_FLUXNET2015_FULLSET_WW_2005-2006_beta-5.csv [oneflux.pipeline.common]
2025-06-13 08:05:25.766 [INFO    ] Variable 'GPP_NT_CUT_25' might be missing from headers of file: /global/home/users/sytoanngo/ONEFlux/data/US-ARc_sample_output/99_fluxnet2015/FLX_US-ARc_FLUXNET2015_FULLSET_WW_2005-2006_beta-5.csv [oneflux.pipeline.common]
2025-06-13 08:05:25.766 [INFO    ] Variable 'GPP_NT_CUT_50' might be missing from headers of file: /global/home/users/sytoanngo/ONEFlux/data/US-ARc_sample_output/99_fluxnet2015/FLX_US-ARc_FLUXNET2015_FULLSET_WW_2005-2006_beta-5.csv [oneflux.pipeline.common]
2025-06-13 08:05:25.766 [INFO    ] Variable 'GPP_NT_CUT_75' might be missing from headers of file: /global/home/users/sytoanngo/ONEFlux/data/US-ARc_sample_output/99_fluxnet2015/FLX_US-ARc_FLUXNET2015_FULLSET_WW_2005-2006_beta-5.csv [oneflux.pipeline.common]
2025-06-13 08:05:25.766 [INFO    ] Variable 'GPP_NT_CUT_84' might be missing from headers of file: /global/home/users/sytoanngo/ONEFlux/data/US-ARc_sample_output/99_fluxnet2015/FLX_US-ARc_FLUXNET2015_FULLSET_WW_2005-2006_beta-5.csv [oneflux.pipeline.common]
2025-06-13 08:05:25.766 [INFO    ] Variable 'GPP_NT_CUT_95' might be missing from headers of file: /global/home/users/sytoanngo/ONEFlux/data/US-ARc_sample_output/99_fluxnet2015/FLX_US-ARc_FLUXNET2015_FULLSET_WW_2005-2006_beta-5.csv [oneflux.pipeline.common]
2025-06-13 08:05:25.766 [INFO    ] Variable 'RECO_DT_CUT_05' might be missing from headers of file: /global/home/users/sytoanngo/ONEFlux/data/US-ARc_sample_output/99_fluxnet2015/FLX_US-ARc_FLUXNET2015_FULLSET_WW_2005-2006_beta-5.csv [oneflux.pipeline.common]
2025-06-13 08:05:25.767 [INFO    ] Variable 'RECO_DT_CUT_16' might be missing from headers of file: /global/home/users/sytoanngo/ONEFlux/data/US-ARc_sample_output/99_fluxnet2015/FLX_US-ARc_FLUXNET2015_FULLSET_WW_2005-2006_beta-5.csv [oneflux.pipeline.common]
2025-06-13 08:05:25.767 [INFO    ] Variable 'RECO_DT_CUT_25' might be missing from headers of file: /global/home/users/sytoanngo/ONEFlux/data/US-ARc_sample_output/99_fluxnet2015/FLX_US-ARc_FLUXNET2015_FULLSET_WW_2005-2006_beta-5.csv [oneflux.pipeline.common]
2025-06-13 08:05:25.767 [INFO    ] Variable 'RECO_DT_CUT_50' might be missing from headers of file: /global/home/users/sytoanngo/ONEFlux/data/US-ARc_sample_output/99_fluxnet2015/FLX_US-ARc_FLUXNET2015_FULLSET_WW_2005-2006_beta-5.csv [oneflux.pipeline.common]
2025-06-13 08:05:25.767 [INFO    ] Variable 'RECO_DT_CUT_75' might be missing from headers of file: /global/home/users/sytoanngo/ONEFlux/data/US-ARc_sample_output/99_fluxnet2015/FLX_US-ARc_FLUXNET2015_FULLSET_WW_2005-2006_beta-5.csv [oneflux.pipeline.common]
2025-06-13 08:05:25.767 [INFO    ] Variable 'RECO_DT_CUT_84' might be missing from headers of file: /global/home/users/sytoanngo/ONEFlux/data/US-ARc_sample_output/99_fluxnet2015/FLX_US-ARc_FLUXNET2015_FULLSET_WW_2005-2006_beta-5.csv [oneflux.pipeline.common]
2025-06-13 08:05:25.767 [INFO    ] Variable 'RECO_DT_CUT_95' might be missing from headers of file: /global/home/users/sytoanngo/ONEFlux/data/US-ARc_sample_output/99_fluxnet2015/FLX_US-ARc_FLUXNET2015_FULLSET_WW_2005-2006_beta-5.csv [oneflux.pipeline.common]
2025-06-13 08:05:25.767 [INFO    ] Variable 'GPP_DT_CUT_05' might be missing from headers of file: /global/home/users/sytoanngo/ONEFlux/data/US-ARc_sample_output/99_fluxnet2015/FLX_US-ARc_FLUXNET2015_FULLSET_WW_2005-2006_beta-5.csv [oneflux.pipeline.common]
2025-06-13 08:05:25.767 [INFO    ] Variable 'GPP_DT_CUT_16' might be missing from headers of file: /global/home/users/sytoanngo/ONEFlux/data/US-ARc_sample_output/99_fluxnet2015/FLX_US-ARc_FLUXNET2015_FULLSET_WW_2005-2006_beta-5.csv [oneflux.pipeline.common]
2025-06-13 08:05:25.767 [INFO    ] Variable 'GPP_DT_CUT_25' might be missing from headers of file: /global/home/users/sytoanngo/ONEFlux/data/US-ARc_sample_output/99_fluxnet2015/FLX_US-ARc_FLUXNET2015_FULLSET_WW_2005-2006_beta-5.csv [oneflux.pipeline.common]
2025-06-13 08:05:25.767 [INFO    ] Variable 'GPP_DT_CUT_50' might be missing from headers of file: /global/home/users/sytoanngo/ONEFlux/data/US-ARc_sample_output/99_fluxnet2015/FLX_US-ARc_FLUXNET2015_FULLSET_WW_2005-2006_beta-5.csv [oneflux.pipeline.common]
2025-06-13 08:05:25.767 [INFO    ] Variable 'GPP_DT_CUT_75' might be missing from headers of file: /global/home/users/sytoanngo/ONEFlux/data/US-ARc_sample_output/99_fluxnet2015/FLX_US-ARc_FLUXNET2015_FULLSET_WW_2005-2006_beta-5.csv [oneflux.pipeline.common]
2025-06-13 08:05:25.767 [INFO    ] Variable 'GPP_DT_CUT_84' might be missing from headers of file: /global/home/users/sytoanngo/ONEFlux/data/US-ARc_sample_output/99_fluxnet2015/FLX_US-ARc_FLUXNET2015_FULLSET_WW_2005-2006_beta-5.csv [oneflux.pipeline.common]
2025-06-13 08:05:25.767 [INFO    ] Variable 'GPP_DT_CUT_95' might be missing from headers of file: /global/home/users/sytoanngo/ONEFlux/data/US-ARc_sample_output/99_fluxnet2015/FLX_US-ARc_FLUXNET2015_FULLSET_WW_2005-2006_beta-5.csv [oneflux.pipeline.common]
2025-06-13 08:05:25.768 [INFO    ] Variable 'PPFD_DIF' might be missing from headers of file: /global/home/users/sytoanngo/ONEFlux/data/US-ARc_sample_output/99_fluxnet2015/FLX_US-ARc_FLUXNET2015_FULLSET_WW_2005-2006_beta-5.csv [oneflux.pipeline.common]
2025-06-13 08:05:25.768 [INFO    ] Variable 'PPFD_DIF_QC' might be missing from headers of file: /global/home/users/sytoanngo/ONEFlux/data/US-ARc_sample_output/99_fluxnet2015/FLX_US-ARc_FLUXNET2015_FULLSET_WW_2005-2006_beta-5.csv [oneflux.pipeline.common]
2025-06-13 08:05:25.768 [INFO    ] Variable 'PPFD_OUT' might be missing from headers of file: /global/home/users/sytoanngo/ONEFlux/data/US-ARc_sample_output/99_fluxnet2015/FLX_US-ARc_FLUXNET2015_FULLSET_WW_2005-2006_beta-5.csv [oneflux.pipeline.common]
2025-06-13 08:05:25.768 [INFO    ] Variable 'PPFD_OUT_QC' might be missing from headers of file: /global/home/users/sytoanngo/ONEFlux/data/US-ARc_sample_output/99_fluxnet2015/FLX_US-ARc_FLUXNET2015_FULLSET_WW_2005-2006_beta-5.csv [oneflux.pipeline.common]
2025-06-13 08:05:25.768 [INFO    ] Variable 'SW_DIF' might be missing from headers of file: /global/home/users/sytoanngo/ONEFlux/data/US-ARc_sample_output/99_fluxnet2015/FLX_US-ARc_FLUXNET2015_FULLSET_WW_2005-2006_beta-5.csv [oneflux.pipeline.common]
2025-06-13 08:05:25.768 [INFO    ] Variable 'SW_DIF_QC' might be missing from headers of file: /global/home/users/sytoanngo/ONEFlux/data/US-ARc_sample_output/99_fluxnet2015/FLX_US-ARc_FLUXNET2015_FULLSET_WW_2005-2006_beta-5.csv [oneflux.pipeline.common]
2025-06-13 08:05:25.769 [INFO    ] Variable 'SW_OUT' might be missing from headers of file: /global/home/users/sytoanngo/ONEFlux/data/US-ARc_sample_output/99_fluxnet2015/FLX_US-ARc_FLUXNET2015_FULLSET_WW_2005-2006_beta-5.csv [oneflux.pipeline.common]
2025-06-13 08:05:25.769 [INFO    ] Variable 'SW_OUT_QC' might be missing from headers of file: /global/home/users/sytoanngo/ONEFlux/data/US-ARc_sample_output/99_fluxnet2015/FLX_US-ARc_FLUXNET2015_FULLSET_WW_2005-2006_beta-5.csv [oneflux.pipeline.common]
2025-06-13 08:05:25.769 [INFO    ] Variable 'LW_OUT' might be missing from headers of file: /global/home/users/sytoanngo/ONEFlux/data/US-ARc_sample_output/99_fluxnet2015/FLX_US-ARc_FLUXNET2015_FULLSET_WW_2005-2006_beta-5.csv [oneflux.pipeline.common]
2025-06-13 08:05:25.769 [INFO    ] Variable 'LW_OUT_QC' might be missing from headers of file: /global/home/users/sytoanngo/ONEFlux/data/US-ARc_sample_output/99_fluxnet2015/FLX_US-ARc_FLUXNET2015_FULLSET_WW_2005-2006_beta-5.csv [oneflux.pipeline.common]
2025-06-13 08:05:25.769 [INFO    ] Variable 'PA' might be missing from headers of file: /global/home/users/sytoanngo/ONEFlux/data/US-ARc_sample_output/99_fluxnet2015/FLX_US-ARc_FLUXNET2015_FULLSET_WW_2005-2006_beta-5.csv [oneflux.pipeline.common]
2025-06-13 08:05:25.769 [INFO    ] Variable 'P' might be missing from headers of file: /global/home/users/sytoanngo/ONEFlux/data/US-ARc_sample_output/99_fluxnet2015/FLX_US-ARc_FLUXNET2015_FULLSET_WW_2005-2006_beta-5.csv [oneflux.pipeline.common]
2025-06-13 08:05:25.769 [INFO    ] Variable 'WS' might be missing from headers of file: /global/home/users/sytoanngo/ONEFlux/data/US-ARc_sample_output/99_fluxnet2015/FLX_US-ARc_FLUXNET2015_FULLSET_WW_2005-2006_beta-5.csv [oneflux.pipeline.common]
2025-06-13 08:05:25.769 [INFO    ] Variable 'WD' might be missing from headers of file: /global/home/users/sytoanngo/ONEFlux/data/US-ARc_sample_output/99_fluxnet2015/FLX_US-ARc_FLUXNET2015_FULLSET_WW_2005-2006_beta-5.csv [oneflux.pipeline.common]
2025-06-13 08:05:25.769 [INFO    ] Variable 'RH' might be missing from headers of file: /global/home/users/sytoanngo/ONEFlux/data/US-ARc_sample_output/99_fluxnet2015/FLX_US-ARc_FLUXNET2015_FULLSET_WW_2005-2006_beta-5.csv [oneflux.pipeline.common]
2025-06-13 08:05:25.769 [INFO    ] Variable 'LE_CORR_25' might be missing from headers of file: /global/home/users/sytoanngo/ONEFlux/data/US-ARc_sample_output/99_fluxnet2015/FLX_US-ARc_FLUXNET2015_FULLSET_WW_2005-2006_beta-5.csv [oneflux.pipeline.common]
2025-06-13 08:05:25.769 [INFO    ] Variable 'LE_CORR_75' might be missing from headers of file: /global/home/users/sytoanngo/ONEFlux/data/US-ARc_sample_output/99_fluxnet2015/FLX_US-ARc_FLUXNET2015_FULLSET_WW_2005-2006_beta-5.csv [oneflux.pipeline.common]
2025-06-13 08:05:25.769 [INFO    ] Variable 'LE_RANDUNC_METHOD' might be missing from headers of file: /global/home/users/sytoanngo/ONEFlux/data/US-ARc_sample_output/99_fluxnet2015/FLX_US-ARc_FLUXNET2015_FULLSET_WW_2005-2006_beta-5.csv [oneflux.pipeline.common]
2025-06-13 08:05:25.770 [INFO    ] Variable 'LE_RANDUNC_N' might be missing from headers of file: /global/home/users/sytoanngo/ONEFlux/data/US-ARc_sample_output/99_fluxnet2015/FLX_US-ARc_FLUXNET2015_FULLSET_WW_2005-2006_beta-5.csv [oneflux.pipeline.common]
2025-06-13 08:05:25.770 [INFO    ] Variable 'LE_CORR_JOINTUNC' might be missing from headers of file: /global/home/users/sytoanngo/ONEFlux/data/US-ARc_sample_output/99_fluxnet2015/FLX_US-ARc_FLUXNET2015_FULLSET_WW_2005-2006_beta-5.csv [oneflux.pipeline.common]
2025-06-13 08:05:25.770 [INFO    ] Variable 'H_CORR_25' might be missing from headers of file: /global/home/users/sytoanngo/ONEFlux/data/US-ARc_sample_output/99_fluxnet2015/FLX_US-ARc_FLUXNET2015_FULLSET_WW_2005-2006_beta-5.csv [oneflux.pipeline.common]
2025-06-13 08:05:25.770 [INFO    ] Variable 'H_CORR_75' might be missing from headers of file: /global/home/users/sytoanngo/ONEFlux/data/US-ARc_sample_output/99_fluxnet2015/FLX_US-ARc_FLUXNET2015_FULLSET_WW_2005-2006_beta-5.csv [oneflux.pipeline.common]
2025-06-13 08:05:25.770 [INFO    ] Variable 'H_RANDUNC_METHOD' might be missing from headers of file: /global/home/users/sytoanngo/ONEFlux/data/US-ARc_sample_output/99_fluxnet2015/FLX_US-ARc_FLUXNET2015_FULLSET_WW_2005-2006_beta-5.csv [oneflux.pipeline.common]
2025-06-13 08:05:25.770 [INFO    ] Variable 'H_RANDUNC_N' might be missing from headers of file: /global/home/users/sytoanngo/ONEFlux/data/US-ARc_sample_output/99_fluxnet2015/FLX_US-ARc_FLUXNET2015_FULLSET_WW_2005-2006_beta-5.csv [oneflux.pipeline.common]
2025-06-13 08:05:25.770 [INFO    ] Variable 'H_CORR_JOINTUNC' might be missing from headers of file: /global/home/users/sytoanngo/ONEFlux/data/US-ARc_sample_output/99_fluxnet2015/FLX_US-ARc_FLUXNET2015_FULLSET_WW_2005-2006_beta-5.csv [oneflux.pipeline.common]
2025-06-13 08:05:25.770 [INFO    ] Variable 'NEE_CUT_REF' might be missing from headers of file: /global/home/users/sytoanngo/ONEFlux/data/US-ARc_sample_output/99_fluxnet2015/FLX_US-ARc_FLUXNET2015_FULLSET_WW_2005-2006_beta-5.csv [oneflux.pipeline.common]
2025-06-13 08:05:25.770 [INFO    ] Variable 'NEE_CUT_REF_QC' might be missing from headers of file: /global/home/users/sytoanngo/ONEFlux/data/US-ARc_sample_output/99_fluxnet2015/FLX_US-ARc_FLUXNET2015_FULLSET_WW_2005-2006_beta-5.csv [oneflux.pipeline.common]
2025-06-13 08:05:25.770 [INFO    ] Variable 'NEE_CUT_REF_RANDUNC' might be missing from headers of file: /global/home/users/sytoanngo/ONEFlux/data/US-ARc_sample_output/99_fluxnet2015/FLX_US-ARc_FLUXNET2015_FULLSET_WW_2005-2006_beta-5.csv [oneflux.pipeline.common]
2025-06-13 08:05:25.770 [INFO    ] Variable 'RECO_NT_CUT_REF' might be missing from headers of file: /global/home/users/sytoanngo/ONEFlux/data/US-ARc_sample_output/99_fluxnet2015/FLX_US-ARc_FLUXNET2015_FULLSET_WW_2005-2006_beta-5.csv [oneflux.pipeline.common]
2025-06-13 08:05:25.770 [INFO    ] Variable 'GPP_NT_CUT_REF' might be missing from headers of file: /global/home/users/sytoanngo/ONEFlux/data/US-ARc_sample_output/99_fluxnet2015/FLX_US-ARc_FLUXNET2015_FULLSET_WW_2005-2006_beta-5.csv [oneflux.pipeline.common]
2025-06-13 08:05:25.770 [INFO    ] Variable 'RECO_DT_CUT_REF' might be missing from headers of file: /global/home/users/sytoanngo/ONEFlux/data/US-ARc_sample_output/99_fluxnet2015/FLX_US-ARc_FLUXNET2015_FULLSET_WW_2005-2006_beta-5.csv [oneflux.pipeline.common]
2025-06-13 08:05:25.771 [INFO    ] Variable 'GPP_DT_CUT_REF' might be missing from headers of file: /global/home/users/sytoanngo/ONEFlux/data/US-ARc_sample_output/99_fluxnet2015/FLX_US-ARc_FLUXNET2015_FULLSET_WW_2005-2006_beta-5.csv [oneflux.pipeline.common]
2025-06-13 08:05:25.771 [INFO    ] Variable 'TS_F_MDS_2' might be missing from headers of file: /global/home/users/sytoanngo/ONEFlux/data/US-ARc_sample_output/99_fluxnet2015/FLX_US-ARc_FLUXNET2015_FULLSET_WW_2005-2006_beta-5.csv [oneflux.pipeline.common]
2025-06-13 08:05:25.771 [INFO    ] Variable 'TS_F_MDS_3' might be missing from headers of file: /global/home/users/sytoanngo/ONEFlux/data/US-ARc_sample_output/99_fluxnet2015/FLX_US-ARc_FLUXNET2015_FULLSET_WW_2005-2006_beta-5.csv [oneflux.pipeline.common]
2025-06-13 08:05:25.771 [INFO    ] Variable 'TS_F_MDS_4' might be missing from headers of file: /global/home/users/sytoanngo/ONEFlux/data/US-ARc_sample_output/99_fluxnet2015/FLX_US-ARc_FLUXNET2015_FULLSET_WW_2005-2006_beta-5.csv [oneflux.pipeline.common]
2025-06-13 08:05:25.771 [INFO    ] Variable 'TS_F_MDS_5' might be missing from headers of file: /global/home/users/sytoanngo/ONEFlux/data/US-ARc_sample_output/99_fluxnet2015/FLX_US-ARc_FLUXNET2015_FULLSET_WW_2005-2006_beta-5.csv [oneflux.pipeline.common]
2025-06-13 08:05:25.771 [INFO    ] Variable 'TS_F_MDS_6' might be missing from headers of file: /global/home/users/sytoanngo/ONEFlux/data/US-ARc_sample_output/99_fluxnet2015/FLX_US-ARc_FLUXNET2015_FULLSET_WW_2005-2006_beta-5.csv [oneflux.pipeline.common]
2025-06-13 08:05:25.771 [INFO    ] Variable 'TS_F_MDS_7' might be missing from headers of file: /global/home/users/sytoanngo/ONEFlux/data/US-ARc_sample_output/99_fluxnet2015/FLX_US-ARc_FLUXNET2015_FULLSET_WW_2005-2006_beta-5.csv [oneflux.pipeline.common]
2025-06-13 08:05:25.771 [INFO    ] Variable 'TS_F_MDS_8' might be missing from headers of file: /global/home/users/sytoanngo/ONEFlux/data/US-ARc_sample_output/99_fluxnet2015/FLX_US-ARc_FLUXNET2015_FULLSET_WW_2005-2006_beta-5.csv [oneflux.pipeline.common]
2025-06-13 08:05:25.771 [INFO    ] Variable 'TS_F_MDS_9' might be missing from headers of file: /global/home/users/sytoanngo/ONEFlux/data/US-ARc_sample_output/99_fluxnet2015/FLX_US-ARc_FLUXNET2015_FULLSET_WW_2005-2006_beta-5.csv [oneflux.pipeline.common]
2025-06-13 08:05:25.771 [INFO    ] Variable 'TS_F_MDS_10' might be missing from headers of file: /global/home/users/sytoanngo/ONEFlux/data/US-ARc_sample_output/99_fluxnet2015/FLX_US-ARc_FLUXNET2015_FULLSET_WW_2005-2006_beta-5.csv [oneflux.pipeline.common]
2025-06-13 08:05:25.771 [INFO    ] Variable 'TS_F_MDS_11' might be missing from headers of file: /global/home/users/sytoanngo/ONEFlux/data/US-ARc_sample_output/99_fluxnet2015/FLX_US-ARc_FLUXNET2015_FULLSET_WW_2005-2006_beta-5.csv [oneflux.pipeline.common]
2025-06-13 08:05:25.772 [INFO    ] Variable 'TS_F_MDS_12' might be missing from headers of file: /global/home/users/sytoanngo/ONEFlux/data/US-ARc_sample_output/99_fluxnet2015/FLX_US-ARc_FLUXNET2015_FULLSET_WW_2005-2006_beta-5.csv [oneflux.pipeline.common]
2025-06-13 08:05:25.772 [INFO    ] Variable 'TS_F_MDS_13' might be missing from headers of file: /global/home/users/sytoanngo/ONEFlux/data/US-ARc_sample_output/99_fluxnet2015/FLX_US-ARc_FLUXNET2015_FULLSET_WW_2005-2006_beta-5.csv [oneflux.pipeline.common]
2025-06-13 08:05:25.772 [INFO    ] Variable 'TS_F_MDS_14' might be missing from headers of file: /global/home/users/sytoanngo/ONEFlux/data/US-ARc_sample_output/99_fluxnet2015/FLX_US-ARc_FLUXNET2015_FULLSET_WW_2005-2006_beta-5.csv [oneflux.pipeline.common]
2025-06-13 08:05:25.772 [INFO    ] Variable 'TS_F_MDS_15' might be missing from headers of file: /global/home/users/sytoanngo/ONEFlux/data/US-ARc_sample_output/99_fluxnet2015/FLX_US-ARc_FLUXNET2015_FULLSET_WW_2005-2006_beta-5.csv [oneflux.pipeline.common]
2025-06-13 08:05:25.772 [INFO    ] Variable 'TS_F_MDS_16' might be missing from headers of file: /global/home/users/sytoanngo/ONEFlux/data/US-ARc_sample_output/99_fluxnet2015/FLX_US-ARc_FLUXNET2015_FULLSET_WW_2005-2006_beta-5.csv [oneflux.pipeline.common]
2025-06-13 08:05:25.772 [INFO    ] Variable 'TS_F_MDS_17' might be missing from headers of file: /global/home/users/sytoanngo/ONEFlux/data/US-ARc_sample_output/99_fluxnet2015/FLX_US-ARc_FLUXNET2015_FULLSET_WW_2005-2006_beta-5.csv [oneflux.pipeline.common]
2025-06-13 08:05:25.772 [INFO    ] Variable 'TS_F_MDS_18' might be missing from headers of file: /global/home/users/sytoanngo/ONEFlux/data/US-ARc_sample_output/99_fluxnet2015/FLX_US-ARc_FLUXNET2015_FULLSET_WW_2005-2006_beta-5.csv [oneflux.pipeline.common]
2025-06-13 08:05:25.772 [INFO    ] Variable 'TS_F_MDS_19' might be missing from headers of file: /global/home/users/sytoanngo/ONEFlux/data/US-ARc_sample_output/99_fluxnet2015/FLX_US-ARc_FLUXNET2015_FULLSET_WW_2005-2006_beta-5.csv [oneflux.pipeline.common]
2025-06-13 08:05:25.772 [INFO    ] Variable 'TS_F_MDS_2_QC' might be missing from headers of file: /global/home/users/sytoanngo/ONEFlux/data/US-ARc_sample_output/99_fluxnet2015/FLX_US-ARc_FLUXNET2015_FULLSET_WW_2005-2006_beta-5.csv [oneflux.pipeline.common]
2025-06-13 08:05:25.772 [INFO    ] Variable 'TS_F_MDS_3_QC' might be missing from headers of file: /global/home/users/sytoanngo/ONEFlux/data/US-ARc_sample_output/99_fluxnet2015/FLX_US-ARc_FLUXNET2015_FULLSET_WW_2005-2006_beta-5.csv [oneflux.pipeline.common]
2025-06-13 08:05:25.772 [INFO    ] Variable 'TS_F_MDS_4_QC' might be missing from headers of file: /global/home/users/sytoanngo/ONEFlux/data/US-ARc_sample_output/99_fluxnet2015/FLX_US-ARc_FLUXNET2015_FULLSET_WW_2005-2006_beta-5.csv [oneflux.pipeline.common]
2025-06-13 08:05:25.772 [INFO    ] Variable 'TS_F_MDS_5_QC' might be missing from headers of file: /global/home/users/sytoanngo/ONEFlux/data/US-ARc_sample_output/99_fluxnet2015/FLX_US-ARc_FLUXNET2015_FULLSET_WW_2005-2006_beta-5.csv [oneflux.pipeline.common]
2025-06-13 08:05:25.773 [INFO    ] Variable 'TS_F_MDS_6_QC' might be missing from headers of file: /global/home/users/sytoanngo/ONEFlux/data/US-ARc_sample_output/99_fluxnet2015/FLX_US-ARc_FLUXNET2015_FULLSET_WW_2005-2006_beta-5.csv [oneflux.pipeline.common]
2025-06-13 08:05:25.773 [INFO    ] Variable 'TS_F_MDS_7_QC' might be missing from headers of file: /global/home/users/sytoanngo/ONEFlux/data/US-ARc_sample_output/99_fluxnet2015/FLX_US-ARc_FLUXNET2015_FULLSET_WW_2005-2006_beta-5.csv [oneflux.pipeline.common]
2025-06-13 08:05:25.773 [INFO    ] Variable 'TS_F_MDS_8_QC' might be missing from headers of file: /global/home/users/sytoanngo/ONEFlux/data/US-ARc_sample_output/99_fluxnet2015/FLX_US-ARc_FLUXNET2015_FULLSET_WW_2005-2006_beta-5.csv [oneflux.pipeline.common]
2025-06-13 08:05:25.773 [INFO    ] Variable 'TS_F_MDS_9_QC' might be missing from headers of file: /global/home/users/sytoanngo/ONEFlux/data/US-ARc_sample_output/99_fluxnet2015/FLX_US-ARc_FLUXNET2015_FULLSET_WW_2005-2006_beta-5.csv [oneflux.pipeline.common]
2025-06-13 08:05:25.773 [INFO    ] Variable 'TS_F_MDS_10_QC' might be missing from headers of file: /global/home/users/sytoanngo/ONEFlux/data/US-ARc_sample_output/99_fluxnet2015/FLX_US-ARc_FLUXNET2015_FULLSET_WW_2005-2006_beta-5.csv [oneflux.pipeline.common]
2025-06-13 08:05:25.773 [INFO    ] Variable 'TS_F_MDS_11_QC' might be missing from headers of file: /global/home/users/sytoanngo/ONEFlux/data/US-ARc_sample_output/99_fluxnet2015/FLX_US-ARc_FLUXNET2015_FULLSET_WW_2005-2006_beta-5.csv [oneflux.pipeline.common]
2025-06-13 08:05:25.773 [INFO    ] Variable 'TS_F_MDS_12_QC' might be missing from headers of file: /global/home/users/sytoanngo/ONEFlux/data/US-ARc_sample_output/99_fluxnet2015/FLX_US-ARc_FLUXNET2015_FULLSET_WW_2005-2006_beta-5.csv [oneflux.pipeline.common]
2025-06-13 08:05:25.773 [INFO    ] Variable 'TS_F_MDS_13_QC' might be missing from headers of file: /global/home/users/sytoanngo/ONEFlux/data/US-ARc_sample_output/99_fluxnet2015/FLX_US-ARc_FLUXNET2015_FULLSET_WW_2005-2006_beta-5.csv [oneflux.pipeline.common]
2025-06-13 08:05:25.773 [INFO    ] Variable 'TS_F_MDS_14_QC' might be missing from headers of file: /global/home/users/sytoanngo/ONEFlux/data/US-ARc_sample_output/99_fluxnet2015/FLX_US-ARc_FLUXNET2015_FULLSET_WW_2005-2006_beta-5.csv [oneflux.pipeline.common]
2025-06-13 08:05:25.773 [INFO    ] Variable 'TS_F_MDS_15_QC' might be missing from headers of file: /global/home/users/sytoanngo/ONEFlux/data/US-ARc_sample_output/99_fluxnet2015/FLX_US-ARc_FLUXNET2015_FULLSET_WW_2005-2006_beta-5.csv [oneflux.pipeline.common]
2025-06-13 08:05:25.773 [INFO    ] Variable 'TS_F_MDS_16_QC' might be missing from headers of file: /global/home/users/sytoanngo/ONEFlux/data/US-ARc_sample_output/99_fluxnet2015/FLX_US-ARc_FLUXNET2015_FULLSET_WW_2005-2006_beta-5.csv [oneflux.pipeline.common]
2025-06-13 08:05:25.773 [INFO    ] Variable 'TS_F_MDS_17_QC' might be missing from headers of file: /global/home/users/sytoanngo/ONEFlux/data/US-ARc_sample_output/99_fluxnet2015/FLX_US-ARc_FLUXNET2015_FULLSET_WW_2005-2006_beta-5.csv [oneflux.pipeline.common]
2025-06-13 08:05:25.773 [INFO    ] Variable 'TS_F_MDS_18_QC' might be missing from headers of file: /global/home/users/sytoanngo/ONEFlux/data/US-ARc_sample_output/99_fluxnet2015/FLX_US-ARc_FLUXNET2015_FULLSET_WW_2005-2006_beta-5.csv [oneflux.pipeline.common]
2025-06-13 08:05:25.774 [INFO    ] Variable 'TS_F_MDS_19_QC' might be missing from headers of file: /global/home/users/sytoanngo/ONEFlux/data/US-ARc_sample_output/99_fluxnet2015/FLX_US-ARc_FLUXNET2015_FULLSET_WW_2005-2006_beta-5.csv [oneflux.pipeline.common]
2025-06-13 08:05:25.774 [INFO    ] Variable 'SWC_F_MDS_2' might be missing from headers of file: /global/home/users/sytoanngo/ONEFlux/data/US-ARc_sample_output/99_fluxnet2015/FLX_US-ARc_FLUXNET2015_FULLSET_WW_2005-2006_beta-5.csv [oneflux.pipeline.common]
2025-06-13 08:05:25.774 [INFO    ] Variable 'SWC_F_MDS_3' might be missing from headers of file: /global/home/users/sytoanngo/ONEFlux/data/US-ARc_sample_output/99_fluxnet2015/FLX_US-ARc_FLUXNET2015_FULLSET_WW_2005-2006_beta-5.csv [oneflux.pipeline.common]
2025-06-13 08:05:25.774 [INFO    ] Variable 'SWC_F_MDS_4' might be missing from headers of file: /global/home/users/sytoanngo/ONEFlux/data/US-ARc_sample_output/99_fluxnet2015/FLX_US-ARc_FLUXNET2015_FULLSET_WW_2005-2006_beta-5.csv [oneflux.pipeline.common]
2025-06-13 08:05:25.774 [INFO    ] Variable 'SWC_F_MDS_5' might be missing from headers of file: /global/home/users/sytoanngo/ONEFlux/data/US-ARc_sample_output/99_fluxnet2015/FLX_US-ARc_FLUXNET2015_FULLSET_WW_2005-2006_beta-5.csv [oneflux.pipeline.common]
2025-06-13 08:05:25.774 [INFO    ] Variable 'SWC_F_MDS_6' might be missing from headers of file: /global/home/users/sytoanngo/ONEFlux/data/US-ARc_sample_output/99_fluxnet2015/FLX_US-ARc_FLUXNET2015_FULLSET_WW_2005-2006_beta-5.csv [oneflux.pipeline.common]
2025-06-13 08:05:25.774 [INFO    ] Variable 'SWC_F_MDS_7' might be missing from headers of file: /global/home/users/sytoanngo/ONEFlux/data/US-ARc_sample_output/99_fluxnet2015/FLX_US-ARc_FLUXNET2015_FULLSET_WW_2005-2006_beta-5.csv [oneflux.pipeline.common]
2025-06-13 08:05:25.774 [INFO    ] Variable 'SWC_F_MDS_8' might be missing from headers of file: /global/home/users/sytoanngo/ONEFlux/data/US-ARc_sample_output/99_fluxnet2015/FLX_US-ARc_FLUXNET2015_FULLSET_WW_2005-2006_beta-5.csv [oneflux.pipeline.common]
2025-06-13 08:05:25.774 [INFO    ] Variable 'SWC_F_MDS_9' might be missing from headers of file: /global/home/users/sytoanngo/ONEFlux/data/US-ARc_sample_output/99_fluxnet2015/FLX_US-ARc_FLUXNET2015_FULLSET_WW_2005-2006_beta-5.csv [oneflux.pipeline.common]
2025-06-13 08:05:25.774 [INFO    ] Variable 'SWC_F_MDS_10' might be missing from headers of file: /global/home/users/sytoanngo/ONEFlux/data/US-ARc_sample_output/99_fluxnet2015/FLX_US-ARc_FLUXNET2015_FULLSET_WW_2005-2006_beta-5.csv [oneflux.pipeline.common]
2025-06-13 08:05:25.774 [INFO    ] Variable 'SWC_F_MDS_11' might be missing from headers of file: /global/home/users/sytoanngo/ONEFlux/data/US-ARc_sample_output/99_fluxnet2015/FLX_US-ARc_FLUXNET2015_FULLSET_WW_2005-2006_beta-5.csv [oneflux.pipeline.common]
2025-06-13 08:05:25.774 [INFO    ] Variable 'SWC_F_MDS_12' might be missing from headers of file: /global/home/users/sytoanngo/ONEFlux/data/US-ARc_sample_output/99_fluxnet2015/FLX_US-ARc_FLUXNET2015_FULLSET_WW_2005-2006_beta-5.csv [oneflux.pipeline.common]
2025-06-13 08:05:25.775 [INFO    ] Variable 'SWC_F_MDS_13' might be missing from headers of file: /global/home/users/sytoanngo/ONEFlux/data/US-ARc_sample_output/99_fluxnet2015/FLX_US-ARc_FLUXNET2015_FULLSET_WW_2005-2006_beta-5.csv [oneflux.pipeline.common]
2025-06-13 08:05:25.775 [INFO    ] Variable 'SWC_F_MDS_14' might be missing from headers of file: /global/home/users/sytoanngo/ONEFlux/data/US-ARc_sample_output/99_fluxnet2015/FLX_US-ARc_FLUXNET2015_FULLSET_WW_2005-2006_beta-5.csv [oneflux.pipeline.common]
2025-06-13 08:05:25.775 [INFO    ] Variable 'SWC_F_MDS_15' might be missing from headers of file: /global/home/users/sytoanngo/ONEFlux/data/US-ARc_sample_output/99_fluxnet2015/FLX_US-ARc_FLUXNET2015_FULLSET_WW_2005-2006_beta-5.csv [oneflux.pipeline.common]
2025-06-13 08:05:25.775 [INFO    ] Variable 'SWC_F_MDS_16' might be missing from headers of file: /global/home/users/sytoanngo/ONEFlux/data/US-ARc_sample_output/99_fluxnet2015/FLX_US-ARc_FLUXNET2015_FULLSET_WW_2005-2006_beta-5.csv [oneflux.pipeline.common]
2025-06-13 08:05:25.775 [INFO    ] Variable 'SWC_F_MDS_17' might be missing from headers of file: /global/home/users/sytoanngo/ONEFlux/data/US-ARc_sample_output/99_fluxnet2015/FLX_US-ARc_FLUXNET2015_FULLSET_WW_2005-2006_beta-5.csv [oneflux.pipeline.common]
2025-06-13 08:05:25.775 [INFO    ] Variable 'SWC_F_MDS_18' might be missing from headers of file: /global/home/users/sytoanngo/ONEFlux/data/US-ARc_sample_output/99_fluxnet2015/FLX_US-ARc_FLUXNET2015_FULLSET_WW_2005-2006_beta-5.csv [oneflux.pipeline.common]
2025-06-13 08:05:25.775 [INFO    ] Variable 'SWC_F_MDS_19' might be missing from headers of file: /global/home/users/sytoanngo/ONEFlux/data/US-ARc_sample_output/99_fluxnet2015/FLX_US-ARc_FLUXNET2015_FULLSET_WW_2005-2006_beta-5.csv [oneflux.pipeline.common]
2025-06-13 08:05:25.775 [INFO    ] Variable 'SWC_F_MDS_2_QC' might be missing from headers of file: /global/home/users/sytoanngo/ONEFlux/data/US-ARc_sample_output/99_fluxnet2015/FLX_US-ARc_FLUXNET2015_FULLSET_WW_2005-2006_beta-5.csv [oneflux.pipeline.common]
2025-06-13 08:05:25.775 [INFO    ] Variable 'SWC_F_MDS_3_QC' might be missing from headers of file: /global/home/users/sytoanngo/ONEFlux/data/US-ARc_sample_output/99_fluxnet2015/FLX_US-ARc_FLUXNET2015_FULLSET_WW_2005-2006_beta-5.csv [oneflux.pipeline.common]
2025-06-13 08:05:25.775 [INFO    ] Variable 'SWC_F_MDS_4_QC' might be missing from headers of file: /global/home/users/sytoanngo/ONEFlux/data/US-ARc_sample_output/99_fluxnet2015/FLX_US-ARc_FLUXNET2015_FULLSET_WW_2005-2006_beta-5.csv [oneflux.pipeline.common]
2025-06-13 08:05:25.775 [INFO    ] Variable 'SWC_F_MDS_5_QC' might be missing from headers of file: /global/home/users/sytoanngo/ONEFlux/data/US-ARc_sample_output/99_fluxnet2015/FLX_US-ARc_FLUXNET2015_FULLSET_WW_2005-2006_beta-5.csv [oneflux.pipeline.common]
2025-06-13 08:05:25.775 [INFO    ] Variable 'SWC_F_MDS_6_QC' might be missing from headers of file: /global/home/users/sytoanngo/ONEFlux/data/US-ARc_sample_output/99_fluxnet2015/FLX_US-ARc_FLUXNET2015_FULLSET_WW_2005-2006_beta-5.csv [oneflux.pipeline.common]
2025-06-13 08:05:25.776 [INFO    ] Variable 'SWC_F_MDS_7_QC' might be missing from headers of file: /global/home/users/sytoanngo/ONEFlux/data/US-ARc_sample_output/99_fluxnet2015/FLX_US-ARc_FLUXNET2015_FULLSET_WW_2005-2006_beta-5.csv [oneflux.pipeline.common]
2025-06-13 08:05:25.776 [INFO    ] Variable 'SWC_F_MDS_8_QC' might be missing from headers of file: /global/home/users/sytoanngo/ONEFlux/data/US-ARc_sample_output/99_fluxnet2015/FLX_US-ARc_FLUXNET2015_FULLSET_WW_2005-2006_beta-5.csv [oneflux.pipeline.common]
2025-06-13 08:05:25.776 [INFO    ] Variable 'SWC_F_MDS_9_QC' might be missing from headers of file: /global/home/users/sytoanngo/ONEFlux/data/US-ARc_sample_output/99_fluxnet2015/FLX_US-ARc_FLUXNET2015_FULLSET_WW_2005-2006_beta-5.csv [oneflux.pipeline.common]
2025-06-13 08:05:25.776 [INFO    ] Variable 'SWC_F_MDS_10_QC' might be missing from headers of file: /global/home/users/sytoanngo/ONEFlux/data/US-ARc_sample_output/99_fluxnet2015/FLX_US-ARc_FLUXNET2015_FULLSET_WW_2005-2006_beta-5.csv [oneflux.pipeline.common]
2025-06-13 08:05:25.776 [INFO    ] Variable 'SWC_F_MDS_11_QC' might be missing from headers of file: /global/home/users/sytoanngo/ONEFlux/data/US-ARc_sample_output/99_fluxnet2015/FLX_US-ARc_FLUXNET2015_FULLSET_WW_2005-2006_beta-5.csv [oneflux.pipeline.common]
2025-06-13 08:05:25.776 [INFO    ] Variable 'SWC_F_MDS_12_QC' might be missing from headers of file: /global/home/users/sytoanngo/ONEFlux/data/US-ARc_sample_output/99_fluxnet2015/FLX_US-ARc_FLUXNET2015_FULLSET_WW_2005-2006_beta-5.csv [oneflux.pipeline.common]
2025-06-13 08:05:25.776 [INFO    ] Variable 'SWC_F_MDS_13_QC' might be missing from headers of file: /global/home/users/sytoanngo/ONEFlux/data/US-ARc_sample_output/99_fluxnet2015/FLX_US-ARc_FLUXNET2015_FULLSET_WW_2005-2006_beta-5.csv [oneflux.pipeline.common]
2025-06-13 08:05:25.776 [INFO    ] Variable 'SWC_F_MDS_14_QC' might be missing from headers of file: /global/home/users/sytoanngo/ONEFlux/data/US-ARc_sample_output/99_fluxnet2015/FLX_US-ARc_FLUXNET2015_FULLSET_WW_2005-2006_beta-5.csv [oneflux.pipeline.common]
2025-06-13 08:05:25.776 [INFO    ] Variable 'SWC_F_MDS_15_QC' might be missing from headers of file: /global/home/users/sytoanngo/ONEFlux/data/US-ARc_sample_output/99_fluxnet2015/FLX_US-ARc_FLUXNET2015_FULLSET_WW_2005-2006_beta-5.csv [oneflux.pipeline.common]
2025-06-13 08:05:25.776 [INFO    ] Variable 'SWC_F_MDS_16_QC' might be missing from headers of file: /global/home/users/sytoanngo/ONEFlux/data/US-ARc_sample_output/99_fluxnet2015/FLX_US-ARc_FLUXNET2015_FULLSET_WW_2005-2006_beta-5.csv [oneflux.pipeline.common]
2025-06-13 08:05:25.776 [INFO    ] Variable 'SWC_F_MDS_17_QC' might be missing from headers of file: /global/home/users/sytoanngo/ONEFlux/data/US-ARc_sample_output/99_fluxnet2015/FLX_US-ARc_FLUXNET2015_FULLSET_WW_2005-2006_beta-5.csv [oneflux.pipeline.common]
2025-06-13 08:05:25.776 [INFO    ] Variable 'SWC_F_MDS_18_QC' might be missing from headers of file: /global/home/users/sytoanngo/ONEFlux/data/US-ARc_sample_output/99_fluxnet2015/FLX_US-ARc_FLUXNET2015_FULLSET_WW_2005-2006_beta-5.csv [oneflux.pipeline.common]
2025-06-13 08:05:25.777 [INFO    ] Variable 'SWC_F_MDS_19_QC' might be missing from headers of file: /global/home/users/sytoanngo/ONEFlux/data/US-ARc_sample_output/99_fluxnet2015/FLX_US-ARc_FLUXNET2015_FULLSET_WW_2005-2006_beta-5.csv [oneflux.pipeline.common]
2025-06-13 08:05:25.777 [INFO    ] Variable 'NEE_CUT_05' might be missing from headers of file: /global/home/users/sytoanngo/ONEFlux/data/US-ARc_sample_output/99_fluxnet2015/FLX_US-ARc_FLUXNET2015_FULLSET_WW_2005-2006_beta-5.csv [oneflux.pipeline.common]
2025-06-13 08:05:25.777 [INFO    ] Variable 'NEE_CUT_16' might be missing from headers of file: /global/home/users/sytoanngo/ONEFlux/data/US-ARc_sample_output/99_fluxnet2015/FLX_US-ARc_FLUXNET2015_FULLSET_WW_2005-2006_beta-5.csv [oneflux.pipeline.common]
2025-06-13 08:05:25.777 [INFO    ] Variable 'NEE_CUT_25' might be missing from headers of file: /global/home/users/sytoanngo/ONEFlux/data/US-ARc_sample_output/99_fluxnet2015/FLX_US-ARc_FLUXNET2015_FULLSET_WW_2005-2006_beta-5.csv [oneflux.pipeline.common]
2025-06-13 08:05:25.777 [INFO    ] Variable 'NEE_CUT_50' might be missing from headers of file: /global/home/users/sytoanngo/ONEFlux/data/US-ARc_sample_output/99_fluxnet2015/FLX_US-ARc_FLUXNET2015_FULLSET_WW_2005-2006_beta-5.csv [oneflux.pipeline.common]
2025-06-13 08:05:25.777 [INFO    ] Variable 'NEE_CUT_75' might be missing from headers of file: /global/home/users/sytoanngo/ONEFlux/data/US-ARc_sample_output/99_fluxnet2015/FLX_US-ARc_FLUXNET2015_FULLSET_WW_2005-2006_beta-5.csv [oneflux.pipeline.common]
2025-06-13 08:05:25.777 [INFO    ] Variable 'NEE_CUT_84' might be missing from headers of file: /global/home/users/sytoanngo/ONEFlux/data/US-ARc_sample_output/99_fluxnet2015/FLX_US-ARc_FLUXNET2015_FULLSET_WW_2005-2006_beta-5.csv [oneflux.pipeline.common]
2025-06-13 08:05:25.777 [INFO    ] Variable 'NEE_CUT_95' might be missing from headers of file: /global/home/users/sytoanngo/ONEFlux/data/US-ARc_sample_output/99_fluxnet2015/FLX_US-ARc_FLUXNET2015_FULLSET_WW_2005-2006_beta-5.csv [oneflux.pipeline.common]
2025-06-13 08:05:25.777 [INFO    ] Variable 'NEE_CUT_05_QC' might be missing from headers of file: /global/home/users/sytoanngo/ONEFlux/data/US-ARc_sample_output/99_fluxnet2015/FLX_US-ARc_FLUXNET2015_FULLSET_WW_2005-2006_beta-5.csv [oneflux.pipeline.common]
2025-06-13 08:05:25.777 [INFO    ] Variable 'NEE_CUT_16_QC' might be missing from headers of file: /global/home/users/sytoanngo/ONEFlux/data/US-ARc_sample_output/99_fluxnet2015/FLX_US-ARc_FLUXNET2015_FULLSET_WW_2005-2006_beta-5.csv [oneflux.pipeline.common]
2025-06-13 08:05:25.777 [INFO    ] Variable 'NEE_CUT_25_QC' might be missing from headers of file: /global/home/users/sytoanngo/ONEFlux/data/US-ARc_sample_output/99_fluxnet2015/FLX_US-ARc_FLUXNET2015_FULLSET_WW_2005-2006_beta-5.csv [oneflux.pipeline.common]
2025-06-13 08:05:25.777 [INFO    ] Variable 'NEE_CUT_50_QC' might be missing from headers of file: /global/home/users/sytoanngo/ONEFlux/data/US-ARc_sample_output/99_fluxnet2015/FLX_US-ARc_FLUXNET2015_FULLSET_WW_2005-2006_beta-5.csv [oneflux.pipeline.common]
2025-06-13 08:05:25.778 [INFO    ] Variable 'NEE_CUT_75_QC' might be missing from headers of file: /global/home/users/sytoanngo/ONEFlux/data/US-ARc_sample_output/99_fluxnet2015/FLX_US-ARc_FLUXNET2015_FULLSET_WW_2005-2006_beta-5.csv [oneflux.pipeline.common]
2025-06-13 08:05:25.778 [INFO    ] Variable 'NEE_CUT_84_QC' might be missing from headers of file: /global/home/users/sytoanngo/ONEFlux/data/US-ARc_sample_output/99_fluxnet2015/FLX_US-ARc_FLUXNET2015_FULLSET_WW_2005-2006_beta-5.csv [oneflux.pipeline.common]
2025-06-13 08:05:25.778 [INFO    ] Variable 'NEE_CUT_95_QC' might be missing from headers of file: /global/home/users/sytoanngo/ONEFlux/data/US-ARc_sample_output/99_fluxnet2015/FLX_US-ARc_FLUXNET2015_FULLSET_WW_2005-2006_beta-5.csv [oneflux.pipeline.common]
2025-06-13 08:05:25.778 [INFO    ] Variable 'RECO_NT_CUT_05' might be missing from headers of file: /global/home/users/sytoanngo/ONEFlux/data/US-ARc_sample_output/99_fluxnet2015/FLX_US-ARc_FLUXNET2015_FULLSET_WW_2005-2006_beta-5.csv [oneflux.pipeline.common]
2025-06-13 08:05:25.778 [INFO    ] Variable 'RECO_NT_CUT_16' might be missing from headers of file: /global/home/users/sytoanngo/ONEFlux/data/US-ARc_sample_output/99_fluxnet2015/FLX_US-ARc_FLUXNET2015_FULLSET_WW_2005-2006_beta-5.csv [oneflux.pipeline.common]
2025-06-13 08:05:25.778 [INFO    ] Variable 'RECO_NT_CUT_25' might be missing from headers of file: /global/home/users/sytoanngo/ONEFlux/data/US-ARc_sample_output/99_fluxnet2015/FLX_US-ARc_FLUXNET2015_FULLSET_WW_2005-2006_beta-5.csv [oneflux.pipeline.common]
2025-06-13 08:05:25.778 [INFO    ] Variable 'RECO_NT_CUT_50' might be missing from headers of file: /global/home/users/sytoanngo/ONEFlux/data/US-ARc_sample_output/99_fluxnet2015/FLX_US-ARc_FLUXNET2015_FULLSET_WW_2005-2006_beta-5.csv [oneflux.pipeline.common]
2025-06-13 08:05:25.778 [INFO    ] Variable 'RECO_NT_CUT_75' might be missing from headers of file: /global/home/users/sytoanngo/ONEFlux/data/US-ARc_sample_output/99_fluxnet2015/FLX_US-ARc_FLUXNET2015_FULLSET_WW_2005-2006_beta-5.csv [oneflux.pipeline.common]
2025-06-13 08:05:25.778 [INFO    ] Variable 'RECO_NT_CUT_84' might be missing from headers of file: /global/home/users/sytoanngo/ONEFlux/data/US-ARc_sample_output/99_fluxnet2015/FLX_US-ARc_FLUXNET2015_FULLSET_WW_2005-2006_beta-5.csv [oneflux.pipeline.common]
2025-06-13 08:05:25.778 [INFO    ] Variable 'RECO_NT_CUT_95' might be missing from headers of file: /global/home/users/sytoanngo/ONEFlux/data/US-ARc_sample_output/99_fluxnet2015/FLX_US-ARc_FLUXNET2015_FULLSET_WW_2005-2006_beta-5.csv [oneflux.pipeline.common]
2025-06-13 08:05:25.778 [INFO    ] Variable 'GPP_NT_CUT_05' might be missing from headers of file: /global/home/users/sytoanngo/ONEFlux/data/US-ARc_sample_output/99_fluxnet2015/FLX_US-ARc_FLUXNET2015_FULLSET_WW_2005-2006_beta-5.csv [oneflux.pipeline.common]
2025-06-13 08:05:25.778 [INFO    ] Variable 'GPP_NT_CUT_16' might be missing from headers of file: /global/home/users/sytoanngo/ONEFlux/data/US-ARc_sample_output/99_fluxnet2015/FLX_US-ARc_FLUXNET2015_FULLSET_WW_2005-2006_beta-5.csv [oneflux.pipeline.common]
2025-06-13 08:05:25.779 [INFO    ] Variable 'GPP_NT_CUT_25' might be missing from headers of file: /global/home/users/sytoanngo/ONEFlux/data/US-ARc_sample_output/99_fluxnet2015/FLX_US-ARc_FLUXNET2015_FULLSET_WW_2005-2006_beta-5.csv [oneflux.pipeline.common]
2025-06-13 08:05:25.779 [INFO    ] Variable 'GPP_NT_CUT_50' might be missing from headers of file: /global/home/users/sytoanngo/ONEFlux/data/US-ARc_sample_output/99_fluxnet2015/FLX_US-ARc_FLUXNET2015_FULLSET_WW_2005-2006_beta-5.csv [oneflux.pipeline.common]
2025-06-13 08:05:25.779 [INFO    ] Variable 'GPP_NT_CUT_75' might be missing from headers of file: /global/home/users/sytoanngo/ONEFlux/data/US-ARc_sample_output/99_fluxnet2015/FLX_US-ARc_FLUXNET2015_FULLSET_WW_2005-2006_beta-5.csv [oneflux.pipeline.common]
2025-06-13 08:05:25.779 [INFO    ] Variable 'GPP_NT_CUT_84' might be missing from headers of file: /global/home/users/sytoanngo/ONEFlux/data/US-ARc_sample_output/99_fluxnet2015/FLX_US-ARc_FLUXNET2015_FULLSET_WW_2005-2006_beta-5.csv [oneflux.pipeline.common]
2025-06-13 08:05:25.779 [INFO    ] Variable 'GPP_NT_CUT_95' might be missing from headers of file: /global/home/users/sytoanngo/ONEFlux/data/US-ARc_sample_output/99_fluxnet2015/FLX_US-ARc_FLUXNET2015_FULLSET_WW_2005-2006_beta-5.csv [oneflux.pipeline.common]
2025-06-13 08:05:25.779 [INFO    ] Variable 'RECO_DT_CUT_05' might be missing from headers of file: /global/home/users/sytoanngo/ONEFlux/data/US-ARc_sample_output/99_fluxnet2015/FLX_US-ARc_FLUXNET2015_FULLSET_WW_2005-2006_beta-5.csv [oneflux.pipeline.common]
2025-06-13 08:05:25.779 [INFO    ] Variable 'RECO_DT_CUT_16' might be missing from headers of file: /global/home/users/sytoanngo/ONEFlux/data/US-ARc_sample_output/99_fluxnet2015/FLX_US-ARc_FLUXNET2015_FULLSET_WW_2005-2006_beta-5.csv [oneflux.pipeline.common]
2025-06-13 08:05:25.779 [INFO    ] Variable 'RECO_DT_CUT_25' might be missing from headers of file: /global/home/users/sytoanngo/ONEFlux/data/US-ARc_sample_output/99_fluxnet2015/FLX_US-ARc_FLUXNET2015_FULLSET_WW_2005-2006_beta-5.csv [oneflux.pipeline.common]
2025-06-13 08:05:25.779 [INFO    ] Variable 'RECO_DT_CUT_50' might be missing from headers of file: /global/home/users/sytoanngo/ONEFlux/data/US-ARc_sample_output/99_fluxnet2015/FLX_US-ARc_FLUXNET2015_FULLSET_WW_2005-2006_beta-5.csv [oneflux.pipeline.common]
2025-06-13 08:05:25.779 [INFO    ] Variable 'RECO_DT_CUT_75' might be missing from headers of file: /global/home/users/sytoanngo/ONEFlux/data/US-ARc_sample_output/99_fluxnet2015/FLX_US-ARc_FLUXNET2015_FULLSET_WW_2005-2006_beta-5.csv [oneflux.pipeline.common]
2025-06-13 08:05:25.779 [INFO    ] Variable 'RECO_DT_CUT_84' might be missing from headers of file: /global/home/users/sytoanngo/ONEFlux/data/US-ARc_sample_output/99_fluxnet2015/FLX_US-ARc_FLUXNET2015_FULLSET_WW_2005-2006_beta-5.csv [oneflux.pipeline.common]
2025-06-13 08:05:25.779 [INFO    ] Variable 'RECO_DT_CUT_95' might be missing from headers of file: /global/home/users/sytoanngo/ONEFlux/data/US-ARc_sample_output/99_fluxnet2015/FLX_US-ARc_FLUXNET2015_FULLSET_WW_2005-2006_beta-5.csv [oneflux.pipeline.common]
2025-06-13 08:05:25.780 [INFO    ] Variable 'GPP_DT_CUT_05' might be missing from headers of file: /global/home/users/sytoanngo/ONEFlux/data/US-ARc_sample_output/99_fluxnet2015/FLX_US-ARc_FLUXNET2015_FULLSET_WW_2005-2006_beta-5.csv [oneflux.pipeline.common]
2025-06-13 08:05:25.780 [INFO    ] Variable 'GPP_DT_CUT_16' might be missing from headers of file: /global/home/users/sytoanngo/ONEFlux/data/US-ARc_sample_output/99_fluxnet2015/FLX_US-ARc_FLUXNET2015_FULLSET_WW_2005-2006_beta-5.csv [oneflux.pipeline.common]
2025-06-13 08:05:25.780 [INFO    ] Variable 'GPP_DT_CUT_25' might be missing from headers of file: /global/home/users/sytoanngo/ONEFlux/data/US-ARc_sample_output/99_fluxnet2015/FLX_US-ARc_FLUXNET2015_FULLSET_WW_2005-2006_beta-5.csv [oneflux.pipeline.common]
2025-06-13 08:05:25.780 [INFO    ] Variable 'GPP_DT_CUT_50' might be missing from headers of file: /global/home/users/sytoanngo/ONEFlux/data/US-ARc_sample_output/99_fluxnet2015/FLX_US-ARc_FLUXNET2015_FULLSET_WW_2005-2006_beta-5.csv [oneflux.pipeline.common]
2025-06-13 08:05:25.780 [INFO    ] Variable 'GPP_DT_CUT_75' might be missing from headers of file: /global/home/users/sytoanngo/ONEFlux/data/US-ARc_sample_output/99_fluxnet2015/FLX_US-ARc_FLUXNET2015_FULLSET_WW_2005-2006_beta-5.csv [oneflux.pipeline.common]
2025-06-13 08:05:25.780 [INFO    ] Variable 'GPP_DT_CUT_84' might be missing from headers of file: /global/home/users/sytoanngo/ONEFlux/data/US-ARc_sample_output/99_fluxnet2015/FLX_US-ARc_FLUXNET2015_FULLSET_WW_2005-2006_beta-5.csv [oneflux.pipeline.common]
2025-06-13 08:05:25.780 [INFO    ] Variable 'GPP_DT_CUT_95' might be missing from headers of file: /global/home/users/sytoanngo/ONEFlux/data/US-ARc_sample_output/99_fluxnet2015/FLX_US-ARc_FLUXNET2015_FULLSET_WW_2005-2006_beta-5.csv [oneflux.pipeline.common]
2025-06-13 08:05:25.781 [INFO    ] Variable 'PPFD_DIF' might be missing from headers of file: /global/home/users/sytoanngo/ONEFlux/data/US-ARc_sample_output/99_fluxnet2015/FLX_US-ARc_FLUXNET2015_FULLSET_YY_2005-2006_beta-5.csv [oneflux.pipeline.common]
2025-06-13 08:05:25.781 [INFO    ] Variable 'PPFD_DIF_QC' might be missing from headers of file: /global/home/users/sytoanngo/ONEFlux/data/US-ARc_sample_output/99_fluxnet2015/FLX_US-ARc_FLUXNET2015_FULLSET_YY_2005-2006_beta-5.csv [oneflux.pipeline.common]
2025-06-13 08:05:25.781 [INFO    ] Variable 'PPFD_OUT' might be missing from headers of file: /global/home/users/sytoanngo/ONEFlux/data/US-ARc_sample_output/99_fluxnet2015/FLX_US-ARc_FLUXNET2015_FULLSET_YY_2005-2006_beta-5.csv [oneflux.pipeline.common]
2025-06-13 08:05:25.782 [INFO    ] Variable 'PPFD_OUT_QC' might be missing from headers of file: /global/home/users/sytoanngo/ONEFlux/data/US-ARc_sample_output/99_fluxnet2015/FLX_US-ARc_FLUXNET2015_FULLSET_YY_2005-2006_beta-5.csv [oneflux.pipeline.common]
2025-06-13 08:05:25.782 [INFO    ] Variable 'SW_DIF' might be missing from headers of file: /global/home/users/sytoanngo/ONEFlux/data/US-ARc_sample_output/99_fluxnet2015/FLX_US-ARc_FLUXNET2015_FULLSET_YY_2005-2006_beta-5.csv [oneflux.pipeline.common]
2025-06-13 08:05:25.782 [INFO    ] Variable 'SW_DIF_QC' might be missing from headers of file: /global/home/users/sytoanngo/ONEFlux/data/US-ARc_sample_output/99_fluxnet2015/FLX_US-ARc_FLUXNET2015_FULLSET_YY_2005-2006_beta-5.csv [oneflux.pipeline.common]
2025-06-13 08:05:25.782 [INFO    ] Variable 'SW_OUT' might be missing from headers of file: /global/home/users/sytoanngo/ONEFlux/data/US-ARc_sample_output/99_fluxnet2015/FLX_US-ARc_FLUXNET2015_FULLSET_YY_2005-2006_beta-5.csv [oneflux.pipeline.common]
2025-06-13 08:05:25.782 [INFO    ] Variable 'SW_OUT_QC' might be missing from headers of file: /global/home/users/sytoanngo/ONEFlux/data/US-ARc_sample_output/99_fluxnet2015/FLX_US-ARc_FLUXNET2015_FULLSET_YY_2005-2006_beta-5.csv [oneflux.pipeline.common]
2025-06-13 08:05:25.782 [INFO    ] Variable 'LW_OUT' might be missing from headers of file: /global/home/users/sytoanngo/ONEFlux/data/US-ARc_sample_output/99_fluxnet2015/FLX_US-ARc_FLUXNET2015_FULLSET_YY_2005-2006_beta-5.csv [oneflux.pipeline.common]
2025-06-13 08:05:25.782 [INFO    ] Variable 'LW_OUT_QC' might be missing from headers of file: /global/home/users/sytoanngo/ONEFlux/data/US-ARc_sample_output/99_fluxnet2015/FLX_US-ARc_FLUXNET2015_FULLSET_YY_2005-2006_beta-5.csv [oneflux.pipeline.common]
2025-06-13 08:05:25.782 [INFO    ] Variable 'PA' might be missing from headers of file: /global/home/users/sytoanngo/ONEFlux/data/US-ARc_sample_output/99_fluxnet2015/FLX_US-ARc_FLUXNET2015_FULLSET_YY_2005-2006_beta-5.csv [oneflux.pipeline.common]
2025-06-13 08:05:25.782 [INFO    ] Variable 'SW_IN_POT' might be missing from headers of file: /global/home/users/sytoanngo/ONEFlux/data/US-ARc_sample_output/99_fluxnet2015/FLX_US-ARc_FLUXNET2015_FULLSET_YY_2005-2006_beta-5.csv [oneflux.pipeline.common]
2025-06-13 08:05:25.782 [INFO    ] Variable 'P' might be missing from headers of file: /global/home/users/sytoanngo/ONEFlux/data/US-ARc_sample_output/99_fluxnet2015/FLX_US-ARc_FLUXNET2015_FULLSET_YY_2005-2006_beta-5.csv [oneflux.pipeline.common]
2025-06-13 08:05:25.782 [INFO    ] Variable 'WS' might be missing from headers of file: /global/home/users/sytoanngo/ONEFlux/data/US-ARc_sample_output/99_fluxnet2015/FLX_US-ARc_FLUXNET2015_FULLSET_YY_2005-2006_beta-5.csv [oneflux.pipeline.common]
2025-06-13 08:05:25.782 [INFO    ] Variable 'WD' might be missing from headers of file: /global/home/users/sytoanngo/ONEFlux/data/US-ARc_sample_output/99_fluxnet2015/FLX_US-ARc_FLUXNET2015_FULLSET_YY_2005-2006_beta-5.csv [oneflux.pipeline.common]
2025-06-13 08:05:25.782 [INFO    ] Variable 'RH' might be missing from headers of file: /global/home/users/sytoanngo/ONEFlux/data/US-ARc_sample_output/99_fluxnet2015/FLX_US-ARc_FLUXNET2015_FULLSET_YY_2005-2006_beta-5.csv [oneflux.pipeline.common]
2025-06-13 08:05:25.783 [INFO    ] Variable 'LE_CORR_25' might be missing from headers of file: /global/home/users/sytoanngo/ONEFlux/data/US-ARc_sample_output/99_fluxnet2015/FLX_US-ARc_FLUXNET2015_FULLSET_YY_2005-2006_beta-5.csv [oneflux.pipeline.common]
2025-06-13 08:05:25.783 [INFO    ] Variable 'LE_CORR_75' might be missing from headers of file: /global/home/users/sytoanngo/ONEFlux/data/US-ARc_sample_output/99_fluxnet2015/FLX_US-ARc_FLUXNET2015_FULLSET_YY_2005-2006_beta-5.csv [oneflux.pipeline.common]
2025-06-13 08:05:25.783 [INFO    ] Variable 'LE_RANDUNC_METHOD' might be missing from headers of file: /global/home/users/sytoanngo/ONEFlux/data/US-ARc_sample_output/99_fluxnet2015/FLX_US-ARc_FLUXNET2015_FULLSET_YY_2005-2006_beta-5.csv [oneflux.pipeline.common]
2025-06-13 08:05:25.783 [INFO    ] Variable 'LE_RANDUNC_N' might be missing from headers of file: /global/home/users/sytoanngo/ONEFlux/data/US-ARc_sample_output/99_fluxnet2015/FLX_US-ARc_FLUXNET2015_FULLSET_YY_2005-2006_beta-5.csv [oneflux.pipeline.common]
2025-06-13 08:05:25.783 [INFO    ] Variable 'LE_CORR_JOINTUNC' might be missing from headers of file: /global/home/users/sytoanngo/ONEFlux/data/US-ARc_sample_output/99_fluxnet2015/FLX_US-ARc_FLUXNET2015_FULLSET_YY_2005-2006_beta-5.csv [oneflux.pipeline.common]
2025-06-13 08:05:25.783 [INFO    ] Variable 'H_CORR_25' might be missing from headers of file: /global/home/users/sytoanngo/ONEFlux/data/US-ARc_sample_output/99_fluxnet2015/FLX_US-ARc_FLUXNET2015_FULLSET_YY_2005-2006_beta-5.csv [oneflux.pipeline.common]
2025-06-13 08:05:25.783 [INFO    ] Variable 'H_CORR_75' might be missing from headers of file: /global/home/users/sytoanngo/ONEFlux/data/US-ARc_sample_output/99_fluxnet2015/FLX_US-ARc_FLUXNET2015_FULLSET_YY_2005-2006_beta-5.csv [oneflux.pipeline.common]
2025-06-13 08:05:25.783 [INFO    ] Variable 'H_RANDUNC_METHOD' might be missing from headers of file: /global/home/users/sytoanngo/ONEFlux/data/US-ARc_sample_output/99_fluxnet2015/FLX_US-ARc_FLUXNET2015_FULLSET_YY_2005-2006_beta-5.csv [oneflux.pipeline.common]
2025-06-13 08:05:25.783 [INFO    ] Variable 'H_RANDUNC_N' might be missing from headers of file: /global/home/users/sytoanngo/ONEFlux/data/US-ARc_sample_output/99_fluxnet2015/FLX_US-ARc_FLUXNET2015_FULLSET_YY_2005-2006_beta-5.csv [oneflux.pipeline.common]
2025-06-13 08:05:25.783 [INFO    ] Variable 'H_CORR_JOINTUNC' might be missing from headers of file: /global/home/users/sytoanngo/ONEFlux/data/US-ARc_sample_output/99_fluxnet2015/FLX_US-ARc_FLUXNET2015_FULLSET_YY_2005-2006_beta-5.csv [oneflux.pipeline.common]
2025-06-13 08:05:25.783 [INFO    ] Variable 'NEE_CUT_REF' might be missing from headers of file: /global/home/users/sytoanngo/ONEFlux/data/US-ARc_sample_output/99_fluxnet2015/FLX_US-ARc_FLUXNET2015_FULLSET_YY_2005-2006_beta-5.csv [oneflux.pipeline.common]
2025-06-13 08:05:25.783 [INFO    ] Variable 'NEE_CUT_REF_QC' might be missing from headers of file: /global/home/users/sytoanngo/ONEFlux/data/US-ARc_sample_output/99_fluxnet2015/FLX_US-ARc_FLUXNET2015_FULLSET_YY_2005-2006_beta-5.csv [oneflux.pipeline.common]
2025-06-13 08:05:25.783 [INFO    ] Variable 'NEE_CUT_REF_RANDUNC' might be missing from headers of file: /global/home/users/sytoanngo/ONEFlux/data/US-ARc_sample_output/99_fluxnet2015/FLX_US-ARc_FLUXNET2015_FULLSET_YY_2005-2006_beta-5.csv [oneflux.pipeline.common]
2025-06-13 08:05:25.783 [INFO    ] Variable 'RECO_NT_CUT_REF' might be missing from headers of file: /global/home/users/sytoanngo/ONEFlux/data/US-ARc_sample_output/99_fluxnet2015/FLX_US-ARc_FLUXNET2015_FULLSET_YY_2005-2006_beta-5.csv [oneflux.pipeline.common]
2025-06-13 08:05:25.784 [INFO    ] Variable 'GPP_NT_CUT_REF' might be missing from headers of file: /global/home/users/sytoanngo/ONEFlux/data/US-ARc_sample_output/99_fluxnet2015/FLX_US-ARc_FLUXNET2015_FULLSET_YY_2005-2006_beta-5.csv [oneflux.pipeline.common]
2025-06-13 08:05:25.784 [INFO    ] Variable 'RECO_DT_CUT_REF' might be missing from headers of file: /global/home/users/sytoanngo/ONEFlux/data/US-ARc_sample_output/99_fluxnet2015/FLX_US-ARc_FLUXNET2015_FULLSET_YY_2005-2006_beta-5.csv [oneflux.pipeline.common]
2025-06-13 08:05:25.784 [INFO    ] Variable 'GPP_DT_CUT_REF' might be missing from headers of file: /global/home/users/sytoanngo/ONEFlux/data/US-ARc_sample_output/99_fluxnet2015/FLX_US-ARc_FLUXNET2015_FULLSET_YY_2005-2006_beta-5.csv [oneflux.pipeline.common]
2025-06-13 08:05:25.784 [INFO    ] Variable 'TS_F_MDS_2' might be missing from headers of file: /global/home/users/sytoanngo/ONEFlux/data/US-ARc_sample_output/99_fluxnet2015/FLX_US-ARc_FLUXNET2015_FULLSET_YY_2005-2006_beta-5.csv [oneflux.pipeline.common]
2025-06-13 08:05:25.784 [INFO    ] Variable 'TS_F_MDS_3' might be missing from headers of file: /global/home/users/sytoanngo/ONEFlux/data/US-ARc_sample_output/99_fluxnet2015/FLX_US-ARc_FLUXNET2015_FULLSET_YY_2005-2006_beta-5.csv [oneflux.pipeline.common]
2025-06-13 08:05:25.784 [INFO    ] Variable 'TS_F_MDS_4' might be missing from headers of file: /global/home/users/sytoanngo/ONEFlux/data/US-ARc_sample_output/99_fluxnet2015/FLX_US-ARc_FLUXNET2015_FULLSET_YY_2005-2006_beta-5.csv [oneflux.pipeline.common]
2025-06-13 08:05:25.784 [INFO    ] Variable 'TS_F_MDS_5' might be missing from headers of file: /global/home/users/sytoanngo/ONEFlux/data/US-ARc_sample_output/99_fluxnet2015/FLX_US-ARc_FLUXNET2015_FULLSET_YY_2005-2006_beta-5.csv [oneflux.pipeline.common]
2025-06-13 08:05:25.784 [INFO    ] Variable 'TS_F_MDS_6' might be missing from headers of file: /global/home/users/sytoanngo/ONEFlux/data/US-ARc_sample_output/99_fluxnet2015/FLX_US-ARc_FLUXNET2015_FULLSET_YY_2005-2006_beta-5.csv [oneflux.pipeline.common]
2025-06-13 08:05:25.784 [INFO    ] Variable 'TS_F_MDS_7' might be missing from headers of file: /global/home/users/sytoanngo/ONEFlux/data/US-ARc_sample_output/99_fluxnet2015/FLX_US-ARc_FLUXNET2015_FULLSET_YY_2005-2006_beta-5.csv [oneflux.pipeline.common]
2025-06-13 08:05:25.784 [INFO    ] Variable 'TS_F_MDS_8' might be missing from headers of file: /global/home/users/sytoanngo/ONEFlux/data/US-ARc_sample_output/99_fluxnet2015/FLX_US-ARc_FLUXNET2015_FULLSET_YY_2005-2006_beta-5.csv [oneflux.pipeline.common]
2025-06-13 08:05:25.784 [INFO    ] Variable 'TS_F_MDS_9' might be missing from headers of file: /global/home/users/sytoanngo/ONEFlux/data/US-ARc_sample_output/99_fluxnet2015/FLX_US-ARc_FLUXNET2015_FULLSET_YY_2005-2006_beta-5.csv [oneflux.pipeline.common]
2025-06-13 08:05:25.784 [INFO    ] Variable 'TS_F_MDS_10' might be missing from headers of file: /global/home/users/sytoanngo/ONEFlux/data/US-ARc_sample_output/99_fluxnet2015/FLX_US-ARc_FLUXNET2015_FULLSET_YY_2005-2006_beta-5.csv [oneflux.pipeline.common]
2025-06-13 08:05:25.784 [INFO    ] Variable 'TS_F_MDS_11' might be missing from headers of file: /global/home/users/sytoanngo/ONEFlux/data/US-ARc_sample_output/99_fluxnet2015/FLX_US-ARc_FLUXNET2015_FULLSET_YY_2005-2006_beta-5.csv [oneflux.pipeline.common]
2025-06-13 08:05:25.784 [INFO    ] Variable 'TS_F_MDS_12' might be missing from headers of file: /global/home/users/sytoanngo/ONEFlux/data/US-ARc_sample_output/99_fluxnet2015/FLX_US-ARc_FLUXNET2015_FULLSET_YY_2005-2006_beta-5.csv [oneflux.pipeline.common]
2025-06-13 08:05:25.785 [INFO    ] Variable 'TS_F_MDS_13' might be missing from headers of file: /global/home/users/sytoanngo/ONEFlux/data/US-ARc_sample_output/99_fluxnet2015/FLX_US-ARc_FLUXNET2015_FULLSET_YY_2005-2006_beta-5.csv [oneflux.pipeline.common]
2025-06-13 08:05:25.785 [INFO    ] Variable 'TS_F_MDS_14' might be missing from headers of file: /global/home/users/sytoanngo/ONEFlux/data/US-ARc_sample_output/99_fluxnet2015/FLX_US-ARc_FLUXNET2015_FULLSET_YY_2005-2006_beta-5.csv [oneflux.pipeline.common]
2025-06-13 08:05:25.785 [INFO    ] Variable 'TS_F_MDS_15' might be missing from headers of file: /global/home/users/sytoanngo/ONEFlux/data/US-ARc_sample_output/99_fluxnet2015/FLX_US-ARc_FLUXNET2015_FULLSET_YY_2005-2006_beta-5.csv [oneflux.pipeline.common]
2025-06-13 08:05:25.785 [INFO    ] Variable 'TS_F_MDS_16' might be missing from headers of file: /global/home/users/sytoanngo/ONEFlux/data/US-ARc_sample_output/99_fluxnet2015/FLX_US-ARc_FLUXNET2015_FULLSET_YY_2005-2006_beta-5.csv [oneflux.pipeline.common]
2025-06-13 08:05:25.785 [INFO    ] Variable 'TS_F_MDS_17' might be missing from headers of file: /global/home/users/sytoanngo/ONEFlux/data/US-ARc_sample_output/99_fluxnet2015/FLX_US-ARc_FLUXNET2015_FULLSET_YY_2005-2006_beta-5.csv [oneflux.pipeline.common]
2025-06-13 08:05:25.785 [INFO    ] Variable 'TS_F_MDS_18' might be missing from headers of file: /global/home/users/sytoanngo/ONEFlux/data/US-ARc_sample_output/99_fluxnet2015/FLX_US-ARc_FLUXNET2015_FULLSET_YY_2005-2006_beta-5.csv [oneflux.pipeline.common]
2025-06-13 08:05:25.785 [INFO    ] Variable 'TS_F_MDS_19' might be missing from headers of file: /global/home/users/sytoanngo/ONEFlux/data/US-ARc_sample_output/99_fluxnet2015/FLX_US-ARc_FLUXNET2015_FULLSET_YY_2005-2006_beta-5.csv [oneflux.pipeline.common]
2025-06-13 08:05:25.785 [INFO    ] Variable 'TS_F_MDS_2_QC' might be missing from headers of file: /global/home/users/sytoanngo/ONEFlux/data/US-ARc_sample_output/99_fluxnet2015/FLX_US-ARc_FLUXNET2015_FULLSET_YY_2005-2006_beta-5.csv [oneflux.pipeline.common]
2025-06-13 08:05:25.785 [INFO    ] Variable 'TS_F_MDS_3_QC' might be missing from headers of file: /global/home/users/sytoanngo/ONEFlux/data/US-ARc_sample_output/99_fluxnet2015/FLX_US-ARc_FLUXNET2015_FULLSET_YY_2005-2006_beta-5.csv [oneflux.pipeline.common]
2025-06-13 08:05:25.785 [INFO    ] Variable 'TS_F_MDS_4_QC' might be missing from headers of file: /global/home/users/sytoanngo/ONEFlux/data/US-ARc_sample_output/99_fluxnet2015/FLX_US-ARc_FLUXNET2015_FULLSET_YY_2005-2006_beta-5.csv [oneflux.pipeline.common]
2025-06-13 08:05:25.785 [INFO    ] Variable 'TS_F_MDS_5_QC' might be missing from headers of file: /global/home/users/sytoanngo/ONEFlux/data/US-ARc_sample_output/99_fluxnet2015/FLX_US-ARc_FLUXNET2015_FULLSET_YY_2005-2006_beta-5.csv [oneflux.pipeline.common]
2025-06-13 08:05:25.785 [INFO    ] Variable 'TS_F_MDS_6_QC' might be missing from headers of file: /global/home/users/sytoanngo/ONEFlux/data/US-ARc_sample_output/99_fluxnet2015/FLX_US-ARc_FLUXNET2015_FULLSET_YY_2005-2006_beta-5.csv [oneflux.pipeline.common]
2025-06-13 08:05:25.785 [INFO    ] Variable 'TS_F_MDS_7_QC' might be missing from headers of file: /global/home/users/sytoanngo/ONEFlux/data/US-ARc_sample_output/99_fluxnet2015/FLX_US-ARc_FLUXNET2015_FULLSET_YY_2005-2006_beta-5.csv [oneflux.pipeline.common]
2025-06-13 08:05:25.785 [INFO    ] Variable 'TS_F_MDS_8_QC' might be missing from headers of file: /global/home/users/sytoanngo/ONEFlux/data/US-ARc_sample_output/99_fluxnet2015/FLX_US-ARc_FLUXNET2015_FULLSET_YY_2005-2006_beta-5.csv [oneflux.pipeline.common]
2025-06-13 08:05:25.786 [INFO    ] Variable 'TS_F_MDS_9_QC' might be missing from headers of file: /global/home/users/sytoanngo/ONEFlux/data/US-ARc_sample_output/99_fluxnet2015/FLX_US-ARc_FLUXNET2015_FULLSET_YY_2005-2006_beta-5.csv [oneflux.pipeline.common]
2025-06-13 08:05:25.786 [INFO    ] Variable 'TS_F_MDS_10_QC' might be missing from headers of file: /global/home/users/sytoanngo/ONEFlux/data/US-ARc_sample_output/99_fluxnet2015/FLX_US-ARc_FLUXNET2015_FULLSET_YY_2005-2006_beta-5.csv [oneflux.pipeline.common]
2025-06-13 08:05:25.786 [INFO    ] Variable 'TS_F_MDS_11_QC' might be missing from headers of file: /global/home/users/sytoanngo/ONEFlux/data/US-ARc_sample_output/99_fluxnet2015/FLX_US-ARc_FLUXNET2015_FULLSET_YY_2005-2006_beta-5.csv [oneflux.pipeline.common]
2025-06-13 08:05:25.786 [INFO    ] Variable 'TS_F_MDS_12_QC' might be missing from headers of file: /global/home/users/sytoanngo/ONEFlux/data/US-ARc_sample_output/99_fluxnet2015/FLX_US-ARc_FLUXNET2015_FULLSET_YY_2005-2006_beta-5.csv [oneflux.pipeline.common]
2025-06-13 08:05:25.786 [INFO    ] Variable 'TS_F_MDS_13_QC' might be missing from headers of file: /global/home/users/sytoanngo/ONEFlux/data/US-ARc_sample_output/99_fluxnet2015/FLX_US-ARc_FLUXNET2015_FULLSET_YY_2005-2006_beta-5.csv [oneflux.pipeline.common]
2025-06-13 08:05:25.786 [INFO    ] Variable 'TS_F_MDS_14_QC' might be missing from headers of file: /global/home/users/sytoanngo/ONEFlux/data/US-ARc_sample_output/99_fluxnet2015/FLX_US-ARc_FLUXNET2015_FULLSET_YY_2005-2006_beta-5.csv [oneflux.pipeline.common]
2025-06-13 08:05:25.786 [INFO    ] Variable 'TS_F_MDS_15_QC' might be missing from headers of file: /global/home/users/sytoanngo/ONEFlux/data/US-ARc_sample_output/99_fluxnet2015/FLX_US-ARc_FLUXNET2015_FULLSET_YY_2005-2006_beta-5.csv [oneflux.pipeline.common]
2025-06-13 08:05:25.786 [INFO    ] Variable 'TS_F_MDS_16_QC' might be missing from headers of file: /global/home/users/sytoanngo/ONEFlux/data/US-ARc_sample_output/99_fluxnet2015/FLX_US-ARc_FLUXNET2015_FULLSET_YY_2005-2006_beta-5.csv [oneflux.pipeline.common]
2025-06-13 08:05:25.786 [INFO    ] Variable 'TS_F_MDS_17_QC' might be missing from headers of file: /global/home/users/sytoanngo/ONEFlux/data/US-ARc_sample_output/99_fluxnet2015/FLX_US-ARc_FLUXNET2015_FULLSET_YY_2005-2006_beta-5.csv [oneflux.pipeline.common]
2025-06-13 08:05:25.786 [INFO    ] Variable 'TS_F_MDS_18_QC' might be missing from headers of file: /global/home/users/sytoanngo/ONEFlux/data/US-ARc_sample_output/99_fluxnet2015/FLX_US-ARc_FLUXNET2015_FULLSET_YY_2005-2006_beta-5.csv [oneflux.pipeline.common]
2025-06-13 08:05:25.786 [INFO    ] Variable 'TS_F_MDS_19_QC' might be missing from headers of file: /global/home/users/sytoanngo/ONEFlux/data/US-ARc_sample_output/99_fluxnet2015/FLX_US-ARc_FLUXNET2015_FULLSET_YY_2005-2006_beta-5.csv [oneflux.pipeline.common]
2025-06-13 08:05:25.786 [INFO    ] Variable 'SWC_F_MDS_2' might be missing from headers of file: /global/home/users/sytoanngo/ONEFlux/data/US-ARc_sample_output/99_fluxnet2015/FLX_US-ARc_FLUXNET2015_FULLSET_YY_2005-2006_beta-5.csv [oneflux.pipeline.common]
2025-06-13 08:05:25.786 [INFO    ] Variable 'SWC_F_MDS_3' might be missing from headers of file: /global/home/users/sytoanngo/ONEFlux/data/US-ARc_sample_output/99_fluxnet2015/FLX_US-ARc_FLUXNET2015_FULLSET_YY_2005-2006_beta-5.csv [oneflux.pipeline.common]
2025-06-13 08:05:25.786 [INFO    ] Variable 'SWC_F_MDS_4' might be missing from headers of file: /global/home/users/sytoanngo/ONEFlux/data/US-ARc_sample_output/99_fluxnet2015/FLX_US-ARc_FLUXNET2015_FULLSET_YY_2005-2006_beta-5.csv [oneflux.pipeline.common]
2025-06-13 08:05:25.787 [INFO    ] Variable 'SWC_F_MDS_5' might be missing from headers of file: /global/home/users/sytoanngo/ONEFlux/data/US-ARc_sample_output/99_fluxnet2015/FLX_US-ARc_FLUXNET2015_FULLSET_YY_2005-2006_beta-5.csv [oneflux.pipeline.common]
2025-06-13 08:05:25.787 [INFO    ] Variable 'SWC_F_MDS_6' might be missing from headers of file: /global/home/users/sytoanngo/ONEFlux/data/US-ARc_sample_output/99_fluxnet2015/FLX_US-ARc_FLUXNET2015_FULLSET_YY_2005-2006_beta-5.csv [oneflux.pipeline.common]
2025-06-13 08:05:25.787 [INFO    ] Variable 'SWC_F_MDS_7' might be missing from headers of file: /global/home/users/sytoanngo/ONEFlux/data/US-ARc_sample_output/99_fluxnet2015/FLX_US-ARc_FLUXNET2015_FULLSET_YY_2005-2006_beta-5.csv [oneflux.pipeline.common]
2025-06-13 08:05:25.787 [INFO    ] Variable 'SWC_F_MDS_8' might be missing from headers of file: /global/home/users/sytoanngo/ONEFlux/data/US-ARc_sample_output/99_fluxnet2015/FLX_US-ARc_FLUXNET2015_FULLSET_YY_2005-2006_beta-5.csv [oneflux.pipeline.common]
2025-06-13 08:05:25.787 [INFO    ] Variable 'SWC_F_MDS_9' might be missing from headers of file: /global/home/users/sytoanngo/ONEFlux/data/US-ARc_sample_output/99_fluxnet2015/FLX_US-ARc_FLUXNET2015_FULLSET_YY_2005-2006_beta-5.csv [oneflux.pipeline.common]
2025-06-13 08:05:25.787 [INFO    ] Variable 'SWC_F_MDS_10' might be missing from headers of file: /global/home/users/sytoanngo/ONEFlux/data/US-ARc_sample_output/99_fluxnet2015/FLX_US-ARc_FLUXNET2015_FULLSET_YY_2005-2006_beta-5.csv [oneflux.pipeline.common]
2025-06-13 08:05:25.787 [INFO    ] Variable 'SWC_F_MDS_11' might be missing from headers of file: /global/home/users/sytoanngo/ONEFlux/data/US-ARc_sample_output/99_fluxnet2015/FLX_US-ARc_FLUXNET2015_FULLSET_YY_2005-2006_beta-5.csv [oneflux.pipeline.common]
2025-06-13 08:05:25.787 [INFO    ] Variable 'SWC_F_MDS_12' might be missing from headers of file: /global/home/users/sytoanngo/ONEFlux/data/US-ARc_sample_output/99_fluxnet2015/FLX_US-ARc_FLUXNET2015_FULLSET_YY_2005-2006_beta-5.csv [oneflux.pipeline.common]
2025-06-13 08:05:25.787 [INFO    ] Variable 'SWC_F_MDS_13' might be missing from headers of file: /global/home/users/sytoanngo/ONEFlux/data/US-ARc_sample_output/99_fluxnet2015/FLX_US-ARc_FLUXNET2015_FULLSET_YY_2005-2006_beta-5.csv [oneflux.pipeline.common]
2025-06-13 08:05:25.787 [INFO    ] Variable 'SWC_F_MDS_14' might be missing from headers of file: /global/home/users/sytoanngo/ONEFlux/data/US-ARc_sample_output/99_fluxnet2015/FLX_US-ARc_FLUXNET2015_FULLSET_YY_2005-2006_beta-5.csv [oneflux.pipeline.common]
2025-06-13 08:05:25.787 [INFO    ] Variable 'SWC_F_MDS_15' might be missing from headers of file: /global/home/users/sytoanngo/ONEFlux/data/US-ARc_sample_output/99_fluxnet2015/FLX_US-ARc_FLUXNET2015_FULLSET_YY_2005-2006_beta-5.csv [oneflux.pipeline.common]
2025-06-13 08:05:25.787 [INFO    ] Variable 'SWC_F_MDS_16' might be missing from headers of file: /global/home/users/sytoanngo/ONEFlux/data/US-ARc_sample_output/99_fluxnet2015/FLX_US-ARc_FLUXNET2015_FULLSET_YY_2005-2006_beta-5.csv [oneflux.pipeline.common]
2025-06-13 08:05:25.787 [INFO    ] Variable 'SWC_F_MDS_17' might be missing from headers of file: /global/home/users/sytoanngo/ONEFlux/data/US-ARc_sample_output/99_fluxnet2015/FLX_US-ARc_FLUXNET2015_FULLSET_YY_2005-2006_beta-5.csv [oneflux.pipeline.common]
2025-06-13 08:05:25.787 [INFO    ] Variable 'SWC_F_MDS_18' might be missing from headers of file: /global/home/users/sytoanngo/ONEFlux/data/US-ARc_sample_output/99_fluxnet2015/FLX_US-ARc_FLUXNET2015_FULLSET_YY_2005-2006_beta-5.csv [oneflux.pipeline.common]
2025-06-13 08:05:25.788 [INFO    ] Variable 'SWC_F_MDS_19' might be missing from headers of file: /global/home/users/sytoanngo/ONEFlux/data/US-ARc_sample_output/99_fluxnet2015/FLX_US-ARc_FLUXNET2015_FULLSET_YY_2005-2006_beta-5.csv [oneflux.pipeline.common]
2025-06-13 08:05:25.788 [INFO    ] Variable 'SWC_F_MDS_2_QC' might be missing from headers of file: /global/home/users/sytoanngo/ONEFlux/data/US-ARc_sample_output/99_fluxnet2015/FLX_US-ARc_FLUXNET2015_FULLSET_YY_2005-2006_beta-5.csv [oneflux.pipeline.common]
2025-06-13 08:05:25.788 [INFO    ] Variable 'SWC_F_MDS_3_QC' might be missing from headers of file: /global/home/users/sytoanngo/ONEFlux/data/US-ARc_sample_output/99_fluxnet2015/FLX_US-ARc_FLUXNET2015_FULLSET_YY_2005-2006_beta-5.csv [oneflux.pipeline.common]
2025-06-13 08:05:25.788 [INFO    ] Variable 'SWC_F_MDS_4_QC' might be missing from headers of file: /global/home/users/sytoanngo/ONEFlux/data/US-ARc_sample_output/99_fluxnet2015/FLX_US-ARc_FLUXNET2015_FULLSET_YY_2005-2006_beta-5.csv [oneflux.pipeline.common]
2025-06-13 08:05:25.788 [INFO    ] Variable 'SWC_F_MDS_5_QC' might be missing from headers of file: /global/home/users/sytoanngo/ONEFlux/data/US-ARc_sample_output/99_fluxnet2015/FLX_US-ARc_FLUXNET2015_FULLSET_YY_2005-2006_beta-5.csv [oneflux.pipeline.common]
2025-06-13 08:05:25.788 [INFO    ] Variable 'SWC_F_MDS_6_QC' might be missing from headers of file: /global/home/users/sytoanngo/ONEFlux/data/US-ARc_sample_output/99_fluxnet2015/FLX_US-ARc_FLUXNET2015_FULLSET_YY_2005-2006_beta-5.csv [oneflux.pipeline.common]
2025-06-13 08:05:25.788 [INFO    ] Variable 'SWC_F_MDS_7_QC' might be missing from headers of file: /global/home/users/sytoanngo/ONEFlux/data/US-ARc_sample_output/99_fluxnet2015/FLX_US-ARc_FLUXNET2015_FULLSET_YY_2005-2006_beta-5.csv [oneflux.pipeline.common]
2025-06-13 08:05:25.788 [INFO    ] Variable 'SWC_F_MDS_8_QC' might be missing from headers of file: /global/home/users/sytoanngo/ONEFlux/data/US-ARc_sample_output/99_fluxnet2015/FLX_US-ARc_FLUXNET2015_FULLSET_YY_2005-2006_beta-5.csv [oneflux.pipeline.common]
2025-06-13 08:05:25.788 [INFO    ] Variable 'SWC_F_MDS_9_QC' might be missing from headers of file: /global/home/users/sytoanngo/ONEFlux/data/US-ARc_sample_output/99_fluxnet2015/FLX_US-ARc_FLUXNET2015_FULLSET_YY_2005-2006_beta-5.csv [oneflux.pipeline.common]
2025-06-13 08:05:25.788 [INFO    ] Variable 'SWC_F_MDS_10_QC' might be missing from headers of file: /global/home/users/sytoanngo/ONEFlux/data/US-ARc_sample_output/99_fluxnet2015/FLX_US-ARc_FLUXNET2015_FULLSET_YY_2005-2006_beta-5.csv [oneflux.pipeline.common]
2025-06-13 08:05:25.788 [INFO    ] Variable 'SWC_F_MDS_11_QC' might be missing from headers of file: /global/home/users/sytoanngo/ONEFlux/data/US-ARc_sample_output/99_fluxnet2015/FLX_US-ARc_FLUXNET2015_FULLSET_YY_2005-2006_beta-5.csv [oneflux.pipeline.common]
2025-06-13 08:05:25.788 [INFO    ] Variable 'SWC_F_MDS_12_QC' might be missing from headers of file: /global/home/users/sytoanngo/ONEFlux/data/US-ARc_sample_output/99_fluxnet2015/FLX_US-ARc_FLUXNET2015_FULLSET_YY_2005-2006_beta-5.csv [oneflux.pipeline.common]
2025-06-13 08:05:25.788 [INFO    ] Variable 'SWC_F_MDS_13_QC' might be missing from headers of file: /global/home/users/sytoanngo/ONEFlux/data/US-ARc_sample_output/99_fluxnet2015/FLX_US-ARc_FLUXNET2015_FULLSET_YY_2005-2006_beta-5.csv [oneflux.pipeline.common]
2025-06-13 08:05:25.788 [INFO    ] Variable 'SWC_F_MDS_14_QC' might be missing from headers of file: /global/home/users/sytoanngo/ONEFlux/data/US-ARc_sample_output/99_fluxnet2015/FLX_US-ARc_FLUXNET2015_FULLSET_YY_2005-2006_beta-5.csv [oneflux.pipeline.common]
2025-06-13 08:05:25.789 [INFO    ] Variable 'SWC_F_MDS_15_QC' might be missing from headers of file: /global/home/users/sytoanngo/ONEFlux/data/US-ARc_sample_output/99_fluxnet2015/FLX_US-ARc_FLUXNET2015_FULLSET_YY_2005-2006_beta-5.csv [oneflux.pipeline.common]
2025-06-13 08:05:25.789 [INFO    ] Variable 'SWC_F_MDS_16_QC' might be missing from headers of file: /global/home/users/sytoanngo/ONEFlux/data/US-ARc_sample_output/99_fluxnet2015/FLX_US-ARc_FLUXNET2015_FULLSET_YY_2005-2006_beta-5.csv [oneflux.pipeline.common]
2025-06-13 08:05:25.789 [INFO    ] Variable 'SWC_F_MDS_17_QC' might be missing from headers of file: /global/home/users/sytoanngo/ONEFlux/data/US-ARc_sample_output/99_fluxnet2015/FLX_US-ARc_FLUXNET2015_FULLSET_YY_2005-2006_beta-5.csv [oneflux.pipeline.common]
2025-06-13 08:05:25.789 [INFO    ] Variable 'SWC_F_MDS_18_QC' might be missing from headers of file: /global/home/users/sytoanngo/ONEFlux/data/US-ARc_sample_output/99_fluxnet2015/FLX_US-ARc_FLUXNET2015_FULLSET_YY_2005-2006_beta-5.csv [oneflux.pipeline.common]
2025-06-13 08:05:25.789 [INFO    ] Variable 'SWC_F_MDS_19_QC' might be missing from headers of file: /global/home/users/sytoanngo/ONEFlux/data/US-ARc_sample_output/99_fluxnet2015/FLX_US-ARc_FLUXNET2015_FULLSET_YY_2005-2006_beta-5.csv [oneflux.pipeline.common]
2025-06-13 08:05:25.789 [INFO    ] Variable 'NEE_CUT_05' might be missing from headers of file: /global/home/users/sytoanngo/ONEFlux/data/US-ARc_sample_output/99_fluxnet2015/FLX_US-ARc_FLUXNET2015_FULLSET_YY_2005-2006_beta-5.csv [oneflux.pipeline.common]
2025-06-13 08:05:25.789 [INFO    ] Variable 'NEE_CUT_16' might be missing from headers of file: /global/home/users/sytoanngo/ONEFlux/data/US-ARc_sample_output/99_fluxnet2015/FLX_US-ARc_FLUXNET2015_FULLSET_YY_2005-2006_beta-5.csv [oneflux.pipeline.common]
2025-06-13 08:05:25.789 [INFO    ] Variable 'NEE_CUT_25' might be missing from headers of file: /global/home/users/sytoanngo/ONEFlux/data/US-ARc_sample_output/99_fluxnet2015/FLX_US-ARc_FLUXNET2015_FULLSET_YY_2005-2006_beta-5.csv [oneflux.pipeline.common]
2025-06-13 08:05:25.789 [INFO    ] Variable 'NEE_CUT_50' might be missing from headers of file: /global/home/users/sytoanngo/ONEFlux/data/US-ARc_sample_output/99_fluxnet2015/FLX_US-ARc_FLUXNET2015_FULLSET_YY_2005-2006_beta-5.csv [oneflux.pipeline.common]
2025-06-13 08:05:25.789 [INFO    ] Variable 'NEE_CUT_75' might be missing from headers of file: /global/home/users/sytoanngo/ONEFlux/data/US-ARc_sample_output/99_fluxnet2015/FLX_US-ARc_FLUXNET2015_FULLSET_YY_2005-2006_beta-5.csv [oneflux.pipeline.common]
2025-06-13 08:05:25.789 [INFO    ] Variable 'NEE_CUT_84' might be missing from headers of file: /global/home/users/sytoanngo/ONEFlux/data/US-ARc_sample_output/99_fluxnet2015/FLX_US-ARc_FLUXNET2015_FULLSET_YY_2005-2006_beta-5.csv [oneflux.pipeline.common]
2025-06-13 08:05:25.789 [INFO    ] Variable 'NEE_CUT_95' might be missing from headers of file: /global/home/users/sytoanngo/ONEFlux/data/US-ARc_sample_output/99_fluxnet2015/FLX_US-ARc_FLUXNET2015_FULLSET_YY_2005-2006_beta-5.csv [oneflux.pipeline.common]
2025-06-13 08:05:25.789 [INFO    ] Variable 'NEE_CUT_05_QC' might be missing from headers of file: /global/home/users/sytoanngo/ONEFlux/data/US-ARc_sample_output/99_fluxnet2015/FLX_US-ARc_FLUXNET2015_FULLSET_YY_2005-2006_beta-5.csv [oneflux.pipeline.common]
2025-06-13 08:05:25.789 [INFO    ] Variable 'NEE_CUT_16_QC' might be missing from headers of file: /global/home/users/sytoanngo/ONEFlux/data/US-ARc_sample_output/99_fluxnet2015/FLX_US-ARc_FLUXNET2015_FULLSET_YY_2005-2006_beta-5.csv [oneflux.pipeline.common]
2025-06-13 08:05:25.790 [INFO    ] Variable 'NEE_CUT_25_QC' might be missing from headers of file: /global/home/users/sytoanngo/ONEFlux/data/US-ARc_sample_output/99_fluxnet2015/FLX_US-ARc_FLUXNET2015_FULLSET_YY_2005-2006_beta-5.csv [oneflux.pipeline.common]
2025-06-13 08:05:25.790 [INFO    ] Variable 'NEE_CUT_50_QC' might be missing from headers of file: /global/home/users/sytoanngo/ONEFlux/data/US-ARc_sample_output/99_fluxnet2015/FLX_US-ARc_FLUXNET2015_FULLSET_YY_2005-2006_beta-5.csv [oneflux.pipeline.common]
2025-06-13 08:05:25.790 [INFO    ] Variable 'NEE_CUT_75_QC' might be missing from headers of file: /global/home/users/sytoanngo/ONEFlux/data/US-ARc_sample_output/99_fluxnet2015/FLX_US-ARc_FLUXNET2015_FULLSET_YY_2005-2006_beta-5.csv [oneflux.pipeline.common]
2025-06-13 08:05:25.790 [INFO    ] Variable 'NEE_CUT_84_QC' might be missing from headers of file: /global/home/users/sytoanngo/ONEFlux/data/US-ARc_sample_output/99_fluxnet2015/FLX_US-ARc_FLUXNET2015_FULLSET_YY_2005-2006_beta-5.csv [oneflux.pipeline.common]
2025-06-13 08:05:25.790 [INFO    ] Variable 'NEE_CUT_95_QC' might be missing from headers of file: /global/home/users/sytoanngo/ONEFlux/data/US-ARc_sample_output/99_fluxnet2015/FLX_US-ARc_FLUXNET2015_FULLSET_YY_2005-2006_beta-5.csv [oneflux.pipeline.common]
2025-06-13 08:05:25.790 [INFO    ] Variable 'RECO_NT_CUT_05' might be missing from headers of file: /global/home/users/sytoanngo/ONEFlux/data/US-ARc_sample_output/99_fluxnet2015/FLX_US-ARc_FLUXNET2015_FULLSET_YY_2005-2006_beta-5.csv [oneflux.pipeline.common]
2025-06-13 08:05:25.790 [INFO    ] Variable 'RECO_NT_CUT_16' might be missing from headers of file: /global/home/users/sytoanngo/ONEFlux/data/US-ARc_sample_output/99_fluxnet2015/FLX_US-ARc_FLUXNET2015_FULLSET_YY_2005-2006_beta-5.csv [oneflux.pipeline.common]
2025-06-13 08:05:25.790 [INFO    ] Variable 'RECO_NT_CUT_25' might be missing from headers of file: /global/home/users/sytoanngo/ONEFlux/data/US-ARc_sample_output/99_fluxnet2015/FLX_US-ARc_FLUXNET2015_FULLSET_YY_2005-2006_beta-5.csv [oneflux.pipeline.common]
2025-06-13 08:05:25.790 [INFO    ] Variable 'RECO_NT_CUT_50' might be missing from headers of file: /global/home/users/sytoanngo/ONEFlux/data/US-ARc_sample_output/99_fluxnet2015/FLX_US-ARc_FLUXNET2015_FULLSET_YY_2005-2006_beta-5.csv [oneflux.pipeline.common]
2025-06-13 08:05:25.790 [INFO    ] Variable 'RECO_NT_CUT_75' might be missing from headers of file: /global/home/users/sytoanngo/ONEFlux/data/US-ARc_sample_output/99_fluxnet2015/FLX_US-ARc_FLUXNET2015_FULLSET_YY_2005-2006_beta-5.csv [oneflux.pipeline.common]
2025-06-13 08:05:25.790 [INFO    ] Variable 'RECO_NT_CUT_84' might be missing from headers of file: /global/home/users/sytoanngo/ONEFlux/data/US-ARc_sample_output/99_fluxnet2015/FLX_US-ARc_FLUXNET2015_FULLSET_YY_2005-2006_beta-5.csv [oneflux.pipeline.common]
2025-06-13 08:05:25.790 [INFO    ] Variable 'RECO_NT_CUT_95' might be missing from headers of file: /global/home/users/sytoanngo/ONEFlux/data/US-ARc_sample_output/99_fluxnet2015/FLX_US-ARc_FLUXNET2015_FULLSET_YY_2005-2006_beta-5.csv [oneflux.pipeline.common]
2025-06-13 08:05:25.790 [INFO    ] Variable 'GPP_NT_CUT_05' might be missing from headers of file: /global/home/users/sytoanngo/ONEFlux/data/US-ARc_sample_output/99_fluxnet2015/FLX_US-ARc_FLUXNET2015_FULLSET_YY_2005-2006_beta-5.csv [oneflux.pipeline.common]
2025-06-13 08:05:25.790 [INFO    ] Variable 'GPP_NT_CUT_16' might be missing from headers of file: /global/home/users/sytoanngo/ONEFlux/data/US-ARc_sample_output/99_fluxnet2015/FLX_US-ARc_FLUXNET2015_FULLSET_YY_2005-2006_beta-5.csv [oneflux.pipeline.common]
2025-06-13 08:05:25.791 [INFO    ] Variable 'GPP_NT_CUT_25' might be missing from headers of file: /global/home/users/sytoanngo/ONEFlux/data/US-ARc_sample_output/99_fluxnet2015/FLX_US-ARc_FLUXNET2015_FULLSET_YY_2005-2006_beta-5.csv [oneflux.pipeline.common]
2025-06-13 08:05:25.791 [INFO    ] Variable 'GPP_NT_CUT_50' might be missing from headers of file: /global/home/users/sytoanngo/ONEFlux/data/US-ARc_sample_output/99_fluxnet2015/FLX_US-ARc_FLUXNET2015_FULLSET_YY_2005-2006_beta-5.csv [oneflux.pipeline.common]
2025-06-13 08:05:25.791 [INFO    ] Variable 'GPP_NT_CUT_75' might be missing from headers of file: /global/home/users/sytoanngo/ONEFlux/data/US-ARc_sample_output/99_fluxnet2015/FLX_US-ARc_FLUXNET2015_FULLSET_YY_2005-2006_beta-5.csv [oneflux.pipeline.common]
2025-06-13 08:05:25.791 [INFO    ] Variable 'GPP_NT_CUT_84' might be missing from headers of file: /global/home/users/sytoanngo/ONEFlux/data/US-ARc_sample_output/99_fluxnet2015/FLX_US-ARc_FLUXNET2015_FULLSET_YY_2005-2006_beta-5.csv [oneflux.pipeline.common]
2025-06-13 08:05:25.791 [INFO    ] Variable 'GPP_NT_CUT_95' might be missing from headers of file: /global/home/users/sytoanngo/ONEFlux/data/US-ARc_sample_output/99_fluxnet2015/FLX_US-ARc_FLUXNET2015_FULLSET_YY_2005-2006_beta-5.csv [oneflux.pipeline.common]
2025-06-13 08:05:25.791 [INFO    ] Variable 'RECO_DT_CUT_05' might be missing from headers of file: /global/home/users/sytoanngo/ONEFlux/data/US-ARc_sample_output/99_fluxnet2015/FLX_US-ARc_FLUXNET2015_FULLSET_YY_2005-2006_beta-5.csv [oneflux.pipeline.common]
2025-06-13 08:05:25.791 [INFO    ] Variable 'RECO_DT_CUT_16' might be missing from headers of file: /global/home/users/sytoanngo/ONEFlux/data/US-ARc_sample_output/99_fluxnet2015/FLX_US-ARc_FLUXNET2015_FULLSET_YY_2005-2006_beta-5.csv [oneflux.pipeline.common]
2025-06-13 08:05:25.791 [INFO    ] Variable 'RECO_DT_CUT_25' might be missing from headers of file: /global/home/users/sytoanngo/ONEFlux/data/US-ARc_sample_output/99_fluxnet2015/FLX_US-ARc_FLUXNET2015_FULLSET_YY_2005-2006_beta-5.csv [oneflux.pipeline.common]
2025-06-13 08:05:25.791 [INFO    ] Variable 'RECO_DT_CUT_50' might be missing from headers of file: /global/home/users/sytoanngo/ONEFlux/data/US-ARc_sample_output/99_fluxnet2015/FLX_US-ARc_FLUXNET2015_FULLSET_YY_2005-2006_beta-5.csv [oneflux.pipeline.common]
2025-06-13 08:05:25.791 [INFO    ] Variable 'RECO_DT_CUT_75' might be missing from headers of file: /global/home/users/sytoanngo/ONEFlux/data/US-ARc_sample_output/99_fluxnet2015/FLX_US-ARc_FLUXNET2015_FULLSET_YY_2005-2006_beta-5.csv [oneflux.pipeline.common]
2025-06-13 08:05:25.791 [INFO    ] Variable 'RECO_DT_CUT_84' might be missing from headers of file: /global/home/users/sytoanngo/ONEFlux/data/US-ARc_sample_output/99_fluxnet2015/FLX_US-ARc_FLUXNET2015_FULLSET_YY_2005-2006_beta-5.csv [oneflux.pipeline.common]
2025-06-13 08:05:25.791 [INFO    ] Variable 'RECO_DT_CUT_95' might be missing from headers of file: /global/home/users/sytoanngo/ONEFlux/data/US-ARc_sample_output/99_fluxnet2015/FLX_US-ARc_FLUXNET2015_FULLSET_YY_2005-2006_beta-5.csv [oneflux.pipeline.common]
2025-06-13 08:05:25.791 [INFO    ] Variable 'GPP_DT_CUT_05' might be missing from headers of file: /global/home/users/sytoanngo/ONEFlux/data/US-ARc_sample_output/99_fluxnet2015/FLX_US-ARc_FLUXNET2015_FULLSET_YY_2005-2006_beta-5.csv [oneflux.pipeline.common]
2025-06-13 08:05:25.792 [INFO    ] Variable 'GPP_DT_CUT_16' might be missing from headers of file: /global/home/users/sytoanngo/ONEFlux/data/US-ARc_sample_output/99_fluxnet2015/FLX_US-ARc_FLUXNET2015_FULLSET_YY_2005-2006_beta-5.csv [oneflux.pipeline.common]
2025-06-13 08:05:25.792 [INFO    ] Variable 'GPP_DT_CUT_25' might be missing from headers of file: /global/home/users/sytoanngo/ONEFlux/data/US-ARc_sample_output/99_fluxnet2015/FLX_US-ARc_FLUXNET2015_FULLSET_YY_2005-2006_beta-5.csv [oneflux.pipeline.common]
2025-06-13 08:05:25.792 [INFO    ] Variable 'GPP_DT_CUT_50' might be missing from headers of file: /global/home/users/sytoanngo/ONEFlux/data/US-ARc_sample_output/99_fluxnet2015/FLX_US-ARc_FLUXNET2015_FULLSET_YY_2005-2006_beta-5.csv [oneflux.pipeline.common]
2025-06-13 08:05:25.792 [INFO    ] Variable 'GPP_DT_CUT_75' might be missing from headers of file: /global/home/users/sytoanngo/ONEFlux/data/US-ARc_sample_output/99_fluxnet2015/FLX_US-ARc_FLUXNET2015_FULLSET_YY_2005-2006_beta-5.csv [oneflux.pipeline.common]
2025-06-13 08:05:25.792 [INFO    ] Variable 'GPP_DT_CUT_84' might be missing from headers of file: /global/home/users/sytoanngo/ONEFlux/data/US-ARc_sample_output/99_fluxnet2015/FLX_US-ARc_FLUXNET2015_FULLSET_YY_2005-2006_beta-5.csv [oneflux.pipeline.common]
2025-06-13 08:05:25.792 [INFO    ] Variable 'GPP_DT_CUT_95' might be missing from headers of file: /global/home/users/sytoanngo/ONEFlux/data/US-ARc_sample_output/99_fluxnet2015/FLX_US-ARc_FLUXNET2015_FULLSET_YY_2005-2006_beta-5.csv [oneflux.pipeline.common]
2025-06-13 08:05:25.792 [INFO    ] Variable 'PPFD_DIF' might be missing from headers of file: /global/home/users/sytoanngo/ONEFlux/data/US-ARc_sample_output/99_fluxnet2015/FLX_US-ARc_FLUXNET2015_FULLSET_YY_2005-2006_beta-5.csv [oneflux.pipeline.common]
2025-06-13 08:05:25.793 [INFO    ] Variable 'PPFD_DIF_QC' might be missing from headers of file: /global/home/users/sytoanngo/ONEFlux/data/US-ARc_sample_output/99_fluxnet2015/FLX_US-ARc_FLUXNET2015_FULLSET_YY_2005-2006_beta-5.csv [oneflux.pipeline.common]
2025-06-13 08:05:25.793 [INFO    ] Variable 'PPFD_OUT' might be missing from headers of file: /global/home/users/sytoanngo/ONEFlux/data/US-ARc_sample_output/99_fluxnet2015/FLX_US-ARc_FLUXNET2015_FULLSET_YY_2005-2006_beta-5.csv [oneflux.pipeline.common]
2025-06-13 08:05:25.793 [INFO    ] Variable 'PPFD_OUT_QC' might be missing from headers of file: /global/home/users/sytoanngo/ONEFlux/data/US-ARc_sample_output/99_fluxnet2015/FLX_US-ARc_FLUXNET2015_FULLSET_YY_2005-2006_beta-5.csv [oneflux.pipeline.common]
2025-06-13 08:05:25.793 [INFO    ] Variable 'SW_DIF' might be missing from headers of file: /global/home/users/sytoanngo/ONEFlux/data/US-ARc_sample_output/99_fluxnet2015/FLX_US-ARc_FLUXNET2015_FULLSET_YY_2005-2006_beta-5.csv [oneflux.pipeline.common]
2025-06-13 08:05:25.793 [INFO    ] Variable 'SW_DIF_QC' might be missing from headers of file: /global/home/users/sytoanngo/ONEFlux/data/US-ARc_sample_output/99_fluxnet2015/FLX_US-ARc_FLUXNET2015_FULLSET_YY_2005-2006_beta-5.csv [oneflux.pipeline.common]
2025-06-13 08:05:25.793 [INFO    ] Variable 'SW_OUT' might be missing from headers of file: /global/home/users/sytoanngo/ONEFlux/data/US-ARc_sample_output/99_fluxnet2015/FLX_US-ARc_FLUXNET2015_FULLSET_YY_2005-2006_beta-5.csv [oneflux.pipeline.common]
2025-06-13 08:05:25.793 [INFO    ] Variable 'SW_OUT_QC' might be missing from headers of file: /global/home/users/sytoanngo/ONEFlux/data/US-ARc_sample_output/99_fluxnet2015/FLX_US-ARc_FLUXNET2015_FULLSET_YY_2005-2006_beta-5.csv [oneflux.pipeline.common]
2025-06-13 08:05:25.793 [INFO    ] Variable 'LW_OUT' might be missing from headers of file: /global/home/users/sytoanngo/ONEFlux/data/US-ARc_sample_output/99_fluxnet2015/FLX_US-ARc_FLUXNET2015_FULLSET_YY_2005-2006_beta-5.csv [oneflux.pipeline.common]
2025-06-13 08:05:25.793 [INFO    ] Variable 'LW_OUT_QC' might be missing from headers of file: /global/home/users/sytoanngo/ONEFlux/data/US-ARc_sample_output/99_fluxnet2015/FLX_US-ARc_FLUXNET2015_FULLSET_YY_2005-2006_beta-5.csv [oneflux.pipeline.common]
2025-06-13 08:05:25.793 [INFO    ] Variable 'PA' might be missing from headers of file: /global/home/users/sytoanngo/ONEFlux/data/US-ARc_sample_output/99_fluxnet2015/FLX_US-ARc_FLUXNET2015_FULLSET_YY_2005-2006_beta-5.csv [oneflux.pipeline.common]
2025-06-13 08:05:25.793 [INFO    ] Variable 'SW_IN_POT' might be missing from headers of file: /global/home/users/sytoanngo/ONEFlux/data/US-ARc_sample_output/99_fluxnet2015/FLX_US-ARc_FLUXNET2015_FULLSET_YY_2005-2006_beta-5.csv [oneflux.pipeline.common]
2025-06-13 08:05:25.793 [INFO    ] Variable 'P' might be missing from headers of file: /global/home/users/sytoanngo/ONEFlux/data/US-ARc_sample_output/99_fluxnet2015/FLX_US-ARc_FLUXNET2015_FULLSET_YY_2005-2006_beta-5.csv [oneflux.pipeline.common]
2025-06-13 08:05:25.794 [INFO    ] Variable 'WS' might be missing from headers of file: /global/home/users/sytoanngo/ONEFlux/data/US-ARc_sample_output/99_fluxnet2015/FLX_US-ARc_FLUXNET2015_FULLSET_YY_2005-2006_beta-5.csv [oneflux.pipeline.common]
2025-06-13 08:05:25.794 [INFO    ] Variable 'WD' might be missing from headers of file: /global/home/users/sytoanngo/ONEFlux/data/US-ARc_sample_output/99_fluxnet2015/FLX_US-ARc_FLUXNET2015_FULLSET_YY_2005-2006_beta-5.csv [oneflux.pipeline.common]
2025-06-13 08:05:25.794 [INFO    ] Variable 'RH' might be missing from headers of file: /global/home/users/sytoanngo/ONEFlux/data/US-ARc_sample_output/99_fluxnet2015/FLX_US-ARc_FLUXNET2015_FULLSET_YY_2005-2006_beta-5.csv [oneflux.pipeline.common]
2025-06-13 08:05:25.794 [INFO    ] Variable 'LE_CORR_25' might be missing from headers of file: /global/home/users/sytoanngo/ONEFlux/data/US-ARc_sample_output/99_fluxnet2015/FLX_US-ARc_FLUXNET2015_FULLSET_YY_2005-2006_beta-5.csv [oneflux.pipeline.common]
2025-06-13 08:05:25.794 [INFO    ] Variable 'LE_CORR_75' might be missing from headers of file: /global/home/users/sytoanngo/ONEFlux/data/US-ARc_sample_output/99_fluxnet2015/FLX_US-ARc_FLUXNET2015_FULLSET_YY_2005-2006_beta-5.csv [oneflux.pipeline.common]
2025-06-13 08:05:25.794 [INFO    ] Variable 'LE_RANDUNC_METHOD' might be missing from headers of file: /global/home/users/sytoanngo/ONEFlux/data/US-ARc_sample_output/99_fluxnet2015/FLX_US-ARc_FLUXNET2015_FULLSET_YY_2005-2006_beta-5.csv [oneflux.pipeline.common]
2025-06-13 08:05:25.794 [INFO    ] Variable 'LE_RANDUNC_N' might be missing from headers of file: /global/home/users/sytoanngo/ONEFlux/data/US-ARc_sample_output/99_fluxnet2015/FLX_US-ARc_FLUXNET2015_FULLSET_YY_2005-2006_beta-5.csv [oneflux.pipeline.common]
2025-06-13 08:05:25.794 [INFO    ] Variable 'LE_CORR_JOINTUNC' might be missing from headers of file: /global/home/users/sytoanngo/ONEFlux/data/US-ARc_sample_output/99_fluxnet2015/FLX_US-ARc_FLUXNET2015_FULLSET_YY_2005-2006_beta-5.csv [oneflux.pipeline.common]
2025-06-13 08:05:25.794 [INFO    ] Variable 'H_CORR_25' might be missing from headers of file: /global/home/users/sytoanngo/ONEFlux/data/US-ARc_sample_output/99_fluxnet2015/FLX_US-ARc_FLUXNET2015_FULLSET_YY_2005-2006_beta-5.csv [oneflux.pipeline.common]
2025-06-13 08:05:25.794 [INFO    ] Variable 'H_CORR_75' might be missing from headers of file: /global/home/users/sytoanngo/ONEFlux/data/US-ARc_sample_output/99_fluxnet2015/FLX_US-ARc_FLUXNET2015_FULLSET_YY_2005-2006_beta-5.csv [oneflux.pipeline.common]
2025-06-13 08:05:25.794 [INFO    ] Variable 'H_RANDUNC_METHOD' might be missing from headers of file: /global/home/users/sytoanngo/ONEFlux/data/US-ARc_sample_output/99_fluxnet2015/FLX_US-ARc_FLUXNET2015_FULLSET_YY_2005-2006_beta-5.csv [oneflux.pipeline.common]
2025-06-13 08:05:25.794 [INFO    ] Variable 'H_RANDUNC_N' might be missing from headers of file: /global/home/users/sytoanngo/ONEFlux/data/US-ARc_sample_output/99_fluxnet2015/FLX_US-ARc_FLUXNET2015_FULLSET_YY_2005-2006_beta-5.csv [oneflux.pipeline.common]
2025-06-13 08:05:25.795 [INFO    ] Variable 'H_CORR_JOINTUNC' might be missing from headers of file: /global/home/users/sytoanngo/ONEFlux/data/US-ARc_sample_output/99_fluxnet2015/FLX_US-ARc_FLUXNET2015_FULLSET_YY_2005-2006_beta-5.csv [oneflux.pipeline.common]
2025-06-13 08:05:25.795 [INFO    ] Variable 'NEE_CUT_REF' might be missing from headers of file: /global/home/users/sytoanngo/ONEFlux/data/US-ARc_sample_output/99_fluxnet2015/FLX_US-ARc_FLUXNET2015_FULLSET_YY_2005-2006_beta-5.csv [oneflux.pipeline.common]
2025-06-13 08:05:25.795 [INFO    ] Variable 'NEE_CUT_REF_QC' might be missing from headers of file: /global/home/users/sytoanngo/ONEFlux/data/US-ARc_sample_output/99_fluxnet2015/FLX_US-ARc_FLUXNET2015_FULLSET_YY_2005-2006_beta-5.csv [oneflux.pipeline.common]
2025-06-13 08:05:25.795 [INFO    ] Variable 'NEE_CUT_REF_RANDUNC' might be missing from headers of file: /global/home/users/sytoanngo/ONEFlux/data/US-ARc_sample_output/99_fluxnet2015/FLX_US-ARc_FLUXNET2015_FULLSET_YY_2005-2006_beta-5.csv [oneflux.pipeline.common]
2025-06-13 08:05:25.795 [INFO    ] Variable 'RECO_NT_CUT_REF' might be missing from headers of file: /global/home/users/sytoanngo/ONEFlux/data/US-ARc_sample_output/99_fluxnet2015/FLX_US-ARc_FLUXNET2015_FULLSET_YY_2005-2006_beta-5.csv [oneflux.pipeline.common]
2025-06-13 08:05:25.795 [INFO    ] Variable 'GPP_NT_CUT_REF' might be missing from headers of file: /global/home/users/sytoanngo/ONEFlux/data/US-ARc_sample_output/99_fluxnet2015/FLX_US-ARc_FLUXNET2015_FULLSET_YY_2005-2006_beta-5.csv [oneflux.pipeline.common]
2025-06-13 08:05:25.795 [INFO    ] Variable 'RECO_DT_CUT_REF' might be missing from headers of file: /global/home/users/sytoanngo/ONEFlux/data/US-ARc_sample_output/99_fluxnet2015/FLX_US-ARc_FLUXNET2015_FULLSET_YY_2005-2006_beta-5.csv [oneflux.pipeline.common]
2025-06-13 08:05:25.795 [INFO    ] Variable 'GPP_DT_CUT_REF' might be missing from headers of file: /global/home/users/sytoanngo/ONEFlux/data/US-ARc_sample_output/99_fluxnet2015/FLX_US-ARc_FLUXNET2015_FULLSET_YY_2005-2006_beta-5.csv [oneflux.pipeline.common]
2025-06-13 08:05:25.795 [INFO    ] Variable 'TS_F_MDS_2' might be missing from headers of file: /global/home/users/sytoanngo/ONEFlux/data/US-ARc_sample_output/99_fluxnet2015/FLX_US-ARc_FLUXNET2015_FULLSET_YY_2005-2006_beta-5.csv [oneflux.pipeline.common]
2025-06-13 08:05:25.795 [INFO    ] Variable 'TS_F_MDS_3' might be missing from headers of file: /global/home/users/sytoanngo/ONEFlux/data/US-ARc_sample_output/99_fluxnet2015/FLX_US-ARc_FLUXNET2015_FULLSET_YY_2005-2006_beta-5.csv [oneflux.pipeline.common]
2025-06-13 08:05:25.795 [INFO    ] Variable 'TS_F_MDS_4' might be missing from headers of file: /global/home/users/sytoanngo/ONEFlux/data/US-ARc_sample_output/99_fluxnet2015/FLX_US-ARc_FLUXNET2015_FULLSET_YY_2005-2006_beta-5.csv [oneflux.pipeline.common]
2025-06-13 08:05:25.795 [INFO    ] Variable 'TS_F_MDS_5' might be missing from headers of file: /global/home/users/sytoanngo/ONEFlux/data/US-ARc_sample_output/99_fluxnet2015/FLX_US-ARc_FLUXNET2015_FULLSET_YY_2005-2006_beta-5.csv [oneflux.pipeline.common]
2025-06-13 08:05:25.796 [INFO    ] Variable 'TS_F_MDS_6' might be missing from headers of file: /global/home/users/sytoanngo/ONEFlux/data/US-ARc_sample_output/99_fluxnet2015/FLX_US-ARc_FLUXNET2015_FULLSET_YY_2005-2006_beta-5.csv [oneflux.pipeline.common]
2025-06-13 08:05:25.796 [INFO    ] Variable 'TS_F_MDS_7' might be missing from headers of file: /global/home/users/sytoanngo/ONEFlux/data/US-ARc_sample_output/99_fluxnet2015/FLX_US-ARc_FLUXNET2015_FULLSET_YY_2005-2006_beta-5.csv [oneflux.pipeline.common]
2025-06-13 08:05:25.796 [INFO    ] Variable 'TS_F_MDS_8' might be missing from headers of file: /global/home/users/sytoanngo/ONEFlux/data/US-ARc_sample_output/99_fluxnet2015/FLX_US-ARc_FLUXNET2015_FULLSET_YY_2005-2006_beta-5.csv [oneflux.pipeline.common]
2025-06-13 08:05:25.796 [INFO    ] Variable 'TS_F_MDS_9' might be missing from headers of file: /global/home/users/sytoanngo/ONEFlux/data/US-ARc_sample_output/99_fluxnet2015/FLX_US-ARc_FLUXNET2015_FULLSET_YY_2005-2006_beta-5.csv [oneflux.pipeline.common]
2025-06-13 08:05:25.796 [INFO    ] Variable 'TS_F_MDS_10' might be missing from headers of file: /global/home/users/sytoanngo/ONEFlux/data/US-ARc_sample_output/99_fluxnet2015/FLX_US-ARc_FLUXNET2015_FULLSET_YY_2005-2006_beta-5.csv [oneflux.pipeline.common]
2025-06-13 08:05:25.796 [INFO    ] Variable 'TS_F_MDS_11' might be missing from headers of file: /global/home/users/sytoanngo/ONEFlux/data/US-ARc_sample_output/99_fluxnet2015/FLX_US-ARc_FLUXNET2015_FULLSET_YY_2005-2006_beta-5.csv [oneflux.pipeline.common]
2025-06-13 08:05:25.796 [INFO    ] Variable 'TS_F_MDS_12' might be missing from headers of file: /global/home/users/sytoanngo/ONEFlux/data/US-ARc_sample_output/99_fluxnet2015/FLX_US-ARc_FLUXNET2015_FULLSET_YY_2005-2006_beta-5.csv [oneflux.pipeline.common]
2025-06-13 08:05:25.796 [INFO    ] Variable 'TS_F_MDS_13' might be missing from headers of file: /global/home/users/sytoanngo/ONEFlux/data/US-ARc_sample_output/99_fluxnet2015/FLX_US-ARc_FLUXNET2015_FULLSET_YY_2005-2006_beta-5.csv [oneflux.pipeline.common]
2025-06-13 08:05:25.796 [INFO    ] Variable 'TS_F_MDS_14' might be missing from headers of file: /global/home/users/sytoanngo/ONEFlux/data/US-ARc_sample_output/99_fluxnet2015/FLX_US-ARc_FLUXNET2015_FULLSET_YY_2005-2006_beta-5.csv [oneflux.pipeline.common]
2025-06-13 08:05:25.796 [INFO    ] Variable 'TS_F_MDS_15' might be missing from headers of file: /global/home/users/sytoanngo/ONEFlux/data/US-ARc_sample_output/99_fluxnet2015/FLX_US-ARc_FLUXNET2015_FULLSET_YY_2005-2006_beta-5.csv [oneflux.pipeline.common]
2025-06-13 08:05:25.796 [INFO    ] Variable 'TS_F_MDS_16' might be missing from headers of file: /global/home/users/sytoanngo/ONEFlux/data/US-ARc_sample_output/99_fluxnet2015/FLX_US-ARc_FLUXNET2015_FULLSET_YY_2005-2006_beta-5.csv [oneflux.pipeline.common]
2025-06-13 08:05:25.796 [INFO    ] Variable 'TS_F_MDS_17' might be missing from headers of file: /global/home/users/sytoanngo/ONEFlux/data/US-ARc_sample_output/99_fluxnet2015/FLX_US-ARc_FLUXNET2015_FULLSET_YY_2005-2006_beta-5.csv [oneflux.pipeline.common]
2025-06-13 08:05:25.797 [INFO    ] Variable 'TS_F_MDS_18' might be missing from headers of file: /global/home/users/sytoanngo/ONEFlux/data/US-ARc_sample_output/99_fluxnet2015/FLX_US-ARc_FLUXNET2015_FULLSET_YY_2005-2006_beta-5.csv [oneflux.pipeline.common]
2025-06-13 08:05:25.797 [INFO    ] Variable 'TS_F_MDS_19' might be missing from headers of file: /global/home/users/sytoanngo/ONEFlux/data/US-ARc_sample_output/99_fluxnet2015/FLX_US-ARc_FLUXNET2015_FULLSET_YY_2005-2006_beta-5.csv [oneflux.pipeline.common]
2025-06-13 08:05:25.797 [INFO    ] Variable 'TS_F_MDS_2_QC' might be missing from headers of file: /global/home/users/sytoanngo/ONEFlux/data/US-ARc_sample_output/99_fluxnet2015/FLX_US-ARc_FLUXNET2015_FULLSET_YY_2005-2006_beta-5.csv [oneflux.pipeline.common]
2025-06-13 08:05:25.797 [INFO    ] Variable 'TS_F_MDS_3_QC' might be missing from headers of file: /global/home/users/sytoanngo/ONEFlux/data/US-ARc_sample_output/99_fluxnet2015/FLX_US-ARc_FLUXNET2015_FULLSET_YY_2005-2006_beta-5.csv [oneflux.pipeline.common]
2025-06-13 08:05:25.797 [INFO    ] Variable 'TS_F_MDS_4_QC' might be missing from headers of file: /global/home/users/sytoanngo/ONEFlux/data/US-ARc_sample_output/99_fluxnet2015/FLX_US-ARc_FLUXNET2015_FULLSET_YY_2005-2006_beta-5.csv [oneflux.pipeline.common]
2025-06-13 08:05:25.797 [INFO    ] Variable 'TS_F_MDS_5_QC' might be missing from headers of file: /global/home/users/sytoanngo/ONEFlux/data/US-ARc_sample_output/99_fluxnet2015/FLX_US-ARc_FLUXNET2015_FULLSET_YY_2005-2006_beta-5.csv [oneflux.pipeline.common]
2025-06-13 08:05:25.797 [INFO    ] Variable 'TS_F_MDS_6_QC' might be missing from headers of file: /global/home/users/sytoanngo/ONEFlux/data/US-ARc_sample_output/99_fluxnet2015/FLX_US-ARc_FLUXNET2015_FULLSET_YY_2005-2006_beta-5.csv [oneflux.pipeline.common]
2025-06-13 08:05:25.797 [INFO    ] Variable 'TS_F_MDS_7_QC' might be missing from headers of file: /global/home/users/sytoanngo/ONEFlux/data/US-ARc_sample_output/99_fluxnet2015/FLX_US-ARc_FLUXNET2015_FULLSET_YY_2005-2006_beta-5.csv [oneflux.pipeline.common]
2025-06-13 08:05:25.797 [INFO    ] Variable 'TS_F_MDS_8_QC' might be missing from headers of file: /global/home/users/sytoanngo/ONEFlux/data/US-ARc_sample_output/99_fluxnet2015/FLX_US-ARc_FLUXNET2015_FULLSET_YY_2005-2006_beta-5.csv [oneflux.pipeline.common]
2025-06-13 08:05:25.797 [INFO    ] Variable 'TS_F_MDS_9_QC' might be missing from headers of file: /global/home/users/sytoanngo/ONEFlux/data/US-ARc_sample_output/99_fluxnet2015/FLX_US-ARc_FLUXNET2015_FULLSET_YY_2005-2006_beta-5.csv [oneflux.pipeline.common]
2025-06-13 08:05:25.797 [INFO    ] Variable 'TS_F_MDS_10_QC' might be missing from headers of file: /global/home/users/sytoanngo/ONEFlux/data/US-ARc_sample_output/99_fluxnet2015/FLX_US-ARc_FLUXNET2015_FULLSET_YY_2005-2006_beta-5.csv [oneflux.pipeline.common]
2025-06-13 08:05:25.797 [INFO    ] Variable 'TS_F_MDS_11_QC' might be missing from headers of file: /global/home/users/sytoanngo/ONEFlux/data/US-ARc_sample_output/99_fluxnet2015/FLX_US-ARc_FLUXNET2015_FULLSET_YY_2005-2006_beta-5.csv [oneflux.pipeline.common]
2025-06-13 08:05:25.798 [INFO    ] Variable 'TS_F_MDS_12_QC' might be missing from headers of file: /global/home/users/sytoanngo/ONEFlux/data/US-ARc_sample_output/99_fluxnet2015/FLX_US-ARc_FLUXNET2015_FULLSET_YY_2005-2006_beta-5.csv [oneflux.pipeline.common]
2025-06-13 08:05:25.798 [INFO    ] Variable 'TS_F_MDS_13_QC' might be missing from headers of file: /global/home/users/sytoanngo/ONEFlux/data/US-ARc_sample_output/99_fluxnet2015/FLX_US-ARc_FLUXNET2015_FULLSET_YY_2005-2006_beta-5.csv [oneflux.pipeline.common]
2025-06-13 08:05:25.798 [INFO    ] Variable 'TS_F_MDS_14_QC' might be missing from headers of file: /global/home/users/sytoanngo/ONEFlux/data/US-ARc_sample_output/99_fluxnet2015/FLX_US-ARc_FLUXNET2015_FULLSET_YY_2005-2006_beta-5.csv [oneflux.pipeline.common]
2025-06-13 08:05:25.798 [INFO    ] Variable 'TS_F_MDS_15_QC' might be missing from headers of file: /global/home/users/sytoanngo/ONEFlux/data/US-ARc_sample_output/99_fluxnet2015/FLX_US-ARc_FLUXNET2015_FULLSET_YY_2005-2006_beta-5.csv [oneflux.pipeline.common]
2025-06-13 08:05:25.798 [INFO    ] Variable 'TS_F_MDS_16_QC' might be missing from headers of file: /global/home/users/sytoanngo/ONEFlux/data/US-ARc_sample_output/99_fluxnet2015/FLX_US-ARc_FLUXNET2015_FULLSET_YY_2005-2006_beta-5.csv [oneflux.pipeline.common]
2025-06-13 08:05:25.798 [INFO    ] Variable 'TS_F_MDS_17_QC' might be missing from headers of file: /global/home/users/sytoanngo/ONEFlux/data/US-ARc_sample_output/99_fluxnet2015/FLX_US-ARc_FLUXNET2015_FULLSET_YY_2005-2006_beta-5.csv [oneflux.pipeline.common]
2025-06-13 08:05:25.798 [INFO    ] Variable 'TS_F_MDS_18_QC' might be missing from headers of file: /global/home/users/sytoanngo/ONEFlux/data/US-ARc_sample_output/99_fluxnet2015/FLX_US-ARc_FLUXNET2015_FULLSET_YY_2005-2006_beta-5.csv [oneflux.pipeline.common]
2025-06-13 08:05:25.798 [INFO    ] Variable 'TS_F_MDS_19_QC' might be missing from headers of file: /global/home/users/sytoanngo/ONEFlux/data/US-ARc_sample_output/99_fluxnet2015/FLX_US-ARc_FLUXNET2015_FULLSET_YY_2005-2006_beta-5.csv [oneflux.pipeline.common]
2025-06-13 08:05:25.798 [INFO    ] Variable 'SWC_F_MDS_2' might be missing from headers of file: /global/home/users/sytoanngo/ONEFlux/data/US-ARc_sample_output/99_fluxnet2015/FLX_US-ARc_FLUXNET2015_FULLSET_YY_2005-2006_beta-5.csv [oneflux.pipeline.common]
2025-06-13 08:05:25.798 [INFO    ] Variable 'SWC_F_MDS_3' might be missing from headers of file: /global/home/users/sytoanngo/ONEFlux/data/US-ARc_sample_output/99_fluxnet2015/FLX_US-ARc_FLUXNET2015_FULLSET_YY_2005-2006_beta-5.csv [oneflux.pipeline.common]
2025-06-13 08:05:25.798 [INFO    ] Variable 'SWC_F_MDS_4' might be missing from headers of file: /global/home/users/sytoanngo/ONEFlux/data/US-ARc_sample_output/99_fluxnet2015/FLX_US-ARc_FLUXNET2015_FULLSET_YY_2005-2006_beta-5.csv [oneflux.pipeline.common]
2025-06-13 08:05:25.798 [INFO    ] Variable 'SWC_F_MDS_5' might be missing from headers of file: /global/home/users/sytoanngo/ONEFlux/data/US-ARc_sample_output/99_fluxnet2015/FLX_US-ARc_FLUXNET2015_FULLSET_YY_2005-2006_beta-5.csv [oneflux.pipeline.common]
2025-06-13 08:05:25.799 [INFO    ] Variable 'SWC_F_MDS_6' might be missing from headers of file: /global/home/users/sytoanngo/ONEFlux/data/US-ARc_sample_output/99_fluxnet2015/FLX_US-ARc_FLUXNET2015_FULLSET_YY_2005-2006_beta-5.csv [oneflux.pipeline.common]
2025-06-13 08:05:25.799 [INFO    ] Variable 'SWC_F_MDS_7' might be missing from headers of file: /global/home/users/sytoanngo/ONEFlux/data/US-ARc_sample_output/99_fluxnet2015/FLX_US-ARc_FLUXNET2015_FULLSET_YY_2005-2006_beta-5.csv [oneflux.pipeline.common]
2025-06-13 08:05:25.799 [INFO    ] Variable 'SWC_F_MDS_8' might be missing from headers of file: /global/home/users/sytoanngo/ONEFlux/data/US-ARc_sample_output/99_fluxnet2015/FLX_US-ARc_FLUXNET2015_FULLSET_YY_2005-2006_beta-5.csv [oneflux.pipeline.common]
2025-06-13 08:05:25.799 [INFO    ] Variable 'SWC_F_MDS_9' might be missing from headers of file: /global/home/users/sytoanngo/ONEFlux/data/US-ARc_sample_output/99_fluxnet2015/FLX_US-ARc_FLUXNET2015_FULLSET_YY_2005-2006_beta-5.csv [oneflux.pipeline.common]
2025-06-13 08:05:25.799 [INFO    ] Variable 'SWC_F_MDS_10' might be missing from headers of file: /global/home/users/sytoanngo/ONEFlux/data/US-ARc_sample_output/99_fluxnet2015/FLX_US-ARc_FLUXNET2015_FULLSET_YY_2005-2006_beta-5.csv [oneflux.pipeline.common]
2025-06-13 08:05:25.799 [INFO    ] Variable 'SWC_F_MDS_11' might be missing from headers of file: /global/home/users/sytoanngo/ONEFlux/data/US-ARc_sample_output/99_fluxnet2015/FLX_US-ARc_FLUXNET2015_FULLSET_YY_2005-2006_beta-5.csv [oneflux.pipeline.common]
2025-06-13 08:05:25.799 [INFO    ] Variable 'SWC_F_MDS_12' might be missing from headers of file: /global/home/users/sytoanngo/ONEFlux/data/US-ARc_sample_output/99_fluxnet2015/FLX_US-ARc_FLUXNET2015_FULLSET_YY_2005-2006_beta-5.csv [oneflux.pipeline.common]
2025-06-13 08:05:25.799 [INFO    ] Variable 'SWC_F_MDS_13' might be missing from headers of file: /global/home/users/sytoanngo/ONEFlux/data/US-ARc_sample_output/99_fluxnet2015/FLX_US-ARc_FLUXNET2015_FULLSET_YY_2005-2006_beta-5.csv [oneflux.pipeline.common]
2025-06-13 08:05:25.799 [INFO    ] Variable 'SWC_F_MDS_14' might be missing from headers of file: /global/home/users/sytoanngo/ONEFlux/data/US-ARc_sample_output/99_fluxnet2015/FLX_US-ARc_FLUXNET2015_FULLSET_YY_2005-2006_beta-5.csv [oneflux.pipeline.common]
2025-06-13 08:05:25.799 [INFO    ] Variable 'SWC_F_MDS_15' might be missing from headers of file: /global/home/users/sytoanngo/ONEFlux/data/US-ARc_sample_output/99_fluxnet2015/FLX_US-ARc_FLUXNET2015_FULLSET_YY_2005-2006_beta-5.csv [oneflux.pipeline.common]
2025-06-13 08:05:25.799 [INFO    ] Variable 'SWC_F_MDS_16' might be missing from headers of file: /global/home/users/sytoanngo/ONEFlux/data/US-ARc_sample_output/99_fluxnet2015/FLX_US-ARc_FLUXNET2015_FULLSET_YY_2005-2006_beta-5.csv [oneflux.pipeline.common]
2025-06-13 08:05:25.799 [INFO    ] Variable 'SWC_F_MDS_17' might be missing from headers of file: /global/home/users/sytoanngo/ONEFlux/data/US-ARc_sample_output/99_fluxnet2015/FLX_US-ARc_FLUXNET2015_FULLSET_YY_2005-2006_beta-5.csv [oneflux.pipeline.common]
2025-06-13 08:05:25.800 [INFO    ] Variable 'SWC_F_MDS_18' might be missing from headers of file: /global/home/users/sytoanngo/ONEFlux/data/US-ARc_sample_output/99_fluxnet2015/FLX_US-ARc_FLUXNET2015_FULLSET_YY_2005-2006_beta-5.csv [oneflux.pipeline.common]
2025-06-13 08:05:25.800 [INFO    ] Variable 'SWC_F_MDS_19' might be missing from headers of file: /global/home/users/sytoanngo/ONEFlux/data/US-ARc_sample_output/99_fluxnet2015/FLX_US-ARc_FLUXNET2015_FULLSET_YY_2005-2006_beta-5.csv [oneflux.pipeline.common]
2025-06-13 08:05:25.800 [INFO    ] Variable 'SWC_F_MDS_2_QC' might be missing from headers of file: /global/home/users/sytoanngo/ONEFlux/data/US-ARc_sample_output/99_fluxnet2015/FLX_US-ARc_FLUXNET2015_FULLSET_YY_2005-2006_beta-5.csv [oneflux.pipeline.common]
2025-06-13 08:05:25.800 [INFO    ] Variable 'SWC_F_MDS_3_QC' might be missing from headers of file: /global/home/users/sytoanngo/ONEFlux/data/US-ARc_sample_output/99_fluxnet2015/FLX_US-ARc_FLUXNET2015_FULLSET_YY_2005-2006_beta-5.csv [oneflux.pipeline.common]
2025-06-13 08:05:25.800 [INFO    ] Variable 'SWC_F_MDS_4_QC' might be missing from headers of file: /global/home/users/sytoanngo/ONEFlux/data/US-ARc_sample_output/99_fluxnet2015/FLX_US-ARc_FLUXNET2015_FULLSET_YY_2005-2006_beta-5.csv [oneflux.pipeline.common]
2025-06-13 08:05:25.800 [INFO    ] Variable 'SWC_F_MDS_5_QC' might be missing from headers of file: /global/home/users/sytoanngo/ONEFlux/data/US-ARc_sample_output/99_fluxnet2015/FLX_US-ARc_FLUXNET2015_FULLSET_YY_2005-2006_beta-5.csv [oneflux.pipeline.common]
2025-06-13 08:05:25.800 [INFO    ] Variable 'SWC_F_MDS_6_QC' might be missing from headers of file: /global/home/users/sytoanngo/ONEFlux/data/US-ARc_sample_output/99_fluxnet2015/FLX_US-ARc_FLUXNET2015_FULLSET_YY_2005-2006_beta-5.csv [oneflux.pipeline.common]
2025-06-13 08:05:25.800 [INFO    ] Variable 'SWC_F_MDS_7_QC' might be missing from headers of file: /global/home/users/sytoanngo/ONEFlux/data/US-ARc_sample_output/99_fluxnet2015/FLX_US-ARc_FLUXNET2015_FULLSET_YY_2005-2006_beta-5.csv [oneflux.pipeline.common]
2025-06-13 08:05:25.800 [INFO    ] Variable 'SWC_F_MDS_8_QC' might be missing from headers of file: /global/home/users/sytoanngo/ONEFlux/data/US-ARc_sample_output/99_fluxnet2015/FLX_US-ARc_FLUXNET2015_FULLSET_YY_2005-2006_beta-5.csv [oneflux.pipeline.common]
2025-06-13 08:05:25.800 [INFO    ] Variable 'SWC_F_MDS_9_QC' might be missing from headers of file: /global/home/users/sytoanngo/ONEFlux/data/US-ARc_sample_output/99_fluxnet2015/FLX_US-ARc_FLUXNET2015_FULLSET_YY_2005-2006_beta-5.csv [oneflux.pipeline.common]
2025-06-13 08:05:25.800 [INFO    ] Variable 'SWC_F_MDS_10_QC' might be missing from headers of file: /global/home/users/sytoanngo/ONEFlux/data/US-ARc_sample_output/99_fluxnet2015/FLX_US-ARc_FLUXNET2015_FULLSET_YY_2005-2006_beta-5.csv [oneflux.pipeline.common]
2025-06-13 08:05:25.800 [INFO    ] Variable 'SWC_F_MDS_11_QC' might be missing from headers of file: /global/home/users/sytoanngo/ONEFlux/data/US-ARc_sample_output/99_fluxnet2015/FLX_US-ARc_FLUXNET2015_FULLSET_YY_2005-2006_beta-5.csv [oneflux.pipeline.common]
2025-06-13 08:05:25.801 [INFO    ] Variable 'SWC_F_MDS_12_QC' might be missing from headers of file: /global/home/users/sytoanngo/ONEFlux/data/US-ARc_sample_output/99_fluxnet2015/FLX_US-ARc_FLUXNET2015_FULLSET_YY_2005-2006_beta-5.csv [oneflux.pipeline.common]
2025-06-13 08:05:25.801 [INFO    ] Variable 'SWC_F_MDS_13_QC' might be missing from headers of file: /global/home/users/sytoanngo/ONEFlux/data/US-ARc_sample_output/99_fluxnet2015/FLX_US-ARc_FLUXNET2015_FULLSET_YY_2005-2006_beta-5.csv [oneflux.pipeline.common]
2025-06-13 08:05:25.801 [INFO    ] Variable 'SWC_F_MDS_14_QC' might be missing from headers of file: /global/home/users/sytoanngo/ONEFlux/data/US-ARc_sample_output/99_fluxnet2015/FLX_US-ARc_FLUXNET2015_FULLSET_YY_2005-2006_beta-5.csv [oneflux.pipeline.common]
2025-06-13 08:05:25.801 [INFO    ] Variable 'SWC_F_MDS_15_QC' might be missing from headers of file: /global/home/users/sytoanngo/ONEFlux/data/US-ARc_sample_output/99_fluxnet2015/FLX_US-ARc_FLUXNET2015_FULLSET_YY_2005-2006_beta-5.csv [oneflux.pipeline.common]
2025-06-13 08:05:25.801 [INFO    ] Variable 'SWC_F_MDS_16_QC' might be missing from headers of file: /global/home/users/sytoanngo/ONEFlux/data/US-ARc_sample_output/99_fluxnet2015/FLX_US-ARc_FLUXNET2015_FULLSET_YY_2005-2006_beta-5.csv [oneflux.pipeline.common]
2025-06-13 08:05:25.801 [INFO    ] Variable 'SWC_F_MDS_17_QC' might be missing from headers of file: /global/home/users/sytoanngo/ONEFlux/data/US-ARc_sample_output/99_fluxnet2015/FLX_US-ARc_FLUXNET2015_FULLSET_YY_2005-2006_beta-5.csv [oneflux.pipeline.common]
2025-06-13 08:05:25.801 [INFO    ] Variable 'SWC_F_MDS_18_QC' might be missing from headers of file: /global/home/users/sytoanngo/ONEFlux/data/US-ARc_sample_output/99_fluxnet2015/FLX_US-ARc_FLUXNET2015_FULLSET_YY_2005-2006_beta-5.csv [oneflux.pipeline.common]
2025-06-13 08:05:25.801 [INFO    ] Variable 'SWC_F_MDS_19_QC' might be missing from headers of file: /global/home/users/sytoanngo/ONEFlux/data/US-ARc_sample_output/99_fluxnet2015/FLX_US-ARc_FLUXNET2015_FULLSET_YY_2005-2006_beta-5.csv [oneflux.pipeline.common]
2025-06-13 08:05:25.801 [INFO    ] Variable 'NEE_CUT_05' might be missing from headers of file: /global/home/users/sytoanngo/ONEFlux/data/US-ARc_sample_output/99_fluxnet2015/FLX_US-ARc_FLUXNET2015_FULLSET_YY_2005-2006_beta-5.csv [oneflux.pipeline.common]
2025-06-13 08:05:25.801 [INFO    ] Variable 'NEE_CUT_16' might be missing from headers of file: /global/home/users/sytoanngo/ONEFlux/data/US-ARc_sample_output/99_fluxnet2015/FLX_US-ARc_FLUXNET2015_FULLSET_YY_2005-2006_beta-5.csv [oneflux.pipeline.common]
2025-06-13 08:05:25.801 [INFO    ] Variable 'NEE_CUT_25' might be missing from headers of file: /global/home/users/sytoanngo/ONEFlux/data/US-ARc_sample_output/99_fluxnet2015/FLX_US-ARc_FLUXNET2015_FULLSET_YY_2005-2006_beta-5.csv [oneflux.pipeline.common]
2025-06-13 08:05:25.801 [INFO    ] Variable 'NEE_CUT_50' might be missing from headers of file: /global/home/users/sytoanngo/ONEFlux/data/US-ARc_sample_output/99_fluxnet2015/FLX_US-ARc_FLUXNET2015_FULLSET_YY_2005-2006_beta-5.csv [oneflux.pipeline.common]
2025-06-13 08:05:25.801 [INFO    ] Variable 'NEE_CUT_75' might be missing from headers of file: /global/home/users/sytoanngo/ONEFlux/data/US-ARc_sample_output/99_fluxnet2015/FLX_US-ARc_FLUXNET2015_FULLSET_YY_2005-2006_beta-5.csv [oneflux.pipeline.common]
2025-06-13 08:05:25.802 [INFO    ] Variable 'NEE_CUT_84' might be missing from headers of file: /global/home/users/sytoanngo/ONEFlux/data/US-ARc_sample_output/99_fluxnet2015/FLX_US-ARc_FLUXNET2015_FULLSET_YY_2005-2006_beta-5.csv [oneflux.pipeline.common]
2025-06-13 08:05:25.802 [INFO    ] Variable 'NEE_CUT_95' might be missing from headers of file: /global/home/users/sytoanngo/ONEFlux/data/US-ARc_sample_output/99_fluxnet2015/FLX_US-ARc_FLUXNET2015_FULLSET_YY_2005-2006_beta-5.csv [oneflux.pipeline.common]
2025-06-13 08:05:25.802 [INFO    ] Variable 'NEE_CUT_05_QC' might be missing from headers of file: /global/home/users/sytoanngo/ONEFlux/data/US-ARc_sample_output/99_fluxnet2015/FLX_US-ARc_FLUXNET2015_FULLSET_YY_2005-2006_beta-5.csv [oneflux.pipeline.common]
2025-06-13 08:05:25.802 [INFO    ] Variable 'NEE_CUT_16_QC' might be missing from headers of file: /global/home/users/sytoanngo/ONEFlux/data/US-ARc_sample_output/99_fluxnet2015/FLX_US-ARc_FLUXNET2015_FULLSET_YY_2005-2006_beta-5.csv [oneflux.pipeline.common]
2025-06-13 08:05:25.802 [INFO    ] Variable 'NEE_CUT_25_QC' might be missing from headers of file: /global/home/users/sytoanngo/ONEFlux/data/US-ARc_sample_output/99_fluxnet2015/FLX_US-ARc_FLUXNET2015_FULLSET_YY_2005-2006_beta-5.csv [oneflux.pipeline.common]
2025-06-13 08:05:25.802 [INFO    ] Variable 'NEE_CUT_50_QC' might be missing from headers of file: /global/home/users/sytoanngo/ONEFlux/data/US-ARc_sample_output/99_fluxnet2015/FLX_US-ARc_FLUXNET2015_FULLSET_YY_2005-2006_beta-5.csv [oneflux.pipeline.common]
2025-06-13 08:05:25.802 [INFO    ] Variable 'NEE_CUT_75_QC' might be missing from headers of file: /global/home/users/sytoanngo/ONEFlux/data/US-ARc_sample_output/99_fluxnet2015/FLX_US-ARc_FLUXNET2015_FULLSET_YY_2005-2006_beta-5.csv [oneflux.pipeline.common]
2025-06-13 08:05:25.802 [INFO    ] Variable 'NEE_CUT_84_QC' might be missing from headers of file: /global/home/users/sytoanngo/ONEFlux/data/US-ARc_sample_output/99_fluxnet2015/FLX_US-ARc_FLUXNET2015_FULLSET_YY_2005-2006_beta-5.csv [oneflux.pipeline.common]
2025-06-13 08:05:25.802 [INFO    ] Variable 'NEE_CUT_95_QC' might be missing from headers of file: /global/home/users/sytoanngo/ONEFlux/data/US-ARc_sample_output/99_fluxnet2015/FLX_US-ARc_FLUXNET2015_FULLSET_YY_2005-2006_beta-5.csv [oneflux.pipeline.common]
2025-06-13 08:05:25.802 [INFO    ] Variable 'RECO_NT_CUT_05' might be missing from headers of file: /global/home/users/sytoanngo/ONEFlux/data/US-ARc_sample_output/99_fluxnet2015/FLX_US-ARc_FLUXNET2015_FULLSET_YY_2005-2006_beta-5.csv [oneflux.pipeline.common]
2025-06-13 08:05:25.802 [INFO    ] Variable 'RECO_NT_CUT_16' might be missing from headers of file: /global/home/users/sytoanngo/ONEFlux/data/US-ARc_sample_output/99_fluxnet2015/FLX_US-ARc_FLUXNET2015_FULLSET_YY_2005-2006_beta-5.csv [oneflux.pipeline.common]
2025-06-13 08:05:25.802 [INFO    ] Variable 'RECO_NT_CUT_25' might be missing from headers of file: /global/home/users/sytoanngo/ONEFlux/data/US-ARc_sample_output/99_fluxnet2015/FLX_US-ARc_FLUXNET2015_FULLSET_YY_2005-2006_beta-5.csv [oneflux.pipeline.common]
2025-06-13 08:05:25.803 [INFO    ] Variable 'RECO_NT_CUT_50' might be missing from headers of file: /global/home/users/sytoanngo/ONEFlux/data/US-ARc_sample_output/99_fluxnet2015/FLX_US-ARc_FLUXNET2015_FULLSET_YY_2005-2006_beta-5.csv [oneflux.pipeline.common]
2025-06-13 08:05:25.803 [INFO    ] Variable 'RECO_NT_CUT_75' might be missing from headers of file: /global/home/users/sytoanngo/ONEFlux/data/US-ARc_sample_output/99_fluxnet2015/FLX_US-ARc_FLUXNET2015_FULLSET_YY_2005-2006_beta-5.csv [oneflux.pipeline.common]
2025-06-13 08:05:25.803 [INFO    ] Variable 'RECO_NT_CUT_84' might be missing from headers of file: /global/home/users/sytoanngo/ONEFlux/data/US-ARc_sample_output/99_fluxnet2015/FLX_US-ARc_FLUXNET2015_FULLSET_YY_2005-2006_beta-5.csv [oneflux.pipeline.common]
2025-06-13 08:05:25.803 [INFO    ] Variable 'RECO_NT_CUT_95' might be missing from headers of file: /global/home/users/sytoanngo/ONEFlux/data/US-ARc_sample_output/99_fluxnet2015/FLX_US-ARc_FLUXNET2015_FULLSET_YY_2005-2006_beta-5.csv [oneflux.pipeline.common]
2025-06-13 08:05:25.803 [INFO    ] Variable 'GPP_NT_CUT_05' might be missing from headers of file: /global/home/users/sytoanngo/ONEFlux/data/US-ARc_sample_output/99_fluxnet2015/FLX_US-ARc_FLUXNET2015_FULLSET_YY_2005-2006_beta-5.csv [oneflux.pipeline.common]
2025-06-13 08:05:25.803 [INFO    ] Variable 'GPP_NT_CUT_16' might be missing from headers of file: /global/home/users/sytoanngo/ONEFlux/data/US-ARc_sample_output/99_fluxnet2015/FLX_US-ARc_FLUXNET2015_FULLSET_YY_2005-2006_beta-5.csv [oneflux.pipeline.common]
2025-06-13 08:05:25.803 [INFO    ] Variable 'GPP_NT_CUT_25' might be missing from headers of file: /global/home/users/sytoanngo/ONEFlux/data/US-ARc_sample_output/99_fluxnet2015/FLX_US-ARc_FLUXNET2015_FULLSET_YY_2005-2006_beta-5.csv [oneflux.pipeline.common]
2025-06-13 08:05:25.803 [INFO    ] Variable 'GPP_NT_CUT_50' might be missing from headers of file: /global/home/users/sytoanngo/ONEFlux/data/US-ARc_sample_output/99_fluxnet2015/FLX_US-ARc_FLUXNET2015_FULLSET_YY_2005-2006_beta-5.csv [oneflux.pipeline.common]
2025-06-13 08:05:25.803 [INFO    ] Variable 'GPP_NT_CUT_75' might be missing from headers of file: /global/home/users/sytoanngo/ONEFlux/data/US-ARc_sample_output/99_fluxnet2015/FLX_US-ARc_FLUXNET2015_FULLSET_YY_2005-2006_beta-5.csv [oneflux.pipeline.common]
2025-06-13 08:05:25.803 [INFO    ] Variable 'GPP_NT_CUT_84' might be missing from headers of file: /global/home/users/sytoanngo/ONEFlux/data/US-ARc_sample_output/99_fluxnet2015/FLX_US-ARc_FLUXNET2015_FULLSET_YY_2005-2006_beta-5.csv [oneflux.pipeline.common]
2025-06-13 08:05:25.803 [INFO    ] Variable 'GPP_NT_CUT_95' might be missing from headers of file: /global/home/users/sytoanngo/ONEFlux/data/US-ARc_sample_output/99_fluxnet2015/FLX_US-ARc_FLUXNET2015_FULLSET_YY_2005-2006_beta-5.csv [oneflux.pipeline.common]
2025-06-13 08:05:25.803 [INFO    ] Variable 'RECO_DT_CUT_05' might be missing from headers of file: /global/home/users/sytoanngo/ONEFlux/data/US-ARc_sample_output/99_fluxnet2015/FLX_US-ARc_FLUXNET2015_FULLSET_YY_2005-2006_beta-5.csv [oneflux.pipeline.common]
2025-06-13 08:05:25.804 [INFO    ] Variable 'RECO_DT_CUT_16' might be missing from headers of file: /global/home/users/sytoanngo/ONEFlux/data/US-ARc_sample_output/99_fluxnet2015/FLX_US-ARc_FLUXNET2015_FULLSET_YY_2005-2006_beta-5.csv [oneflux.pipeline.common]
2025-06-13 08:05:25.804 [INFO    ] Variable 'RECO_DT_CUT_25' might be missing from headers of file: /global/home/users/sytoanngo/ONEFlux/data/US-ARc_sample_output/99_fluxnet2015/FLX_US-ARc_FLUXNET2015_FULLSET_YY_2005-2006_beta-5.csv [oneflux.pipeline.common]
2025-06-13 08:05:25.804 [INFO    ] Variable 'RECO_DT_CUT_50' might be missing from headers of file: /global/home/users/sytoanngo/ONEFlux/data/US-ARc_sample_output/99_fluxnet2015/FLX_US-ARc_FLUXNET2015_FULLSET_YY_2005-2006_beta-5.csv [oneflux.pipeline.common]
2025-06-13 08:05:25.804 [INFO    ] Variable 'RECO_DT_CUT_75' might be missing from headers of file: /global/home/users/sytoanngo/ONEFlux/data/US-ARc_sample_output/99_fluxnet2015/FLX_US-ARc_FLUXNET2015_FULLSET_YY_2005-2006_beta-5.csv [oneflux.pipeline.common]
2025-06-13 08:05:25.804 [INFO    ] Variable 'RECO_DT_CUT_84' might be missing from headers of file: /global/home/users/sytoanngo/ONEFlux/data/US-ARc_sample_output/99_fluxnet2015/FLX_US-ARc_FLUXNET2015_FULLSET_YY_2005-2006_beta-5.csv [oneflux.pipeline.common]
2025-06-13 08:05:25.804 [INFO    ] Variable 'RECO_DT_CUT_95' might be missing from headers of file: /global/home/users/sytoanngo/ONEFlux/data/US-ARc_sample_output/99_fluxnet2015/FLX_US-ARc_FLUXNET2015_FULLSET_YY_2005-2006_beta-5.csv [oneflux.pipeline.common]
2025-06-13 08:05:25.804 [INFO    ] Variable 'GPP_DT_CUT_05' might be missing from headers of file: /global/home/users/sytoanngo/ONEFlux/data/US-ARc_sample_output/99_fluxnet2015/FLX_US-ARc_FLUXNET2015_FULLSET_YY_2005-2006_beta-5.csv [oneflux.pipeline.common]
2025-06-13 08:05:25.804 [INFO    ] Variable 'GPP_DT_CUT_16' might be missing from headers of file: /global/home/users/sytoanngo/ONEFlux/data/US-ARc_sample_output/99_fluxnet2015/FLX_US-ARc_FLUXNET2015_FULLSET_YY_2005-2006_beta-5.csv [oneflux.pipeline.common]
2025-06-13 08:05:25.804 [INFO    ] Variable 'GPP_DT_CUT_25' might be missing from headers of file: /global/home/users/sytoanngo/ONEFlux/data/US-ARc_sample_output/99_fluxnet2015/FLX_US-ARc_FLUXNET2015_FULLSET_YY_2005-2006_beta-5.csv [oneflux.pipeline.common]
2025-06-13 08:05:25.804 [INFO    ] Variable 'GPP_DT_CUT_50' might be missing from headers of file: /global/home/users/sytoanngo/ONEFlux/data/US-ARc_sample_output/99_fluxnet2015/FLX_US-ARc_FLUXNET2015_FULLSET_YY_2005-2006_beta-5.csv [oneflux.pipeline.common]
2025-06-13 08:05:25.804 [INFO    ] Variable 'GPP_DT_CUT_75' might be missing from headers of file: /global/home/users/sytoanngo/ONEFlux/data/US-ARc_sample_output/99_fluxnet2015/FLX_US-ARc_FLUXNET2015_FULLSET_YY_2005-2006_beta-5.csv [oneflux.pipeline.common]
2025-06-13 08:05:25.804 [INFO    ] Variable 'GPP_DT_CUT_84' might be missing from headers of file: /global/home/users/sytoanngo/ONEFlux/data/US-ARc_sample_output/99_fluxnet2015/FLX_US-ARc_FLUXNET2015_FULLSET_YY_2005-2006_beta-5.csv [oneflux.pipeline.common]
2025-06-13 08:05:25.805 [INFO    ] Variable 'GPP_DT_CUT_95' might be missing from headers of file: /global/home/users/sytoanngo/ONEFlux/data/US-ARc_sample_output/99_fluxnet2015/FLX_US-ARc_FLUXNET2015_FULLSET_YY_2005-2006_beta-5.csv [oneflux.pipeline.common]
2025-06-13 08:05:25.805 [INFO    ] Pipeline fluxnet2015 execution finished [oneflux.pipeline.wrappers]
2025-06-13 08:05:25.805 [INFO    ] US-ARc Pipeline run time 0:01:28.391925 (2025-06-13 08:03:57.413278 --- 2025-06-13 08:05:25.805203) [oneflux.pipeline.wrappers]
2025-06-13 08:05:25.810 [INFO    ] US-ARc Pipeline: execution finished [oneflux.pipeline.wrappers]
2025-06-13 08:05:25.810 [INFO    ] Finished processing site dir /global/home/users/sytoanngo/ONEFlux/data/US-ARc_sample_output [oneflux.tools.pipeline]
2025-06-13 08:05:25.810 [INFO    ] Finished execution: all [__main__]
