2025-06-02 20:35:50.538 [INFO    ] Logging started [root]
2025-06-02 20:35:50.539 [DEBUG   ] Using:command (all), data-dir (/pscratch/sd/t/toanngo/ONEFlux/data), site-id (US-ARc), site-dir (US-ARc_sample_output), first-year (2005), last-year (2006), perc (['1.25', '3.75', '6.25', '8.75', '11.25', '13.75', '16.25', '18.75', '21.25', '23.75', '26.25', '28.75', '31.25', '33.75', '36.25', '38.75', '41.25', '43.75', '46.25', '48.75', '51.25', '53.75', '56.25', '58.75', '61.25', '63.75', '66.25', '68.75', '71.25', '73.75', '76.25', '78.75', '81.25', '83.75', '86.25', '88.75', '91.25', '93.75', '96.25', '98.75', '50']), prod (['c', 'y']), log-file (/pscratch/sd/t/toanngo/ONEFlux/5f05eee9-f64d-4e7e-b80c-b22294c5a4dc.log), force-py (False), versionp (6), versiond (beta), era-fy (1989), era-ly (2014) [__main__]
2025-06-02 20:35:50.539 [INFO    ] Starting execution: all [__main__]
2025-06-02 20:35:50.539 [INFO    ] Namespace(command='all', datadir='/pscratch/sd/t/toanngo/ONEFlux/data', erafy=1989, eraly=2014, firstyear=2005, forcepy=False, lastyear=2006, logfile='/pscratch/sd/t/toanngo/ONEFlux/5f05eee9-f64d-4e7e-b80c-b22294c5a4dc.log', mcr_directory='/pscratch/sd/t/toanngo/matlabruntime/v94', perc=None, prod=None, recint='hh', sitedir='US-ARc_sample_output', siteid='US-ARc', timestamp='20250602T203550', versiond='beta', versionp='6') [__main__]
2025-06-02 20:35:50.539 [INFO    ] Started processing site dir US-ARc_sample_output [oneflux.tools.pipeline]
2025-06-02 20:35:50.540 [INFO    ] ONEFlux Pipeline: initialization started [oneflux.pipeline.wrappers]
2025-06-02 20:35:50.551 [DEBUG   ] ONEFlux Pipeline: keyword arguments: {'nee_partition_nt_execute': False, 'energy_proc_execute': False, 'prepare_ure_execute': False, 'perc_to_compare': ['1.25', '3.75', '6.25', '8.75', '11.25', '13.75', '16.25', '18.75', '21.25', '23.75', '26.25', '28.75', '31.25', '33.75', '36.25', '38.75', '41.25', '43.75', '46.25', '48.75', '51.25', '53.75', '56.25', '58.75', '61.25', '63.75', '66.25', '68.75', '71.25', '73.75', '76.25', '78.75', '81.25', '83.75', '86.25', '88.75', '91.25', '93.75', '96.25', '98.75', '50'], 'prod_to_compare': ['c', 'y'], 'fluxnet2015_version_processing': '6', 'data_dir': '/pscratch/sd/t/toanngo/ONEFlux/data/US-ARc_sample_output', 'era_first_timestamp_start': '198901010000', 'era_source_dir': None, 'meteo_proc_execute': False, 'tool_dir': '/global/homes/t/toanngo/bin/oneflux', 'ustar_mp_execute': False, 'fluxnet2015_version_data': 'beta', 'ustar_cp_execute': False, 'nee_proc_execute': False, 'ure_execute': False, 'site_dir': 'US-ARc_sample_output', 'qc_auto_execute': False, 'fluxnet2015_first_t1': 2005, 'fluxnet2015_last_t1': 2006, 'ustar_cp_mcr_dir': '/pscratch/sd/t/toanngo/matlabruntime/v94', 'fluxnet2015_site_plots': True, 'data_dir_main': '/pscratch/sd/t/toanngo/ONEFlux/data', 'record_interval': 'hh', 'meteo_era_execute': False, 'era_last_timestamp_start': '201412312330', 'simulation': False, 'first_year': 2005, 'last_year': 2006, 'nee_partition_dt_execute': False, 'fluxnet2015_execute': True} [oneflux.pipeline.wrappers]
2025-06-02 20:35:50.551 [ERROR   ] Pipeline: unknown config attribute: 'era_first_timestamp_start' [oneflux.pipeline.wrappers]
2025-06-02 20:35:50.552 [ERROR   ] Pipeline: unknown config attribute: 'era_source_dir' [oneflux.pipeline.wrappers]
2025-06-02 20:35:50.552 [ERROR   ] Pipeline: unknown config attribute: 'site_dir' [oneflux.pipeline.wrappers]
2025-06-02 20:35:50.552 [ERROR   ] Pipeline: unknown config attribute: 'era_last_timestamp_start' [oneflux.pipeline.wrappers]
2025-06-02 20:35:50.552 [DEBUG   ] ONEFlux Pipeline: setting up for site 'US-ARc' [oneflux.pipeline.wrappers]
2025-06-02 20:35:50.552 [DEBUG   ] ONEFlux Pipeline: using data dir '/pscratch/sd/t/toanngo/ONEFlux/data/US-ARc_sample_output' [oneflux.pipeline.wrappers]
2025-06-02 20:35:50.552 [DEBUG   ] ONEFlux Pipeline: using ERA dir 'None' [oneflux.pipeline.wrappers]
2025-06-02 20:35:50.552 [DEBUG   ] ONEFlux Pipeline: using tool dir '/global/homes/t/toanngo/bin/oneflux' [oneflux.pipeline.wrappers]
2025-06-02 20:35:50.552 [DEBUG   ] ONEFlux Pipeline: using record interval 'hh' [oneflux.pipeline.wrappers]
2025-06-02 20:35:50.552 [DEBUG   ] ONEFlux Pipeline: using validate on create 'False' [oneflux.pipeline.wrappers]
2025-06-02 20:35:50.552 [DEBUG   ] ONEFlux Pipeline: using simulation 'False' [oneflux.pipeline.wrappers]
2025-06-02 20:35:50.553 [DEBUG   ] ONEFlux Pipeline: using ERA first timestamp start '198901010000' [oneflux.pipeline.wrappers]
2025-06-02 20:35:50.553 [DEBUG   ] ONEFlux Pipeline: using ERA last timestamp start '201412312330' [oneflux.pipeline.wrappers]
2025-06-02 20:35:50.553 [INFO    ] ONEFlux Pipeline: initialization finished [oneflux.pipeline.wrappers]
2025-06-02 20:35:50.553 [INFO    ] US-ARc [oneflux.pipeline.wrappers]
2025-06-02 20:35:50.553 [INFO    ] US-ARc Pipeline: execution started [oneflux.pipeline.wrappers]
2025-06-02 20:35:50.553 [DEBUG   ] Pipeline data directory is '/pscratch/sd/t/toanngo/ONEFlux/data/US-ARc_sample_output' [oneflux.pipeline.common]
2025-06-02 20:35:50.556 [DEBUG   ] Pipeline tool directory is '/global/homes/t/toanngo/bin/oneflux' [oneflux.pipeline.common]
2025-06-02 20:35:50.556 [INFO    ] Pipeline logging started [root]
2025-06-02 20:35:50.557 [INFO    ] Pipeline fluxnet2015 execution started [oneflux.pipeline.wrappers]
2025-06-02 20:35:50.557 [DEBUG   ] Pipeline qc_visual.post_validate directory is '/pscratch/sd/t/toanngo/ONEFlux/data/US-ARc_sample_output/01_qc_visual' [oneflux.pipeline.common]
2025-06-02 20:35:50.558 [DEBUG   ] Pipeline qc_visual.post_validate directory is '/pscratch/sd/t/toanngo/ONEFlux/data/US-ARc_sample_output/01_qc_visual/qcv_files' [oneflux.pipeline.common]
2025-06-02 20:35:50.558 [DEBUG   ] Pipeline qc_visual.post_validate directory is '/pscratch/sd/t/toanngo/ONEFlux/data/US-ARc_sample_output/01_qc_visual/qcv_files' [oneflux.pipeline.common]
2025-06-02 20:35:50.559 [DEBUG   ] Pipeline qc_visual.post_validate in '/pscratch/sd/t/toanngo/ONEFlux/data/US-ARc_sample_output/01_qc_visual/qcv_files' found file pattern 'US-ARc_qcv_????.csv' (2 occurrences): ['US-ARc_qcv_2005.csv', 'US-ARc_qcv_2006.csv'] [oneflux.pipeline.common]
2025-06-02 20:35:50.559 [DEBUG   ] Pipeline meteo_proc.post_validate directory is '/pscratch/sd/t/toanngo/ONEFlux/data/US-ARc_sample_output/07_meteo_proc' [oneflux.pipeline.common]
2025-06-02 20:35:50.560 [DEBUG   ] Pipeline meteo_proc.post_validate file is '/pscratch/sd/t/toanngo/ONEFlux/data/US-ARc_sample_output/07_meteo_proc/US-ARc_meteo_hh.csv' [oneflux.pipeline.common]
2025-06-02 20:35:50.560 [DEBUG   ] Pipeline meteo_proc.post_validate file is '/pscratch/sd/t/toanngo/ONEFlux/data/US-ARc_sample_output/07_meteo_proc/US-ARc_meteo_dd.csv' [oneflux.pipeline.common]
2025-06-02 20:35:50.561 [DEBUG   ] Pipeline meteo_proc.post_validate file is '/pscratch/sd/t/toanngo/ONEFlux/data/US-ARc_sample_output/07_meteo_proc/US-ARc_meteo_ww.csv' [oneflux.pipeline.common]
2025-06-02 20:35:50.561 [DEBUG   ] Pipeline meteo_proc.post_validate file is '/pscratch/sd/t/toanngo/ONEFlux/data/US-ARc_sample_output/07_meteo_proc/US-ARc_meteo_mm.csv' [oneflux.pipeline.common]
2025-06-02 20:35:50.562 [DEBUG   ] Pipeline meteo_proc.post_validate file is '/pscratch/sd/t/toanngo/ONEFlux/data/US-ARc_sample_output/07_meteo_proc/US-ARc_meteo_yy.csv' [oneflux.pipeline.common]
2025-06-02 20:35:50.562 [DEBUG   ] Pipeline meteo_proc.post_validate directory is '/pscratch/sd/t/toanngo/ONEFlux/data/US-ARc_sample_output/07_meteo_proc' [oneflux.pipeline.common]
2025-06-02 20:35:50.563 [DEBUG   ] Pipeline meteo_proc.post_validate in '/pscratch/sd/t/toanngo/ONEFlux/data/US-ARc_sample_output/07_meteo_proc' found file pattern 'report_*.txt' (1 occurrences): ['report_rocky.lbl.gov_run20180903T192021.txt'] [oneflux.pipeline.common]
2025-06-02 20:35:50.563 [DEBUG   ] Pipeline meteo_proc.post_validate file is '/pscratch/sd/t/toanngo/ONEFlux/data/US-ARc_sample_output/07_meteo_proc/US-ARc_meteo_hh_info.txt' [oneflux.pipeline.common]
2025-06-02 20:35:50.564 [DEBUG   ] Pipeline meteo_proc.post_validate file is '/pscratch/sd/t/toanngo/ONEFlux/data/US-ARc_sample_output/07_meteo_proc/US-ARc_meteo_dd_info.txt' [oneflux.pipeline.common]
2025-06-02 20:35:50.564 [DEBUG   ] Pipeline meteo_proc.post_validate file is '/pscratch/sd/t/toanngo/ONEFlux/data/US-ARc_sample_output/07_meteo_proc/US-ARc_meteo_ww_info.txt' [oneflux.pipeline.common]
2025-06-02 20:35:50.564 [DEBUG   ] Pipeline meteo_proc.post_validate file is '/pscratch/sd/t/toanngo/ONEFlux/data/US-ARc_sample_output/07_meteo_proc/US-ARc_meteo_mm_info.txt' [oneflux.pipeline.common]
2025-06-02 20:35:50.565 [DEBUG   ] Pipeline meteo_proc.post_validate file is '/pscratch/sd/t/toanngo/ONEFlux/data/US-ARc_sample_output/07_meteo_proc/US-ARc_meteo_yy_info.txt' [oneflux.pipeline.common]
2025-06-02 20:35:50.565 [DEBUG   ] Pipeline nee_proc.post_validate directory is '/pscratch/sd/t/toanngo/ONEFlux/data/US-ARc_sample_output/08_nee_proc' [oneflux.pipeline.common]
2025-06-02 20:35:50.565 [DEBUG   ] Pipeline nee_proc.post_validate file is '/pscratch/sd/t/toanngo/ONEFlux/data/US-ARc_sample_output/08_nee_proc/US-ARc_NEE_hh.csv' [oneflux.pipeline.common]
2025-06-02 20:35:50.566 [DEBUG   ] Pipeline nee_proc.post_validate file is '/pscratch/sd/t/toanngo/ONEFlux/data/US-ARc_sample_output/08_nee_proc/US-ARc_NEE_dd.csv' [oneflux.pipeline.common]
2025-06-02 20:35:50.566 [DEBUG   ] Pipeline nee_proc.post_validate file is '/pscratch/sd/t/toanngo/ONEFlux/data/US-ARc_sample_output/08_nee_proc/US-ARc_NEE_ww.csv' [oneflux.pipeline.common]
2025-06-02 20:35:50.567 [DEBUG   ] Pipeline nee_proc.post_validate file is '/pscratch/sd/t/toanngo/ONEFlux/data/US-ARc_sample_output/08_nee_proc/US-ARc_NEE_mm.csv' [oneflux.pipeline.common]
2025-06-02 20:35:50.567 [DEBUG   ] Pipeline nee_proc.post_validate file is '/pscratch/sd/t/toanngo/ONEFlux/data/US-ARc_sample_output/08_nee_proc/US-ARc_NEE_yy.csv' [oneflux.pipeline.common]
2025-06-02 20:35:50.567 [DEBUG   ] Pipeline nee_proc.post_validate directory is '/pscratch/sd/t/toanngo/ONEFlux/data/US-ARc_sample_output/08_nee_proc' [oneflux.pipeline.common]
2025-06-02 20:35:50.568 [DEBUG   ] Pipeline nee_proc.post_validate in '/pscratch/sd/t/toanngo/ONEFlux/data/US-ARc_sample_output/08_nee_proc' found file pattern 'report_*.txt' (1 occurrences): ['report_rocky.lbl.gov_run20180903T192021.txt'] [oneflux.pipeline.common]
2025-06-02 20:35:50.569 [DEBUG   ] Pipeline nee_proc.post_validate file is '/pscratch/sd/t/toanngo/ONEFlux/data/US-ARc_sample_output/08_nee_proc/US-ARc_NEE_hh_info.txt' [oneflux.pipeline.common]
2025-06-02 20:35:50.569 [DEBUG   ] Pipeline nee_proc.post_validate file is '/pscratch/sd/t/toanngo/ONEFlux/data/US-ARc_sample_output/08_nee_proc/US-ARc_NEE_ww_info.txt' [oneflux.pipeline.common]
2025-06-02 20:35:50.569 [DEBUG   ] Pipeline nee_proc.post_validate file is '/pscratch/sd/t/toanngo/ONEFlux/data/US-ARc_sample_output/08_nee_proc/US-ARc_NEE_dd_info.txt' [oneflux.pipeline.common]
2025-06-02 20:35:50.570 [DEBUG   ] Pipeline nee_proc.post_validate file is '/pscratch/sd/t/toanngo/ONEFlux/data/US-ARc_sample_output/08_nee_proc/US-ARc_NEE_mm_info.txt' [oneflux.pipeline.common]
2025-06-02 20:35:50.570 [DEBUG   ] Pipeline nee_proc.post_validate file is '/pscratch/sd/t/toanngo/ONEFlux/data/US-ARc_sample_output/08_nee_proc/US-ARc_NEE_yy_info.txt' [oneflux.pipeline.common]
2025-06-02 20:35:50.571 [DEBUG   ] Pipeline nee_proc.post_validate file is '/pscratch/sd/t/toanngo/ONEFlux/data/US-ARc_sample_output/08_nee_proc/US-ARc_USTAR_percentiles_y.csv' [oneflux.pipeline.common]
2025-06-02 20:35:50.571 [DEBUG   ] Pipeline nee_proc.post_validate file is '/pscratch/sd/t/toanngo/ONEFlux/data/US-ARc_sample_output/08_nee_proc/US-ARc_NEE_percentiles_y_hh.csv' [oneflux.pipeline.common]
2025-06-02 20:35:50.571 [WARNING ] Pipeline nee_proc.post_validate file not found '/pscratch/sd/t/toanngo/ONEFlux/data/US-ARc_sample_output/08_nee_proc/US-ARc_NEE_percentiles_y.csv' [oneflux.pipeline.common]
2025-06-02 20:35:50.571 [DEBUG   ] Pipeline nee_proc.post_validate directory is '/pscratch/sd/t/toanngo/ONEFlux/data/US-ARc_sample_output/08_nee_proc' [oneflux.pipeline.common]
2025-06-02 20:35:50.572 [WARNING ] Pipeline nee_proc.post_validate file with pattern 'US-ARc_????_????_USTAR_percentiles_c.csv' not found in '/pscratch/sd/t/toanngo/ONEFlux/data/US-ARc_sample_output/08_nee_proc' [oneflux.pipeline.common]
2025-06-02 20:35:50.572 [WARNING ] Pipeline nee_proc.post_validate file not found '/pscratch/sd/t/toanngo/ONEFlux/data/US-ARc_sample_output/08_nee_proc/US-ARc_NEE_percentiles_c_hh.csv' [oneflux.pipeline.common]
2025-06-02 20:35:50.572 [WARNING ] Pipeline nee_proc.post_validate file not found '/pscratch/sd/t/toanngo/ONEFlux/data/US-ARc_sample_output/08_nee_proc/US-ARc_NEE_percentiles_c.csv' [oneflux.pipeline.common]
2025-06-02 20:35:50.572 [WARNING ] Pipeline nee_proc.post_validate none of the 2 files found in '/pscratch/sd/t/toanngo/ONEFlux/data/US-ARc_sample_output/08_nee_proc' [['US-ARc_NEE_percentiles_c_hh.csv', 'US-ARc_NEE_percentiles_c.csv']] [oneflux.pipeline.common]
2025-06-02 20:35:50.573 [DEBUG   ] Pipeline energy_proc.post_validate directory is '/pscratch/sd/t/toanngo/ONEFlux/data/US-ARc_sample_output/09_energy_proc' [oneflux.pipeline.common]
2025-06-02 20:35:50.573 [DEBUG   ] Pipeline energy_proc.post_validate file is '/pscratch/sd/t/toanngo/ONEFlux/data/US-ARc_sample_output/09_energy_proc/US-ARc_energy_hh_info.txt' [oneflux.pipeline.common]
2025-06-02 20:35:50.574 [DEBUG   ] Pipeline energy_proc.post_validate file is '/pscratch/sd/t/toanngo/ONEFlux/data/US-ARc_sample_output/09_energy_proc/US-ARc_energy_dd_info.txt' [oneflux.pipeline.common]
2025-06-02 20:35:50.574 [DEBUG   ] Pipeline energy_proc.post_validate file is '/pscratch/sd/t/toanngo/ONEFlux/data/US-ARc_sample_output/09_energy_proc/US-ARc_energy_ww_info.txt' [oneflux.pipeline.common]
2025-06-02 20:35:50.574 [DEBUG   ] Pipeline energy_proc.post_validate file is '/pscratch/sd/t/toanngo/ONEFlux/data/US-ARc_sample_output/09_energy_proc/US-ARc_energy_mm_info.txt' [oneflux.pipeline.common]
2025-06-02 20:35:50.575 [DEBUG   ] Pipeline energy_proc.post_validate file is '/pscratch/sd/t/toanngo/ONEFlux/data/US-ARc_sample_output/09_energy_proc/US-ARc_energy_yy_info.txt' [oneflux.pipeline.common]
2025-06-02 20:35:50.575 [DEBUG   ] Pipeline energy_proc.post_validate file is '/pscratch/sd/t/toanngo/ONEFlux/data/US-ARc_sample_output/09_energy_proc/US-ARc_energy_hh.csv' [oneflux.pipeline.common]
2025-06-02 20:35:50.576 [DEBUG   ] Pipeline energy_proc.post_validate file is '/pscratch/sd/t/toanngo/ONEFlux/data/US-ARc_sample_output/09_energy_proc/US-ARc_energy_dd.csv' [oneflux.pipeline.common]
2025-06-02 20:35:50.576 [DEBUG   ] Pipeline energy_proc.post_validate file is '/pscratch/sd/t/toanngo/ONEFlux/data/US-ARc_sample_output/09_energy_proc/US-ARc_energy_ww.csv' [oneflux.pipeline.common]
2025-06-02 20:35:50.576 [DEBUG   ] Pipeline energy_proc.post_validate file is '/pscratch/sd/t/toanngo/ONEFlux/data/US-ARc_sample_output/09_energy_proc/US-ARc_energy_mm.csv' [oneflux.pipeline.common]
2025-06-02 20:35:50.577 [DEBUG   ] Pipeline energy_proc.post_validate file is '/pscratch/sd/t/toanngo/ONEFlux/data/US-ARc_sample_output/09_energy_proc/US-ARc_energy_yy.csv' [oneflux.pipeline.common]
2025-06-02 20:35:50.577 [DEBUG   ] Pipeline energy_proc.post_validate directory is '/pscratch/sd/t/toanngo/ONEFlux/data/US-ARc_sample_output/09_energy_proc' [oneflux.pipeline.common]
2025-06-02 20:35:50.578 [DEBUG   ] Pipeline energy_proc.post_validate in '/pscratch/sd/t/toanngo/ONEFlux/data/US-ARc_sample_output/09_energy_proc' found file pattern 'report_*.txt' (1 occurrences): ['report_rocky.lbl.gov_run20180903T192021.txt'] [oneflux.pipeline.common]
2025-06-02 20:35:50.578 [DEBUG   ] Pipeline ure.post_validate directory is '/pscratch/sd/t/toanngo/ONEFlux/data/US-ARc_sample_output/12_ure' [oneflux.pipeline.common]
2025-06-02 20:35:50.578 [DEBUG   ] Pipeline ure.post_validate file is '/pscratch/sd/t/toanngo/ONEFlux/data/US-ARc_sample_output/12_ure/US-ARc_DT_GPP_dd.csv' [oneflux.pipeline.common]
2025-06-02 20:35:50.579 [DEBUG   ] Pipeline ure.post_validate file is '/pscratch/sd/t/toanngo/ONEFlux/data/US-ARc_sample_output/12_ure/US-ARc_DT_GPP_hh.csv' [oneflux.pipeline.common]
2025-06-02 20:35:50.579 [DEBUG   ] Pipeline ure.post_validate file is '/pscratch/sd/t/toanngo/ONEFlux/data/US-ARc_sample_output/12_ure/US-ARc_DT_GPP_mm.csv' [oneflux.pipeline.common]
2025-06-02 20:35:50.580 [DEBUG   ] Pipeline ure.post_validate file is '/pscratch/sd/t/toanngo/ONEFlux/data/US-ARc_sample_output/12_ure/US-ARc_DT_GPP_ww.csv' [oneflux.pipeline.common]
2025-06-02 20:35:50.580 [DEBUG   ] Pipeline ure.post_validate file is '/pscratch/sd/t/toanngo/ONEFlux/data/US-ARc_sample_output/12_ure/US-ARc_DT_GPP_yy.csv' [oneflux.pipeline.common]
2025-06-02 20:35:50.581 [DEBUG   ] Pipeline ure.post_validate file is '/pscratch/sd/t/toanngo/ONEFlux/data/US-ARc_sample_output/12_ure/US-ARc_DT_RECO_dd.csv' [oneflux.pipeline.common]
2025-06-02 20:35:50.581 [DEBUG   ] Pipeline ure.post_validate file is '/pscratch/sd/t/toanngo/ONEFlux/data/US-ARc_sample_output/12_ure/US-ARc_DT_RECO_hh.csv' [oneflux.pipeline.common]
2025-06-02 20:35:50.581 [DEBUG   ] Pipeline ure.post_validate file is '/pscratch/sd/t/toanngo/ONEFlux/data/US-ARc_sample_output/12_ure/US-ARc_DT_RECO_mm.csv' [oneflux.pipeline.common]
2025-06-02 20:35:50.582 [DEBUG   ] Pipeline ure.post_validate file is '/pscratch/sd/t/toanngo/ONEFlux/data/US-ARc_sample_output/12_ure/US-ARc_DT_RECO_ww.csv' [oneflux.pipeline.common]
2025-06-02 20:35:50.582 [DEBUG   ] Pipeline ure.post_validate file is '/pscratch/sd/t/toanngo/ONEFlux/data/US-ARc_sample_output/12_ure/US-ARc_DT_RECO_yy.csv' [oneflux.pipeline.common]
2025-06-02 20:35:50.583 [DEBUG   ] Pipeline ure.post_validate file is '/pscratch/sd/t/toanngo/ONEFlux/data/US-ARc_sample_output/12_ure/US-ARc_NT_GPP_dd.csv' [oneflux.pipeline.common]
2025-06-02 20:35:50.583 [DEBUG   ] Pipeline ure.post_validate file is '/pscratch/sd/t/toanngo/ONEFlux/data/US-ARc_sample_output/12_ure/US-ARc_NT_GPP_hh.csv' [oneflux.pipeline.common]
2025-06-02 20:35:50.583 [DEBUG   ] Pipeline ure.post_validate file is '/pscratch/sd/t/toanngo/ONEFlux/data/US-ARc_sample_output/12_ure/US-ARc_NT_GPP_mm.csv' [oneflux.pipeline.common]
2025-06-02 20:35:50.584 [DEBUG   ] Pipeline ure.post_validate file is '/pscratch/sd/t/toanngo/ONEFlux/data/US-ARc_sample_output/12_ure/US-ARc_NT_GPP_ww.csv' [oneflux.pipeline.common]
2025-06-02 20:35:50.584 [DEBUG   ] Pipeline ure.post_validate file is '/pscratch/sd/t/toanngo/ONEFlux/data/US-ARc_sample_output/12_ure/US-ARc_NT_GPP_yy.csv' [oneflux.pipeline.common]
2025-06-02 20:35:50.585 [DEBUG   ] Pipeline ure.post_validate file is '/pscratch/sd/t/toanngo/ONEFlux/data/US-ARc_sample_output/12_ure/US-ARc_NT_RECO_dd.csv' [oneflux.pipeline.common]
2025-06-02 20:35:50.585 [DEBUG   ] Pipeline ure.post_validate file is '/pscratch/sd/t/toanngo/ONEFlux/data/US-ARc_sample_output/12_ure/US-ARc_NT_RECO_hh.csv' [oneflux.pipeline.common]
2025-06-02 20:35:50.585 [DEBUG   ] Pipeline ure.post_validate file is '/pscratch/sd/t/toanngo/ONEFlux/data/US-ARc_sample_output/12_ure/US-ARc_NT_RECO_mm.csv' [oneflux.pipeline.common]
2025-06-02 20:35:50.586 [DEBUG   ] Pipeline ure.post_validate file is '/pscratch/sd/t/toanngo/ONEFlux/data/US-ARc_sample_output/12_ure/US-ARc_NT_RECO_ww.csv' [oneflux.pipeline.common]
2025-06-02 20:35:50.586 [DEBUG   ] Pipeline ure.post_validate file is '/pscratch/sd/t/toanngo/ONEFlux/data/US-ARc_sample_output/12_ure/US-ARc_NT_RECO_yy.csv' [oneflux.pipeline.common]
2025-06-02 20:35:50.586 [DEBUG   ] Pipeline ure.post_validate directory is '/pscratch/sd/t/toanngo/ONEFlux/data/US-ARc_sample_output/12_ure' [oneflux.pipeline.common]
2025-06-02 20:35:50.587 [DEBUG   ] Pipeline ure.post_validate in '/pscratch/sd/t/toanngo/ONEFlux/data/US-ARc_sample_output/12_ure' found file pattern 'report_*.txt' (1 occurrences): ['report_rocky.lbl.gov_run20180903T192021.txt'] [oneflux.pipeline.common]
2025-06-02 20:35:50.587 [DEBUG   ] Pipeline ure.post_validate file is '/pscratch/sd/t/toanngo/ONEFlux/data/US-ARc_sample_output/12_ure/US-ARc_DT_GPP_dd_info.txt' [oneflux.pipeline.common]
2025-06-02 20:35:50.588 [DEBUG   ] Pipeline ure.post_validate file is '/pscratch/sd/t/toanngo/ONEFlux/data/US-ARc_sample_output/12_ure/US-ARc_DT_GPP_hh_info.txt' [oneflux.pipeline.common]
2025-06-02 20:35:50.588 [DEBUG   ] Pipeline ure.post_validate file is '/pscratch/sd/t/toanngo/ONEFlux/data/US-ARc_sample_output/12_ure/US-ARc_DT_GPP_mm_info.txt' [oneflux.pipeline.common]
2025-06-02 20:35:50.589 [DEBUG   ] Pipeline ure.post_validate file is '/pscratch/sd/t/toanngo/ONEFlux/data/US-ARc_sample_output/12_ure/US-ARc_DT_GPP_ww_info.txt' [oneflux.pipeline.common]
2025-06-02 20:35:50.589 [DEBUG   ] Pipeline ure.post_validate file is '/pscratch/sd/t/toanngo/ONEFlux/data/US-ARc_sample_output/12_ure/US-ARc_DT_GPP_yy_info.txt' [oneflux.pipeline.common]
2025-06-02 20:35:50.589 [DEBUG   ] Pipeline ure.post_validate file is '/pscratch/sd/t/toanngo/ONEFlux/data/US-ARc_sample_output/12_ure/US-ARc_DT_RECO_dd_info.txt' [oneflux.pipeline.common]
2025-06-02 20:35:50.590 [DEBUG   ] Pipeline ure.post_validate file is '/pscratch/sd/t/toanngo/ONEFlux/data/US-ARc_sample_output/12_ure/US-ARc_DT_RECO_hh_info.txt' [oneflux.pipeline.common]
2025-06-02 20:35:50.590 [DEBUG   ] Pipeline ure.post_validate file is '/pscratch/sd/t/toanngo/ONEFlux/data/US-ARc_sample_output/12_ure/US-ARc_DT_RECO_mm_info.txt' [oneflux.pipeline.common]
2025-06-02 20:35:50.591 [DEBUG   ] Pipeline ure.post_validate file is '/pscratch/sd/t/toanngo/ONEFlux/data/US-ARc_sample_output/12_ure/US-ARc_DT_RECO_ww_info.txt' [oneflux.pipeline.common]
2025-06-02 20:35:50.591 [DEBUG   ] Pipeline ure.post_validate file is '/pscratch/sd/t/toanngo/ONEFlux/data/US-ARc_sample_output/12_ure/US-ARc_DT_RECO_yy_info.txt' [oneflux.pipeline.common]
2025-06-02 20:35:50.591 [DEBUG   ] Pipeline ure.post_validate file is '/pscratch/sd/t/toanngo/ONEFlux/data/US-ARc_sample_output/12_ure/US-ARc_NT_GPP_dd_info.txt' [oneflux.pipeline.common]
2025-06-02 20:35:50.592 [DEBUG   ] Pipeline ure.post_validate file is '/pscratch/sd/t/toanngo/ONEFlux/data/US-ARc_sample_output/12_ure/US-ARc_NT_GPP_hh_info.txt' [oneflux.pipeline.common]
2025-06-02 20:35:50.592 [DEBUG   ] Pipeline ure.post_validate file is '/pscratch/sd/t/toanngo/ONEFlux/data/US-ARc_sample_output/12_ure/US-ARc_NT_GPP_mm_info.txt' [oneflux.pipeline.common]
2025-06-02 20:35:50.592 [DEBUG   ] Pipeline ure.post_validate file is '/pscratch/sd/t/toanngo/ONEFlux/data/US-ARc_sample_output/12_ure/US-ARc_NT_GPP_ww_info.txt' [oneflux.pipeline.common]
2025-06-02 20:35:50.593 [DEBUG   ] Pipeline ure.post_validate file is '/pscratch/sd/t/toanngo/ONEFlux/data/US-ARc_sample_output/12_ure/US-ARc_NT_GPP_yy_info.txt' [oneflux.pipeline.common]
2025-06-02 20:35:50.593 [DEBUG   ] Pipeline ure.post_validate file is '/pscratch/sd/t/toanngo/ONEFlux/data/US-ARc_sample_output/12_ure/US-ARc_NT_RECO_dd_info.txt' [oneflux.pipeline.common]
2025-06-02 20:35:50.593 [DEBUG   ] Pipeline ure.post_validate file is '/pscratch/sd/t/toanngo/ONEFlux/data/US-ARc_sample_output/12_ure/US-ARc_NT_RECO_hh_info.txt' [oneflux.pipeline.common]
2025-06-02 20:35:50.594 [DEBUG   ] Pipeline ure.post_validate file is '/pscratch/sd/t/toanngo/ONEFlux/data/US-ARc_sample_output/12_ure/US-ARc_NT_RECO_mm_info.txt' [oneflux.pipeline.common]
2025-06-02 20:35:50.594 [DEBUG   ] Pipeline ure.post_validate file is '/pscratch/sd/t/toanngo/ONEFlux/data/US-ARc_sample_output/12_ure/US-ARc_NT_RECO_ww_info.txt' [oneflux.pipeline.common]
2025-06-02 20:35:50.595 [DEBUG   ] Pipeline ure.post_validate file is '/pscratch/sd/t/toanngo/ONEFlux/data/US-ARc_sample_output/12_ure/US-ARc_NT_RECO_yy_info.txt' [oneflux.pipeline.common]
2025-06-02 20:35:50.595 [DEBUG   ] Pipeline ure.post_validate directory is '/pscratch/sd/t/toanngo/ONEFlux/data/US-ARc_sample_output/12_ure' [oneflux.pipeline.common]
2025-06-02 20:35:50.595 [WARNING ] Pipeline ure.post_validate file with pattern 'US-ARc_DT_GPP_mef_matrix_dd_c_????_????.csv' not found in '/pscratch/sd/t/toanngo/ONEFlux/data/US-ARc_sample_output/12_ure' [oneflux.pipeline.common]
2025-06-02 20:35:50.595 [DEBUG   ] Pipeline ure.post_validate directory is '/pscratch/sd/t/toanngo/ONEFlux/data/US-ARc_sample_output/12_ure' [oneflux.pipeline.common]
2025-06-02 20:35:50.596 [DEBUG   ] Pipeline ure.post_validate in '/pscratch/sd/t/toanngo/ONEFlux/data/US-ARc_sample_output/12_ure' found file pattern 'US-ARc_DT_GPP_mef_matrix_dd_y_????_????.csv' (1 occurrences): ['US-ARc_DT_GPP_mef_matrix_dd_y_2005_2006.csv'] [oneflux.pipeline.common]
2025-06-02 20:35:50.596 [DEBUG   ] Pipeline ure.post_validate directory is '/pscratch/sd/t/toanngo/ONEFlux/data/US-ARc_sample_output/12_ure' [oneflux.pipeline.common]
2025-06-02 20:35:50.596 [WARNING ] Pipeline ure.post_validate file with pattern 'US-ARc_DT_GPP_mef_matrix_hh_c_????_????.csv' not found in '/pscratch/sd/t/toanngo/ONEFlux/data/US-ARc_sample_output/12_ure' [oneflux.pipeline.common]
2025-06-02 20:35:50.596 [DEBUG   ] Pipeline ure.post_validate directory is '/pscratch/sd/t/toanngo/ONEFlux/data/US-ARc_sample_output/12_ure' [oneflux.pipeline.common]
2025-06-02 20:35:50.597 [DEBUG   ] Pipeline ure.post_validate in '/pscratch/sd/t/toanngo/ONEFlux/data/US-ARc_sample_output/12_ure' found file pattern 'US-ARc_DT_GPP_mef_matrix_hh_y_????_????.csv' (1 occurrences): ['US-ARc_DT_GPP_mef_matrix_hh_y_2005_2006.csv'] [oneflux.pipeline.common]
2025-06-02 20:35:50.597 [DEBUG   ] Pipeline ure.post_validate directory is '/pscratch/sd/t/toanngo/ONEFlux/data/US-ARc_sample_output/12_ure' [oneflux.pipeline.common]
2025-06-02 20:35:50.597 [WARNING ] Pipeline ure.post_validate file with pattern 'US-ARc_DT_GPP_mef_matrix_mm_c_????_????.csv' not found in '/pscratch/sd/t/toanngo/ONEFlux/data/US-ARc_sample_output/12_ure' [oneflux.pipeline.common]
2025-06-02 20:35:50.597 [DEBUG   ] Pipeline ure.post_validate directory is '/pscratch/sd/t/toanngo/ONEFlux/data/US-ARc_sample_output/12_ure' [oneflux.pipeline.common]
2025-06-02 20:35:50.598 [DEBUG   ] Pipeline ure.post_validate in '/pscratch/sd/t/toanngo/ONEFlux/data/US-ARc_sample_output/12_ure' found file pattern 'US-ARc_DT_GPP_mef_matrix_mm_y_????_????.csv' (1 occurrences): ['US-ARc_DT_GPP_mef_matrix_mm_y_2005_2006.csv'] [oneflux.pipeline.common]
2025-06-02 20:35:50.598 [DEBUG   ] Pipeline ure.post_validate directory is '/pscratch/sd/t/toanngo/ONEFlux/data/US-ARc_sample_output/12_ure' [oneflux.pipeline.common]
2025-06-02 20:35:50.598 [WARNING ] Pipeline ure.post_validate file with pattern 'US-ARc_DT_GPP_mef_matrix_ww_c_????_????.csv' not found in '/pscratch/sd/t/toanngo/ONEFlux/data/US-ARc_sample_output/12_ure' [oneflux.pipeline.common]
2025-06-02 20:35:50.598 [DEBUG   ] Pipeline ure.post_validate directory is '/pscratch/sd/t/toanngo/ONEFlux/data/US-ARc_sample_output/12_ure' [oneflux.pipeline.common]
2025-06-02 20:35:50.599 [DEBUG   ] Pipeline ure.post_validate in '/pscratch/sd/t/toanngo/ONEFlux/data/US-ARc_sample_output/12_ure' found file pattern 'US-ARc_DT_GPP_mef_matrix_ww_y_????_????.csv' (1 occurrences): ['US-ARc_DT_GPP_mef_matrix_ww_y_2005_2006.csv'] [oneflux.pipeline.common]
2025-06-02 20:35:50.599 [DEBUG   ] Pipeline ure.post_validate directory is '/pscratch/sd/t/toanngo/ONEFlux/data/US-ARc_sample_output/12_ure' [oneflux.pipeline.common]
2025-06-02 20:35:50.599 [WARNING ] Pipeline ure.post_validate file with pattern 'US-ARc_DT_GPP_mef_matrix_yy_c_????_????.csv' not found in '/pscratch/sd/t/toanngo/ONEFlux/data/US-ARc_sample_output/12_ure' [oneflux.pipeline.common]
2025-06-02 20:35:50.599 [DEBUG   ] Pipeline ure.post_validate directory is '/pscratch/sd/t/toanngo/ONEFlux/data/US-ARc_sample_output/12_ure' [oneflux.pipeline.common]
2025-06-02 20:35:50.600 [DEBUG   ] Pipeline ure.post_validate in '/pscratch/sd/t/toanngo/ONEFlux/data/US-ARc_sample_output/12_ure' found file pattern 'US-ARc_DT_GPP_mef_matrix_yy_y_????_????.csv' (1 occurrences): ['US-ARc_DT_GPP_mef_matrix_yy_y_2005_2006.csv'] [oneflux.pipeline.common]
2025-06-02 20:35:50.600 [DEBUG   ] Pipeline ure.post_validate directory is '/pscratch/sd/t/toanngo/ONEFlux/data/US-ARc_sample_output/12_ure' [oneflux.pipeline.common]
2025-06-02 20:35:50.600 [WARNING ] Pipeline ure.post_validate file with pattern 'US-ARc_DT_RECO_mef_matrix_dd_c_????_????.csv' not found in '/pscratch/sd/t/toanngo/ONEFlux/data/US-ARc_sample_output/12_ure' [oneflux.pipeline.common]
2025-06-02 20:35:50.600 [DEBUG   ] Pipeline ure.post_validate directory is '/pscratch/sd/t/toanngo/ONEFlux/data/US-ARc_sample_output/12_ure' [oneflux.pipeline.common]
2025-06-02 20:35:50.601 [DEBUG   ] Pipeline ure.post_validate in '/pscratch/sd/t/toanngo/ONEFlux/data/US-ARc_sample_output/12_ure' found file pattern 'US-ARc_DT_RECO_mef_matrix_dd_y_????_????.csv' (1 occurrences): ['US-ARc_DT_RECO_mef_matrix_dd_y_2005_2006.csv'] [oneflux.pipeline.common]
2025-06-02 20:35:50.601 [DEBUG   ] Pipeline ure.post_validate directory is '/pscratch/sd/t/toanngo/ONEFlux/data/US-ARc_sample_output/12_ure' [oneflux.pipeline.common]
2025-06-02 20:35:50.601 [WARNING ] Pipeline ure.post_validate file with pattern 'US-ARc_DT_RECO_mef_matrix_hh_c_????_????.csv' not found in '/pscratch/sd/t/toanngo/ONEFlux/data/US-ARc_sample_output/12_ure' [oneflux.pipeline.common]
2025-06-02 20:35:50.601 [DEBUG   ] Pipeline ure.post_validate directory is '/pscratch/sd/t/toanngo/ONEFlux/data/US-ARc_sample_output/12_ure' [oneflux.pipeline.common]
2025-06-02 20:35:50.602 [DEBUG   ] Pipeline ure.post_validate in '/pscratch/sd/t/toanngo/ONEFlux/data/US-ARc_sample_output/12_ure' found file pattern 'US-ARc_DT_RECO_mef_matrix_hh_y_????_????.csv' (1 occurrences): ['US-ARc_DT_RECO_mef_matrix_hh_y_2005_2006.csv'] [oneflux.pipeline.common]
2025-06-02 20:35:50.602 [DEBUG   ] Pipeline ure.post_validate directory is '/pscratch/sd/t/toanngo/ONEFlux/data/US-ARc_sample_output/12_ure' [oneflux.pipeline.common]
2025-06-02 20:35:50.602 [WARNING ] Pipeline ure.post_validate file with pattern 'US-ARc_DT_RECO_mef_matrix_mm_c_????_????.csv' not found in '/pscratch/sd/t/toanngo/ONEFlux/data/US-ARc_sample_output/12_ure' [oneflux.pipeline.common]
2025-06-02 20:35:50.602 [DEBUG   ] Pipeline ure.post_validate directory is '/pscratch/sd/t/toanngo/ONEFlux/data/US-ARc_sample_output/12_ure' [oneflux.pipeline.common]
2025-06-02 20:35:50.603 [DEBUG   ] Pipeline ure.post_validate in '/pscratch/sd/t/toanngo/ONEFlux/data/US-ARc_sample_output/12_ure' found file pattern 'US-ARc_DT_RECO_mef_matrix_mm_y_????_????.csv' (1 occurrences): ['US-ARc_DT_RECO_mef_matrix_mm_y_2005_2006.csv'] [oneflux.pipeline.common]
2025-06-02 20:35:50.603 [DEBUG   ] Pipeline ure.post_validate directory is '/pscratch/sd/t/toanngo/ONEFlux/data/US-ARc_sample_output/12_ure' [oneflux.pipeline.common]
2025-06-02 20:35:50.603 [WARNING ] Pipeline ure.post_validate file with pattern 'US-ARc_DT_RECO_mef_matrix_ww_c_????_????.csv' not found in '/pscratch/sd/t/toanngo/ONEFlux/data/US-ARc_sample_output/12_ure' [oneflux.pipeline.common]
2025-06-02 20:35:50.603 [DEBUG   ] Pipeline ure.post_validate directory is '/pscratch/sd/t/toanngo/ONEFlux/data/US-ARc_sample_output/12_ure' [oneflux.pipeline.common]
2025-06-02 20:35:50.604 [DEBUG   ] Pipeline ure.post_validate in '/pscratch/sd/t/toanngo/ONEFlux/data/US-ARc_sample_output/12_ure' found file pattern 'US-ARc_DT_RECO_mef_matrix_ww_y_????_????.csv' (1 occurrences): ['US-ARc_DT_RECO_mef_matrix_ww_y_2005_2006.csv'] [oneflux.pipeline.common]
2025-06-02 20:35:50.604 [DEBUG   ] Pipeline ure.post_validate directory is '/pscratch/sd/t/toanngo/ONEFlux/data/US-ARc_sample_output/12_ure' [oneflux.pipeline.common]
2025-06-02 20:35:50.604 [WARNING ] Pipeline ure.post_validate file with pattern 'US-ARc_DT_RECO_mef_matrix_yy_c_????_????.csv' not found in '/pscratch/sd/t/toanngo/ONEFlux/data/US-ARc_sample_output/12_ure' [oneflux.pipeline.common]
2025-06-02 20:35:50.604 [DEBUG   ] Pipeline ure.post_validate directory is '/pscratch/sd/t/toanngo/ONEFlux/data/US-ARc_sample_output/12_ure' [oneflux.pipeline.common]
2025-06-02 20:35:50.605 [DEBUG   ] Pipeline ure.post_validate in '/pscratch/sd/t/toanngo/ONEFlux/data/US-ARc_sample_output/12_ure' found file pattern 'US-ARc_DT_RECO_mef_matrix_yy_y_????_????.csv' (1 occurrences): ['US-ARc_DT_RECO_mef_matrix_yy_y_2005_2006.csv'] [oneflux.pipeline.common]
2025-06-02 20:35:50.605 [DEBUG   ] Pipeline ure.post_validate directory is '/pscratch/sd/t/toanngo/ONEFlux/data/US-ARc_sample_output/12_ure' [oneflux.pipeline.common]
2025-06-02 20:35:50.605 [WARNING ] Pipeline ure.post_validate file with pattern 'US-ARc_NT_GPP_mef_matrix_dd_c_????_????.csv' not found in '/pscratch/sd/t/toanngo/ONEFlux/data/US-ARc_sample_output/12_ure' [oneflux.pipeline.common]
2025-06-02 20:35:50.605 [DEBUG   ] Pipeline ure.post_validate directory is '/pscratch/sd/t/toanngo/ONEFlux/data/US-ARc_sample_output/12_ure' [oneflux.pipeline.common]
2025-06-02 20:35:50.606 [DEBUG   ] Pipeline ure.post_validate in '/pscratch/sd/t/toanngo/ONEFlux/data/US-ARc_sample_output/12_ure' found file pattern 'US-ARc_NT_GPP_mef_matrix_dd_y_????_????.csv' (1 occurrences): ['US-ARc_NT_GPP_mef_matrix_dd_y_2005_2006.csv'] [oneflux.pipeline.common]
2025-06-02 20:35:50.606 [DEBUG   ] Pipeline ure.post_validate directory is '/pscratch/sd/t/toanngo/ONEFlux/data/US-ARc_sample_output/12_ure' [oneflux.pipeline.common]
2025-06-02 20:35:50.606 [WARNING ] Pipeline ure.post_validate file with pattern 'US-ARc_NT_GPP_mef_matrix_hh_c_????_????.csv' not found in '/pscratch/sd/t/toanngo/ONEFlux/data/US-ARc_sample_output/12_ure' [oneflux.pipeline.common]
2025-06-02 20:35:50.606 [DEBUG   ] Pipeline ure.post_validate directory is '/pscratch/sd/t/toanngo/ONEFlux/data/US-ARc_sample_output/12_ure' [oneflux.pipeline.common]
2025-06-02 20:35:50.607 [DEBUG   ] Pipeline ure.post_validate in '/pscratch/sd/t/toanngo/ONEFlux/data/US-ARc_sample_output/12_ure' found file pattern 'US-ARc_NT_GPP_mef_matrix_hh_y_????_????.csv' (1 occurrences): ['US-ARc_NT_GPP_mef_matrix_hh_y_2005_2006.csv'] [oneflux.pipeline.common]
2025-06-02 20:35:50.607 [DEBUG   ] Pipeline ure.post_validate directory is '/pscratch/sd/t/toanngo/ONEFlux/data/US-ARc_sample_output/12_ure' [oneflux.pipeline.common]
2025-06-02 20:35:50.607 [WARNING ] Pipeline ure.post_validate file with pattern 'US-ARc_NT_GPP_mef_matrix_mm_c_????_????.csv' not found in '/pscratch/sd/t/toanngo/ONEFlux/data/US-ARc_sample_output/12_ure' [oneflux.pipeline.common]
2025-06-02 20:35:50.607 [DEBUG   ] Pipeline ure.post_validate directory is '/pscratch/sd/t/toanngo/ONEFlux/data/US-ARc_sample_output/12_ure' [oneflux.pipeline.common]
2025-06-02 20:35:50.608 [DEBUG   ] Pipeline ure.post_validate in '/pscratch/sd/t/toanngo/ONEFlux/data/US-ARc_sample_output/12_ure' found file pattern 'US-ARc_NT_GPP_mef_matrix_mm_y_????_????.csv' (1 occurrences): ['US-ARc_NT_GPP_mef_matrix_mm_y_2005_2006.csv'] [oneflux.pipeline.common]
2025-06-02 20:35:50.608 [DEBUG   ] Pipeline ure.post_validate directory is '/pscratch/sd/t/toanngo/ONEFlux/data/US-ARc_sample_output/12_ure' [oneflux.pipeline.common]
2025-06-02 20:35:50.608 [WARNING ] Pipeline ure.post_validate file with pattern 'US-ARc_NT_GPP_mef_matrix_ww_c_????_????.csv' not found in '/pscratch/sd/t/toanngo/ONEFlux/data/US-ARc_sample_output/12_ure' [oneflux.pipeline.common]
2025-06-02 20:35:50.608 [DEBUG   ] Pipeline ure.post_validate directory is '/pscratch/sd/t/toanngo/ONEFlux/data/US-ARc_sample_output/12_ure' [oneflux.pipeline.common]
2025-06-02 20:35:50.609 [DEBUG   ] Pipeline ure.post_validate in '/pscratch/sd/t/toanngo/ONEFlux/data/US-ARc_sample_output/12_ure' found file pattern 'US-ARc_NT_GPP_mef_matrix_ww_y_????_????.csv' (1 occurrences): ['US-ARc_NT_GPP_mef_matrix_ww_y_2005_2006.csv'] [oneflux.pipeline.common]
2025-06-02 20:35:50.609 [DEBUG   ] Pipeline ure.post_validate directory is '/pscratch/sd/t/toanngo/ONEFlux/data/US-ARc_sample_output/12_ure' [oneflux.pipeline.common]
2025-06-02 20:35:50.609 [WARNING ] Pipeline ure.post_validate file with pattern 'US-ARc_NT_GPP_mef_matrix_yy_c_????_????.csv' not found in '/pscratch/sd/t/toanngo/ONEFlux/data/US-ARc_sample_output/12_ure' [oneflux.pipeline.common]
2025-06-02 20:35:50.609 [DEBUG   ] Pipeline ure.post_validate directory is '/pscratch/sd/t/toanngo/ONEFlux/data/US-ARc_sample_output/12_ure' [oneflux.pipeline.common]
2025-06-02 20:35:50.610 [DEBUG   ] Pipeline ure.post_validate in '/pscratch/sd/t/toanngo/ONEFlux/data/US-ARc_sample_output/12_ure' found file pattern 'US-ARc_NT_GPP_mef_matrix_yy_y_????_????.csv' (1 occurrences): ['US-ARc_NT_GPP_mef_matrix_yy_y_2005_2006.csv'] [oneflux.pipeline.common]
2025-06-02 20:35:50.610 [DEBUG   ] Pipeline ure.post_validate directory is '/pscratch/sd/t/toanngo/ONEFlux/data/US-ARc_sample_output/12_ure' [oneflux.pipeline.common]
2025-06-02 20:35:50.610 [WARNING ] Pipeline ure.post_validate file with pattern 'US-ARc_NT_RECO_mef_matrix_dd_c_????_????.csv' not found in '/pscratch/sd/t/toanngo/ONEFlux/data/US-ARc_sample_output/12_ure' [oneflux.pipeline.common]
2025-06-02 20:35:50.610 [DEBUG   ] Pipeline ure.post_validate directory is '/pscratch/sd/t/toanngo/ONEFlux/data/US-ARc_sample_output/12_ure' [oneflux.pipeline.common]
2025-06-02 20:35:50.611 [DEBUG   ] Pipeline ure.post_validate in '/pscratch/sd/t/toanngo/ONEFlux/data/US-ARc_sample_output/12_ure' found file pattern 'US-ARc_NT_RECO_mef_matrix_dd_y_????_????.csv' (1 occurrences): ['US-ARc_NT_RECO_mef_matrix_dd_y_2005_2006.csv'] [oneflux.pipeline.common]
2025-06-02 20:35:50.611 [DEBUG   ] Pipeline ure.post_validate directory is '/pscratch/sd/t/toanngo/ONEFlux/data/US-ARc_sample_output/12_ure' [oneflux.pipeline.common]
2025-06-02 20:35:50.611 [WARNING ] Pipeline ure.post_validate file with pattern 'US-ARc_NT_RECO_mef_matrix_hh_c_????_????.csv' not found in '/pscratch/sd/t/toanngo/ONEFlux/data/US-ARc_sample_output/12_ure' [oneflux.pipeline.common]
2025-06-02 20:35:50.611 [DEBUG   ] Pipeline ure.post_validate directory is '/pscratch/sd/t/toanngo/ONEFlux/data/US-ARc_sample_output/12_ure' [oneflux.pipeline.common]
2025-06-02 20:35:50.612 [DEBUG   ] Pipeline ure.post_validate in '/pscratch/sd/t/toanngo/ONEFlux/data/US-ARc_sample_output/12_ure' found file pattern 'US-ARc_NT_RECO_mef_matrix_hh_y_????_????.csv' (1 occurrences): ['US-ARc_NT_RECO_mef_matrix_hh_y_2005_2006.csv'] [oneflux.pipeline.common]
2025-06-02 20:35:50.612 [DEBUG   ] Pipeline ure.post_validate directory is '/pscratch/sd/t/toanngo/ONEFlux/data/US-ARc_sample_output/12_ure' [oneflux.pipeline.common]
2025-06-02 20:35:50.612 [WARNING ] Pipeline ure.post_validate file with pattern 'US-ARc_NT_RECO_mef_matrix_mm_c_????_????.csv' not found in '/pscratch/sd/t/toanngo/ONEFlux/data/US-ARc_sample_output/12_ure' [oneflux.pipeline.common]
2025-06-02 20:35:50.612 [DEBUG   ] Pipeline ure.post_validate directory is '/pscratch/sd/t/toanngo/ONEFlux/data/US-ARc_sample_output/12_ure' [oneflux.pipeline.common]
2025-06-02 20:35:50.612 [DEBUG   ] Pipeline ure.post_validate in '/pscratch/sd/t/toanngo/ONEFlux/data/US-ARc_sample_output/12_ure' found file pattern 'US-ARc_NT_RECO_mef_matrix_mm_y_????_????.csv' (1 occurrences): ['US-ARc_NT_RECO_mef_matrix_mm_y_2005_2006.csv'] [oneflux.pipeline.common]
2025-06-02 20:35:50.613 [DEBUG   ] Pipeline ure.post_validate directory is '/pscratch/sd/t/toanngo/ONEFlux/data/US-ARc_sample_output/12_ure' [oneflux.pipeline.common]
2025-06-02 20:35:50.613 [WARNING ] Pipeline ure.post_validate file with pattern 'US-ARc_NT_RECO_mef_matrix_ww_c_????_????.csv' not found in '/pscratch/sd/t/toanngo/ONEFlux/data/US-ARc_sample_output/12_ure' [oneflux.pipeline.common]
2025-06-02 20:35:50.613 [DEBUG   ] Pipeline ure.post_validate directory is '/pscratch/sd/t/toanngo/ONEFlux/data/US-ARc_sample_output/12_ure' [oneflux.pipeline.common]
2025-06-02 20:35:50.613 [DEBUG   ] Pipeline ure.post_validate in '/pscratch/sd/t/toanngo/ONEFlux/data/US-ARc_sample_output/12_ure' found file pattern 'US-ARc_NT_RECO_mef_matrix_ww_y_????_????.csv' (1 occurrences): ['US-ARc_NT_RECO_mef_matrix_ww_y_2005_2006.csv'] [oneflux.pipeline.common]
2025-06-02 20:35:50.614 [DEBUG   ] Pipeline ure.post_validate directory is '/pscratch/sd/t/toanngo/ONEFlux/data/US-ARc_sample_output/12_ure' [oneflux.pipeline.common]
2025-06-02 20:35:50.614 [WARNING ] Pipeline ure.post_validate file with pattern 'US-ARc_NT_RECO_mef_matrix_yy_c_????_????.csv' not found in '/pscratch/sd/t/toanngo/ONEFlux/data/US-ARc_sample_output/12_ure' [oneflux.pipeline.common]
2025-06-02 20:35:50.614 [DEBUG   ] Pipeline ure.post_validate directory is '/pscratch/sd/t/toanngo/ONEFlux/data/US-ARc_sample_output/12_ure' [oneflux.pipeline.common]
2025-06-02 20:35:50.614 [DEBUG   ] Pipeline ure.post_validate in '/pscratch/sd/t/toanngo/ONEFlux/data/US-ARc_sample_output/12_ure' found file pattern 'US-ARc_NT_RECO_mef_matrix_yy_y_????_????.csv' (1 occurrences): ['US-ARc_NT_RECO_mef_matrix_yy_y_2005_2006.csv'] [oneflux.pipeline.common]
2025-06-02 20:35:50.616 [DEBUG   ] Pipeline fluxnet2015.run moved directory '/pscratch/sd/t/toanngo/ONEFlux/data/US-ARc_sample_output/99_fluxnet2015' to '/pscratch/sd/t/toanngo/ONEFlux/data/US-ARc_sample_output/99_fluxnet2015__nid007026-hsn0_run20250602T203550' [oneflux.pipeline.common]
2025-06-02 20:35:50.616 [DEBUG   ] Created '/pscratch/sd/t/toanngo/ONEFlux/data/US-ARc_sample_output/99_fluxnet2015' [oneflux.pipeline.common]
2025-06-02 20:35:50.616 [INFO    ] Execution command oneflux.pipeline.site_data_product.run_site [oneflux.pipeline.wrappers]
2025-06-02 20:35:50.617 [DEBUG   ] Processing 'hh' resolution [oneflux.pipeline.site_data_product]
2025-06-02 20:35:50.617 [DEBUG   ] Loading meteo/hh file: /pscratch/sd/t/toanngo/ONEFlux/data/US-ARc_sample_output/07_meteo_proc/US-ARc_meteo_hh.csv [oneflux.pipeline.site_data_product]
2025-06-02 20:36:07.683 [INFO    ] Checking range of values for SWC (US-ARc) [oneflux.pipeline.site_data_product]
2025-06-02 20:36:07.684 [DEBUG   ] Found 1 SWC variables (['SWC_1_f']) for US-ARc, checking ranges [oneflux.pipeline.site_data_product]
2025-06-02 20:36:09.320 [DEBUG   ] SWC variable 'SWC_1_f' stats (US-ARc, 2005): negative_count=0  min=11.57  max=45.191 [oneflux.pipeline.site_data_product]
2025-06-02 20:36:09.415 [DEBUG   ] SWC variable 'SWC_1_f' stats (US-ARc, 2006): negative_count=0  min=10.865  max=34.305 [oneflux.pipeline.site_data_product]
2025-06-02 20:36:10.187 [DEBUG   ] Done with checking SWC vars for US-ARc [oneflux.pipeline.site_data_product]
2025-06-02 20:36:10.188 [DEBUG   ] Loading nee/hh file: /pscratch/sd/t/toanngo/ONEFlux/data/US-ARc_sample_output/08_nee_proc/US-ARc_NEE_hh.csv [oneflux.pipeline.site_data_product]
2025-06-02 20:36:10.970 [DEBUG   ] Loading energy/hh file: /pscratch/sd/t/toanngo/ONEFlux/data/US-ARc_sample_output/09_energy_proc/US-ARc_energy_hh.csv [oneflux.pipeline.site_data_product]
2025-06-02 20:36:11.573 [DEBUG   ] Loading partitioning/hh file: /pscratch/sd/t/toanngo/ONEFlux/data/US-ARc_sample_output/12_ure/US-ARc_DT_RECO_hh.csv [oneflux.pipeline.site_data_product]
2025-06-02 20:36:11.928 [DEBUG   ] Loading partitioning/hh file: /pscratch/sd/t/toanngo/ONEFlux/data/US-ARc_sample_output/12_ure/US-ARc_DT_GPP_hh.csv [oneflux.pipeline.site_data_product]
2025-06-02 20:36:12.247 [DEBUG   ] Loading partitioning/hh file: /pscratch/sd/t/toanngo/ONEFlux/data/US-ARc_sample_output/12_ure/US-ARc_NT_RECO_hh.csv [oneflux.pipeline.site_data_product]
2025-06-02 20:36:12.604 [DEBUG   ] Loading partitioning/hh file: /pscratch/sd/t/toanngo/ONEFlux/data/US-ARc_sample_output/12_ure/US-ARc_NT_GPP_hh.csv [oneflux.pipeline.site_data_product]
2025-06-02 20:36:12.984 [DEBUG   ] Merged UNC headers: ('TIMESTAMP_START', 'TIMESTAMP_END', 'DT_RECO_ref_y', 'DT_RECO_ust50_y', 'DT_RECO_mean_y', 'DT_RECO_SE_y', 'DT_RECO_05_y', 'DT_RECO_16_y', 'DT_RECO_25_y', 'DT_RECO_50_y', 'DT_RECO_75_y', 'DT_RECO_84_y', 'DT_RECO_95_y', 'DT_GPP_ref_y', 'DT_GPP_ust50_y', 'DT_GPP_mean_y', 'DT_GPP_SE_y', 'DT_GPP_05_y', 'DT_GPP_16_y', 'DT_GPP_25_y', 'DT_GPP_50_y', 'DT_GPP_75_y', 'DT_GPP_84_y', 'DT_GPP_95_y', 'NT_RECO_ref_y', 'NT_RECO_ust50_y', 'NT_RECO_mean_y', 'NT_RECO_SE_y', 'NT_RECO_05_y', 'NT_RECO_16_y', 'NT_RECO_25_y', 'NT_RECO_50_y', 'NT_RECO_75_y', 'NT_RECO_84_y', 'NT_RECO_95_y', 'NT_GPP_ref_y', 'NT_GPP_ust50_y', 'NT_GPP_mean_y', 'NT_GPP_SE_y', 'NT_GPP_05_y', 'NT_GPP_16_y', 'NT_GPP_25_y', 'NT_GPP_50_y', 'NT_GPP_75_y', 'NT_GPP_84_y', 'NT_GPP_95_y') [oneflux.pipeline.site_data_product]
2025-06-02 20:36:13.005 [INFO    ] METEO number of records differs from ENERGY, assuming complete meteo and removing extra records [oneflux.pipeline.site_data_product]
2025-06-02 20:36:13.694 [DEBUG   ] Time slice results for 2005-2006: a[280512]=200501010000  a[315551]=200612312330 [oneflux.pipeline.site_data_product]
2025-06-02 20:36:13.697 [DEBUG   ] US-ARc: updating names for meteo data [oneflux.pipeline.site_data_product]
2025-06-02 20:36:13.698 [WARNING ] Unknown variable removed: 'DTIME' [oneflux.pipeline.site_data_product]
2025-06-02 20:36:13.704 [DEBUG   ] US-ARc: updating names for full meteo data [oneflux.pipeline.site_data_product]
2025-06-02 20:36:13.704 [WARNING ] Unknown variable removed: 'DTIME' [oneflux.pipeline.site_data_product]
2025-06-02 20:36:13.780 [DEBUG   ] US-ARc: updating names for energy data [oneflux.pipeline.site_data_product]
2025-06-02 20:36:13.780 [WARNING ] Unknown variable removed: 'DTIME' [oneflux.pipeline.site_data_product]
2025-06-02 20:36:13.784 [DEBUG   ] US-ARc: updating names for nee data [oneflux.pipeline.site_data_product]
2025-06-02 20:36:13.784 [WARNING ] Unknown variable removed: 'DTIME' [oneflux.pipeline.site_data_product]
2025-06-02 20:36:13.790 [DEBUG   ] US-ARc: updating names for unc data [oneflux.pipeline.site_data_product]
2025-06-02 20:36:13.868 [DEBUG   ] Pipeline gen_data_products_site directory is '/pscratch/sd/t/toanngo/ONEFlux/data/US-ARc_sample_output/01_qc_visual/qcv_files' [oneflux.pipeline.common]
2025-06-02 20:36:13.869 [DEBUG   ] Pipeline gen_data_products_site in '/pscratch/sd/t/toanngo/ONEFlux/data/US-ARc_sample_output/01_qc_visual/qcv_files' found file pattern '*_qcv_*.csv' (2 occurrences): ['US-ARc_qcv_2005.csv', 'US-ARc_qcv_2006.csv'] [oneflux.pipeline.common]
2025-06-02 20:36:13.870 [DEBUG   ] Loading qc-data/hh file: /pscratch/sd/t/toanngo/ONEFlux/data/US-ARc_sample_output/01_qc_visual/qcv_files/US-ARc_qcv_2005.csv [oneflux.pipeline.site_data_product]
2025-06-02 20:36:14.133 [DEBUG   ] Loading qc-data/hh file: /pscratch/sd/t/toanngo/ONEFlux/data/US-ARc_sample_output/01_qc_visual/qcv_files/US-ARc_qcv_2006.csv [oneflux.pipeline.site_data_product]
2025-06-02 20:36:14.394 [DEBUG   ] US-ARc: updating names for qc data [oneflux.pipeline.site_data_product]
2025-06-02 20:36:14.394 [WARNING ] Unknown QC variable removed: 'NEE_pi' [oneflux.pipeline.site_data_product]
2025-06-02 20:36:14.440 [DEBUG   ] Aggregating daily DD QC Data [oneflux.pipeline.site_data_product]
2025-06-02 20:36:14.441 [DEBUG   ] Aggregating day 0 [oneflux.pipeline.site_data_product]
2025-06-02 20:36:16.398 [DEBUG   ] Aggregating day 300 [oneflux.pipeline.site_data_product]
2025-06-02 20:36:18.356 [DEBUG   ] Aggregating day 600 [oneflux.pipeline.site_data_product]
2025-06-02 20:36:19.203 [DEBUG   ] Aggregating weekly WW QC Data [oneflux.pipeline.site_data_product]
2025-06-02 20:36:19.213 [DEBUG   ] Aggregating monthly MM QC Data [oneflux.pipeline.site_data_product]
2025-06-02 20:36:19.218 [DEBUG   ] Aggregating yearly YY QC Data [oneflux.pipeline.site_data_product]
2025-06-02 20:36:19.219 [INFO    ] Saving Tier 2 FULLSET CSV file: /pscratch/sd/t/toanngo/ONEFlux/data/US-ARc_sample_output/99_fluxnet2015/FLX_US-ARc_FLUXNET2015_FULLSET_HH_2005-2006_beta-6.csv [oneflux.pipeline.site_data_product]
2025-06-02 20:36:19.245 [DEBUG   ] Writing /pscratch/sd/t/toanngo/ONEFlux/data/US-ARc_sample_output/99_fluxnet2015/FLX_US-ARc_FLUXNET2015_FULLSET_HH_2005-2006_beta-6.csv: line 0 [oneflux.pipeline.site_data_product]
2025-06-02 20:36:19.404 [DEBUG   ] Writing /pscratch/sd/t/toanngo/ONEFlux/data/US-ARc_sample_output/99_fluxnet2015/FLX_US-ARc_FLUXNET2015_FULLSET_HH_2005-2006_beta-6.csv: line 1000 [oneflux.pipeline.site_data_product]
2025-06-02 20:36:19.562 [DEBUG   ] Writing /pscratch/sd/t/toanngo/ONEFlux/data/US-ARc_sample_output/99_fluxnet2015/FLX_US-ARc_FLUXNET2015_FULLSET_HH_2005-2006_beta-6.csv: line 2000 [oneflux.pipeline.site_data_product]
2025-06-02 20:36:19.731 [DEBUG   ] Writing /pscratch/sd/t/toanngo/ONEFlux/data/US-ARc_sample_output/99_fluxnet2015/FLX_US-ARc_FLUXNET2015_FULLSET_HH_2005-2006_beta-6.csv: line 3000 [oneflux.pipeline.site_data_product]
2025-06-02 20:36:19.922 [DEBUG   ] Writing /pscratch/sd/t/toanngo/ONEFlux/data/US-ARc_sample_output/99_fluxnet2015/FLX_US-ARc_FLUXNET2015_FULLSET_HH_2005-2006_beta-6.csv: line 4000 [oneflux.pipeline.site_data_product]
2025-06-02 20:36:20.114 [DEBUG   ] Writing /pscratch/sd/t/toanngo/ONEFlux/data/US-ARc_sample_output/99_fluxnet2015/FLX_US-ARc_FLUXNET2015_FULLSET_HH_2005-2006_beta-6.csv: line 5000 [oneflux.pipeline.site_data_product]
2025-06-02 20:36:20.307 [DEBUG   ] Writing /pscratch/sd/t/toanngo/ONEFlux/data/US-ARc_sample_output/99_fluxnet2015/FLX_US-ARc_FLUXNET2015_FULLSET_HH_2005-2006_beta-6.csv: line 6000 [oneflux.pipeline.site_data_product]
2025-06-02 20:36:20.499 [DEBUG   ] Writing /pscratch/sd/t/toanngo/ONEFlux/data/US-ARc_sample_output/99_fluxnet2015/FLX_US-ARc_FLUXNET2015_FULLSET_HH_2005-2006_beta-6.csv: line 7000 [oneflux.pipeline.site_data_product]
2025-06-02 20:36:20.692 [DEBUG   ] Writing /pscratch/sd/t/toanngo/ONEFlux/data/US-ARc_sample_output/99_fluxnet2015/FLX_US-ARc_FLUXNET2015_FULLSET_HH_2005-2006_beta-6.csv: line 8000 [oneflux.pipeline.site_data_product]
2025-06-02 20:36:20.884 [DEBUG   ] Writing /pscratch/sd/t/toanngo/ONEFlux/data/US-ARc_sample_output/99_fluxnet2015/FLX_US-ARc_FLUXNET2015_FULLSET_HH_2005-2006_beta-6.csv: line 9000 [oneflux.pipeline.site_data_product]
2025-06-02 20:36:21.076 [DEBUG   ] Writing /pscratch/sd/t/toanngo/ONEFlux/data/US-ARc_sample_output/99_fluxnet2015/FLX_US-ARc_FLUXNET2015_FULLSET_HH_2005-2006_beta-6.csv: line 10000 [oneflux.pipeline.site_data_product]
2025-06-02 20:36:21.268 [DEBUG   ] Writing /pscratch/sd/t/toanngo/ONEFlux/data/US-ARc_sample_output/99_fluxnet2015/FLX_US-ARc_FLUXNET2015_FULLSET_HH_2005-2006_beta-6.csv: line 11000 [oneflux.pipeline.site_data_product]
2025-06-02 20:36:21.460 [DEBUG   ] Writing /pscratch/sd/t/toanngo/ONEFlux/data/US-ARc_sample_output/99_fluxnet2015/FLX_US-ARc_FLUXNET2015_FULLSET_HH_2005-2006_beta-6.csv: line 12000 [oneflux.pipeline.site_data_product]
2025-06-02 20:36:21.651 [DEBUG   ] Writing /pscratch/sd/t/toanngo/ONEFlux/data/US-ARc_sample_output/99_fluxnet2015/FLX_US-ARc_FLUXNET2015_FULLSET_HH_2005-2006_beta-6.csv: line 13000 [oneflux.pipeline.site_data_product]
2025-06-02 20:36:21.844 [DEBUG   ] Writing /pscratch/sd/t/toanngo/ONEFlux/data/US-ARc_sample_output/99_fluxnet2015/FLX_US-ARc_FLUXNET2015_FULLSET_HH_2005-2006_beta-6.csv: line 14000 [oneflux.pipeline.site_data_product]
2025-06-02 20:36:22.039 [DEBUG   ] Writing /pscratch/sd/t/toanngo/ONEFlux/data/US-ARc_sample_output/99_fluxnet2015/FLX_US-ARc_FLUXNET2015_FULLSET_HH_2005-2006_beta-6.csv: line 15000 [oneflux.pipeline.site_data_product]
2025-06-02 20:36:22.232 [DEBUG   ] Writing /pscratch/sd/t/toanngo/ONEFlux/data/US-ARc_sample_output/99_fluxnet2015/FLX_US-ARc_FLUXNET2015_FULLSET_HH_2005-2006_beta-6.csv: line 16000 [oneflux.pipeline.site_data_product]
2025-06-02 20:36:22.425 [DEBUG   ] Writing /pscratch/sd/t/toanngo/ONEFlux/data/US-ARc_sample_output/99_fluxnet2015/FLX_US-ARc_FLUXNET2015_FULLSET_HH_2005-2006_beta-6.csv: line 17000 [oneflux.pipeline.site_data_product]
2025-06-02 20:36:22.617 [DEBUG   ] Writing /pscratch/sd/t/toanngo/ONEFlux/data/US-ARc_sample_output/99_fluxnet2015/FLX_US-ARc_FLUXNET2015_FULLSET_HH_2005-2006_beta-6.csv: line 18000 [oneflux.pipeline.site_data_product]
2025-06-02 20:36:22.811 [DEBUG   ] Writing /pscratch/sd/t/toanngo/ONEFlux/data/US-ARc_sample_output/99_fluxnet2015/FLX_US-ARc_FLUXNET2015_FULLSET_HH_2005-2006_beta-6.csv: line 19000 [oneflux.pipeline.site_data_product]
2025-06-02 20:36:23.002 [DEBUG   ] Writing /pscratch/sd/t/toanngo/ONEFlux/data/US-ARc_sample_output/99_fluxnet2015/FLX_US-ARc_FLUXNET2015_FULLSET_HH_2005-2006_beta-6.csv: line 20000 [oneflux.pipeline.site_data_product]
2025-06-02 20:36:23.193 [DEBUG   ] Writing /pscratch/sd/t/toanngo/ONEFlux/data/US-ARc_sample_output/99_fluxnet2015/FLX_US-ARc_FLUXNET2015_FULLSET_HH_2005-2006_beta-6.csv: line 21000 [oneflux.pipeline.site_data_product]
2025-06-02 20:36:23.384 [DEBUG   ] Writing /pscratch/sd/t/toanngo/ONEFlux/data/US-ARc_sample_output/99_fluxnet2015/FLX_US-ARc_FLUXNET2015_FULLSET_HH_2005-2006_beta-6.csv: line 22000 [oneflux.pipeline.site_data_product]
2025-06-02 20:36:23.577 [DEBUG   ] Writing /pscratch/sd/t/toanngo/ONEFlux/data/US-ARc_sample_output/99_fluxnet2015/FLX_US-ARc_FLUXNET2015_FULLSET_HH_2005-2006_beta-6.csv: line 23000 [oneflux.pipeline.site_data_product]
2025-06-02 20:36:23.769 [DEBUG   ] Writing /pscratch/sd/t/toanngo/ONEFlux/data/US-ARc_sample_output/99_fluxnet2015/FLX_US-ARc_FLUXNET2015_FULLSET_HH_2005-2006_beta-6.csv: line 24000 [oneflux.pipeline.site_data_product]
2025-06-02 20:36:23.961 [DEBUG   ] Writing /pscratch/sd/t/toanngo/ONEFlux/data/US-ARc_sample_output/99_fluxnet2015/FLX_US-ARc_FLUXNET2015_FULLSET_HH_2005-2006_beta-6.csv: line 25000 [oneflux.pipeline.site_data_product]
2025-06-02 20:36:24.153 [DEBUG   ] Writing /pscratch/sd/t/toanngo/ONEFlux/data/US-ARc_sample_output/99_fluxnet2015/FLX_US-ARc_FLUXNET2015_FULLSET_HH_2005-2006_beta-6.csv: line 26000 [oneflux.pipeline.site_data_product]
2025-06-02 20:36:24.346 [DEBUG   ] Writing /pscratch/sd/t/toanngo/ONEFlux/data/US-ARc_sample_output/99_fluxnet2015/FLX_US-ARc_FLUXNET2015_FULLSET_HH_2005-2006_beta-6.csv: line 27000 [oneflux.pipeline.site_data_product]
2025-06-02 20:36:24.538 [DEBUG   ] Writing /pscratch/sd/t/toanngo/ONEFlux/data/US-ARc_sample_output/99_fluxnet2015/FLX_US-ARc_FLUXNET2015_FULLSET_HH_2005-2006_beta-6.csv: line 28000 [oneflux.pipeline.site_data_product]
2025-06-02 20:36:24.731 [DEBUG   ] Writing /pscratch/sd/t/toanngo/ONEFlux/data/US-ARc_sample_output/99_fluxnet2015/FLX_US-ARc_FLUXNET2015_FULLSET_HH_2005-2006_beta-6.csv: line 29000 [oneflux.pipeline.site_data_product]
2025-06-02 20:36:24.923 [DEBUG   ] Writing /pscratch/sd/t/toanngo/ONEFlux/data/US-ARc_sample_output/99_fluxnet2015/FLX_US-ARc_FLUXNET2015_FULLSET_HH_2005-2006_beta-6.csv: line 30000 [oneflux.pipeline.site_data_product]
2025-06-02 20:36:25.114 [DEBUG   ] Writing /pscratch/sd/t/toanngo/ONEFlux/data/US-ARc_sample_output/99_fluxnet2015/FLX_US-ARc_FLUXNET2015_FULLSET_HH_2005-2006_beta-6.csv: line 31000 [oneflux.pipeline.site_data_product]
2025-06-02 20:36:25.307 [DEBUG   ] Writing /pscratch/sd/t/toanngo/ONEFlux/data/US-ARc_sample_output/99_fluxnet2015/FLX_US-ARc_FLUXNET2015_FULLSET_HH_2005-2006_beta-6.csv: line 32000 [oneflux.pipeline.site_data_product]
2025-06-02 20:36:25.487 [DEBUG   ] Writing /pscratch/sd/t/toanngo/ONEFlux/data/US-ARc_sample_output/99_fluxnet2015/FLX_US-ARc_FLUXNET2015_FULLSET_HH_2005-2006_beta-6.csv: line 33000 [oneflux.pipeline.site_data_product]
2025-06-02 20:36:25.645 [DEBUG   ] Writing /pscratch/sd/t/toanngo/ONEFlux/data/US-ARc_sample_output/99_fluxnet2015/FLX_US-ARc_FLUXNET2015_FULLSET_HH_2005-2006_beta-6.csv: line 34000 [oneflux.pipeline.site_data_product]
2025-06-02 20:36:25.803 [DEBUG   ] Writing /pscratch/sd/t/toanngo/ONEFlux/data/US-ARc_sample_output/99_fluxnet2015/FLX_US-ARc_FLUXNET2015_FULLSET_HH_2005-2006_beta-6.csv: line 35000 [oneflux.pipeline.site_data_product]
2025-06-02 20:36:25.810 [INFO    ] Tier 1 FULLSET CSV same as Tier 2 (all), reusing file: /pscratch/sd/t/toanngo/ONEFlux/data/US-ARc_sample_output/99_fluxnet2015/FLX_US-ARc_FLUXNET2015_FULLSET_HH_2005-2006_beta-6.csv [oneflux.pipeline.site_data_product]
2025-06-02 20:36:25.811 [INFO    ] Saving ERA-Interim CSV file: /pscratch/sd/t/toanngo/ONEFlux/data/US-ARc_sample_output/99_fluxnet2015/FLX_US-ARc_FLUXNET2015_ERAI_HH_1989-2014_beta-6.csv [oneflux.pipeline.site_data_product]
2025-06-02 20:36:25.845 [DEBUG   ] Writing /pscratch/sd/t/toanngo/ONEFlux/data/US-ARc_sample_output/99_fluxnet2015/FLX_US-ARc_FLUXNET2015_ERAI_HH_1989-2014_beta-6.csv: line 0 [oneflux.pipeline.site_data_product]
2025-06-02 20:36:25.854 [DEBUG   ] Writing /pscratch/sd/t/toanngo/ONEFlux/data/US-ARc_sample_output/99_fluxnet2015/FLX_US-ARc_FLUXNET2015_ERAI_HH_1989-2014_beta-6.csv: line 1000 [oneflux.pipeline.site_data_product]
2025-06-02 20:36:25.862 [DEBUG   ] Writing /pscratch/sd/t/toanngo/ONEFlux/data/US-ARc_sample_output/99_fluxnet2015/FLX_US-ARc_FLUXNET2015_ERAI_HH_1989-2014_beta-6.csv: line 2000 [oneflux.pipeline.site_data_product]
2025-06-02 20:36:25.870 [DEBUG   ] Writing /pscratch/sd/t/toanngo/ONEFlux/data/US-ARc_sample_output/99_fluxnet2015/FLX_US-ARc_FLUXNET2015_ERAI_HH_1989-2014_beta-6.csv: line 3000 [oneflux.pipeline.site_data_product]
2025-06-02 20:36:25.878 [DEBUG   ] Writing /pscratch/sd/t/toanngo/ONEFlux/data/US-ARc_sample_output/99_fluxnet2015/FLX_US-ARc_FLUXNET2015_ERAI_HH_1989-2014_beta-6.csv: line 4000 [oneflux.pipeline.site_data_product]
2025-06-02 20:36:25.886 [DEBUG   ] Writing /pscratch/sd/t/toanngo/ONEFlux/data/US-ARc_sample_output/99_fluxnet2015/FLX_US-ARc_FLUXNET2015_ERAI_HH_1989-2014_beta-6.csv: line 5000 [oneflux.pipeline.site_data_product]
2025-06-02 20:36:25.894 [DEBUG   ] Writing /pscratch/sd/t/toanngo/ONEFlux/data/US-ARc_sample_output/99_fluxnet2015/FLX_US-ARc_FLUXNET2015_ERAI_HH_1989-2014_beta-6.csv: line 6000 [oneflux.pipeline.site_data_product]
2025-06-02 20:36:25.902 [DEBUG   ] Writing /pscratch/sd/t/toanngo/ONEFlux/data/US-ARc_sample_output/99_fluxnet2015/FLX_US-ARc_FLUXNET2015_ERAI_HH_1989-2014_beta-6.csv: line 7000 [oneflux.pipeline.site_data_product]
2025-06-02 20:36:25.910 [DEBUG   ] Writing /pscratch/sd/t/toanngo/ONEFlux/data/US-ARc_sample_output/99_fluxnet2015/FLX_US-ARc_FLUXNET2015_ERAI_HH_1989-2014_beta-6.csv: line 8000 [oneflux.pipeline.site_data_product]
2025-06-02 20:36:25.918 [DEBUG   ] Writing /pscratch/sd/t/toanngo/ONEFlux/data/US-ARc_sample_output/99_fluxnet2015/FLX_US-ARc_FLUXNET2015_ERAI_HH_1989-2014_beta-6.csv: line 9000 [oneflux.pipeline.site_data_product]
2025-06-02 20:36:25.926 [DEBUG   ] Writing /pscratch/sd/t/toanngo/ONEFlux/data/US-ARc_sample_output/99_fluxnet2015/FLX_US-ARc_FLUXNET2015_ERAI_HH_1989-2014_beta-6.csv: line 10000 [oneflux.pipeline.site_data_product]
2025-06-02 20:36:25.933 [DEBUG   ] Writing /pscratch/sd/t/toanngo/ONEFlux/data/US-ARc_sample_output/99_fluxnet2015/FLX_US-ARc_FLUXNET2015_ERAI_HH_1989-2014_beta-6.csv: line 11000 [oneflux.pipeline.site_data_product]
2025-06-02 20:36:25.941 [DEBUG   ] Writing /pscratch/sd/t/toanngo/ONEFlux/data/US-ARc_sample_output/99_fluxnet2015/FLX_US-ARc_FLUXNET2015_ERAI_HH_1989-2014_beta-6.csv: line 12000 [oneflux.pipeline.site_data_product]
2025-06-02 20:36:25.949 [DEBUG   ] Writing /pscratch/sd/t/toanngo/ONEFlux/data/US-ARc_sample_output/99_fluxnet2015/FLX_US-ARc_FLUXNET2015_ERAI_HH_1989-2014_beta-6.csv: line 13000 [oneflux.pipeline.site_data_product]
2025-06-02 20:36:25.957 [DEBUG   ] Writing /pscratch/sd/t/toanngo/ONEFlux/data/US-ARc_sample_output/99_fluxnet2015/FLX_US-ARc_FLUXNET2015_ERAI_HH_1989-2014_beta-6.csv: line 14000 [oneflux.pipeline.site_data_product]
2025-06-02 20:36:25.965 [DEBUG   ] Writing /pscratch/sd/t/toanngo/ONEFlux/data/US-ARc_sample_output/99_fluxnet2015/FLX_US-ARc_FLUXNET2015_ERAI_HH_1989-2014_beta-6.csv: line 15000 [oneflux.pipeline.site_data_product]
2025-06-02 20:36:25.973 [DEBUG   ] Writing /pscratch/sd/t/toanngo/ONEFlux/data/US-ARc_sample_output/99_fluxnet2015/FLX_US-ARc_FLUXNET2015_ERAI_HH_1989-2014_beta-6.csv: line 16000 [oneflux.pipeline.site_data_product]
2025-06-02 20:36:25.981 [DEBUG   ] Writing /pscratch/sd/t/toanngo/ONEFlux/data/US-ARc_sample_output/99_fluxnet2015/FLX_US-ARc_FLUXNET2015_ERAI_HH_1989-2014_beta-6.csv: line 17000 [oneflux.pipeline.site_data_product]
2025-06-02 20:36:25.988 [DEBUG   ] Writing /pscratch/sd/t/toanngo/ONEFlux/data/US-ARc_sample_output/99_fluxnet2015/FLX_US-ARc_FLUXNET2015_ERAI_HH_1989-2014_beta-6.csv: line 18000 [oneflux.pipeline.site_data_product]
2025-06-02 20:36:25.996 [DEBUG   ] Writing /pscratch/sd/t/toanngo/ONEFlux/data/US-ARc_sample_output/99_fluxnet2015/FLX_US-ARc_FLUXNET2015_ERAI_HH_1989-2014_beta-6.csv: line 19000 [oneflux.pipeline.site_data_product]
2025-06-02 20:36:26.004 [DEBUG   ] Writing /pscratch/sd/t/toanngo/ONEFlux/data/US-ARc_sample_output/99_fluxnet2015/FLX_US-ARc_FLUXNET2015_ERAI_HH_1989-2014_beta-6.csv: line 20000 [oneflux.pipeline.site_data_product]
2025-06-02 20:36:26.012 [DEBUG   ] Writing /pscratch/sd/t/toanngo/ONEFlux/data/US-ARc_sample_output/99_fluxnet2015/FLX_US-ARc_FLUXNET2015_ERAI_HH_1989-2014_beta-6.csv: line 21000 [oneflux.pipeline.site_data_product]
2025-06-02 20:36:26.020 [DEBUG   ] Writing /pscratch/sd/t/toanngo/ONEFlux/data/US-ARc_sample_output/99_fluxnet2015/FLX_US-ARc_FLUXNET2015_ERAI_HH_1989-2014_beta-6.csv: line 22000 [oneflux.pipeline.site_data_product]
2025-06-02 20:36:26.028 [DEBUG   ] Writing /pscratch/sd/t/toanngo/ONEFlux/data/US-ARc_sample_output/99_fluxnet2015/FLX_US-ARc_FLUXNET2015_ERAI_HH_1989-2014_beta-6.csv: line 23000 [oneflux.pipeline.site_data_product]
2025-06-02 20:36:26.036 [DEBUG   ] Writing /pscratch/sd/t/toanngo/ONEFlux/data/US-ARc_sample_output/99_fluxnet2015/FLX_US-ARc_FLUXNET2015_ERAI_HH_1989-2014_beta-6.csv: line 24000 [oneflux.pipeline.site_data_product]
2025-06-02 20:36:26.044 [DEBUG   ] Writing /pscratch/sd/t/toanngo/ONEFlux/data/US-ARc_sample_output/99_fluxnet2015/FLX_US-ARc_FLUXNET2015_ERAI_HH_1989-2014_beta-6.csv: line 25000 [oneflux.pipeline.site_data_product]
2025-06-02 20:36:26.052 [DEBUG   ] Writing /pscratch/sd/t/toanngo/ONEFlux/data/US-ARc_sample_output/99_fluxnet2015/FLX_US-ARc_FLUXNET2015_ERAI_HH_1989-2014_beta-6.csv: line 26000 [oneflux.pipeline.site_data_product]
2025-06-02 20:36:26.060 [DEBUG   ] Writing /pscratch/sd/t/toanngo/ONEFlux/data/US-ARc_sample_output/99_fluxnet2015/FLX_US-ARc_FLUXNET2015_ERAI_HH_1989-2014_beta-6.csv: line 27000 [oneflux.pipeline.site_data_product]
2025-06-02 20:36:26.068 [DEBUG   ] Writing /pscratch/sd/t/toanngo/ONEFlux/data/US-ARc_sample_output/99_fluxnet2015/FLX_US-ARc_FLUXNET2015_ERAI_HH_1989-2014_beta-6.csv: line 28000 [oneflux.pipeline.site_data_product]
2025-06-02 20:36:26.076 [DEBUG   ] Writing /pscratch/sd/t/toanngo/ONEFlux/data/US-ARc_sample_output/99_fluxnet2015/FLX_US-ARc_FLUXNET2015_ERAI_HH_1989-2014_beta-6.csv: line 29000 [oneflux.pipeline.site_data_product]
2025-06-02 20:36:26.083 [DEBUG   ] Writing /pscratch/sd/t/toanngo/ONEFlux/data/US-ARc_sample_output/99_fluxnet2015/FLX_US-ARc_FLUXNET2015_ERAI_HH_1989-2014_beta-6.csv: line 30000 [oneflux.pipeline.site_data_product]
2025-06-02 20:36:26.091 [DEBUG   ] Writing /pscratch/sd/t/toanngo/ONEFlux/data/US-ARc_sample_output/99_fluxnet2015/FLX_US-ARc_FLUXNET2015_ERAI_HH_1989-2014_beta-6.csv: line 31000 [oneflux.pipeline.site_data_product]
2025-06-02 20:36:26.099 [DEBUG   ] Writing /pscratch/sd/t/toanngo/ONEFlux/data/US-ARc_sample_output/99_fluxnet2015/FLX_US-ARc_FLUXNET2015_ERAI_HH_1989-2014_beta-6.csv: line 32000 [oneflux.pipeline.site_data_product]
2025-06-02 20:36:26.107 [DEBUG   ] Writing /pscratch/sd/t/toanngo/ONEFlux/data/US-ARc_sample_output/99_fluxnet2015/FLX_US-ARc_FLUXNET2015_ERAI_HH_1989-2014_beta-6.csv: line 33000 [oneflux.pipeline.site_data_product]
2025-06-02 20:36:26.115 [DEBUG   ] Writing /pscratch/sd/t/toanngo/ONEFlux/data/US-ARc_sample_output/99_fluxnet2015/FLX_US-ARc_FLUXNET2015_ERAI_HH_1989-2014_beta-6.csv: line 34000 [oneflux.pipeline.site_data_product]
2025-06-02 20:36:26.123 [DEBUG   ] Writing /pscratch/sd/t/toanngo/ONEFlux/data/US-ARc_sample_output/99_fluxnet2015/FLX_US-ARc_FLUXNET2015_ERAI_HH_1989-2014_beta-6.csv: line 35000 [oneflux.pipeline.site_data_product]
2025-06-02 20:36:26.131 [DEBUG   ] Writing /pscratch/sd/t/toanngo/ONEFlux/data/US-ARc_sample_output/99_fluxnet2015/FLX_US-ARc_FLUXNET2015_ERAI_HH_1989-2014_beta-6.csv: line 36000 [oneflux.pipeline.site_data_product]
2025-06-02 20:36:26.138 [DEBUG   ] Writing /pscratch/sd/t/toanngo/ONEFlux/data/US-ARc_sample_output/99_fluxnet2015/FLX_US-ARc_FLUXNET2015_ERAI_HH_1989-2014_beta-6.csv: line 37000 [oneflux.pipeline.site_data_product]
2025-06-02 20:36:26.146 [DEBUG   ] Writing /pscratch/sd/t/toanngo/ONEFlux/data/US-ARc_sample_output/99_fluxnet2015/FLX_US-ARc_FLUXNET2015_ERAI_HH_1989-2014_beta-6.csv: line 38000 [oneflux.pipeline.site_data_product]
2025-06-02 20:36:26.154 [DEBUG   ] Writing /pscratch/sd/t/toanngo/ONEFlux/data/US-ARc_sample_output/99_fluxnet2015/FLX_US-ARc_FLUXNET2015_ERAI_HH_1989-2014_beta-6.csv: line 39000 [oneflux.pipeline.site_data_product]
2025-06-02 20:36:26.162 [DEBUG   ] Writing /pscratch/sd/t/toanngo/ONEFlux/data/US-ARc_sample_output/99_fluxnet2015/FLX_US-ARc_FLUXNET2015_ERAI_HH_1989-2014_beta-6.csv: line 40000 [oneflux.pipeline.site_data_product]
2025-06-02 20:36:26.170 [DEBUG   ] Writing /pscratch/sd/t/toanngo/ONEFlux/data/US-ARc_sample_output/99_fluxnet2015/FLX_US-ARc_FLUXNET2015_ERAI_HH_1989-2014_beta-6.csv: line 41000 [oneflux.pipeline.site_data_product]
2025-06-02 20:36:26.178 [DEBUG   ] Writing /pscratch/sd/t/toanngo/ONEFlux/data/US-ARc_sample_output/99_fluxnet2015/FLX_US-ARc_FLUXNET2015_ERAI_HH_1989-2014_beta-6.csv: line 42000 [oneflux.pipeline.site_data_product]
2025-06-02 20:36:26.186 [DEBUG   ] Writing /pscratch/sd/t/toanngo/ONEFlux/data/US-ARc_sample_output/99_fluxnet2015/FLX_US-ARc_FLUXNET2015_ERAI_HH_1989-2014_beta-6.csv: line 43000 [oneflux.pipeline.site_data_product]
2025-06-02 20:36:26.194 [DEBUG   ] Writing /pscratch/sd/t/toanngo/ONEFlux/data/US-ARc_sample_output/99_fluxnet2015/FLX_US-ARc_FLUXNET2015_ERAI_HH_1989-2014_beta-6.csv: line 44000 [oneflux.pipeline.site_data_product]
2025-06-02 20:36:26.202 [DEBUG   ] Writing /pscratch/sd/t/toanngo/ONEFlux/data/US-ARc_sample_output/99_fluxnet2015/FLX_US-ARc_FLUXNET2015_ERAI_HH_1989-2014_beta-6.csv: line 45000 [oneflux.pipeline.site_data_product]
2025-06-02 20:36:26.210 [DEBUG   ] Writing /pscratch/sd/t/toanngo/ONEFlux/data/US-ARc_sample_output/99_fluxnet2015/FLX_US-ARc_FLUXNET2015_ERAI_HH_1989-2014_beta-6.csv: line 46000 [oneflux.pipeline.site_data_product]
2025-06-02 20:36:26.218 [DEBUG   ] Writing /pscratch/sd/t/toanngo/ONEFlux/data/US-ARc_sample_output/99_fluxnet2015/FLX_US-ARc_FLUXNET2015_ERAI_HH_1989-2014_beta-6.csv: line 47000 [oneflux.pipeline.site_data_product]
2025-06-02 20:36:26.226 [DEBUG   ] Writing /pscratch/sd/t/toanngo/ONEFlux/data/US-ARc_sample_output/99_fluxnet2015/FLX_US-ARc_FLUXNET2015_ERAI_HH_1989-2014_beta-6.csv: line 48000 [oneflux.pipeline.site_data_product]
2025-06-02 20:36:26.233 [DEBUG   ] Writing /pscratch/sd/t/toanngo/ONEFlux/data/US-ARc_sample_output/99_fluxnet2015/FLX_US-ARc_FLUXNET2015_ERAI_HH_1989-2014_beta-6.csv: line 49000 [oneflux.pipeline.site_data_product]
2025-06-02 20:36:26.241 [DEBUG   ] Writing /pscratch/sd/t/toanngo/ONEFlux/data/US-ARc_sample_output/99_fluxnet2015/FLX_US-ARc_FLUXNET2015_ERAI_HH_1989-2014_beta-6.csv: line 50000 [oneflux.pipeline.site_data_product]
2025-06-02 20:36:26.249 [DEBUG   ] Writing /pscratch/sd/t/toanngo/ONEFlux/data/US-ARc_sample_output/99_fluxnet2015/FLX_US-ARc_FLUXNET2015_ERAI_HH_1989-2014_beta-6.csv: line 51000 [oneflux.pipeline.site_data_product]
2025-06-02 20:36:26.257 [DEBUG   ] Writing /pscratch/sd/t/toanngo/ONEFlux/data/US-ARc_sample_output/99_fluxnet2015/FLX_US-ARc_FLUXNET2015_ERAI_HH_1989-2014_beta-6.csv: line 52000 [oneflux.pipeline.site_data_product]
2025-06-02 20:36:26.265 [DEBUG   ] Writing /pscratch/sd/t/toanngo/ONEFlux/data/US-ARc_sample_output/99_fluxnet2015/FLX_US-ARc_FLUXNET2015_ERAI_HH_1989-2014_beta-6.csv: line 53000 [oneflux.pipeline.site_data_product]
2025-06-02 20:36:26.273 [DEBUG   ] Writing /pscratch/sd/t/toanngo/ONEFlux/data/US-ARc_sample_output/99_fluxnet2015/FLX_US-ARc_FLUXNET2015_ERAI_HH_1989-2014_beta-6.csv: line 54000 [oneflux.pipeline.site_data_product]
2025-06-02 20:36:26.280 [DEBUG   ] Writing /pscratch/sd/t/toanngo/ONEFlux/data/US-ARc_sample_output/99_fluxnet2015/FLX_US-ARc_FLUXNET2015_ERAI_HH_1989-2014_beta-6.csv: line 55000 [oneflux.pipeline.site_data_product]
2025-06-02 20:36:26.288 [DEBUG   ] Writing /pscratch/sd/t/toanngo/ONEFlux/data/US-ARc_sample_output/99_fluxnet2015/FLX_US-ARc_FLUXNET2015_ERAI_HH_1989-2014_beta-6.csv: line 56000 [oneflux.pipeline.site_data_product]
2025-06-02 20:36:26.296 [DEBUG   ] Writing /pscratch/sd/t/toanngo/ONEFlux/data/US-ARc_sample_output/99_fluxnet2015/FLX_US-ARc_FLUXNET2015_ERAI_HH_1989-2014_beta-6.csv: line 57000 [oneflux.pipeline.site_data_product]
2025-06-02 20:36:26.304 [DEBUG   ] Writing /pscratch/sd/t/toanngo/ONEFlux/data/US-ARc_sample_output/99_fluxnet2015/FLX_US-ARc_FLUXNET2015_ERAI_HH_1989-2014_beta-6.csv: line 58000 [oneflux.pipeline.site_data_product]
2025-06-02 20:36:26.312 [DEBUG   ] Writing /pscratch/sd/t/toanngo/ONEFlux/data/US-ARc_sample_output/99_fluxnet2015/FLX_US-ARc_FLUXNET2015_ERAI_HH_1989-2014_beta-6.csv: line 59000 [oneflux.pipeline.site_data_product]
2025-06-02 20:36:26.320 [DEBUG   ] Writing /pscratch/sd/t/toanngo/ONEFlux/data/US-ARc_sample_output/99_fluxnet2015/FLX_US-ARc_FLUXNET2015_ERAI_HH_1989-2014_beta-6.csv: line 60000 [oneflux.pipeline.site_data_product]
2025-06-02 20:36:26.328 [DEBUG   ] Writing /pscratch/sd/t/toanngo/ONEFlux/data/US-ARc_sample_output/99_fluxnet2015/FLX_US-ARc_FLUXNET2015_ERAI_HH_1989-2014_beta-6.csv: line 61000 [oneflux.pipeline.site_data_product]
2025-06-02 20:36:26.336 [DEBUG   ] Writing /pscratch/sd/t/toanngo/ONEFlux/data/US-ARc_sample_output/99_fluxnet2015/FLX_US-ARc_FLUXNET2015_ERAI_HH_1989-2014_beta-6.csv: line 62000 [oneflux.pipeline.site_data_product]
2025-06-02 20:36:26.344 [DEBUG   ] Writing /pscratch/sd/t/toanngo/ONEFlux/data/US-ARc_sample_output/99_fluxnet2015/FLX_US-ARc_FLUXNET2015_ERAI_HH_1989-2014_beta-6.csv: line 63000 [oneflux.pipeline.site_data_product]
2025-06-02 20:36:26.352 [DEBUG   ] Writing /pscratch/sd/t/toanngo/ONEFlux/data/US-ARc_sample_output/99_fluxnet2015/FLX_US-ARc_FLUXNET2015_ERAI_HH_1989-2014_beta-6.csv: line 64000 [oneflux.pipeline.site_data_product]
2025-06-02 20:36:26.360 [DEBUG   ] Writing /pscratch/sd/t/toanngo/ONEFlux/data/US-ARc_sample_output/99_fluxnet2015/FLX_US-ARc_FLUXNET2015_ERAI_HH_1989-2014_beta-6.csv: line 65000 [oneflux.pipeline.site_data_product]
2025-06-02 20:36:26.368 [DEBUG   ] Writing /pscratch/sd/t/toanngo/ONEFlux/data/US-ARc_sample_output/99_fluxnet2015/FLX_US-ARc_FLUXNET2015_ERAI_HH_1989-2014_beta-6.csv: line 66000 [oneflux.pipeline.site_data_product]
2025-06-02 20:36:26.376 [DEBUG   ] Writing /pscratch/sd/t/toanngo/ONEFlux/data/US-ARc_sample_output/99_fluxnet2015/FLX_US-ARc_FLUXNET2015_ERAI_HH_1989-2014_beta-6.csv: line 67000 [oneflux.pipeline.site_data_product]
2025-06-02 20:36:26.384 [DEBUG   ] Writing /pscratch/sd/t/toanngo/ONEFlux/data/US-ARc_sample_output/99_fluxnet2015/FLX_US-ARc_FLUXNET2015_ERAI_HH_1989-2014_beta-6.csv: line 68000 [oneflux.pipeline.site_data_product]
2025-06-02 20:36:26.392 [DEBUG   ] Writing /pscratch/sd/t/toanngo/ONEFlux/data/US-ARc_sample_output/99_fluxnet2015/FLX_US-ARc_FLUXNET2015_ERAI_HH_1989-2014_beta-6.csv: line 69000 [oneflux.pipeline.site_data_product]
2025-06-02 20:36:26.400 [DEBUG   ] Writing /pscratch/sd/t/toanngo/ONEFlux/data/US-ARc_sample_output/99_fluxnet2015/FLX_US-ARc_FLUXNET2015_ERAI_HH_1989-2014_beta-6.csv: line 70000 [oneflux.pipeline.site_data_product]
2025-06-02 20:36:26.408 [DEBUG   ] Writing /pscratch/sd/t/toanngo/ONEFlux/data/US-ARc_sample_output/99_fluxnet2015/FLX_US-ARc_FLUXNET2015_ERAI_HH_1989-2014_beta-6.csv: line 71000 [oneflux.pipeline.site_data_product]
2025-06-02 20:36:26.415 [DEBUG   ] Writing /pscratch/sd/t/toanngo/ONEFlux/data/US-ARc_sample_output/99_fluxnet2015/FLX_US-ARc_FLUXNET2015_ERAI_HH_1989-2014_beta-6.csv: line 72000 [oneflux.pipeline.site_data_product]
2025-06-02 20:36:26.423 [DEBUG   ] Writing /pscratch/sd/t/toanngo/ONEFlux/data/US-ARc_sample_output/99_fluxnet2015/FLX_US-ARc_FLUXNET2015_ERAI_HH_1989-2014_beta-6.csv: line 73000 [oneflux.pipeline.site_data_product]
2025-06-02 20:36:26.431 [DEBUG   ] Writing /pscratch/sd/t/toanngo/ONEFlux/data/US-ARc_sample_output/99_fluxnet2015/FLX_US-ARc_FLUXNET2015_ERAI_HH_1989-2014_beta-6.csv: line 74000 [oneflux.pipeline.site_data_product]
2025-06-02 20:36:26.439 [DEBUG   ] Writing /pscratch/sd/t/toanngo/ONEFlux/data/US-ARc_sample_output/99_fluxnet2015/FLX_US-ARc_FLUXNET2015_ERAI_HH_1989-2014_beta-6.csv: line 75000 [oneflux.pipeline.site_data_product]
2025-06-02 20:36:26.447 [DEBUG   ] Writing /pscratch/sd/t/toanngo/ONEFlux/data/US-ARc_sample_output/99_fluxnet2015/FLX_US-ARc_FLUXNET2015_ERAI_HH_1989-2014_beta-6.csv: line 76000 [oneflux.pipeline.site_data_product]
2025-06-02 20:36:26.455 [DEBUG   ] Writing /pscratch/sd/t/toanngo/ONEFlux/data/US-ARc_sample_output/99_fluxnet2015/FLX_US-ARc_FLUXNET2015_ERAI_HH_1989-2014_beta-6.csv: line 77000 [oneflux.pipeline.site_data_product]
2025-06-02 20:36:26.463 [DEBUG   ] Writing /pscratch/sd/t/toanngo/ONEFlux/data/US-ARc_sample_output/99_fluxnet2015/FLX_US-ARc_FLUXNET2015_ERAI_HH_1989-2014_beta-6.csv: line 78000 [oneflux.pipeline.site_data_product]
2025-06-02 20:36:26.472 [DEBUG   ] Writing /pscratch/sd/t/toanngo/ONEFlux/data/US-ARc_sample_output/99_fluxnet2015/FLX_US-ARc_FLUXNET2015_ERAI_HH_1989-2014_beta-6.csv: line 79000 [oneflux.pipeline.site_data_product]
2025-06-02 20:36:26.480 [DEBUG   ] Writing /pscratch/sd/t/toanngo/ONEFlux/data/US-ARc_sample_output/99_fluxnet2015/FLX_US-ARc_FLUXNET2015_ERAI_HH_1989-2014_beta-6.csv: line 80000 [oneflux.pipeline.site_data_product]
2025-06-02 20:36:26.488 [DEBUG   ] Writing /pscratch/sd/t/toanngo/ONEFlux/data/US-ARc_sample_output/99_fluxnet2015/FLX_US-ARc_FLUXNET2015_ERAI_HH_1989-2014_beta-6.csv: line 81000 [oneflux.pipeline.site_data_product]
2025-06-02 20:36:26.496 [DEBUG   ] Writing /pscratch/sd/t/toanngo/ONEFlux/data/US-ARc_sample_output/99_fluxnet2015/FLX_US-ARc_FLUXNET2015_ERAI_HH_1989-2014_beta-6.csv: line 82000 [oneflux.pipeline.site_data_product]
2025-06-02 20:36:26.504 [DEBUG   ] Writing /pscratch/sd/t/toanngo/ONEFlux/data/US-ARc_sample_output/99_fluxnet2015/FLX_US-ARc_FLUXNET2015_ERAI_HH_1989-2014_beta-6.csv: line 83000 [oneflux.pipeline.site_data_product]
2025-06-02 20:36:26.512 [DEBUG   ] Writing /pscratch/sd/t/toanngo/ONEFlux/data/US-ARc_sample_output/99_fluxnet2015/FLX_US-ARc_FLUXNET2015_ERAI_HH_1989-2014_beta-6.csv: line 84000 [oneflux.pipeline.site_data_product]
2025-06-02 20:36:26.520 [DEBUG   ] Writing /pscratch/sd/t/toanngo/ONEFlux/data/US-ARc_sample_output/99_fluxnet2015/FLX_US-ARc_FLUXNET2015_ERAI_HH_1989-2014_beta-6.csv: line 85000 [oneflux.pipeline.site_data_product]
2025-06-02 20:36:26.528 [DEBUG   ] Writing /pscratch/sd/t/toanngo/ONEFlux/data/US-ARc_sample_output/99_fluxnet2015/FLX_US-ARc_FLUXNET2015_ERAI_HH_1989-2014_beta-6.csv: line 86000 [oneflux.pipeline.site_data_product]
2025-06-02 20:36:26.536 [DEBUG   ] Writing /pscratch/sd/t/toanngo/ONEFlux/data/US-ARc_sample_output/99_fluxnet2015/FLX_US-ARc_FLUXNET2015_ERAI_HH_1989-2014_beta-6.csv: line 87000 [oneflux.pipeline.site_data_product]
2025-06-02 20:36:26.544 [DEBUG   ] Writing /pscratch/sd/t/toanngo/ONEFlux/data/US-ARc_sample_output/99_fluxnet2015/FLX_US-ARc_FLUXNET2015_ERAI_HH_1989-2014_beta-6.csv: line 88000 [oneflux.pipeline.site_data_product]
2025-06-02 20:36:26.552 [DEBUG   ] Writing /pscratch/sd/t/toanngo/ONEFlux/data/US-ARc_sample_output/99_fluxnet2015/FLX_US-ARc_FLUXNET2015_ERAI_HH_1989-2014_beta-6.csv: line 89000 [oneflux.pipeline.site_data_product]
2025-06-02 20:36:26.560 [DEBUG   ] Writing /pscratch/sd/t/toanngo/ONEFlux/data/US-ARc_sample_output/99_fluxnet2015/FLX_US-ARc_FLUXNET2015_ERAI_HH_1989-2014_beta-6.csv: line 90000 [oneflux.pipeline.site_data_product]
2025-06-02 20:36:26.568 [DEBUG   ] Writing /pscratch/sd/t/toanngo/ONEFlux/data/US-ARc_sample_output/99_fluxnet2015/FLX_US-ARc_FLUXNET2015_ERAI_HH_1989-2014_beta-6.csv: line 91000 [oneflux.pipeline.site_data_product]
2025-06-02 20:36:26.576 [DEBUG   ] Writing /pscratch/sd/t/toanngo/ONEFlux/data/US-ARc_sample_output/99_fluxnet2015/FLX_US-ARc_FLUXNET2015_ERAI_HH_1989-2014_beta-6.csv: line 92000 [oneflux.pipeline.site_data_product]
2025-06-02 20:36:26.584 [DEBUG   ] Writing /pscratch/sd/t/toanngo/ONEFlux/data/US-ARc_sample_output/99_fluxnet2015/FLX_US-ARc_FLUXNET2015_ERAI_HH_1989-2014_beta-6.csv: line 93000 [oneflux.pipeline.site_data_product]
2025-06-02 20:36:26.591 [DEBUG   ] Writing /pscratch/sd/t/toanngo/ONEFlux/data/US-ARc_sample_output/99_fluxnet2015/FLX_US-ARc_FLUXNET2015_ERAI_HH_1989-2014_beta-6.csv: line 94000 [oneflux.pipeline.site_data_product]
2025-06-02 20:36:26.599 [DEBUG   ] Writing /pscratch/sd/t/toanngo/ONEFlux/data/US-ARc_sample_output/99_fluxnet2015/FLX_US-ARc_FLUXNET2015_ERAI_HH_1989-2014_beta-6.csv: line 95000 [oneflux.pipeline.site_data_product]
2025-06-02 20:36:26.608 [DEBUG   ] Writing /pscratch/sd/t/toanngo/ONEFlux/data/US-ARc_sample_output/99_fluxnet2015/FLX_US-ARc_FLUXNET2015_ERAI_HH_1989-2014_beta-6.csv: line 96000 [oneflux.pipeline.site_data_product]
2025-06-02 20:36:26.615 [DEBUG   ] Writing /pscratch/sd/t/toanngo/ONEFlux/data/US-ARc_sample_output/99_fluxnet2015/FLX_US-ARc_FLUXNET2015_ERAI_HH_1989-2014_beta-6.csv: line 97000 [oneflux.pipeline.site_data_product]
2025-06-02 20:36:26.623 [DEBUG   ] Writing /pscratch/sd/t/toanngo/ONEFlux/data/US-ARc_sample_output/99_fluxnet2015/FLX_US-ARc_FLUXNET2015_ERAI_HH_1989-2014_beta-6.csv: line 98000 [oneflux.pipeline.site_data_product]
2025-06-02 20:36:26.631 [DEBUG   ] Writing /pscratch/sd/t/toanngo/ONEFlux/data/US-ARc_sample_output/99_fluxnet2015/FLX_US-ARc_FLUXNET2015_ERAI_HH_1989-2014_beta-6.csv: line 99000 [oneflux.pipeline.site_data_product]
2025-06-02 20:36:26.639 [DEBUG   ] Writing /pscratch/sd/t/toanngo/ONEFlux/data/US-ARc_sample_output/99_fluxnet2015/FLX_US-ARc_FLUXNET2015_ERAI_HH_1989-2014_beta-6.csv: line 100000 [oneflux.pipeline.site_data_product]
2025-06-02 20:36:26.647 [DEBUG   ] Writing /pscratch/sd/t/toanngo/ONEFlux/data/US-ARc_sample_output/99_fluxnet2015/FLX_US-ARc_FLUXNET2015_ERAI_HH_1989-2014_beta-6.csv: line 101000 [oneflux.pipeline.site_data_product]
2025-06-02 20:36:26.655 [DEBUG   ] Writing /pscratch/sd/t/toanngo/ONEFlux/data/US-ARc_sample_output/99_fluxnet2015/FLX_US-ARc_FLUXNET2015_ERAI_HH_1989-2014_beta-6.csv: line 102000 [oneflux.pipeline.site_data_product]
2025-06-02 20:36:26.663 [DEBUG   ] Writing /pscratch/sd/t/toanngo/ONEFlux/data/US-ARc_sample_output/99_fluxnet2015/FLX_US-ARc_FLUXNET2015_ERAI_HH_1989-2014_beta-6.csv: line 103000 [oneflux.pipeline.site_data_product]
2025-06-02 20:36:26.671 [DEBUG   ] Writing /pscratch/sd/t/toanngo/ONEFlux/data/US-ARc_sample_output/99_fluxnet2015/FLX_US-ARc_FLUXNET2015_ERAI_HH_1989-2014_beta-6.csv: line 104000 [oneflux.pipeline.site_data_product]
2025-06-02 20:36:26.679 [DEBUG   ] Writing /pscratch/sd/t/toanngo/ONEFlux/data/US-ARc_sample_output/99_fluxnet2015/FLX_US-ARc_FLUXNET2015_ERAI_HH_1989-2014_beta-6.csv: line 105000 [oneflux.pipeline.site_data_product]
2025-06-02 20:36:26.687 [DEBUG   ] Writing /pscratch/sd/t/toanngo/ONEFlux/data/US-ARc_sample_output/99_fluxnet2015/FLX_US-ARc_FLUXNET2015_ERAI_HH_1989-2014_beta-6.csv: line 106000 [oneflux.pipeline.site_data_product]
2025-06-02 20:36:26.695 [DEBUG   ] Writing /pscratch/sd/t/toanngo/ONEFlux/data/US-ARc_sample_output/99_fluxnet2015/FLX_US-ARc_FLUXNET2015_ERAI_HH_1989-2014_beta-6.csv: line 107000 [oneflux.pipeline.site_data_product]
2025-06-02 20:36:26.703 [DEBUG   ] Writing /pscratch/sd/t/toanngo/ONEFlux/data/US-ARc_sample_output/99_fluxnet2015/FLX_US-ARc_FLUXNET2015_ERAI_HH_1989-2014_beta-6.csv: line 108000 [oneflux.pipeline.site_data_product]
2025-06-02 20:36:26.710 [DEBUG   ] Writing /pscratch/sd/t/toanngo/ONEFlux/data/US-ARc_sample_output/99_fluxnet2015/FLX_US-ARc_FLUXNET2015_ERAI_HH_1989-2014_beta-6.csv: line 109000 [oneflux.pipeline.site_data_product]
2025-06-02 20:36:26.718 [DEBUG   ] Writing /pscratch/sd/t/toanngo/ONEFlux/data/US-ARc_sample_output/99_fluxnet2015/FLX_US-ARc_FLUXNET2015_ERAI_HH_1989-2014_beta-6.csv: line 110000 [oneflux.pipeline.site_data_product]
2025-06-02 20:36:26.726 [DEBUG   ] Writing /pscratch/sd/t/toanngo/ONEFlux/data/US-ARc_sample_output/99_fluxnet2015/FLX_US-ARc_FLUXNET2015_ERAI_HH_1989-2014_beta-6.csv: line 111000 [oneflux.pipeline.site_data_product]
2025-06-02 20:36:26.734 [DEBUG   ] Writing /pscratch/sd/t/toanngo/ONEFlux/data/US-ARc_sample_output/99_fluxnet2015/FLX_US-ARc_FLUXNET2015_ERAI_HH_1989-2014_beta-6.csv: line 112000 [oneflux.pipeline.site_data_product]
2025-06-02 20:36:26.742 [DEBUG   ] Writing /pscratch/sd/t/toanngo/ONEFlux/data/US-ARc_sample_output/99_fluxnet2015/FLX_US-ARc_FLUXNET2015_ERAI_HH_1989-2014_beta-6.csv: line 113000 [oneflux.pipeline.site_data_product]
2025-06-02 20:36:26.750 [DEBUG   ] Writing /pscratch/sd/t/toanngo/ONEFlux/data/US-ARc_sample_output/99_fluxnet2015/FLX_US-ARc_FLUXNET2015_ERAI_HH_1989-2014_beta-6.csv: line 114000 [oneflux.pipeline.site_data_product]
2025-06-02 20:36:26.758 [DEBUG   ] Writing /pscratch/sd/t/toanngo/ONEFlux/data/US-ARc_sample_output/99_fluxnet2015/FLX_US-ARc_FLUXNET2015_ERAI_HH_1989-2014_beta-6.csv: line 115000 [oneflux.pipeline.site_data_product]
2025-06-02 20:36:26.766 [DEBUG   ] Writing /pscratch/sd/t/toanngo/ONEFlux/data/US-ARc_sample_output/99_fluxnet2015/FLX_US-ARc_FLUXNET2015_ERAI_HH_1989-2014_beta-6.csv: line 116000 [oneflux.pipeline.site_data_product]
2025-06-02 20:36:26.774 [DEBUG   ] Writing /pscratch/sd/t/toanngo/ONEFlux/data/US-ARc_sample_output/99_fluxnet2015/FLX_US-ARc_FLUXNET2015_ERAI_HH_1989-2014_beta-6.csv: line 117000 [oneflux.pipeline.site_data_product]
2025-06-02 20:36:26.782 [DEBUG   ] Writing /pscratch/sd/t/toanngo/ONEFlux/data/US-ARc_sample_output/99_fluxnet2015/FLX_US-ARc_FLUXNET2015_ERAI_HH_1989-2014_beta-6.csv: line 118000 [oneflux.pipeline.site_data_product]
2025-06-02 20:36:26.790 [DEBUG   ] Writing /pscratch/sd/t/toanngo/ONEFlux/data/US-ARc_sample_output/99_fluxnet2015/FLX_US-ARc_FLUXNET2015_ERAI_HH_1989-2014_beta-6.csv: line 119000 [oneflux.pipeline.site_data_product]
2025-06-02 20:36:26.798 [DEBUG   ] Writing /pscratch/sd/t/toanngo/ONEFlux/data/US-ARc_sample_output/99_fluxnet2015/FLX_US-ARc_FLUXNET2015_ERAI_HH_1989-2014_beta-6.csv: line 120000 [oneflux.pipeline.site_data_product]
2025-06-02 20:36:26.806 [DEBUG   ] Writing /pscratch/sd/t/toanngo/ONEFlux/data/US-ARc_sample_output/99_fluxnet2015/FLX_US-ARc_FLUXNET2015_ERAI_HH_1989-2014_beta-6.csv: line 121000 [oneflux.pipeline.site_data_product]
2025-06-02 20:36:26.813 [DEBUG   ] Writing /pscratch/sd/t/toanngo/ONEFlux/data/US-ARc_sample_output/99_fluxnet2015/FLX_US-ARc_FLUXNET2015_ERAI_HH_1989-2014_beta-6.csv: line 122000 [oneflux.pipeline.site_data_product]
2025-06-02 20:36:26.821 [DEBUG   ] Writing /pscratch/sd/t/toanngo/ONEFlux/data/US-ARc_sample_output/99_fluxnet2015/FLX_US-ARc_FLUXNET2015_ERAI_HH_1989-2014_beta-6.csv: line 123000 [oneflux.pipeline.site_data_product]
2025-06-02 20:36:26.829 [DEBUG   ] Writing /pscratch/sd/t/toanngo/ONEFlux/data/US-ARc_sample_output/99_fluxnet2015/FLX_US-ARc_FLUXNET2015_ERAI_HH_1989-2014_beta-6.csv: line 124000 [oneflux.pipeline.site_data_product]
2025-06-02 20:36:26.837 [DEBUG   ] Writing /pscratch/sd/t/toanngo/ONEFlux/data/US-ARc_sample_output/99_fluxnet2015/FLX_US-ARc_FLUXNET2015_ERAI_HH_1989-2014_beta-6.csv: line 125000 [oneflux.pipeline.site_data_product]
2025-06-02 20:36:26.845 [DEBUG   ] Writing /pscratch/sd/t/toanngo/ONEFlux/data/US-ARc_sample_output/99_fluxnet2015/FLX_US-ARc_FLUXNET2015_ERAI_HH_1989-2014_beta-6.csv: line 126000 [oneflux.pipeline.site_data_product]
2025-06-02 20:36:26.853 [DEBUG   ] Writing /pscratch/sd/t/toanngo/ONEFlux/data/US-ARc_sample_output/99_fluxnet2015/FLX_US-ARc_FLUXNET2015_ERAI_HH_1989-2014_beta-6.csv: line 127000 [oneflux.pipeline.site_data_product]
2025-06-02 20:36:26.861 [DEBUG   ] Writing /pscratch/sd/t/toanngo/ONEFlux/data/US-ARc_sample_output/99_fluxnet2015/FLX_US-ARc_FLUXNET2015_ERAI_HH_1989-2014_beta-6.csv: line 128000 [oneflux.pipeline.site_data_product]
2025-06-02 20:36:26.869 [DEBUG   ] Writing /pscratch/sd/t/toanngo/ONEFlux/data/US-ARc_sample_output/99_fluxnet2015/FLX_US-ARc_FLUXNET2015_ERAI_HH_1989-2014_beta-6.csv: line 129000 [oneflux.pipeline.site_data_product]
2025-06-02 20:36:26.876 [DEBUG   ] Writing /pscratch/sd/t/toanngo/ONEFlux/data/US-ARc_sample_output/99_fluxnet2015/FLX_US-ARc_FLUXNET2015_ERAI_HH_1989-2014_beta-6.csv: line 130000 [oneflux.pipeline.site_data_product]
2025-06-02 20:36:26.884 [DEBUG   ] Writing /pscratch/sd/t/toanngo/ONEFlux/data/US-ARc_sample_output/99_fluxnet2015/FLX_US-ARc_FLUXNET2015_ERAI_HH_1989-2014_beta-6.csv: line 131000 [oneflux.pipeline.site_data_product]
2025-06-02 20:36:26.892 [DEBUG   ] Writing /pscratch/sd/t/toanngo/ONEFlux/data/US-ARc_sample_output/99_fluxnet2015/FLX_US-ARc_FLUXNET2015_ERAI_HH_1989-2014_beta-6.csv: line 132000 [oneflux.pipeline.site_data_product]
2025-06-02 20:36:26.900 [DEBUG   ] Writing /pscratch/sd/t/toanngo/ONEFlux/data/US-ARc_sample_output/99_fluxnet2015/FLX_US-ARc_FLUXNET2015_ERAI_HH_1989-2014_beta-6.csv: line 133000 [oneflux.pipeline.site_data_product]
2025-06-02 20:36:26.908 [DEBUG   ] Writing /pscratch/sd/t/toanngo/ONEFlux/data/US-ARc_sample_output/99_fluxnet2015/FLX_US-ARc_FLUXNET2015_ERAI_HH_1989-2014_beta-6.csv: line 134000 [oneflux.pipeline.site_data_product]
2025-06-02 20:36:26.916 [DEBUG   ] Writing /pscratch/sd/t/toanngo/ONEFlux/data/US-ARc_sample_output/99_fluxnet2015/FLX_US-ARc_FLUXNET2015_ERAI_HH_1989-2014_beta-6.csv: line 135000 [oneflux.pipeline.site_data_product]
2025-06-02 20:36:26.924 [DEBUG   ] Writing /pscratch/sd/t/toanngo/ONEFlux/data/US-ARc_sample_output/99_fluxnet2015/FLX_US-ARc_FLUXNET2015_ERAI_HH_1989-2014_beta-6.csv: line 136000 [oneflux.pipeline.site_data_product]
2025-06-02 20:36:26.932 [DEBUG   ] Writing /pscratch/sd/t/toanngo/ONEFlux/data/US-ARc_sample_output/99_fluxnet2015/FLX_US-ARc_FLUXNET2015_ERAI_HH_1989-2014_beta-6.csv: line 137000 [oneflux.pipeline.site_data_product]
2025-06-02 20:36:26.940 [DEBUG   ] Writing /pscratch/sd/t/toanngo/ONEFlux/data/US-ARc_sample_output/99_fluxnet2015/FLX_US-ARc_FLUXNET2015_ERAI_HH_1989-2014_beta-6.csv: line 138000 [oneflux.pipeline.site_data_product]
2025-06-02 20:36:26.948 [DEBUG   ] Writing /pscratch/sd/t/toanngo/ONEFlux/data/US-ARc_sample_output/99_fluxnet2015/FLX_US-ARc_FLUXNET2015_ERAI_HH_1989-2014_beta-6.csv: line 139000 [oneflux.pipeline.site_data_product]
2025-06-02 20:36:26.955 [DEBUG   ] Writing /pscratch/sd/t/toanngo/ONEFlux/data/US-ARc_sample_output/99_fluxnet2015/FLX_US-ARc_FLUXNET2015_ERAI_HH_1989-2014_beta-6.csv: line 140000 [oneflux.pipeline.site_data_product]
2025-06-02 20:36:26.963 [DEBUG   ] Writing /pscratch/sd/t/toanngo/ONEFlux/data/US-ARc_sample_output/99_fluxnet2015/FLX_US-ARc_FLUXNET2015_ERAI_HH_1989-2014_beta-6.csv: line 141000 [oneflux.pipeline.site_data_product]
2025-06-02 20:36:26.971 [DEBUG   ] Writing /pscratch/sd/t/toanngo/ONEFlux/data/US-ARc_sample_output/99_fluxnet2015/FLX_US-ARc_FLUXNET2015_ERAI_HH_1989-2014_beta-6.csv: line 142000 [oneflux.pipeline.site_data_product]
2025-06-02 20:36:26.979 [DEBUG   ] Writing /pscratch/sd/t/toanngo/ONEFlux/data/US-ARc_sample_output/99_fluxnet2015/FLX_US-ARc_FLUXNET2015_ERAI_HH_1989-2014_beta-6.csv: line 143000 [oneflux.pipeline.site_data_product]
2025-06-02 20:36:26.987 [DEBUG   ] Writing /pscratch/sd/t/toanngo/ONEFlux/data/US-ARc_sample_output/99_fluxnet2015/FLX_US-ARc_FLUXNET2015_ERAI_HH_1989-2014_beta-6.csv: line 144000 [oneflux.pipeline.site_data_product]
2025-06-02 20:36:26.995 [DEBUG   ] Writing /pscratch/sd/t/toanngo/ONEFlux/data/US-ARc_sample_output/99_fluxnet2015/FLX_US-ARc_FLUXNET2015_ERAI_HH_1989-2014_beta-6.csv: line 145000 [oneflux.pipeline.site_data_product]
2025-06-02 20:36:27.003 [DEBUG   ] Writing /pscratch/sd/t/toanngo/ONEFlux/data/US-ARc_sample_output/99_fluxnet2015/FLX_US-ARc_FLUXNET2015_ERAI_HH_1989-2014_beta-6.csv: line 146000 [oneflux.pipeline.site_data_product]
2025-06-02 20:36:27.011 [DEBUG   ] Writing /pscratch/sd/t/toanngo/ONEFlux/data/US-ARc_sample_output/99_fluxnet2015/FLX_US-ARc_FLUXNET2015_ERAI_HH_1989-2014_beta-6.csv: line 147000 [oneflux.pipeline.site_data_product]
2025-06-02 20:36:27.019 [DEBUG   ] Writing /pscratch/sd/t/toanngo/ONEFlux/data/US-ARc_sample_output/99_fluxnet2015/FLX_US-ARc_FLUXNET2015_ERAI_HH_1989-2014_beta-6.csv: line 148000 [oneflux.pipeline.site_data_product]
2025-06-02 20:36:27.026 [DEBUG   ] Writing /pscratch/sd/t/toanngo/ONEFlux/data/US-ARc_sample_output/99_fluxnet2015/FLX_US-ARc_FLUXNET2015_ERAI_HH_1989-2014_beta-6.csv: line 149000 [oneflux.pipeline.site_data_product]
2025-06-02 20:36:27.034 [DEBUG   ] Writing /pscratch/sd/t/toanngo/ONEFlux/data/US-ARc_sample_output/99_fluxnet2015/FLX_US-ARc_FLUXNET2015_ERAI_HH_1989-2014_beta-6.csv: line 150000 [oneflux.pipeline.site_data_product]
2025-06-02 20:36:27.042 [DEBUG   ] Writing /pscratch/sd/t/toanngo/ONEFlux/data/US-ARc_sample_output/99_fluxnet2015/FLX_US-ARc_FLUXNET2015_ERAI_HH_1989-2014_beta-6.csv: line 151000 [oneflux.pipeline.site_data_product]
2025-06-02 20:36:27.050 [DEBUG   ] Writing /pscratch/sd/t/toanngo/ONEFlux/data/US-ARc_sample_output/99_fluxnet2015/FLX_US-ARc_FLUXNET2015_ERAI_HH_1989-2014_beta-6.csv: line 152000 [oneflux.pipeline.site_data_product]
2025-06-02 20:36:27.058 [DEBUG   ] Writing /pscratch/sd/t/toanngo/ONEFlux/data/US-ARc_sample_output/99_fluxnet2015/FLX_US-ARc_FLUXNET2015_ERAI_HH_1989-2014_beta-6.csv: line 153000 [oneflux.pipeline.site_data_product]
2025-06-02 20:36:27.066 [DEBUG   ] Writing /pscratch/sd/t/toanngo/ONEFlux/data/US-ARc_sample_output/99_fluxnet2015/FLX_US-ARc_FLUXNET2015_ERAI_HH_1989-2014_beta-6.csv: line 154000 [oneflux.pipeline.site_data_product]
2025-06-02 20:36:27.074 [DEBUG   ] Writing /pscratch/sd/t/toanngo/ONEFlux/data/US-ARc_sample_output/99_fluxnet2015/FLX_US-ARc_FLUXNET2015_ERAI_HH_1989-2014_beta-6.csv: line 155000 [oneflux.pipeline.site_data_product]
2025-06-02 20:36:27.082 [DEBUG   ] Writing /pscratch/sd/t/toanngo/ONEFlux/data/US-ARc_sample_output/99_fluxnet2015/FLX_US-ARc_FLUXNET2015_ERAI_HH_1989-2014_beta-6.csv: line 156000 [oneflux.pipeline.site_data_product]
2025-06-02 20:36:27.090 [DEBUG   ] Writing /pscratch/sd/t/toanngo/ONEFlux/data/US-ARc_sample_output/99_fluxnet2015/FLX_US-ARc_FLUXNET2015_ERAI_HH_1989-2014_beta-6.csv: line 157000 [oneflux.pipeline.site_data_product]
2025-06-02 20:36:27.097 [DEBUG   ] Writing /pscratch/sd/t/toanngo/ONEFlux/data/US-ARc_sample_output/99_fluxnet2015/FLX_US-ARc_FLUXNET2015_ERAI_HH_1989-2014_beta-6.csv: line 158000 [oneflux.pipeline.site_data_product]
2025-06-02 20:36:27.105 [DEBUG   ] Writing /pscratch/sd/t/toanngo/ONEFlux/data/US-ARc_sample_output/99_fluxnet2015/FLX_US-ARc_FLUXNET2015_ERAI_HH_1989-2014_beta-6.csv: line 159000 [oneflux.pipeline.site_data_product]
2025-06-02 20:36:27.113 [DEBUG   ] Writing /pscratch/sd/t/toanngo/ONEFlux/data/US-ARc_sample_output/99_fluxnet2015/FLX_US-ARc_FLUXNET2015_ERAI_HH_1989-2014_beta-6.csv: line 160000 [oneflux.pipeline.site_data_product]
2025-06-02 20:36:27.121 [DEBUG   ] Writing /pscratch/sd/t/toanngo/ONEFlux/data/US-ARc_sample_output/99_fluxnet2015/FLX_US-ARc_FLUXNET2015_ERAI_HH_1989-2014_beta-6.csv: line 161000 [oneflux.pipeline.site_data_product]
2025-06-02 20:36:27.129 [DEBUG   ] Writing /pscratch/sd/t/toanngo/ONEFlux/data/US-ARc_sample_output/99_fluxnet2015/FLX_US-ARc_FLUXNET2015_ERAI_HH_1989-2014_beta-6.csv: line 162000 [oneflux.pipeline.site_data_product]
2025-06-02 20:36:27.137 [DEBUG   ] Writing /pscratch/sd/t/toanngo/ONEFlux/data/US-ARc_sample_output/99_fluxnet2015/FLX_US-ARc_FLUXNET2015_ERAI_HH_1989-2014_beta-6.csv: line 163000 [oneflux.pipeline.site_data_product]
2025-06-02 20:36:27.145 [DEBUG   ] Writing /pscratch/sd/t/toanngo/ONEFlux/data/US-ARc_sample_output/99_fluxnet2015/FLX_US-ARc_FLUXNET2015_ERAI_HH_1989-2014_beta-6.csv: line 164000 [oneflux.pipeline.site_data_product]
2025-06-02 20:36:27.153 [DEBUG   ] Writing /pscratch/sd/t/toanngo/ONEFlux/data/US-ARc_sample_output/99_fluxnet2015/FLX_US-ARc_FLUXNET2015_ERAI_HH_1989-2014_beta-6.csv: line 165000 [oneflux.pipeline.site_data_product]
2025-06-02 20:36:27.161 [DEBUG   ] Writing /pscratch/sd/t/toanngo/ONEFlux/data/US-ARc_sample_output/99_fluxnet2015/FLX_US-ARc_FLUXNET2015_ERAI_HH_1989-2014_beta-6.csv: line 166000 [oneflux.pipeline.site_data_product]
2025-06-02 20:36:27.169 [DEBUG   ] Writing /pscratch/sd/t/toanngo/ONEFlux/data/US-ARc_sample_output/99_fluxnet2015/FLX_US-ARc_FLUXNET2015_ERAI_HH_1989-2014_beta-6.csv: line 167000 [oneflux.pipeline.site_data_product]
2025-06-02 20:36:27.177 [DEBUG   ] Writing /pscratch/sd/t/toanngo/ONEFlux/data/US-ARc_sample_output/99_fluxnet2015/FLX_US-ARc_FLUXNET2015_ERAI_HH_1989-2014_beta-6.csv: line 168000 [oneflux.pipeline.site_data_product]
2025-06-02 20:36:27.185 [DEBUG   ] Writing /pscratch/sd/t/toanngo/ONEFlux/data/US-ARc_sample_output/99_fluxnet2015/FLX_US-ARc_FLUXNET2015_ERAI_HH_1989-2014_beta-6.csv: line 169000 [oneflux.pipeline.site_data_product]
2025-06-02 20:36:27.192 [DEBUG   ] Writing /pscratch/sd/t/toanngo/ONEFlux/data/US-ARc_sample_output/99_fluxnet2015/FLX_US-ARc_FLUXNET2015_ERAI_HH_1989-2014_beta-6.csv: line 170000 [oneflux.pipeline.site_data_product]
2025-06-02 20:36:27.200 [DEBUG   ] Writing /pscratch/sd/t/toanngo/ONEFlux/data/US-ARc_sample_output/99_fluxnet2015/FLX_US-ARc_FLUXNET2015_ERAI_HH_1989-2014_beta-6.csv: line 171000 [oneflux.pipeline.site_data_product]
2025-06-02 20:36:27.208 [DEBUG   ] Writing /pscratch/sd/t/toanngo/ONEFlux/data/US-ARc_sample_output/99_fluxnet2015/FLX_US-ARc_FLUXNET2015_ERAI_HH_1989-2014_beta-6.csv: line 172000 [oneflux.pipeline.site_data_product]
2025-06-02 20:36:27.216 [DEBUG   ] Writing /pscratch/sd/t/toanngo/ONEFlux/data/US-ARc_sample_output/99_fluxnet2015/FLX_US-ARc_FLUXNET2015_ERAI_HH_1989-2014_beta-6.csv: line 173000 [oneflux.pipeline.site_data_product]
2025-06-02 20:36:27.224 [DEBUG   ] Writing /pscratch/sd/t/toanngo/ONEFlux/data/US-ARc_sample_output/99_fluxnet2015/FLX_US-ARc_FLUXNET2015_ERAI_HH_1989-2014_beta-6.csv: line 174000 [oneflux.pipeline.site_data_product]
2025-06-02 20:36:27.232 [DEBUG   ] Writing /pscratch/sd/t/toanngo/ONEFlux/data/US-ARc_sample_output/99_fluxnet2015/FLX_US-ARc_FLUXNET2015_ERAI_HH_1989-2014_beta-6.csv: line 175000 [oneflux.pipeline.site_data_product]
2025-06-02 20:36:27.240 [DEBUG   ] Writing /pscratch/sd/t/toanngo/ONEFlux/data/US-ARc_sample_output/99_fluxnet2015/FLX_US-ARc_FLUXNET2015_ERAI_HH_1989-2014_beta-6.csv: line 176000 [oneflux.pipeline.site_data_product]
2025-06-02 20:36:27.248 [DEBUG   ] Writing /pscratch/sd/t/toanngo/ONEFlux/data/US-ARc_sample_output/99_fluxnet2015/FLX_US-ARc_FLUXNET2015_ERAI_HH_1989-2014_beta-6.csv: line 177000 [oneflux.pipeline.site_data_product]
2025-06-02 20:36:27.256 [DEBUG   ] Writing /pscratch/sd/t/toanngo/ONEFlux/data/US-ARc_sample_output/99_fluxnet2015/FLX_US-ARc_FLUXNET2015_ERAI_HH_1989-2014_beta-6.csv: line 178000 [oneflux.pipeline.site_data_product]
2025-06-02 20:36:27.263 [DEBUG   ] Writing /pscratch/sd/t/toanngo/ONEFlux/data/US-ARc_sample_output/99_fluxnet2015/FLX_US-ARc_FLUXNET2015_ERAI_HH_1989-2014_beta-6.csv: line 179000 [oneflux.pipeline.site_data_product]
2025-06-02 20:36:27.271 [DEBUG   ] Writing /pscratch/sd/t/toanngo/ONEFlux/data/US-ARc_sample_output/99_fluxnet2015/FLX_US-ARc_FLUXNET2015_ERAI_HH_1989-2014_beta-6.csv: line 180000 [oneflux.pipeline.site_data_product]
2025-06-02 20:36:27.279 [DEBUG   ] Writing /pscratch/sd/t/toanngo/ONEFlux/data/US-ARc_sample_output/99_fluxnet2015/FLX_US-ARc_FLUXNET2015_ERAI_HH_1989-2014_beta-6.csv: line 181000 [oneflux.pipeline.site_data_product]
2025-06-02 20:36:27.287 [DEBUG   ] Writing /pscratch/sd/t/toanngo/ONEFlux/data/US-ARc_sample_output/99_fluxnet2015/FLX_US-ARc_FLUXNET2015_ERAI_HH_1989-2014_beta-6.csv: line 182000 [oneflux.pipeline.site_data_product]
2025-06-02 20:36:27.295 [DEBUG   ] Writing /pscratch/sd/t/toanngo/ONEFlux/data/US-ARc_sample_output/99_fluxnet2015/FLX_US-ARc_FLUXNET2015_ERAI_HH_1989-2014_beta-6.csv: line 183000 [oneflux.pipeline.site_data_product]
2025-06-02 20:36:27.304 [DEBUG   ] Writing /pscratch/sd/t/toanngo/ONEFlux/data/US-ARc_sample_output/99_fluxnet2015/FLX_US-ARc_FLUXNET2015_ERAI_HH_1989-2014_beta-6.csv: line 184000 [oneflux.pipeline.site_data_product]
2025-06-02 20:36:27.312 [DEBUG   ] Writing /pscratch/sd/t/toanngo/ONEFlux/data/US-ARc_sample_output/99_fluxnet2015/FLX_US-ARc_FLUXNET2015_ERAI_HH_1989-2014_beta-6.csv: line 185000 [oneflux.pipeline.site_data_product]
2025-06-02 20:36:27.320 [DEBUG   ] Writing /pscratch/sd/t/toanngo/ONEFlux/data/US-ARc_sample_output/99_fluxnet2015/FLX_US-ARc_FLUXNET2015_ERAI_HH_1989-2014_beta-6.csv: line 186000 [oneflux.pipeline.site_data_product]
2025-06-02 20:36:27.327 [DEBUG   ] Writing /pscratch/sd/t/toanngo/ONEFlux/data/US-ARc_sample_output/99_fluxnet2015/FLX_US-ARc_FLUXNET2015_ERAI_HH_1989-2014_beta-6.csv: line 187000 [oneflux.pipeline.site_data_product]
2025-06-02 20:36:27.335 [DEBUG   ] Writing /pscratch/sd/t/toanngo/ONEFlux/data/US-ARc_sample_output/99_fluxnet2015/FLX_US-ARc_FLUXNET2015_ERAI_HH_1989-2014_beta-6.csv: line 188000 [oneflux.pipeline.site_data_product]
2025-06-02 20:36:27.343 [DEBUG   ] Writing /pscratch/sd/t/toanngo/ONEFlux/data/US-ARc_sample_output/99_fluxnet2015/FLX_US-ARc_FLUXNET2015_ERAI_HH_1989-2014_beta-6.csv: line 189000 [oneflux.pipeline.site_data_product]
2025-06-02 20:36:27.351 [DEBUG   ] Writing /pscratch/sd/t/toanngo/ONEFlux/data/US-ARc_sample_output/99_fluxnet2015/FLX_US-ARc_FLUXNET2015_ERAI_HH_1989-2014_beta-6.csv: line 190000 [oneflux.pipeline.site_data_product]
2025-06-02 20:36:27.359 [DEBUG   ] Writing /pscratch/sd/t/toanngo/ONEFlux/data/US-ARc_sample_output/99_fluxnet2015/FLX_US-ARc_FLUXNET2015_ERAI_HH_1989-2014_beta-6.csv: line 191000 [oneflux.pipeline.site_data_product]
2025-06-02 20:36:27.367 [DEBUG   ] Writing /pscratch/sd/t/toanngo/ONEFlux/data/US-ARc_sample_output/99_fluxnet2015/FLX_US-ARc_FLUXNET2015_ERAI_HH_1989-2014_beta-6.csv: line 192000 [oneflux.pipeline.site_data_product]
2025-06-02 20:36:27.375 [DEBUG   ] Writing /pscratch/sd/t/toanngo/ONEFlux/data/US-ARc_sample_output/99_fluxnet2015/FLX_US-ARc_FLUXNET2015_ERAI_HH_1989-2014_beta-6.csv: line 193000 [oneflux.pipeline.site_data_product]
2025-06-02 20:36:27.382 [DEBUG   ] Writing /pscratch/sd/t/toanngo/ONEFlux/data/US-ARc_sample_output/99_fluxnet2015/FLX_US-ARc_FLUXNET2015_ERAI_HH_1989-2014_beta-6.csv: line 194000 [oneflux.pipeline.site_data_product]
2025-06-02 20:36:27.390 [DEBUG   ] Writing /pscratch/sd/t/toanngo/ONEFlux/data/US-ARc_sample_output/99_fluxnet2015/FLX_US-ARc_FLUXNET2015_ERAI_HH_1989-2014_beta-6.csv: line 195000 [oneflux.pipeline.site_data_product]
2025-06-02 20:36:27.398 [DEBUG   ] Writing /pscratch/sd/t/toanngo/ONEFlux/data/US-ARc_sample_output/99_fluxnet2015/FLX_US-ARc_FLUXNET2015_ERAI_HH_1989-2014_beta-6.csv: line 196000 [oneflux.pipeline.site_data_product]
2025-06-02 20:36:27.406 [DEBUG   ] Writing /pscratch/sd/t/toanngo/ONEFlux/data/US-ARc_sample_output/99_fluxnet2015/FLX_US-ARc_FLUXNET2015_ERAI_HH_1989-2014_beta-6.csv: line 197000 [oneflux.pipeline.site_data_product]
2025-06-02 20:36:27.414 [DEBUG   ] Writing /pscratch/sd/t/toanngo/ONEFlux/data/US-ARc_sample_output/99_fluxnet2015/FLX_US-ARc_FLUXNET2015_ERAI_HH_1989-2014_beta-6.csv: line 198000 [oneflux.pipeline.site_data_product]
2025-06-02 20:36:27.422 [DEBUG   ] Writing /pscratch/sd/t/toanngo/ONEFlux/data/US-ARc_sample_output/99_fluxnet2015/FLX_US-ARc_FLUXNET2015_ERAI_HH_1989-2014_beta-6.csv: line 199000 [oneflux.pipeline.site_data_product]
2025-06-02 20:36:27.430 [DEBUG   ] Writing /pscratch/sd/t/toanngo/ONEFlux/data/US-ARc_sample_output/99_fluxnet2015/FLX_US-ARc_FLUXNET2015_ERAI_HH_1989-2014_beta-6.csv: line 200000 [oneflux.pipeline.site_data_product]
2025-06-02 20:36:27.438 [DEBUG   ] Writing /pscratch/sd/t/toanngo/ONEFlux/data/US-ARc_sample_output/99_fluxnet2015/FLX_US-ARc_FLUXNET2015_ERAI_HH_1989-2014_beta-6.csv: line 201000 [oneflux.pipeline.site_data_product]
2025-06-02 20:36:27.446 [DEBUG   ] Writing /pscratch/sd/t/toanngo/ONEFlux/data/US-ARc_sample_output/99_fluxnet2015/FLX_US-ARc_FLUXNET2015_ERAI_HH_1989-2014_beta-6.csv: line 202000 [oneflux.pipeline.site_data_product]
2025-06-02 20:36:27.454 [DEBUG   ] Writing /pscratch/sd/t/toanngo/ONEFlux/data/US-ARc_sample_output/99_fluxnet2015/FLX_US-ARc_FLUXNET2015_ERAI_HH_1989-2014_beta-6.csv: line 203000 [oneflux.pipeline.site_data_product]
2025-06-02 20:36:27.462 [DEBUG   ] Writing /pscratch/sd/t/toanngo/ONEFlux/data/US-ARc_sample_output/99_fluxnet2015/FLX_US-ARc_FLUXNET2015_ERAI_HH_1989-2014_beta-6.csv: line 204000 [oneflux.pipeline.site_data_product]
2025-06-02 20:36:27.470 [DEBUG   ] Writing /pscratch/sd/t/toanngo/ONEFlux/data/US-ARc_sample_output/99_fluxnet2015/FLX_US-ARc_FLUXNET2015_ERAI_HH_1989-2014_beta-6.csv: line 205000 [oneflux.pipeline.site_data_product]
2025-06-02 20:36:27.477 [DEBUG   ] Writing /pscratch/sd/t/toanngo/ONEFlux/data/US-ARc_sample_output/99_fluxnet2015/FLX_US-ARc_FLUXNET2015_ERAI_HH_1989-2014_beta-6.csv: line 206000 [oneflux.pipeline.site_data_product]
2025-06-02 20:36:27.485 [DEBUG   ] Writing /pscratch/sd/t/toanngo/ONEFlux/data/US-ARc_sample_output/99_fluxnet2015/FLX_US-ARc_FLUXNET2015_ERAI_HH_1989-2014_beta-6.csv: line 207000 [oneflux.pipeline.site_data_product]
2025-06-02 20:36:27.493 [DEBUG   ] Writing /pscratch/sd/t/toanngo/ONEFlux/data/US-ARc_sample_output/99_fluxnet2015/FLX_US-ARc_FLUXNET2015_ERAI_HH_1989-2014_beta-6.csv: line 208000 [oneflux.pipeline.site_data_product]
2025-06-02 20:36:27.501 [DEBUG   ] Writing /pscratch/sd/t/toanngo/ONEFlux/data/US-ARc_sample_output/99_fluxnet2015/FLX_US-ARc_FLUXNET2015_ERAI_HH_1989-2014_beta-6.csv: line 209000 [oneflux.pipeline.site_data_product]
2025-06-02 20:36:27.509 [DEBUG   ] Writing /pscratch/sd/t/toanngo/ONEFlux/data/US-ARc_sample_output/99_fluxnet2015/FLX_US-ARc_FLUXNET2015_ERAI_HH_1989-2014_beta-6.csv: line 210000 [oneflux.pipeline.site_data_product]
2025-06-02 20:36:27.517 [DEBUG   ] Writing /pscratch/sd/t/toanngo/ONEFlux/data/US-ARc_sample_output/99_fluxnet2015/FLX_US-ARc_FLUXNET2015_ERAI_HH_1989-2014_beta-6.csv: line 211000 [oneflux.pipeline.site_data_product]
2025-06-02 20:36:27.525 [DEBUG   ] Writing /pscratch/sd/t/toanngo/ONEFlux/data/US-ARc_sample_output/99_fluxnet2015/FLX_US-ARc_FLUXNET2015_ERAI_HH_1989-2014_beta-6.csv: line 212000 [oneflux.pipeline.site_data_product]
2025-06-02 20:36:27.532 [DEBUG   ] Writing /pscratch/sd/t/toanngo/ONEFlux/data/US-ARc_sample_output/99_fluxnet2015/FLX_US-ARc_FLUXNET2015_ERAI_HH_1989-2014_beta-6.csv: line 213000 [oneflux.pipeline.site_data_product]
2025-06-02 20:36:27.540 [DEBUG   ] Writing /pscratch/sd/t/toanngo/ONEFlux/data/US-ARc_sample_output/99_fluxnet2015/FLX_US-ARc_FLUXNET2015_ERAI_HH_1989-2014_beta-6.csv: line 214000 [oneflux.pipeline.site_data_product]
2025-06-02 20:36:27.548 [DEBUG   ] Writing /pscratch/sd/t/toanngo/ONEFlux/data/US-ARc_sample_output/99_fluxnet2015/FLX_US-ARc_FLUXNET2015_ERAI_HH_1989-2014_beta-6.csv: line 215000 [oneflux.pipeline.site_data_product]
2025-06-02 20:36:27.556 [DEBUG   ] Writing /pscratch/sd/t/toanngo/ONEFlux/data/US-ARc_sample_output/99_fluxnet2015/FLX_US-ARc_FLUXNET2015_ERAI_HH_1989-2014_beta-6.csv: line 216000 [oneflux.pipeline.site_data_product]
2025-06-02 20:36:27.564 [DEBUG   ] Writing /pscratch/sd/t/toanngo/ONEFlux/data/US-ARc_sample_output/99_fluxnet2015/FLX_US-ARc_FLUXNET2015_ERAI_HH_1989-2014_beta-6.csv: line 217000 [oneflux.pipeline.site_data_product]
2025-06-02 20:36:27.572 [DEBUG   ] Writing /pscratch/sd/t/toanngo/ONEFlux/data/US-ARc_sample_output/99_fluxnet2015/FLX_US-ARc_FLUXNET2015_ERAI_HH_1989-2014_beta-6.csv: line 218000 [oneflux.pipeline.site_data_product]
2025-06-02 20:36:27.580 [DEBUG   ] Writing /pscratch/sd/t/toanngo/ONEFlux/data/US-ARc_sample_output/99_fluxnet2015/FLX_US-ARc_FLUXNET2015_ERAI_HH_1989-2014_beta-6.csv: line 219000 [oneflux.pipeline.site_data_product]
2025-06-02 20:36:27.588 [DEBUG   ] Writing /pscratch/sd/t/toanngo/ONEFlux/data/US-ARc_sample_output/99_fluxnet2015/FLX_US-ARc_FLUXNET2015_ERAI_HH_1989-2014_beta-6.csv: line 220000 [oneflux.pipeline.site_data_product]
2025-06-02 20:36:27.596 [DEBUG   ] Writing /pscratch/sd/t/toanngo/ONEFlux/data/US-ARc_sample_output/99_fluxnet2015/FLX_US-ARc_FLUXNET2015_ERAI_HH_1989-2014_beta-6.csv: line 221000 [oneflux.pipeline.site_data_product]
2025-06-02 20:36:27.604 [DEBUG   ] Writing /pscratch/sd/t/toanngo/ONEFlux/data/US-ARc_sample_output/99_fluxnet2015/FLX_US-ARc_FLUXNET2015_ERAI_HH_1989-2014_beta-6.csv: line 222000 [oneflux.pipeline.site_data_product]
2025-06-02 20:36:27.612 [DEBUG   ] Writing /pscratch/sd/t/toanngo/ONEFlux/data/US-ARc_sample_output/99_fluxnet2015/FLX_US-ARc_FLUXNET2015_ERAI_HH_1989-2014_beta-6.csv: line 223000 [oneflux.pipeline.site_data_product]
2025-06-02 20:36:27.619 [DEBUG   ] Writing /pscratch/sd/t/toanngo/ONEFlux/data/US-ARc_sample_output/99_fluxnet2015/FLX_US-ARc_FLUXNET2015_ERAI_HH_1989-2014_beta-6.csv: line 224000 [oneflux.pipeline.site_data_product]
2025-06-02 20:36:27.627 [DEBUG   ] Writing /pscratch/sd/t/toanngo/ONEFlux/data/US-ARc_sample_output/99_fluxnet2015/FLX_US-ARc_FLUXNET2015_ERAI_HH_1989-2014_beta-6.csv: line 225000 [oneflux.pipeline.site_data_product]
2025-06-02 20:36:27.635 [DEBUG   ] Writing /pscratch/sd/t/toanngo/ONEFlux/data/US-ARc_sample_output/99_fluxnet2015/FLX_US-ARc_FLUXNET2015_ERAI_HH_1989-2014_beta-6.csv: line 226000 [oneflux.pipeline.site_data_product]
2025-06-02 20:36:27.643 [DEBUG   ] Writing /pscratch/sd/t/toanngo/ONEFlux/data/US-ARc_sample_output/99_fluxnet2015/FLX_US-ARc_FLUXNET2015_ERAI_HH_1989-2014_beta-6.csv: line 227000 [oneflux.pipeline.site_data_product]
2025-06-02 20:36:27.651 [DEBUG   ] Writing /pscratch/sd/t/toanngo/ONEFlux/data/US-ARc_sample_output/99_fluxnet2015/FLX_US-ARc_FLUXNET2015_ERAI_HH_1989-2014_beta-6.csv: line 228000 [oneflux.pipeline.site_data_product]
2025-06-02 20:36:27.659 [DEBUG   ] Writing /pscratch/sd/t/toanngo/ONEFlux/data/US-ARc_sample_output/99_fluxnet2015/FLX_US-ARc_FLUXNET2015_ERAI_HH_1989-2014_beta-6.csv: line 229000 [oneflux.pipeline.site_data_product]
2025-06-02 20:36:27.666 [DEBUG   ] Writing /pscratch/sd/t/toanngo/ONEFlux/data/US-ARc_sample_output/99_fluxnet2015/FLX_US-ARc_FLUXNET2015_ERAI_HH_1989-2014_beta-6.csv: line 230000 [oneflux.pipeline.site_data_product]
2025-06-02 20:36:27.674 [DEBUG   ] Writing /pscratch/sd/t/toanngo/ONEFlux/data/US-ARc_sample_output/99_fluxnet2015/FLX_US-ARc_FLUXNET2015_ERAI_HH_1989-2014_beta-6.csv: line 231000 [oneflux.pipeline.site_data_product]
2025-06-02 20:36:27.682 [DEBUG   ] Writing /pscratch/sd/t/toanngo/ONEFlux/data/US-ARc_sample_output/99_fluxnet2015/FLX_US-ARc_FLUXNET2015_ERAI_HH_1989-2014_beta-6.csv: line 232000 [oneflux.pipeline.site_data_product]
2025-06-02 20:36:27.690 [DEBUG   ] Writing /pscratch/sd/t/toanngo/ONEFlux/data/US-ARc_sample_output/99_fluxnet2015/FLX_US-ARc_FLUXNET2015_ERAI_HH_1989-2014_beta-6.csv: line 233000 [oneflux.pipeline.site_data_product]
2025-06-02 20:36:27.698 [DEBUG   ] Writing /pscratch/sd/t/toanngo/ONEFlux/data/US-ARc_sample_output/99_fluxnet2015/FLX_US-ARc_FLUXNET2015_ERAI_HH_1989-2014_beta-6.csv: line 234000 [oneflux.pipeline.site_data_product]
2025-06-02 20:36:27.706 [DEBUG   ] Writing /pscratch/sd/t/toanngo/ONEFlux/data/US-ARc_sample_output/99_fluxnet2015/FLX_US-ARc_FLUXNET2015_ERAI_HH_1989-2014_beta-6.csv: line 235000 [oneflux.pipeline.site_data_product]
2025-06-02 20:36:27.714 [DEBUG   ] Writing /pscratch/sd/t/toanngo/ONEFlux/data/US-ARc_sample_output/99_fluxnet2015/FLX_US-ARc_FLUXNET2015_ERAI_HH_1989-2014_beta-6.csv: line 236000 [oneflux.pipeline.site_data_product]
2025-06-02 20:36:27.722 [DEBUG   ] Writing /pscratch/sd/t/toanngo/ONEFlux/data/US-ARc_sample_output/99_fluxnet2015/FLX_US-ARc_FLUXNET2015_ERAI_HH_1989-2014_beta-6.csv: line 237000 [oneflux.pipeline.site_data_product]
2025-06-02 20:36:27.730 [DEBUG   ] Writing /pscratch/sd/t/toanngo/ONEFlux/data/US-ARc_sample_output/99_fluxnet2015/FLX_US-ARc_FLUXNET2015_ERAI_HH_1989-2014_beta-6.csv: line 238000 [oneflux.pipeline.site_data_product]
2025-06-02 20:36:27.738 [DEBUG   ] Writing /pscratch/sd/t/toanngo/ONEFlux/data/US-ARc_sample_output/99_fluxnet2015/FLX_US-ARc_FLUXNET2015_ERAI_HH_1989-2014_beta-6.csv: line 239000 [oneflux.pipeline.site_data_product]
2025-06-02 20:36:27.746 [DEBUG   ] Writing /pscratch/sd/t/toanngo/ONEFlux/data/US-ARc_sample_output/99_fluxnet2015/FLX_US-ARc_FLUXNET2015_ERAI_HH_1989-2014_beta-6.csv: line 240000 [oneflux.pipeline.site_data_product]
2025-06-02 20:36:27.753 [DEBUG   ] Writing /pscratch/sd/t/toanngo/ONEFlux/data/US-ARc_sample_output/99_fluxnet2015/FLX_US-ARc_FLUXNET2015_ERAI_HH_1989-2014_beta-6.csv: line 241000 [oneflux.pipeline.site_data_product]
2025-06-02 20:36:27.761 [DEBUG   ] Writing /pscratch/sd/t/toanngo/ONEFlux/data/US-ARc_sample_output/99_fluxnet2015/FLX_US-ARc_FLUXNET2015_ERAI_HH_1989-2014_beta-6.csv: line 242000 [oneflux.pipeline.site_data_product]
2025-06-02 20:36:27.769 [DEBUG   ] Writing /pscratch/sd/t/toanngo/ONEFlux/data/US-ARc_sample_output/99_fluxnet2015/FLX_US-ARc_FLUXNET2015_ERAI_HH_1989-2014_beta-6.csv: line 243000 [oneflux.pipeline.site_data_product]
2025-06-02 20:36:27.777 [DEBUG   ] Writing /pscratch/sd/t/toanngo/ONEFlux/data/US-ARc_sample_output/99_fluxnet2015/FLX_US-ARc_FLUXNET2015_ERAI_HH_1989-2014_beta-6.csv: line 244000 [oneflux.pipeline.site_data_product]
2025-06-02 20:36:27.785 [DEBUG   ] Writing /pscratch/sd/t/toanngo/ONEFlux/data/US-ARc_sample_output/99_fluxnet2015/FLX_US-ARc_FLUXNET2015_ERAI_HH_1989-2014_beta-6.csv: line 245000 [oneflux.pipeline.site_data_product]
2025-06-02 20:36:27.793 [DEBUG   ] Writing /pscratch/sd/t/toanngo/ONEFlux/data/US-ARc_sample_output/99_fluxnet2015/FLX_US-ARc_FLUXNET2015_ERAI_HH_1989-2014_beta-6.csv: line 246000 [oneflux.pipeline.site_data_product]
2025-06-02 20:36:27.801 [DEBUG   ] Writing /pscratch/sd/t/toanngo/ONEFlux/data/US-ARc_sample_output/99_fluxnet2015/FLX_US-ARc_FLUXNET2015_ERAI_HH_1989-2014_beta-6.csv: line 247000 [oneflux.pipeline.site_data_product]
2025-06-02 20:36:27.808 [DEBUG   ] Writing /pscratch/sd/t/toanngo/ONEFlux/data/US-ARc_sample_output/99_fluxnet2015/FLX_US-ARc_FLUXNET2015_ERAI_HH_1989-2014_beta-6.csv: line 248000 [oneflux.pipeline.site_data_product]
2025-06-02 20:36:27.816 [DEBUG   ] Writing /pscratch/sd/t/toanngo/ONEFlux/data/US-ARc_sample_output/99_fluxnet2015/FLX_US-ARc_FLUXNET2015_ERAI_HH_1989-2014_beta-6.csv: line 249000 [oneflux.pipeline.site_data_product]
2025-06-02 20:36:27.824 [DEBUG   ] Writing /pscratch/sd/t/toanngo/ONEFlux/data/US-ARc_sample_output/99_fluxnet2015/FLX_US-ARc_FLUXNET2015_ERAI_HH_1989-2014_beta-6.csv: line 250000 [oneflux.pipeline.site_data_product]
2025-06-02 20:36:27.832 [DEBUG   ] Writing /pscratch/sd/t/toanngo/ONEFlux/data/US-ARc_sample_output/99_fluxnet2015/FLX_US-ARc_FLUXNET2015_ERAI_HH_1989-2014_beta-6.csv: line 251000 [oneflux.pipeline.site_data_product]
2025-06-02 20:36:27.840 [DEBUG   ] Writing /pscratch/sd/t/toanngo/ONEFlux/data/US-ARc_sample_output/99_fluxnet2015/FLX_US-ARc_FLUXNET2015_ERAI_HH_1989-2014_beta-6.csv: line 252000 [oneflux.pipeline.site_data_product]
2025-06-02 20:36:27.848 [DEBUG   ] Writing /pscratch/sd/t/toanngo/ONEFlux/data/US-ARc_sample_output/99_fluxnet2015/FLX_US-ARc_FLUXNET2015_ERAI_HH_1989-2014_beta-6.csv: line 253000 [oneflux.pipeline.site_data_product]
2025-06-02 20:36:27.856 [DEBUG   ] Writing /pscratch/sd/t/toanngo/ONEFlux/data/US-ARc_sample_output/99_fluxnet2015/FLX_US-ARc_FLUXNET2015_ERAI_HH_1989-2014_beta-6.csv: line 254000 [oneflux.pipeline.site_data_product]
2025-06-02 20:36:27.864 [DEBUG   ] Writing /pscratch/sd/t/toanngo/ONEFlux/data/US-ARc_sample_output/99_fluxnet2015/FLX_US-ARc_FLUXNET2015_ERAI_HH_1989-2014_beta-6.csv: line 255000 [oneflux.pipeline.site_data_product]
2025-06-02 20:36:27.871 [DEBUG   ] Writing /pscratch/sd/t/toanngo/ONEFlux/data/US-ARc_sample_output/99_fluxnet2015/FLX_US-ARc_FLUXNET2015_ERAI_HH_1989-2014_beta-6.csv: line 256000 [oneflux.pipeline.site_data_product]
2025-06-02 20:36:27.879 [DEBUG   ] Writing /pscratch/sd/t/toanngo/ONEFlux/data/US-ARc_sample_output/99_fluxnet2015/FLX_US-ARc_FLUXNET2015_ERAI_HH_1989-2014_beta-6.csv: line 257000 [oneflux.pipeline.site_data_product]
2025-06-02 20:36:27.887 [DEBUG   ] Writing /pscratch/sd/t/toanngo/ONEFlux/data/US-ARc_sample_output/99_fluxnet2015/FLX_US-ARc_FLUXNET2015_ERAI_HH_1989-2014_beta-6.csv: line 258000 [oneflux.pipeline.site_data_product]
2025-06-02 20:36:27.895 [DEBUG   ] Writing /pscratch/sd/t/toanngo/ONEFlux/data/US-ARc_sample_output/99_fluxnet2015/FLX_US-ARc_FLUXNET2015_ERAI_HH_1989-2014_beta-6.csv: line 259000 [oneflux.pipeline.site_data_product]
2025-06-02 20:36:27.903 [DEBUG   ] Writing /pscratch/sd/t/toanngo/ONEFlux/data/US-ARc_sample_output/99_fluxnet2015/FLX_US-ARc_FLUXNET2015_ERAI_HH_1989-2014_beta-6.csv: line 260000 [oneflux.pipeline.site_data_product]
2025-06-02 20:36:27.911 [DEBUG   ] Writing /pscratch/sd/t/toanngo/ONEFlux/data/US-ARc_sample_output/99_fluxnet2015/FLX_US-ARc_FLUXNET2015_ERAI_HH_1989-2014_beta-6.csv: line 261000 [oneflux.pipeline.site_data_product]
2025-06-02 20:36:27.919 [DEBUG   ] Writing /pscratch/sd/t/toanngo/ONEFlux/data/US-ARc_sample_output/99_fluxnet2015/FLX_US-ARc_FLUXNET2015_ERAI_HH_1989-2014_beta-6.csv: line 262000 [oneflux.pipeline.site_data_product]
2025-06-02 20:36:27.927 [DEBUG   ] Writing /pscratch/sd/t/toanngo/ONEFlux/data/US-ARc_sample_output/99_fluxnet2015/FLX_US-ARc_FLUXNET2015_ERAI_HH_1989-2014_beta-6.csv: line 263000 [oneflux.pipeline.site_data_product]
2025-06-02 20:36:27.934 [DEBUG   ] Writing /pscratch/sd/t/toanngo/ONEFlux/data/US-ARc_sample_output/99_fluxnet2015/FLX_US-ARc_FLUXNET2015_ERAI_HH_1989-2014_beta-6.csv: line 264000 [oneflux.pipeline.site_data_product]
2025-06-02 20:36:27.942 [DEBUG   ] Writing /pscratch/sd/t/toanngo/ONEFlux/data/US-ARc_sample_output/99_fluxnet2015/FLX_US-ARc_FLUXNET2015_ERAI_HH_1989-2014_beta-6.csv: line 265000 [oneflux.pipeline.site_data_product]
2025-06-02 20:36:27.950 [DEBUG   ] Writing /pscratch/sd/t/toanngo/ONEFlux/data/US-ARc_sample_output/99_fluxnet2015/FLX_US-ARc_FLUXNET2015_ERAI_HH_1989-2014_beta-6.csv: line 266000 [oneflux.pipeline.site_data_product]
2025-06-02 20:36:27.958 [DEBUG   ] Writing /pscratch/sd/t/toanngo/ONEFlux/data/US-ARc_sample_output/99_fluxnet2015/FLX_US-ARc_FLUXNET2015_ERAI_HH_1989-2014_beta-6.csv: line 267000 [oneflux.pipeline.site_data_product]
2025-06-02 20:36:27.966 [DEBUG   ] Writing /pscratch/sd/t/toanngo/ONEFlux/data/US-ARc_sample_output/99_fluxnet2015/FLX_US-ARc_FLUXNET2015_ERAI_HH_1989-2014_beta-6.csv: line 268000 [oneflux.pipeline.site_data_product]
2025-06-02 20:36:27.973 [DEBUG   ] Writing /pscratch/sd/t/toanngo/ONEFlux/data/US-ARc_sample_output/99_fluxnet2015/FLX_US-ARc_FLUXNET2015_ERAI_HH_1989-2014_beta-6.csv: line 269000 [oneflux.pipeline.site_data_product]
2025-06-02 20:36:27.981 [DEBUG   ] Writing /pscratch/sd/t/toanngo/ONEFlux/data/US-ARc_sample_output/99_fluxnet2015/FLX_US-ARc_FLUXNET2015_ERAI_HH_1989-2014_beta-6.csv: line 270000 [oneflux.pipeline.site_data_product]
2025-06-02 20:36:27.989 [DEBUG   ] Writing /pscratch/sd/t/toanngo/ONEFlux/data/US-ARc_sample_output/99_fluxnet2015/FLX_US-ARc_FLUXNET2015_ERAI_HH_1989-2014_beta-6.csv: line 271000 [oneflux.pipeline.site_data_product]
2025-06-02 20:36:27.997 [DEBUG   ] Writing /pscratch/sd/t/toanngo/ONEFlux/data/US-ARc_sample_output/99_fluxnet2015/FLX_US-ARc_FLUXNET2015_ERAI_HH_1989-2014_beta-6.csv: line 272000 [oneflux.pipeline.site_data_product]
2025-06-02 20:36:28.005 [DEBUG   ] Writing /pscratch/sd/t/toanngo/ONEFlux/data/US-ARc_sample_output/99_fluxnet2015/FLX_US-ARc_FLUXNET2015_ERAI_HH_1989-2014_beta-6.csv: line 273000 [oneflux.pipeline.site_data_product]
2025-06-02 20:36:28.013 [DEBUG   ] Writing /pscratch/sd/t/toanngo/ONEFlux/data/US-ARc_sample_output/99_fluxnet2015/FLX_US-ARc_FLUXNET2015_ERAI_HH_1989-2014_beta-6.csv: line 274000 [oneflux.pipeline.site_data_product]
2025-06-02 20:36:28.021 [DEBUG   ] Writing /pscratch/sd/t/toanngo/ONEFlux/data/US-ARc_sample_output/99_fluxnet2015/FLX_US-ARc_FLUXNET2015_ERAI_HH_1989-2014_beta-6.csv: line 275000 [oneflux.pipeline.site_data_product]
2025-06-02 20:36:28.029 [DEBUG   ] Writing /pscratch/sd/t/toanngo/ONEFlux/data/US-ARc_sample_output/99_fluxnet2015/FLX_US-ARc_FLUXNET2015_ERAI_HH_1989-2014_beta-6.csv: line 276000 [oneflux.pipeline.site_data_product]
2025-06-02 20:36:28.037 [DEBUG   ] Writing /pscratch/sd/t/toanngo/ONEFlux/data/US-ARc_sample_output/99_fluxnet2015/FLX_US-ARc_FLUXNET2015_ERAI_HH_1989-2014_beta-6.csv: line 277000 [oneflux.pipeline.site_data_product]
2025-06-02 20:36:28.044 [DEBUG   ] Writing /pscratch/sd/t/toanngo/ONEFlux/data/US-ARc_sample_output/99_fluxnet2015/FLX_US-ARc_FLUXNET2015_ERAI_HH_1989-2014_beta-6.csv: line 278000 [oneflux.pipeline.site_data_product]
2025-06-02 20:36:28.052 [DEBUG   ] Writing /pscratch/sd/t/toanngo/ONEFlux/data/US-ARc_sample_output/99_fluxnet2015/FLX_US-ARc_FLUXNET2015_ERAI_HH_1989-2014_beta-6.csv: line 279000 [oneflux.pipeline.site_data_product]
2025-06-02 20:36:28.060 [DEBUG   ] Writing /pscratch/sd/t/toanngo/ONEFlux/data/US-ARc_sample_output/99_fluxnet2015/FLX_US-ARc_FLUXNET2015_ERAI_HH_1989-2014_beta-6.csv: line 280000 [oneflux.pipeline.site_data_product]
2025-06-02 20:36:28.068 [DEBUG   ] Writing /pscratch/sd/t/toanngo/ONEFlux/data/US-ARc_sample_output/99_fluxnet2015/FLX_US-ARc_FLUXNET2015_ERAI_HH_1989-2014_beta-6.csv: line 281000 [oneflux.pipeline.site_data_product]
2025-06-02 20:36:28.076 [DEBUG   ] Writing /pscratch/sd/t/toanngo/ONEFlux/data/US-ARc_sample_output/99_fluxnet2015/FLX_US-ARc_FLUXNET2015_ERAI_HH_1989-2014_beta-6.csv: line 282000 [oneflux.pipeline.site_data_product]
2025-06-02 20:36:28.083 [DEBUG   ] Writing /pscratch/sd/t/toanngo/ONEFlux/data/US-ARc_sample_output/99_fluxnet2015/FLX_US-ARc_FLUXNET2015_ERAI_HH_1989-2014_beta-6.csv: line 283000 [oneflux.pipeline.site_data_product]
2025-06-02 20:36:28.091 [DEBUG   ] Writing /pscratch/sd/t/toanngo/ONEFlux/data/US-ARc_sample_output/99_fluxnet2015/FLX_US-ARc_FLUXNET2015_ERAI_HH_1989-2014_beta-6.csv: line 284000 [oneflux.pipeline.site_data_product]
2025-06-02 20:36:28.099 [DEBUG   ] Writing /pscratch/sd/t/toanngo/ONEFlux/data/US-ARc_sample_output/99_fluxnet2015/FLX_US-ARc_FLUXNET2015_ERAI_HH_1989-2014_beta-6.csv: line 285000 [oneflux.pipeline.site_data_product]
2025-06-02 20:36:28.107 [DEBUG   ] Writing /pscratch/sd/t/toanngo/ONEFlux/data/US-ARc_sample_output/99_fluxnet2015/FLX_US-ARc_FLUXNET2015_ERAI_HH_1989-2014_beta-6.csv: line 286000 [oneflux.pipeline.site_data_product]
2025-06-02 20:36:28.115 [DEBUG   ] Writing /pscratch/sd/t/toanngo/ONEFlux/data/US-ARc_sample_output/99_fluxnet2015/FLX_US-ARc_FLUXNET2015_ERAI_HH_1989-2014_beta-6.csv: line 287000 [oneflux.pipeline.site_data_product]
2025-06-02 20:36:28.123 [DEBUG   ] Writing /pscratch/sd/t/toanngo/ONEFlux/data/US-ARc_sample_output/99_fluxnet2015/FLX_US-ARc_FLUXNET2015_ERAI_HH_1989-2014_beta-6.csv: line 288000 [oneflux.pipeline.site_data_product]
2025-06-02 20:36:28.131 [DEBUG   ] Writing /pscratch/sd/t/toanngo/ONEFlux/data/US-ARc_sample_output/99_fluxnet2015/FLX_US-ARc_FLUXNET2015_ERAI_HH_1989-2014_beta-6.csv: line 289000 [oneflux.pipeline.site_data_product]
2025-06-02 20:36:28.139 [DEBUG   ] Writing /pscratch/sd/t/toanngo/ONEFlux/data/US-ARc_sample_output/99_fluxnet2015/FLX_US-ARc_FLUXNET2015_ERAI_HH_1989-2014_beta-6.csv: line 290000 [oneflux.pipeline.site_data_product]
2025-06-02 20:36:28.147 [DEBUG   ] Writing /pscratch/sd/t/toanngo/ONEFlux/data/US-ARc_sample_output/99_fluxnet2015/FLX_US-ARc_FLUXNET2015_ERAI_HH_1989-2014_beta-6.csv: line 291000 [oneflux.pipeline.site_data_product]
2025-06-02 20:36:28.155 [DEBUG   ] Writing /pscratch/sd/t/toanngo/ONEFlux/data/US-ARc_sample_output/99_fluxnet2015/FLX_US-ARc_FLUXNET2015_ERAI_HH_1989-2014_beta-6.csv: line 292000 [oneflux.pipeline.site_data_product]
2025-06-02 20:36:28.163 [DEBUG   ] Writing /pscratch/sd/t/toanngo/ONEFlux/data/US-ARc_sample_output/99_fluxnet2015/FLX_US-ARc_FLUXNET2015_ERAI_HH_1989-2014_beta-6.csv: line 293000 [oneflux.pipeline.site_data_product]
2025-06-02 20:36:28.170 [DEBUG   ] Writing /pscratch/sd/t/toanngo/ONEFlux/data/US-ARc_sample_output/99_fluxnet2015/FLX_US-ARc_FLUXNET2015_ERAI_HH_1989-2014_beta-6.csv: line 294000 [oneflux.pipeline.site_data_product]
2025-06-02 20:36:28.178 [DEBUG   ] Writing /pscratch/sd/t/toanngo/ONEFlux/data/US-ARc_sample_output/99_fluxnet2015/FLX_US-ARc_FLUXNET2015_ERAI_HH_1989-2014_beta-6.csv: line 295000 [oneflux.pipeline.site_data_product]
2025-06-02 20:36:28.186 [DEBUG   ] Writing /pscratch/sd/t/toanngo/ONEFlux/data/US-ARc_sample_output/99_fluxnet2015/FLX_US-ARc_FLUXNET2015_ERAI_HH_1989-2014_beta-6.csv: line 296000 [oneflux.pipeline.site_data_product]
2025-06-02 20:36:28.194 [DEBUG   ] Writing /pscratch/sd/t/toanngo/ONEFlux/data/US-ARc_sample_output/99_fluxnet2015/FLX_US-ARc_FLUXNET2015_ERAI_HH_1989-2014_beta-6.csv: line 297000 [oneflux.pipeline.site_data_product]
2025-06-02 20:36:28.202 [DEBUG   ] Writing /pscratch/sd/t/toanngo/ONEFlux/data/US-ARc_sample_output/99_fluxnet2015/FLX_US-ARc_FLUXNET2015_ERAI_HH_1989-2014_beta-6.csv: line 298000 [oneflux.pipeline.site_data_product]
2025-06-02 20:36:28.210 [DEBUG   ] Writing /pscratch/sd/t/toanngo/ONEFlux/data/US-ARc_sample_output/99_fluxnet2015/FLX_US-ARc_FLUXNET2015_ERAI_HH_1989-2014_beta-6.csv: line 299000 [oneflux.pipeline.site_data_product]
2025-06-02 20:36:28.218 [DEBUG   ] Writing /pscratch/sd/t/toanngo/ONEFlux/data/US-ARc_sample_output/99_fluxnet2015/FLX_US-ARc_FLUXNET2015_ERAI_HH_1989-2014_beta-6.csv: line 300000 [oneflux.pipeline.site_data_product]
2025-06-02 20:36:28.225 [DEBUG   ] Writing /pscratch/sd/t/toanngo/ONEFlux/data/US-ARc_sample_output/99_fluxnet2015/FLX_US-ARc_FLUXNET2015_ERAI_HH_1989-2014_beta-6.csv: line 301000 [oneflux.pipeline.site_data_product]
2025-06-02 20:36:28.233 [DEBUG   ] Writing /pscratch/sd/t/toanngo/ONEFlux/data/US-ARc_sample_output/99_fluxnet2015/FLX_US-ARc_FLUXNET2015_ERAI_HH_1989-2014_beta-6.csv: line 302000 [oneflux.pipeline.site_data_product]
2025-06-02 20:36:28.241 [DEBUG   ] Writing /pscratch/sd/t/toanngo/ONEFlux/data/US-ARc_sample_output/99_fluxnet2015/FLX_US-ARc_FLUXNET2015_ERAI_HH_1989-2014_beta-6.csv: line 303000 [oneflux.pipeline.site_data_product]
2025-06-02 20:36:28.249 [DEBUG   ] Writing /pscratch/sd/t/toanngo/ONEFlux/data/US-ARc_sample_output/99_fluxnet2015/FLX_US-ARc_FLUXNET2015_ERAI_HH_1989-2014_beta-6.csv: line 304000 [oneflux.pipeline.site_data_product]
2025-06-02 20:36:28.257 [DEBUG   ] Writing /pscratch/sd/t/toanngo/ONEFlux/data/US-ARc_sample_output/99_fluxnet2015/FLX_US-ARc_FLUXNET2015_ERAI_HH_1989-2014_beta-6.csv: line 305000 [oneflux.pipeline.site_data_product]
2025-06-02 20:36:28.265 [DEBUG   ] Writing /pscratch/sd/t/toanngo/ONEFlux/data/US-ARc_sample_output/99_fluxnet2015/FLX_US-ARc_FLUXNET2015_ERAI_HH_1989-2014_beta-6.csv: line 306000 [oneflux.pipeline.site_data_product]
2025-06-02 20:36:28.273 [DEBUG   ] Writing /pscratch/sd/t/toanngo/ONEFlux/data/US-ARc_sample_output/99_fluxnet2015/FLX_US-ARc_FLUXNET2015_ERAI_HH_1989-2014_beta-6.csv: line 307000 [oneflux.pipeline.site_data_product]
2025-06-02 20:36:28.281 [DEBUG   ] Writing /pscratch/sd/t/toanngo/ONEFlux/data/US-ARc_sample_output/99_fluxnet2015/FLX_US-ARc_FLUXNET2015_ERAI_HH_1989-2014_beta-6.csv: line 308000 [oneflux.pipeline.site_data_product]
2025-06-02 20:36:28.289 [DEBUG   ] Writing /pscratch/sd/t/toanngo/ONEFlux/data/US-ARc_sample_output/99_fluxnet2015/FLX_US-ARc_FLUXNET2015_ERAI_HH_1989-2014_beta-6.csv: line 309000 [oneflux.pipeline.site_data_product]
2025-06-02 20:36:28.297 [DEBUG   ] Writing /pscratch/sd/t/toanngo/ONEFlux/data/US-ARc_sample_output/99_fluxnet2015/FLX_US-ARc_FLUXNET2015_ERAI_HH_1989-2014_beta-6.csv: line 310000 [oneflux.pipeline.site_data_product]
2025-06-02 20:36:28.305 [DEBUG   ] Writing /pscratch/sd/t/toanngo/ONEFlux/data/US-ARc_sample_output/99_fluxnet2015/FLX_US-ARc_FLUXNET2015_ERAI_HH_1989-2014_beta-6.csv: line 311000 [oneflux.pipeline.site_data_product]
2025-06-02 20:36:28.313 [DEBUG   ] Writing /pscratch/sd/t/toanngo/ONEFlux/data/US-ARc_sample_output/99_fluxnet2015/FLX_US-ARc_FLUXNET2015_ERAI_HH_1989-2014_beta-6.csv: line 312000 [oneflux.pipeline.site_data_product]
2025-06-02 20:36:28.321 [DEBUG   ] Writing /pscratch/sd/t/toanngo/ONEFlux/data/US-ARc_sample_output/99_fluxnet2015/FLX_US-ARc_FLUXNET2015_ERAI_HH_1989-2014_beta-6.csv: line 313000 [oneflux.pipeline.site_data_product]
2025-06-02 20:36:28.329 [DEBUG   ] Writing /pscratch/sd/t/toanngo/ONEFlux/data/US-ARc_sample_output/99_fluxnet2015/FLX_US-ARc_FLUXNET2015_ERAI_HH_1989-2014_beta-6.csv: line 314000 [oneflux.pipeline.site_data_product]
2025-06-02 20:36:28.337 [DEBUG   ] Writing /pscratch/sd/t/toanngo/ONEFlux/data/US-ARc_sample_output/99_fluxnet2015/FLX_US-ARc_FLUXNET2015_ERAI_HH_1989-2014_beta-6.csv: line 315000 [oneflux.pipeline.site_data_product]
2025-06-02 20:36:28.344 [DEBUG   ] Writing /pscratch/sd/t/toanngo/ONEFlux/data/US-ARc_sample_output/99_fluxnet2015/FLX_US-ARc_FLUXNET2015_ERAI_HH_1989-2014_beta-6.csv: line 316000 [oneflux.pipeline.site_data_product]
2025-06-02 20:36:28.352 [DEBUG   ] Writing /pscratch/sd/t/toanngo/ONEFlux/data/US-ARc_sample_output/99_fluxnet2015/FLX_US-ARc_FLUXNET2015_ERAI_HH_1989-2014_beta-6.csv: line 317000 [oneflux.pipeline.site_data_product]
2025-06-02 20:36:28.360 [DEBUG   ] Writing /pscratch/sd/t/toanngo/ONEFlux/data/US-ARc_sample_output/99_fluxnet2015/FLX_US-ARc_FLUXNET2015_ERAI_HH_1989-2014_beta-6.csv: line 318000 [oneflux.pipeline.site_data_product]
2025-06-02 20:36:28.368 [DEBUG   ] Writing /pscratch/sd/t/toanngo/ONEFlux/data/US-ARc_sample_output/99_fluxnet2015/FLX_US-ARc_FLUXNET2015_ERAI_HH_1989-2014_beta-6.csv: line 319000 [oneflux.pipeline.site_data_product]
2025-06-02 20:36:28.376 [DEBUG   ] Writing /pscratch/sd/t/toanngo/ONEFlux/data/US-ARc_sample_output/99_fluxnet2015/FLX_US-ARc_FLUXNET2015_ERAI_HH_1989-2014_beta-6.csv: line 320000 [oneflux.pipeline.site_data_product]
2025-06-02 20:36:28.384 [DEBUG   ] Writing /pscratch/sd/t/toanngo/ONEFlux/data/US-ARc_sample_output/99_fluxnet2015/FLX_US-ARc_FLUXNET2015_ERAI_HH_1989-2014_beta-6.csv: line 321000 [oneflux.pipeline.site_data_product]
2025-06-02 20:36:28.392 [DEBUG   ] Writing /pscratch/sd/t/toanngo/ONEFlux/data/US-ARc_sample_output/99_fluxnet2015/FLX_US-ARc_FLUXNET2015_ERAI_HH_1989-2014_beta-6.csv: line 322000 [oneflux.pipeline.site_data_product]
2025-06-02 20:36:28.400 [DEBUG   ] Writing /pscratch/sd/t/toanngo/ONEFlux/data/US-ARc_sample_output/99_fluxnet2015/FLX_US-ARc_FLUXNET2015_ERAI_HH_1989-2014_beta-6.csv: line 323000 [oneflux.pipeline.site_data_product]
2025-06-02 20:36:28.408 [DEBUG   ] Writing /pscratch/sd/t/toanngo/ONEFlux/data/US-ARc_sample_output/99_fluxnet2015/FLX_US-ARc_FLUXNET2015_ERAI_HH_1989-2014_beta-6.csv: line 324000 [oneflux.pipeline.site_data_product]
2025-06-02 20:36:28.416 [DEBUG   ] Writing /pscratch/sd/t/toanngo/ONEFlux/data/US-ARc_sample_output/99_fluxnet2015/FLX_US-ARc_FLUXNET2015_ERAI_HH_1989-2014_beta-6.csv: line 325000 [oneflux.pipeline.site_data_product]
2025-06-02 20:36:28.424 [DEBUG   ] Writing /pscratch/sd/t/toanngo/ONEFlux/data/US-ARc_sample_output/99_fluxnet2015/FLX_US-ARc_FLUXNET2015_ERAI_HH_1989-2014_beta-6.csv: line 326000 [oneflux.pipeline.site_data_product]
2025-06-02 20:36:28.432 [DEBUG   ] Writing /pscratch/sd/t/toanngo/ONEFlux/data/US-ARc_sample_output/99_fluxnet2015/FLX_US-ARc_FLUXNET2015_ERAI_HH_1989-2014_beta-6.csv: line 327000 [oneflux.pipeline.site_data_product]
2025-06-02 20:36:28.440 [DEBUG   ] Writing /pscratch/sd/t/toanngo/ONEFlux/data/US-ARc_sample_output/99_fluxnet2015/FLX_US-ARc_FLUXNET2015_ERAI_HH_1989-2014_beta-6.csv: line 328000 [oneflux.pipeline.site_data_product]
2025-06-02 20:36:28.448 [DEBUG   ] Writing /pscratch/sd/t/toanngo/ONEFlux/data/US-ARc_sample_output/99_fluxnet2015/FLX_US-ARc_FLUXNET2015_ERAI_HH_1989-2014_beta-6.csv: line 329000 [oneflux.pipeline.site_data_product]
2025-06-02 20:36:28.455 [DEBUG   ] Writing /pscratch/sd/t/toanngo/ONEFlux/data/US-ARc_sample_output/99_fluxnet2015/FLX_US-ARc_FLUXNET2015_ERAI_HH_1989-2014_beta-6.csv: line 330000 [oneflux.pipeline.site_data_product]
2025-06-02 20:36:28.463 [DEBUG   ] Writing /pscratch/sd/t/toanngo/ONEFlux/data/US-ARc_sample_output/99_fluxnet2015/FLX_US-ARc_FLUXNET2015_ERAI_HH_1989-2014_beta-6.csv: line 331000 [oneflux.pipeline.site_data_product]
2025-06-02 20:36:28.471 [DEBUG   ] Writing /pscratch/sd/t/toanngo/ONEFlux/data/US-ARc_sample_output/99_fluxnet2015/FLX_US-ARc_FLUXNET2015_ERAI_HH_1989-2014_beta-6.csv: line 332000 [oneflux.pipeline.site_data_product]
2025-06-02 20:36:28.479 [DEBUG   ] Writing /pscratch/sd/t/toanngo/ONEFlux/data/US-ARc_sample_output/99_fluxnet2015/FLX_US-ARc_FLUXNET2015_ERAI_HH_1989-2014_beta-6.csv: line 333000 [oneflux.pipeline.site_data_product]
2025-06-02 20:36:28.487 [DEBUG   ] Writing /pscratch/sd/t/toanngo/ONEFlux/data/US-ARc_sample_output/99_fluxnet2015/FLX_US-ARc_FLUXNET2015_ERAI_HH_1989-2014_beta-6.csv: line 334000 [oneflux.pipeline.site_data_product]
2025-06-02 20:36:28.495 [DEBUG   ] Writing /pscratch/sd/t/toanngo/ONEFlux/data/US-ARc_sample_output/99_fluxnet2015/FLX_US-ARc_FLUXNET2015_ERAI_HH_1989-2014_beta-6.csv: line 335000 [oneflux.pipeline.site_data_product]
2025-06-02 20:36:28.502 [DEBUG   ] Writing /pscratch/sd/t/toanngo/ONEFlux/data/US-ARc_sample_output/99_fluxnet2015/FLX_US-ARc_FLUXNET2015_ERAI_HH_1989-2014_beta-6.csv: line 336000 [oneflux.pipeline.site_data_product]
2025-06-02 20:36:28.510 [DEBUG   ] Writing /pscratch/sd/t/toanngo/ONEFlux/data/US-ARc_sample_output/99_fluxnet2015/FLX_US-ARc_FLUXNET2015_ERAI_HH_1989-2014_beta-6.csv: line 337000 [oneflux.pipeline.site_data_product]
2025-06-02 20:36:28.518 [DEBUG   ] Writing /pscratch/sd/t/toanngo/ONEFlux/data/US-ARc_sample_output/99_fluxnet2015/FLX_US-ARc_FLUXNET2015_ERAI_HH_1989-2014_beta-6.csv: line 338000 [oneflux.pipeline.site_data_product]
2025-06-02 20:36:28.526 [DEBUG   ] Writing /pscratch/sd/t/toanngo/ONEFlux/data/US-ARc_sample_output/99_fluxnet2015/FLX_US-ARc_FLUXNET2015_ERAI_HH_1989-2014_beta-6.csv: line 339000 [oneflux.pipeline.site_data_product]
2025-06-02 20:36:28.534 [DEBUG   ] Writing /pscratch/sd/t/toanngo/ONEFlux/data/US-ARc_sample_output/99_fluxnet2015/FLX_US-ARc_FLUXNET2015_ERAI_HH_1989-2014_beta-6.csv: line 340000 [oneflux.pipeline.site_data_product]
2025-06-02 20:36:28.542 [DEBUG   ] Writing /pscratch/sd/t/toanngo/ONEFlux/data/US-ARc_sample_output/99_fluxnet2015/FLX_US-ARc_FLUXNET2015_ERAI_HH_1989-2014_beta-6.csv: line 341000 [oneflux.pipeline.site_data_product]
2025-06-02 20:36:28.550 [DEBUG   ] Writing /pscratch/sd/t/toanngo/ONEFlux/data/US-ARc_sample_output/99_fluxnet2015/FLX_US-ARc_FLUXNET2015_ERAI_HH_1989-2014_beta-6.csv: line 342000 [oneflux.pipeline.site_data_product]
2025-06-02 20:36:28.558 [DEBUG   ] Writing /pscratch/sd/t/toanngo/ONEFlux/data/US-ARc_sample_output/99_fluxnet2015/FLX_US-ARc_FLUXNET2015_ERAI_HH_1989-2014_beta-6.csv: line 343000 [oneflux.pipeline.site_data_product]
2025-06-02 20:36:28.566 [DEBUG   ] Writing /pscratch/sd/t/toanngo/ONEFlux/data/US-ARc_sample_output/99_fluxnet2015/FLX_US-ARc_FLUXNET2015_ERAI_HH_1989-2014_beta-6.csv: line 344000 [oneflux.pipeline.site_data_product]
2025-06-02 20:36:28.574 [DEBUG   ] Writing /pscratch/sd/t/toanngo/ONEFlux/data/US-ARc_sample_output/99_fluxnet2015/FLX_US-ARc_FLUXNET2015_ERAI_HH_1989-2014_beta-6.csv: line 345000 [oneflux.pipeline.site_data_product]
2025-06-02 20:36:28.582 [DEBUG   ] Writing /pscratch/sd/t/toanngo/ONEFlux/data/US-ARc_sample_output/99_fluxnet2015/FLX_US-ARc_FLUXNET2015_ERAI_HH_1989-2014_beta-6.csv: line 346000 [oneflux.pipeline.site_data_product]
2025-06-02 20:36:28.590 [DEBUG   ] Writing /pscratch/sd/t/toanngo/ONEFlux/data/US-ARc_sample_output/99_fluxnet2015/FLX_US-ARc_FLUXNET2015_ERAI_HH_1989-2014_beta-6.csv: line 347000 [oneflux.pipeline.site_data_product]
2025-06-02 20:36:28.597 [DEBUG   ] Writing /pscratch/sd/t/toanngo/ONEFlux/data/US-ARc_sample_output/99_fluxnet2015/FLX_US-ARc_FLUXNET2015_ERAI_HH_1989-2014_beta-6.csv: line 348000 [oneflux.pipeline.site_data_product]
2025-06-02 20:36:28.605 [DEBUG   ] Writing /pscratch/sd/t/toanngo/ONEFlux/data/US-ARc_sample_output/99_fluxnet2015/FLX_US-ARc_FLUXNET2015_ERAI_HH_1989-2014_beta-6.csv: line 349000 [oneflux.pipeline.site_data_product]
2025-06-02 20:36:28.613 [DEBUG   ] Writing /pscratch/sd/t/toanngo/ONEFlux/data/US-ARc_sample_output/99_fluxnet2015/FLX_US-ARc_FLUXNET2015_ERAI_HH_1989-2014_beta-6.csv: line 350000 [oneflux.pipeline.site_data_product]
2025-06-02 20:36:28.621 [DEBUG   ] Writing /pscratch/sd/t/toanngo/ONEFlux/data/US-ARc_sample_output/99_fluxnet2015/FLX_US-ARc_FLUXNET2015_ERAI_HH_1989-2014_beta-6.csv: line 351000 [oneflux.pipeline.site_data_product]
2025-06-02 20:36:28.629 [DEBUG   ] Writing /pscratch/sd/t/toanngo/ONEFlux/data/US-ARc_sample_output/99_fluxnet2015/FLX_US-ARc_FLUXNET2015_ERAI_HH_1989-2014_beta-6.csv: line 352000 [oneflux.pipeline.site_data_product]
2025-06-02 20:36:28.637 [DEBUG   ] Writing /pscratch/sd/t/toanngo/ONEFlux/data/US-ARc_sample_output/99_fluxnet2015/FLX_US-ARc_FLUXNET2015_ERAI_HH_1989-2014_beta-6.csv: line 353000 [oneflux.pipeline.site_data_product]
2025-06-02 20:36:28.644 [DEBUG   ] Writing /pscratch/sd/t/toanngo/ONEFlux/data/US-ARc_sample_output/99_fluxnet2015/FLX_US-ARc_FLUXNET2015_ERAI_HH_1989-2014_beta-6.csv: line 354000 [oneflux.pipeline.site_data_product]
2025-06-02 20:36:28.652 [DEBUG   ] Writing /pscratch/sd/t/toanngo/ONEFlux/data/US-ARc_sample_output/99_fluxnet2015/FLX_US-ARc_FLUXNET2015_ERAI_HH_1989-2014_beta-6.csv: line 355000 [oneflux.pipeline.site_data_product]
2025-06-02 20:36:28.660 [DEBUG   ] Writing /pscratch/sd/t/toanngo/ONEFlux/data/US-ARc_sample_output/99_fluxnet2015/FLX_US-ARc_FLUXNET2015_ERAI_HH_1989-2014_beta-6.csv: line 356000 [oneflux.pipeline.site_data_product]
2025-06-02 20:36:28.668 [DEBUG   ] Writing /pscratch/sd/t/toanngo/ONEFlux/data/US-ARc_sample_output/99_fluxnet2015/FLX_US-ARc_FLUXNET2015_ERAI_HH_1989-2014_beta-6.csv: line 357000 [oneflux.pipeline.site_data_product]
2025-06-02 20:36:28.676 [DEBUG   ] Writing /pscratch/sd/t/toanngo/ONEFlux/data/US-ARc_sample_output/99_fluxnet2015/FLX_US-ARc_FLUXNET2015_ERAI_HH_1989-2014_beta-6.csv: line 358000 [oneflux.pipeline.site_data_product]
2025-06-02 20:36:28.684 [DEBUG   ] Writing /pscratch/sd/t/toanngo/ONEFlux/data/US-ARc_sample_output/99_fluxnet2015/FLX_US-ARc_FLUXNET2015_ERAI_HH_1989-2014_beta-6.csv: line 359000 [oneflux.pipeline.site_data_product]
2025-06-02 20:36:28.692 [DEBUG   ] Writing /pscratch/sd/t/toanngo/ONEFlux/data/US-ARc_sample_output/99_fluxnet2015/FLX_US-ARc_FLUXNET2015_ERAI_HH_1989-2014_beta-6.csv: line 360000 [oneflux.pipeline.site_data_product]
2025-06-02 20:36:28.700 [DEBUG   ] Writing /pscratch/sd/t/toanngo/ONEFlux/data/US-ARc_sample_output/99_fluxnet2015/FLX_US-ARc_FLUXNET2015_ERAI_HH_1989-2014_beta-6.csv: line 361000 [oneflux.pipeline.site_data_product]
2025-06-02 20:36:28.708 [DEBUG   ] Writing /pscratch/sd/t/toanngo/ONEFlux/data/US-ARc_sample_output/99_fluxnet2015/FLX_US-ARc_FLUXNET2015_ERAI_HH_1989-2014_beta-6.csv: line 362000 [oneflux.pipeline.site_data_product]
2025-06-02 20:36:28.715 [DEBUG   ] Writing /pscratch/sd/t/toanngo/ONEFlux/data/US-ARc_sample_output/99_fluxnet2015/FLX_US-ARc_FLUXNET2015_ERAI_HH_1989-2014_beta-6.csv: line 363000 [oneflux.pipeline.site_data_product]
2025-06-02 20:36:28.723 [DEBUG   ] Writing /pscratch/sd/t/toanngo/ONEFlux/data/US-ARc_sample_output/99_fluxnet2015/FLX_US-ARc_FLUXNET2015_ERAI_HH_1989-2014_beta-6.csv: line 364000 [oneflux.pipeline.site_data_product]
2025-06-02 20:36:28.731 [DEBUG   ] Writing /pscratch/sd/t/toanngo/ONEFlux/data/US-ARc_sample_output/99_fluxnet2015/FLX_US-ARc_FLUXNET2015_ERAI_HH_1989-2014_beta-6.csv: line 365000 [oneflux.pipeline.site_data_product]
2025-06-02 20:36:28.739 [DEBUG   ] Writing /pscratch/sd/t/toanngo/ONEFlux/data/US-ARc_sample_output/99_fluxnet2015/FLX_US-ARc_FLUXNET2015_ERAI_HH_1989-2014_beta-6.csv: line 366000 [oneflux.pipeline.site_data_product]
2025-06-02 20:36:28.747 [DEBUG   ] Writing /pscratch/sd/t/toanngo/ONEFlux/data/US-ARc_sample_output/99_fluxnet2015/FLX_US-ARc_FLUXNET2015_ERAI_HH_1989-2014_beta-6.csv: line 367000 [oneflux.pipeline.site_data_product]
2025-06-02 20:36:28.755 [DEBUG   ] Writing /pscratch/sd/t/toanngo/ONEFlux/data/US-ARc_sample_output/99_fluxnet2015/FLX_US-ARc_FLUXNET2015_ERAI_HH_1989-2014_beta-6.csv: line 368000 [oneflux.pipeline.site_data_product]
2025-06-02 20:36:28.763 [DEBUG   ] Writing /pscratch/sd/t/toanngo/ONEFlux/data/US-ARc_sample_output/99_fluxnet2015/FLX_US-ARc_FLUXNET2015_ERAI_HH_1989-2014_beta-6.csv: line 369000 [oneflux.pipeline.site_data_product]
2025-06-02 20:36:28.770 [DEBUG   ] Writing /pscratch/sd/t/toanngo/ONEFlux/data/US-ARc_sample_output/99_fluxnet2015/FLX_US-ARc_FLUXNET2015_ERAI_HH_1989-2014_beta-6.csv: line 370000 [oneflux.pipeline.site_data_product]
2025-06-02 20:36:28.778 [DEBUG   ] Writing /pscratch/sd/t/toanngo/ONEFlux/data/US-ARc_sample_output/99_fluxnet2015/FLX_US-ARc_FLUXNET2015_ERAI_HH_1989-2014_beta-6.csv: line 371000 [oneflux.pipeline.site_data_product]
2025-06-02 20:36:28.786 [DEBUG   ] Writing /pscratch/sd/t/toanngo/ONEFlux/data/US-ARc_sample_output/99_fluxnet2015/FLX_US-ARc_FLUXNET2015_ERAI_HH_1989-2014_beta-6.csv: line 372000 [oneflux.pipeline.site_data_product]
2025-06-02 20:36:28.794 [DEBUG   ] Writing /pscratch/sd/t/toanngo/ONEFlux/data/US-ARc_sample_output/99_fluxnet2015/FLX_US-ARc_FLUXNET2015_ERAI_HH_1989-2014_beta-6.csv: line 373000 [oneflux.pipeline.site_data_product]
2025-06-02 20:36:28.802 [DEBUG   ] Writing /pscratch/sd/t/toanngo/ONEFlux/data/US-ARc_sample_output/99_fluxnet2015/FLX_US-ARc_FLUXNET2015_ERAI_HH_1989-2014_beta-6.csv: line 374000 [oneflux.pipeline.site_data_product]
2025-06-02 20:36:28.810 [DEBUG   ] Writing /pscratch/sd/t/toanngo/ONEFlux/data/US-ARc_sample_output/99_fluxnet2015/FLX_US-ARc_FLUXNET2015_ERAI_HH_1989-2014_beta-6.csv: line 375000 [oneflux.pipeline.site_data_product]
2025-06-02 20:36:28.818 [DEBUG   ] Writing /pscratch/sd/t/toanngo/ONEFlux/data/US-ARc_sample_output/99_fluxnet2015/FLX_US-ARc_FLUXNET2015_ERAI_HH_1989-2014_beta-6.csv: line 376000 [oneflux.pipeline.site_data_product]
2025-06-02 20:36:28.826 [DEBUG   ] Writing /pscratch/sd/t/toanngo/ONEFlux/data/US-ARc_sample_output/99_fluxnet2015/FLX_US-ARc_FLUXNET2015_ERAI_HH_1989-2014_beta-6.csv: line 377000 [oneflux.pipeline.site_data_product]
2025-06-02 20:36:28.834 [DEBUG   ] Writing /pscratch/sd/t/toanngo/ONEFlux/data/US-ARc_sample_output/99_fluxnet2015/FLX_US-ARc_FLUXNET2015_ERAI_HH_1989-2014_beta-6.csv: line 378000 [oneflux.pipeline.site_data_product]
2025-06-02 20:36:28.842 [DEBUG   ] Writing /pscratch/sd/t/toanngo/ONEFlux/data/US-ARc_sample_output/99_fluxnet2015/FLX_US-ARc_FLUXNET2015_ERAI_HH_1989-2014_beta-6.csv: line 379000 [oneflux.pipeline.site_data_product]
2025-06-02 20:36:28.849 [DEBUG   ] Writing /pscratch/sd/t/toanngo/ONEFlux/data/US-ARc_sample_output/99_fluxnet2015/FLX_US-ARc_FLUXNET2015_ERAI_HH_1989-2014_beta-6.csv: line 380000 [oneflux.pipeline.site_data_product]
2025-06-02 20:36:28.857 [DEBUG   ] Writing /pscratch/sd/t/toanngo/ONEFlux/data/US-ARc_sample_output/99_fluxnet2015/FLX_US-ARc_FLUXNET2015_ERAI_HH_1989-2014_beta-6.csv: line 381000 [oneflux.pipeline.site_data_product]
2025-06-02 20:36:28.865 [DEBUG   ] Writing /pscratch/sd/t/toanngo/ONEFlux/data/US-ARc_sample_output/99_fluxnet2015/FLX_US-ARc_FLUXNET2015_ERAI_HH_1989-2014_beta-6.csv: line 382000 [oneflux.pipeline.site_data_product]
2025-06-02 20:36:28.873 [DEBUG   ] Writing /pscratch/sd/t/toanngo/ONEFlux/data/US-ARc_sample_output/99_fluxnet2015/FLX_US-ARc_FLUXNET2015_ERAI_HH_1989-2014_beta-6.csv: line 383000 [oneflux.pipeline.site_data_product]
2025-06-02 20:36:28.881 [DEBUG   ] Writing /pscratch/sd/t/toanngo/ONEFlux/data/US-ARc_sample_output/99_fluxnet2015/FLX_US-ARc_FLUXNET2015_ERAI_HH_1989-2014_beta-6.csv: line 384000 [oneflux.pipeline.site_data_product]
2025-06-02 20:36:28.889 [DEBUG   ] Writing /pscratch/sd/t/toanngo/ONEFlux/data/US-ARc_sample_output/99_fluxnet2015/FLX_US-ARc_FLUXNET2015_ERAI_HH_1989-2014_beta-6.csv: line 385000 [oneflux.pipeline.site_data_product]
2025-06-02 20:36:28.897 [DEBUG   ] Writing /pscratch/sd/t/toanngo/ONEFlux/data/US-ARc_sample_output/99_fluxnet2015/FLX_US-ARc_FLUXNET2015_ERAI_HH_1989-2014_beta-6.csv: line 386000 [oneflux.pipeline.site_data_product]
2025-06-02 20:36:28.904 [DEBUG   ] Writing /pscratch/sd/t/toanngo/ONEFlux/data/US-ARc_sample_output/99_fluxnet2015/FLX_US-ARc_FLUXNET2015_ERAI_HH_1989-2014_beta-6.csv: line 387000 [oneflux.pipeline.site_data_product]
2025-06-02 20:36:28.912 [DEBUG   ] Writing /pscratch/sd/t/toanngo/ONEFlux/data/US-ARc_sample_output/99_fluxnet2015/FLX_US-ARc_FLUXNET2015_ERAI_HH_1989-2014_beta-6.csv: line 388000 [oneflux.pipeline.site_data_product]
2025-06-02 20:36:28.920 [DEBUG   ] Writing /pscratch/sd/t/toanngo/ONEFlux/data/US-ARc_sample_output/99_fluxnet2015/FLX_US-ARc_FLUXNET2015_ERAI_HH_1989-2014_beta-6.csv: line 389000 [oneflux.pipeline.site_data_product]
2025-06-02 20:36:28.928 [DEBUG   ] Writing /pscratch/sd/t/toanngo/ONEFlux/data/US-ARc_sample_output/99_fluxnet2015/FLX_US-ARc_FLUXNET2015_ERAI_HH_1989-2014_beta-6.csv: line 390000 [oneflux.pipeline.site_data_product]
2025-06-02 20:36:28.936 [DEBUG   ] Writing /pscratch/sd/t/toanngo/ONEFlux/data/US-ARc_sample_output/99_fluxnet2015/FLX_US-ARc_FLUXNET2015_ERAI_HH_1989-2014_beta-6.csv: line 391000 [oneflux.pipeline.site_data_product]
2025-06-02 20:36:28.944 [DEBUG   ] Writing /pscratch/sd/t/toanngo/ONEFlux/data/US-ARc_sample_output/99_fluxnet2015/FLX_US-ARc_FLUXNET2015_ERAI_HH_1989-2014_beta-6.csv: line 392000 [oneflux.pipeline.site_data_product]
2025-06-02 20:36:28.952 [DEBUG   ] Writing /pscratch/sd/t/toanngo/ONEFlux/data/US-ARc_sample_output/99_fluxnet2015/FLX_US-ARc_FLUXNET2015_ERAI_HH_1989-2014_beta-6.csv: line 393000 [oneflux.pipeline.site_data_product]
2025-06-02 20:36:28.960 [DEBUG   ] Writing /pscratch/sd/t/toanngo/ONEFlux/data/US-ARc_sample_output/99_fluxnet2015/FLX_US-ARc_FLUXNET2015_ERAI_HH_1989-2014_beta-6.csv: line 394000 [oneflux.pipeline.site_data_product]
2025-06-02 20:36:28.968 [DEBUG   ] Writing /pscratch/sd/t/toanngo/ONEFlux/data/US-ARc_sample_output/99_fluxnet2015/FLX_US-ARc_FLUXNET2015_ERAI_HH_1989-2014_beta-6.csv: line 395000 [oneflux.pipeline.site_data_product]
2025-06-02 20:36:28.976 [DEBUG   ] Writing /pscratch/sd/t/toanngo/ONEFlux/data/US-ARc_sample_output/99_fluxnet2015/FLX_US-ARc_FLUXNET2015_ERAI_HH_1989-2014_beta-6.csv: line 396000 [oneflux.pipeline.site_data_product]
2025-06-02 20:36:28.983 [DEBUG   ] Writing /pscratch/sd/t/toanngo/ONEFlux/data/US-ARc_sample_output/99_fluxnet2015/FLX_US-ARc_FLUXNET2015_ERAI_HH_1989-2014_beta-6.csv: line 397000 [oneflux.pipeline.site_data_product]
2025-06-02 20:36:28.991 [DEBUG   ] Writing /pscratch/sd/t/toanngo/ONEFlux/data/US-ARc_sample_output/99_fluxnet2015/FLX_US-ARc_FLUXNET2015_ERAI_HH_1989-2014_beta-6.csv: line 398000 [oneflux.pipeline.site_data_product]
2025-06-02 20:36:28.999 [DEBUG   ] Writing /pscratch/sd/t/toanngo/ONEFlux/data/US-ARc_sample_output/99_fluxnet2015/FLX_US-ARc_FLUXNET2015_ERAI_HH_1989-2014_beta-6.csv: line 399000 [oneflux.pipeline.site_data_product]
2025-06-02 20:36:29.007 [DEBUG   ] Writing /pscratch/sd/t/toanngo/ONEFlux/data/US-ARc_sample_output/99_fluxnet2015/FLX_US-ARc_FLUXNET2015_ERAI_HH_1989-2014_beta-6.csv: line 400000 [oneflux.pipeline.site_data_product]
2025-06-02 20:36:29.015 [DEBUG   ] Writing /pscratch/sd/t/toanngo/ONEFlux/data/US-ARc_sample_output/99_fluxnet2015/FLX_US-ARc_FLUXNET2015_ERAI_HH_1989-2014_beta-6.csv: line 401000 [oneflux.pipeline.site_data_product]
2025-06-02 20:36:29.023 [DEBUG   ] Writing /pscratch/sd/t/toanngo/ONEFlux/data/US-ARc_sample_output/99_fluxnet2015/FLX_US-ARc_FLUXNET2015_ERAI_HH_1989-2014_beta-6.csv: line 402000 [oneflux.pipeline.site_data_product]
2025-06-02 20:36:29.030 [DEBUG   ] Writing /pscratch/sd/t/toanngo/ONEFlux/data/US-ARc_sample_output/99_fluxnet2015/FLX_US-ARc_FLUXNET2015_ERAI_HH_1989-2014_beta-6.csv: line 403000 [oneflux.pipeline.site_data_product]
2025-06-02 20:36:29.038 [DEBUG   ] Writing /pscratch/sd/t/toanngo/ONEFlux/data/US-ARc_sample_output/99_fluxnet2015/FLX_US-ARc_FLUXNET2015_ERAI_HH_1989-2014_beta-6.csv: line 404000 [oneflux.pipeline.site_data_product]
2025-06-02 20:36:29.046 [DEBUG   ] Writing /pscratch/sd/t/toanngo/ONEFlux/data/US-ARc_sample_output/99_fluxnet2015/FLX_US-ARc_FLUXNET2015_ERAI_HH_1989-2014_beta-6.csv: line 405000 [oneflux.pipeline.site_data_product]
2025-06-02 20:36:29.054 [DEBUG   ] Writing /pscratch/sd/t/toanngo/ONEFlux/data/US-ARc_sample_output/99_fluxnet2015/FLX_US-ARc_FLUXNET2015_ERAI_HH_1989-2014_beta-6.csv: line 406000 [oneflux.pipeline.site_data_product]
2025-06-02 20:36:29.062 [DEBUG   ] Writing /pscratch/sd/t/toanngo/ONEFlux/data/US-ARc_sample_output/99_fluxnet2015/FLX_US-ARc_FLUXNET2015_ERAI_HH_1989-2014_beta-6.csv: line 407000 [oneflux.pipeline.site_data_product]
2025-06-02 20:36:29.070 [DEBUG   ] Writing /pscratch/sd/t/toanngo/ONEFlux/data/US-ARc_sample_output/99_fluxnet2015/FLX_US-ARc_FLUXNET2015_ERAI_HH_1989-2014_beta-6.csv: line 408000 [oneflux.pipeline.site_data_product]
2025-06-02 20:36:29.078 [DEBUG   ] Writing /pscratch/sd/t/toanngo/ONEFlux/data/US-ARc_sample_output/99_fluxnet2015/FLX_US-ARc_FLUXNET2015_ERAI_HH_1989-2014_beta-6.csv: line 409000 [oneflux.pipeline.site_data_product]
2025-06-02 20:36:29.086 [DEBUG   ] Writing /pscratch/sd/t/toanngo/ONEFlux/data/US-ARc_sample_output/99_fluxnet2015/FLX_US-ARc_FLUXNET2015_ERAI_HH_1989-2014_beta-6.csv: line 410000 [oneflux.pipeline.site_data_product]
2025-06-02 20:36:29.094 [DEBUG   ] Writing /pscratch/sd/t/toanngo/ONEFlux/data/US-ARc_sample_output/99_fluxnet2015/FLX_US-ARc_FLUXNET2015_ERAI_HH_1989-2014_beta-6.csv: line 411000 [oneflux.pipeline.site_data_product]
2025-06-02 20:36:29.102 [DEBUG   ] Writing /pscratch/sd/t/toanngo/ONEFlux/data/US-ARc_sample_output/99_fluxnet2015/FLX_US-ARc_FLUXNET2015_ERAI_HH_1989-2014_beta-6.csv: line 412000 [oneflux.pipeline.site_data_product]
2025-06-02 20:36:29.110 [DEBUG   ] Writing /pscratch/sd/t/toanngo/ONEFlux/data/US-ARc_sample_output/99_fluxnet2015/FLX_US-ARc_FLUXNET2015_ERAI_HH_1989-2014_beta-6.csv: line 413000 [oneflux.pipeline.site_data_product]
2025-06-02 20:36:29.118 [DEBUG   ] Writing /pscratch/sd/t/toanngo/ONEFlux/data/US-ARc_sample_output/99_fluxnet2015/FLX_US-ARc_FLUXNET2015_ERAI_HH_1989-2014_beta-6.csv: line 414000 [oneflux.pipeline.site_data_product]
2025-06-02 20:36:29.126 [DEBUG   ] Writing /pscratch/sd/t/toanngo/ONEFlux/data/US-ARc_sample_output/99_fluxnet2015/FLX_US-ARc_FLUXNET2015_ERAI_HH_1989-2014_beta-6.csv: line 415000 [oneflux.pipeline.site_data_product]
2025-06-02 20:36:29.134 [DEBUG   ] Writing /pscratch/sd/t/toanngo/ONEFlux/data/US-ARc_sample_output/99_fluxnet2015/FLX_US-ARc_FLUXNET2015_ERAI_HH_1989-2014_beta-6.csv: line 416000 [oneflux.pipeline.site_data_product]
2025-06-02 20:36:29.142 [DEBUG   ] Writing /pscratch/sd/t/toanngo/ONEFlux/data/US-ARc_sample_output/99_fluxnet2015/FLX_US-ARc_FLUXNET2015_ERAI_HH_1989-2014_beta-6.csv: line 417000 [oneflux.pipeline.site_data_product]
2025-06-02 20:36:29.149 [DEBUG   ] Writing /pscratch/sd/t/toanngo/ONEFlux/data/US-ARc_sample_output/99_fluxnet2015/FLX_US-ARc_FLUXNET2015_ERAI_HH_1989-2014_beta-6.csv: line 418000 [oneflux.pipeline.site_data_product]
2025-06-02 20:36:29.157 [DEBUG   ] Writing /pscratch/sd/t/toanngo/ONEFlux/data/US-ARc_sample_output/99_fluxnet2015/FLX_US-ARc_FLUXNET2015_ERAI_HH_1989-2014_beta-6.csv: line 419000 [oneflux.pipeline.site_data_product]
2025-06-02 20:36:29.165 [DEBUG   ] Writing /pscratch/sd/t/toanngo/ONEFlux/data/US-ARc_sample_output/99_fluxnet2015/FLX_US-ARc_FLUXNET2015_ERAI_HH_1989-2014_beta-6.csv: line 420000 [oneflux.pipeline.site_data_product]
2025-06-02 20:36:29.173 [DEBUG   ] Writing /pscratch/sd/t/toanngo/ONEFlux/data/US-ARc_sample_output/99_fluxnet2015/FLX_US-ARc_FLUXNET2015_ERAI_HH_1989-2014_beta-6.csv: line 421000 [oneflux.pipeline.site_data_product]
2025-06-02 20:36:29.181 [DEBUG   ] Writing /pscratch/sd/t/toanngo/ONEFlux/data/US-ARc_sample_output/99_fluxnet2015/FLX_US-ARc_FLUXNET2015_ERAI_HH_1989-2014_beta-6.csv: line 422000 [oneflux.pipeline.site_data_product]
2025-06-02 20:36:29.189 [DEBUG   ] Writing /pscratch/sd/t/toanngo/ONEFlux/data/US-ARc_sample_output/99_fluxnet2015/FLX_US-ARc_FLUXNET2015_ERAI_HH_1989-2014_beta-6.csv: line 423000 [oneflux.pipeline.site_data_product]
2025-06-02 20:36:29.197 [DEBUG   ] Writing /pscratch/sd/t/toanngo/ONEFlux/data/US-ARc_sample_output/99_fluxnet2015/FLX_US-ARc_FLUXNET2015_ERAI_HH_1989-2014_beta-6.csv: line 424000 [oneflux.pipeline.site_data_product]
2025-06-02 20:36:29.205 [DEBUG   ] Writing /pscratch/sd/t/toanngo/ONEFlux/data/US-ARc_sample_output/99_fluxnet2015/FLX_US-ARc_FLUXNET2015_ERAI_HH_1989-2014_beta-6.csv: line 425000 [oneflux.pipeline.site_data_product]
2025-06-02 20:36:29.213 [DEBUG   ] Writing /pscratch/sd/t/toanngo/ONEFlux/data/US-ARc_sample_output/99_fluxnet2015/FLX_US-ARc_FLUXNET2015_ERAI_HH_1989-2014_beta-6.csv: line 426000 [oneflux.pipeline.site_data_product]
2025-06-02 20:36:29.221 [DEBUG   ] Writing /pscratch/sd/t/toanngo/ONEFlux/data/US-ARc_sample_output/99_fluxnet2015/FLX_US-ARc_FLUXNET2015_ERAI_HH_1989-2014_beta-6.csv: line 427000 [oneflux.pipeline.site_data_product]
2025-06-02 20:36:29.229 [DEBUG   ] Writing /pscratch/sd/t/toanngo/ONEFlux/data/US-ARc_sample_output/99_fluxnet2015/FLX_US-ARc_FLUXNET2015_ERAI_HH_1989-2014_beta-6.csv: line 428000 [oneflux.pipeline.site_data_product]
2025-06-02 20:36:29.237 [DEBUG   ] Writing /pscratch/sd/t/toanngo/ONEFlux/data/US-ARc_sample_output/99_fluxnet2015/FLX_US-ARc_FLUXNET2015_ERAI_HH_1989-2014_beta-6.csv: line 429000 [oneflux.pipeline.site_data_product]
2025-06-02 20:36:29.245 [DEBUG   ] Writing /pscratch/sd/t/toanngo/ONEFlux/data/US-ARc_sample_output/99_fluxnet2015/FLX_US-ARc_FLUXNET2015_ERAI_HH_1989-2014_beta-6.csv: line 430000 [oneflux.pipeline.site_data_product]
2025-06-02 20:36:29.253 [DEBUG   ] Writing /pscratch/sd/t/toanngo/ONEFlux/data/US-ARc_sample_output/99_fluxnet2015/FLX_US-ARc_FLUXNET2015_ERAI_HH_1989-2014_beta-6.csv: line 431000 [oneflux.pipeline.site_data_product]
2025-06-02 20:36:29.261 [DEBUG   ] Writing /pscratch/sd/t/toanngo/ONEFlux/data/US-ARc_sample_output/99_fluxnet2015/FLX_US-ARc_FLUXNET2015_ERAI_HH_1989-2014_beta-6.csv: line 432000 [oneflux.pipeline.site_data_product]
2025-06-02 20:36:29.269 [DEBUG   ] Writing /pscratch/sd/t/toanngo/ONEFlux/data/US-ARc_sample_output/99_fluxnet2015/FLX_US-ARc_FLUXNET2015_ERAI_HH_1989-2014_beta-6.csv: line 433000 [oneflux.pipeline.site_data_product]
2025-06-02 20:36:29.276 [DEBUG   ] Writing /pscratch/sd/t/toanngo/ONEFlux/data/US-ARc_sample_output/99_fluxnet2015/FLX_US-ARc_FLUXNET2015_ERAI_HH_1989-2014_beta-6.csv: line 434000 [oneflux.pipeline.site_data_product]
2025-06-02 20:36:29.284 [DEBUG   ] Writing /pscratch/sd/t/toanngo/ONEFlux/data/US-ARc_sample_output/99_fluxnet2015/FLX_US-ARc_FLUXNET2015_ERAI_HH_1989-2014_beta-6.csv: line 435000 [oneflux.pipeline.site_data_product]
2025-06-02 20:36:29.292 [DEBUG   ] Writing /pscratch/sd/t/toanngo/ONEFlux/data/US-ARc_sample_output/99_fluxnet2015/FLX_US-ARc_FLUXNET2015_ERAI_HH_1989-2014_beta-6.csv: line 436000 [oneflux.pipeline.site_data_product]
2025-06-02 20:36:29.300 [DEBUG   ] Writing /pscratch/sd/t/toanngo/ONEFlux/data/US-ARc_sample_output/99_fluxnet2015/FLX_US-ARc_FLUXNET2015_ERAI_HH_1989-2014_beta-6.csv: line 437000 [oneflux.pipeline.site_data_product]
2025-06-02 20:36:29.308 [DEBUG   ] Writing /pscratch/sd/t/toanngo/ONEFlux/data/US-ARc_sample_output/99_fluxnet2015/FLX_US-ARc_FLUXNET2015_ERAI_HH_1989-2014_beta-6.csv: line 438000 [oneflux.pipeline.site_data_product]
2025-06-02 20:36:29.316 [DEBUG   ] Writing /pscratch/sd/t/toanngo/ONEFlux/data/US-ARc_sample_output/99_fluxnet2015/FLX_US-ARc_FLUXNET2015_ERAI_HH_1989-2014_beta-6.csv: line 439000 [oneflux.pipeline.site_data_product]
2025-06-02 20:36:29.324 [DEBUG   ] Writing /pscratch/sd/t/toanngo/ONEFlux/data/US-ARc_sample_output/99_fluxnet2015/FLX_US-ARc_FLUXNET2015_ERAI_HH_1989-2014_beta-6.csv: line 440000 [oneflux.pipeline.site_data_product]
2025-06-02 20:36:29.332 [DEBUG   ] Writing /pscratch/sd/t/toanngo/ONEFlux/data/US-ARc_sample_output/99_fluxnet2015/FLX_US-ARc_FLUXNET2015_ERAI_HH_1989-2014_beta-6.csv: line 441000 [oneflux.pipeline.site_data_product]
2025-06-02 20:36:29.340 [DEBUG   ] Writing /pscratch/sd/t/toanngo/ONEFlux/data/US-ARc_sample_output/99_fluxnet2015/FLX_US-ARc_FLUXNET2015_ERAI_HH_1989-2014_beta-6.csv: line 442000 [oneflux.pipeline.site_data_product]
2025-06-02 20:36:29.348 [DEBUG   ] Writing /pscratch/sd/t/toanngo/ONEFlux/data/US-ARc_sample_output/99_fluxnet2015/FLX_US-ARc_FLUXNET2015_ERAI_HH_1989-2014_beta-6.csv: line 443000 [oneflux.pipeline.site_data_product]
2025-06-02 20:36:29.356 [DEBUG   ] Writing /pscratch/sd/t/toanngo/ONEFlux/data/US-ARc_sample_output/99_fluxnet2015/FLX_US-ARc_FLUXNET2015_ERAI_HH_1989-2014_beta-6.csv: line 444000 [oneflux.pipeline.site_data_product]
2025-06-02 20:36:29.364 [DEBUG   ] Writing /pscratch/sd/t/toanngo/ONEFlux/data/US-ARc_sample_output/99_fluxnet2015/FLX_US-ARc_FLUXNET2015_ERAI_HH_1989-2014_beta-6.csv: line 445000 [oneflux.pipeline.site_data_product]
2025-06-02 20:36:29.372 [DEBUG   ] Writing /pscratch/sd/t/toanngo/ONEFlux/data/US-ARc_sample_output/99_fluxnet2015/FLX_US-ARc_FLUXNET2015_ERAI_HH_1989-2014_beta-6.csv: line 446000 [oneflux.pipeline.site_data_product]
2025-06-02 20:36:29.380 [DEBUG   ] Writing /pscratch/sd/t/toanngo/ONEFlux/data/US-ARc_sample_output/99_fluxnet2015/FLX_US-ARc_FLUXNET2015_ERAI_HH_1989-2014_beta-6.csv: line 447000 [oneflux.pipeline.site_data_product]
2025-06-02 20:36:29.388 [DEBUG   ] Writing /pscratch/sd/t/toanngo/ONEFlux/data/US-ARc_sample_output/99_fluxnet2015/FLX_US-ARc_FLUXNET2015_ERAI_HH_1989-2014_beta-6.csv: line 448000 [oneflux.pipeline.site_data_product]
2025-06-02 20:36:29.396 [DEBUG   ] Writing /pscratch/sd/t/toanngo/ONEFlux/data/US-ARc_sample_output/99_fluxnet2015/FLX_US-ARc_FLUXNET2015_ERAI_HH_1989-2014_beta-6.csv: line 449000 [oneflux.pipeline.site_data_product]
2025-06-02 20:36:29.404 [DEBUG   ] Writing /pscratch/sd/t/toanngo/ONEFlux/data/US-ARc_sample_output/99_fluxnet2015/FLX_US-ARc_FLUXNET2015_ERAI_HH_1989-2014_beta-6.csv: line 450000 [oneflux.pipeline.site_data_product]
2025-06-02 20:36:29.412 [DEBUG   ] Writing /pscratch/sd/t/toanngo/ONEFlux/data/US-ARc_sample_output/99_fluxnet2015/FLX_US-ARc_FLUXNET2015_ERAI_HH_1989-2014_beta-6.csv: line 451000 [oneflux.pipeline.site_data_product]
2025-06-02 20:36:29.420 [DEBUG   ] Writing /pscratch/sd/t/toanngo/ONEFlux/data/US-ARc_sample_output/99_fluxnet2015/FLX_US-ARc_FLUXNET2015_ERAI_HH_1989-2014_beta-6.csv: line 452000 [oneflux.pipeline.site_data_product]
2025-06-02 20:36:29.428 [DEBUG   ] Writing /pscratch/sd/t/toanngo/ONEFlux/data/US-ARc_sample_output/99_fluxnet2015/FLX_US-ARc_FLUXNET2015_ERAI_HH_1989-2014_beta-6.csv: line 453000 [oneflux.pipeline.site_data_product]
2025-06-02 20:36:29.436 [DEBUG   ] Writing /pscratch/sd/t/toanngo/ONEFlux/data/US-ARc_sample_output/99_fluxnet2015/FLX_US-ARc_FLUXNET2015_ERAI_HH_1989-2014_beta-6.csv: line 454000 [oneflux.pipeline.site_data_product]
2025-06-02 20:36:29.444 [DEBUG   ] Writing /pscratch/sd/t/toanngo/ONEFlux/data/US-ARc_sample_output/99_fluxnet2015/FLX_US-ARc_FLUXNET2015_ERAI_HH_1989-2014_beta-6.csv: line 455000 [oneflux.pipeline.site_data_product]
2025-06-02 20:36:29.451 [INFO    ] Saving Tier 2 SUBSET CSV file: /pscratch/sd/t/toanngo/ONEFlux/data/US-ARc_sample_output/99_fluxnet2015/FLX_US-ARc_FLUXNET2015_SUBSET_HH_2005-2006_beta-6.csv [oneflux.pipeline.site_data_product]
2025-06-02 20:36:29.471 [DEBUG   ] Writing /pscratch/sd/t/toanngo/ONEFlux/data/US-ARc_sample_output/99_fluxnet2015/FLX_US-ARc_FLUXNET2015_SUBSET_HH_2005-2006_beta-6.csv: line 0 [oneflux.pipeline.site_data_product]
2025-06-02 20:36:29.554 [DEBUG   ] Writing /pscratch/sd/t/toanngo/ONEFlux/data/US-ARc_sample_output/99_fluxnet2015/FLX_US-ARc_FLUXNET2015_SUBSET_HH_2005-2006_beta-6.csv: line 1000 [oneflux.pipeline.site_data_product]
2025-06-02 20:36:29.634 [DEBUG   ] Writing /pscratch/sd/t/toanngo/ONEFlux/data/US-ARc_sample_output/99_fluxnet2015/FLX_US-ARc_FLUXNET2015_SUBSET_HH_2005-2006_beta-6.csv: line 2000 [oneflux.pipeline.site_data_product]
2025-06-02 20:36:29.719 [DEBUG   ] Writing /pscratch/sd/t/toanngo/ONEFlux/data/US-ARc_sample_output/99_fluxnet2015/FLX_US-ARc_FLUXNET2015_SUBSET_HH_2005-2006_beta-6.csv: line 3000 [oneflux.pipeline.site_data_product]
2025-06-02 20:36:29.810 [DEBUG   ] Writing /pscratch/sd/t/toanngo/ONEFlux/data/US-ARc_sample_output/99_fluxnet2015/FLX_US-ARc_FLUXNET2015_SUBSET_HH_2005-2006_beta-6.csv: line 4000 [oneflux.pipeline.site_data_product]
2025-06-02 20:36:29.902 [DEBUG   ] Writing /pscratch/sd/t/toanngo/ONEFlux/data/US-ARc_sample_output/99_fluxnet2015/FLX_US-ARc_FLUXNET2015_SUBSET_HH_2005-2006_beta-6.csv: line 5000 [oneflux.pipeline.site_data_product]
2025-06-02 20:36:29.994 [DEBUG   ] Writing /pscratch/sd/t/toanngo/ONEFlux/data/US-ARc_sample_output/99_fluxnet2015/FLX_US-ARc_FLUXNET2015_SUBSET_HH_2005-2006_beta-6.csv: line 6000 [oneflux.pipeline.site_data_product]
2025-06-02 20:36:30.087 [DEBUG   ] Writing /pscratch/sd/t/toanngo/ONEFlux/data/US-ARc_sample_output/99_fluxnet2015/FLX_US-ARc_FLUXNET2015_SUBSET_HH_2005-2006_beta-6.csv: line 7000 [oneflux.pipeline.site_data_product]
2025-06-02 20:36:30.179 [DEBUG   ] Writing /pscratch/sd/t/toanngo/ONEFlux/data/US-ARc_sample_output/99_fluxnet2015/FLX_US-ARc_FLUXNET2015_SUBSET_HH_2005-2006_beta-6.csv: line 8000 [oneflux.pipeline.site_data_product]
2025-06-02 20:36:30.272 [DEBUG   ] Writing /pscratch/sd/t/toanngo/ONEFlux/data/US-ARc_sample_output/99_fluxnet2015/FLX_US-ARc_FLUXNET2015_SUBSET_HH_2005-2006_beta-6.csv: line 9000 [oneflux.pipeline.site_data_product]
2025-06-02 20:36:30.364 [DEBUG   ] Writing /pscratch/sd/t/toanngo/ONEFlux/data/US-ARc_sample_output/99_fluxnet2015/FLX_US-ARc_FLUXNET2015_SUBSET_HH_2005-2006_beta-6.csv: line 10000 [oneflux.pipeline.site_data_product]
2025-06-02 20:36:30.456 [DEBUG   ] Writing /pscratch/sd/t/toanngo/ONEFlux/data/US-ARc_sample_output/99_fluxnet2015/FLX_US-ARc_FLUXNET2015_SUBSET_HH_2005-2006_beta-6.csv: line 11000 [oneflux.pipeline.site_data_product]
2025-06-02 20:36:30.548 [DEBUG   ] Writing /pscratch/sd/t/toanngo/ONEFlux/data/US-ARc_sample_output/99_fluxnet2015/FLX_US-ARc_FLUXNET2015_SUBSET_HH_2005-2006_beta-6.csv: line 12000 [oneflux.pipeline.site_data_product]
2025-06-02 20:36:30.640 [DEBUG   ] Writing /pscratch/sd/t/toanngo/ONEFlux/data/US-ARc_sample_output/99_fluxnet2015/FLX_US-ARc_FLUXNET2015_SUBSET_HH_2005-2006_beta-6.csv: line 13000 [oneflux.pipeline.site_data_product]
2025-06-02 20:36:30.732 [DEBUG   ] Writing /pscratch/sd/t/toanngo/ONEFlux/data/US-ARc_sample_output/99_fluxnet2015/FLX_US-ARc_FLUXNET2015_SUBSET_HH_2005-2006_beta-6.csv: line 14000 [oneflux.pipeline.site_data_product]
2025-06-02 20:36:30.825 [DEBUG   ] Writing /pscratch/sd/t/toanngo/ONEFlux/data/US-ARc_sample_output/99_fluxnet2015/FLX_US-ARc_FLUXNET2015_SUBSET_HH_2005-2006_beta-6.csv: line 15000 [oneflux.pipeline.site_data_product]
2025-06-02 20:36:30.917 [DEBUG   ] Writing /pscratch/sd/t/toanngo/ONEFlux/data/US-ARc_sample_output/99_fluxnet2015/FLX_US-ARc_FLUXNET2015_SUBSET_HH_2005-2006_beta-6.csv: line 16000 [oneflux.pipeline.site_data_product]
2025-06-02 20:36:31.009 [DEBUG   ] Writing /pscratch/sd/t/toanngo/ONEFlux/data/US-ARc_sample_output/99_fluxnet2015/FLX_US-ARc_FLUXNET2015_SUBSET_HH_2005-2006_beta-6.csv: line 17000 [oneflux.pipeline.site_data_product]
2025-06-02 20:36:31.102 [DEBUG   ] Writing /pscratch/sd/t/toanngo/ONEFlux/data/US-ARc_sample_output/99_fluxnet2015/FLX_US-ARc_FLUXNET2015_SUBSET_HH_2005-2006_beta-6.csv: line 18000 [oneflux.pipeline.site_data_product]
2025-06-02 20:36:31.195 [DEBUG   ] Writing /pscratch/sd/t/toanngo/ONEFlux/data/US-ARc_sample_output/99_fluxnet2015/FLX_US-ARc_FLUXNET2015_SUBSET_HH_2005-2006_beta-6.csv: line 19000 [oneflux.pipeline.site_data_product]
2025-06-02 20:36:31.287 [DEBUG   ] Writing /pscratch/sd/t/toanngo/ONEFlux/data/US-ARc_sample_output/99_fluxnet2015/FLX_US-ARc_FLUXNET2015_SUBSET_HH_2005-2006_beta-6.csv: line 20000 [oneflux.pipeline.site_data_product]
2025-06-02 20:36:31.379 [DEBUG   ] Writing /pscratch/sd/t/toanngo/ONEFlux/data/US-ARc_sample_output/99_fluxnet2015/FLX_US-ARc_FLUXNET2015_SUBSET_HH_2005-2006_beta-6.csv: line 21000 [oneflux.pipeline.site_data_product]
2025-06-02 20:36:31.471 [DEBUG   ] Writing /pscratch/sd/t/toanngo/ONEFlux/data/US-ARc_sample_output/99_fluxnet2015/FLX_US-ARc_FLUXNET2015_SUBSET_HH_2005-2006_beta-6.csv: line 22000 [oneflux.pipeline.site_data_product]
2025-06-02 20:36:31.563 [DEBUG   ] Writing /pscratch/sd/t/toanngo/ONEFlux/data/US-ARc_sample_output/99_fluxnet2015/FLX_US-ARc_FLUXNET2015_SUBSET_HH_2005-2006_beta-6.csv: line 23000 [oneflux.pipeline.site_data_product]
2025-06-02 20:36:31.656 [DEBUG   ] Writing /pscratch/sd/t/toanngo/ONEFlux/data/US-ARc_sample_output/99_fluxnet2015/FLX_US-ARc_FLUXNET2015_SUBSET_HH_2005-2006_beta-6.csv: line 24000 [oneflux.pipeline.site_data_product]
2025-06-02 20:36:31.748 [DEBUG   ] Writing /pscratch/sd/t/toanngo/ONEFlux/data/US-ARc_sample_output/99_fluxnet2015/FLX_US-ARc_FLUXNET2015_SUBSET_HH_2005-2006_beta-6.csv: line 25000 [oneflux.pipeline.site_data_product]
2025-06-02 20:36:31.840 [DEBUG   ] Writing /pscratch/sd/t/toanngo/ONEFlux/data/US-ARc_sample_output/99_fluxnet2015/FLX_US-ARc_FLUXNET2015_SUBSET_HH_2005-2006_beta-6.csv: line 26000 [oneflux.pipeline.site_data_product]
2025-06-02 20:36:31.932 [DEBUG   ] Writing /pscratch/sd/t/toanngo/ONEFlux/data/US-ARc_sample_output/99_fluxnet2015/FLX_US-ARc_FLUXNET2015_SUBSET_HH_2005-2006_beta-6.csv: line 27000 [oneflux.pipeline.site_data_product]
2025-06-02 20:36:32.024 [DEBUG   ] Writing /pscratch/sd/t/toanngo/ONEFlux/data/US-ARc_sample_output/99_fluxnet2015/FLX_US-ARc_FLUXNET2015_SUBSET_HH_2005-2006_beta-6.csv: line 28000 [oneflux.pipeline.site_data_product]
2025-06-02 20:36:32.117 [DEBUG   ] Writing /pscratch/sd/t/toanngo/ONEFlux/data/US-ARc_sample_output/99_fluxnet2015/FLX_US-ARc_FLUXNET2015_SUBSET_HH_2005-2006_beta-6.csv: line 29000 [oneflux.pipeline.site_data_product]
2025-06-02 20:36:32.209 [DEBUG   ] Writing /pscratch/sd/t/toanngo/ONEFlux/data/US-ARc_sample_output/99_fluxnet2015/FLX_US-ARc_FLUXNET2015_SUBSET_HH_2005-2006_beta-6.csv: line 30000 [oneflux.pipeline.site_data_product]
2025-06-02 20:36:32.302 [DEBUG   ] Writing /pscratch/sd/t/toanngo/ONEFlux/data/US-ARc_sample_output/99_fluxnet2015/FLX_US-ARc_FLUXNET2015_SUBSET_HH_2005-2006_beta-6.csv: line 31000 [oneflux.pipeline.site_data_product]
2025-06-02 20:36:32.394 [DEBUG   ] Writing /pscratch/sd/t/toanngo/ONEFlux/data/US-ARc_sample_output/99_fluxnet2015/FLX_US-ARc_FLUXNET2015_SUBSET_HH_2005-2006_beta-6.csv: line 32000 [oneflux.pipeline.site_data_product]
2025-06-02 20:36:32.481 [DEBUG   ] Writing /pscratch/sd/t/toanngo/ONEFlux/data/US-ARc_sample_output/99_fluxnet2015/FLX_US-ARc_FLUXNET2015_SUBSET_HH_2005-2006_beta-6.csv: line 33000 [oneflux.pipeline.site_data_product]
2025-06-02 20:36:32.562 [DEBUG   ] Writing /pscratch/sd/t/toanngo/ONEFlux/data/US-ARc_sample_output/99_fluxnet2015/FLX_US-ARc_FLUXNET2015_SUBSET_HH_2005-2006_beta-6.csv: line 34000 [oneflux.pipeline.site_data_product]
2025-06-02 20:36:32.642 [DEBUG   ] Writing /pscratch/sd/t/toanngo/ONEFlux/data/US-ARc_sample_output/99_fluxnet2015/FLX_US-ARc_FLUXNET2015_SUBSET_HH_2005-2006_beta-6.csv: line 35000 [oneflux.pipeline.site_data_product]
2025-06-02 20:36:32.646 [INFO    ] Tier 1 SUBSET CSV same as Tier 2 (all), reusing file: /pscratch/sd/t/toanngo/ONEFlux/data/US-ARc_sample_output/99_fluxnet2015/FLX_US-ARc_FLUXNET2015_SUBSET_HH_2005-2006_beta-6.csv [oneflux.pipeline.site_data_product]
2025-06-02 20:36:32.646 [DEBUG   ] Processing 'dd' resolution [oneflux.pipeline.site_data_product]
2025-06-02 20:36:32.646 [DEBUG   ] Loading meteo/dd file: /pscratch/sd/t/toanngo/ONEFlux/data/US-ARc_sample_output/07_meteo_proc/US-ARc_meteo_dd.csv [oneflux.pipeline.site_data_product]
2025-06-02 20:36:32.996 [INFO    ] Checking range of values for SWC (US-ARc) [oneflux.pipeline.site_data_product]
2025-06-02 20:36:32.997 [DEBUG   ] Found 1 SWC variables (['SWC_1_f']) for US-ARc, checking ranges [oneflux.pipeline.site_data_product]
2025-06-02 20:36:33.029 [DEBUG   ] SWC variable 'SWC_1_f' stats (US-ARc, 2005): negative_count=0  min=11.63  max=34.318 [oneflux.pipeline.site_data_product]
2025-06-02 20:36:33.031 [DEBUG   ] SWC variable 'SWC_1_f' stats (US-ARc, 2006): negative_count=0  min=11.023  max=31.567 [oneflux.pipeline.site_data_product]
2025-06-02 20:36:33.045 [DEBUG   ] Done with checking SWC vars for US-ARc [oneflux.pipeline.site_data_product]
2025-06-02 20:36:33.046 [DEBUG   ] Loading nee/dd file: /pscratch/sd/t/toanngo/ONEFlux/data/US-ARc_sample_output/08_nee_proc/US-ARc_NEE_dd.csv [oneflux.pipeline.site_data_product]
2025-06-02 20:36:33.091 [DEBUG   ] Loading energy/dd file: /pscratch/sd/t/toanngo/ONEFlux/data/US-ARc_sample_output/09_energy_proc/US-ARc_energy_dd.csv [oneflux.pipeline.site_data_product]
2025-06-02 20:36:33.105 [DEBUG   ] Loading partitioning/dd file: /pscratch/sd/t/toanngo/ONEFlux/data/US-ARc_sample_output/12_ure/US-ARc_DT_RECO_dd.csv [oneflux.pipeline.site_data_product]
2025-06-02 20:36:33.116 [DEBUG   ] Loading partitioning/dd file: /pscratch/sd/t/toanngo/ONEFlux/data/US-ARc_sample_output/12_ure/US-ARc_DT_GPP_dd.csv [oneflux.pipeline.site_data_product]
2025-06-02 20:36:33.126 [DEBUG   ] Loading partitioning/dd file: /pscratch/sd/t/toanngo/ONEFlux/data/US-ARc_sample_output/12_ure/US-ARc_NT_RECO_dd.csv [oneflux.pipeline.site_data_product]
2025-06-02 20:36:33.137 [DEBUG   ] Loading partitioning/dd file: /pscratch/sd/t/toanngo/ONEFlux/data/US-ARc_sample_output/12_ure/US-ARc_NT_GPP_dd.csv [oneflux.pipeline.site_data_product]
2025-06-02 20:36:33.147 [DEBUG   ] Merged UNC headers: ('TIMESTAMP', 'DT_RECO_ref_y', 'DT_RECO_ust50_y', 'DT_RECO_mean_y', 'DT_RECO_SE_y', 'DT_RECO_05_y', 'DT_RECO_16_y', 'DT_RECO_25_y', 'DT_RECO_50_y', 'DT_RECO_75_y', 'DT_RECO_84_y', 'DT_RECO_95_y', 'DT_GPP_ref_y', 'DT_GPP_ust50_y', 'DT_GPP_mean_y', 'DT_GPP_SE_y', 'DT_GPP_05_y', 'DT_GPP_16_y', 'DT_GPP_25_y', 'DT_GPP_50_y', 'DT_GPP_75_y', 'DT_GPP_84_y', 'DT_GPP_95_y', 'NT_RECO_ref_y', 'NT_RECO_ust50_y', 'NT_RECO_mean_y', 'NT_RECO_SE_y', 'NT_RECO_05_y', 'NT_RECO_16_y', 'NT_RECO_25_y', 'NT_RECO_50_y', 'NT_RECO_75_y', 'NT_RECO_84_y', 'NT_RECO_95_y', 'NT_GPP_ref_y', 'NT_GPP_ust50_y', 'NT_GPP_mean_y', 'NT_GPP_SE_y', 'NT_GPP_05_y', 'NT_GPP_16_y', 'NT_GPP_25_y', 'NT_GPP_50_y', 'NT_GPP_75_y', 'NT_GPP_84_y', 'NT_GPP_95_y') [oneflux.pipeline.site_data_product]
2025-06-02 20:36:33.149 [INFO    ] METEO number of records differs from ENERGY, assuming complete meteo and removing extra records [oneflux.pipeline.site_data_product]
2025-06-02 20:36:33.165 [DEBUG   ] Time slice results for 2005-2006: a[5844]=20050101  a[6573]=20061231 [oneflux.pipeline.site_data_product]
2025-06-02 20:36:33.165 [DEBUG   ] US-ARc: updating names for meteo data [oneflux.pipeline.site_data_product]
2025-06-02 20:36:33.165 [DEBUG   ] US-ARc: updating names for full meteo data [oneflux.pipeline.site_data_product]
2025-06-02 20:36:33.165 [DEBUG   ] US-ARc: updating names for energy data [oneflux.pipeline.site_data_product]
2025-06-02 20:36:33.165 [WARNING ] Unknown variable removed: 'DOY' [oneflux.pipeline.site_data_product]
2025-06-02 20:36:33.166 [DEBUG   ] US-ARc: updating names for nee data [oneflux.pipeline.site_data_product]
2025-06-02 20:36:33.166 [WARNING ] Unknown variable removed: 'DOY' [oneflux.pipeline.site_data_product]
2025-06-02 20:36:33.166 [DEBUG   ] US-ARc: updating names for unc data [oneflux.pipeline.site_data_product]
2025-06-02 20:36:33.167 [DEBUG   ] Skip duplicate header: NIGHT_D [oneflux.pipeline.site_data_product]
2025-06-02 20:36:33.167 [DEBUG   ] Skip duplicate header: DAY_D [oneflux.pipeline.site_data_product]
2025-06-02 20:36:33.170 [INFO    ] Saving Tier 2 FULLSET CSV file: /pscratch/sd/t/toanngo/ONEFlux/data/US-ARc_sample_output/99_fluxnet2015/FLX_US-ARc_FLUXNET2015_FULLSET_DD_2005-2006_beta-6.csv [oneflux.pipeline.site_data_product]
2025-06-02 20:36:33.172 [DEBUG   ] Writing /pscratch/sd/t/toanngo/ONEFlux/data/US-ARc_sample_output/99_fluxnet2015/FLX_US-ARc_FLUXNET2015_FULLSET_DD_2005-2006_beta-6.csv: line 0 [oneflux.pipeline.site_data_product]
2025-06-02 20:36:33.298 [INFO    ] Tier 1 FULLSET CSV same as Tier 2 (all), reusing file: /pscratch/sd/t/toanngo/ONEFlux/data/US-ARc_sample_output/99_fluxnet2015/FLX_US-ARc_FLUXNET2015_FULLSET_DD_2005-2006_beta-6.csv [oneflux.pipeline.site_data_product]
2025-06-02 20:36:33.298 [INFO    ] Saving ERA-Interim CSV file: /pscratch/sd/t/toanngo/ONEFlux/data/US-ARc_sample_output/99_fluxnet2015/FLX_US-ARc_FLUXNET2015_ERAI_DD_1989-2014_beta-6.csv [oneflux.pipeline.site_data_product]
2025-06-02 20:36:33.300 [DEBUG   ] Writing /pscratch/sd/t/toanngo/ONEFlux/data/US-ARc_sample_output/99_fluxnet2015/FLX_US-ARc_FLUXNET2015_ERAI_DD_1989-2014_beta-6.csv: line 0 [oneflux.pipeline.site_data_product]
2025-06-02 20:36:33.311 [DEBUG   ] Writing /pscratch/sd/t/toanngo/ONEFlux/data/US-ARc_sample_output/99_fluxnet2015/FLX_US-ARc_FLUXNET2015_ERAI_DD_1989-2014_beta-6.csv: line 1000 [oneflux.pipeline.site_data_product]
2025-06-02 20:36:33.322 [DEBUG   ] Writing /pscratch/sd/t/toanngo/ONEFlux/data/US-ARc_sample_output/99_fluxnet2015/FLX_US-ARc_FLUXNET2015_ERAI_DD_1989-2014_beta-6.csv: line 2000 [oneflux.pipeline.site_data_product]
2025-06-02 20:36:33.332 [DEBUG   ] Writing /pscratch/sd/t/toanngo/ONEFlux/data/US-ARc_sample_output/99_fluxnet2015/FLX_US-ARc_FLUXNET2015_ERAI_DD_1989-2014_beta-6.csv: line 3000 [oneflux.pipeline.site_data_product]
2025-06-02 20:36:33.343 [DEBUG   ] Writing /pscratch/sd/t/toanngo/ONEFlux/data/US-ARc_sample_output/99_fluxnet2015/FLX_US-ARc_FLUXNET2015_ERAI_DD_1989-2014_beta-6.csv: line 4000 [oneflux.pipeline.site_data_product]
2025-06-02 20:36:33.353 [DEBUG   ] Writing /pscratch/sd/t/toanngo/ONEFlux/data/US-ARc_sample_output/99_fluxnet2015/FLX_US-ARc_FLUXNET2015_ERAI_DD_1989-2014_beta-6.csv: line 5000 [oneflux.pipeline.site_data_product]
2025-06-02 20:36:33.363 [DEBUG   ] Writing /pscratch/sd/t/toanngo/ONEFlux/data/US-ARc_sample_output/99_fluxnet2015/FLX_US-ARc_FLUXNET2015_ERAI_DD_1989-2014_beta-6.csv: line 6000 [oneflux.pipeline.site_data_product]
2025-06-02 20:36:33.374 [DEBUG   ] Writing /pscratch/sd/t/toanngo/ONEFlux/data/US-ARc_sample_output/99_fluxnet2015/FLX_US-ARc_FLUXNET2015_ERAI_DD_1989-2014_beta-6.csv: line 7000 [oneflux.pipeline.site_data_product]
2025-06-02 20:36:33.384 [DEBUG   ] Writing /pscratch/sd/t/toanngo/ONEFlux/data/US-ARc_sample_output/99_fluxnet2015/FLX_US-ARc_FLUXNET2015_ERAI_DD_1989-2014_beta-6.csv: line 8000 [oneflux.pipeline.site_data_product]
2025-06-02 20:36:33.395 [DEBUG   ] Writing /pscratch/sd/t/toanngo/ONEFlux/data/US-ARc_sample_output/99_fluxnet2015/FLX_US-ARc_FLUXNET2015_ERAI_DD_1989-2014_beta-6.csv: line 9000 [oneflux.pipeline.site_data_product]
2025-06-02 20:36:33.400 [INFO    ] Saving Tier 2 SUBSET CSV file: /pscratch/sd/t/toanngo/ONEFlux/data/US-ARc_sample_output/99_fluxnet2015/FLX_US-ARc_FLUXNET2015_SUBSET_DD_2005-2006_beta-6.csv [oneflux.pipeline.site_data_product]
2025-06-02 20:36:33.402 [DEBUG   ] Writing /pscratch/sd/t/toanngo/ONEFlux/data/US-ARc_sample_output/99_fluxnet2015/FLX_US-ARc_FLUXNET2015_SUBSET_DD_2005-2006_beta-6.csv: line 0 [oneflux.pipeline.site_data_product]
2025-06-02 20:36:33.441 [INFO    ] Tier 1 SUBSET CSV same as Tier 2 (all), reusing file: /pscratch/sd/t/toanngo/ONEFlux/data/US-ARc_sample_output/99_fluxnet2015/FLX_US-ARc_FLUXNET2015_SUBSET_DD_2005-2006_beta-6.csv [oneflux.pipeline.site_data_product]
2025-06-02 20:36:33.442 [DEBUG   ] Processing 'ww' resolution [oneflux.pipeline.site_data_product]
2025-06-02 20:36:33.442 [DEBUG   ] Loading meteo/ww file: /pscratch/sd/t/toanngo/ONEFlux/data/US-ARc_sample_output/07_meteo_proc/US-ARc_meteo_ww.csv [oneflux.pipeline.site_data_product]
2025-06-02 20:36:33.499 [INFO    ] Checking range of values for SWC (US-ARc) [oneflux.pipeline.site_data_product]
2025-06-02 20:36:33.499 [DEBUG   ] Found 1 SWC variables (['SWC_1_f']) for US-ARc, checking ranges [oneflux.pipeline.site_data_product]
2025-06-02 20:36:33.504 [DEBUG   ] SWC variable 'SWC_1_f' stats (US-ARc, 2005): negative_count=0  min=12.09  max=31.573 [oneflux.pipeline.site_data_product]
2025-06-02 20:36:33.504 [DEBUG   ] SWC variable 'SWC_1_f' stats (US-ARc, 2006): negative_count=0  min=11.225  max=29.882 [oneflux.pipeline.site_data_product]
2025-06-02 20:36:33.506 [DEBUG   ] Done with checking SWC vars for US-ARc [oneflux.pipeline.site_data_product]
2025-06-02 20:36:33.506 [DEBUG   ] Loading nee/ww file: /pscratch/sd/t/toanngo/ONEFlux/data/US-ARc_sample_output/08_nee_proc/US-ARc_NEE_ww.csv [oneflux.pipeline.site_data_product]
2025-06-02 20:36:33.517 [DEBUG   ] Loading energy/ww file: /pscratch/sd/t/toanngo/ONEFlux/data/US-ARc_sample_output/09_energy_proc/US-ARc_energy_ww.csv [oneflux.pipeline.site_data_product]
2025-06-02 20:36:33.521 [DEBUG   ] Loading partitioning/ww file: /pscratch/sd/t/toanngo/ONEFlux/data/US-ARc_sample_output/12_ure/US-ARc_DT_RECO_ww.csv [oneflux.pipeline.site_data_product]
2025-06-02 20:36:33.523 [DEBUG   ] Loading partitioning/ww file: /pscratch/sd/t/toanngo/ONEFlux/data/US-ARc_sample_output/12_ure/US-ARc_DT_GPP_ww.csv [oneflux.pipeline.site_data_product]
2025-06-02 20:36:33.526 [DEBUG   ] Loading partitioning/ww file: /pscratch/sd/t/toanngo/ONEFlux/data/US-ARc_sample_output/12_ure/US-ARc_NT_RECO_ww.csv [oneflux.pipeline.site_data_product]
2025-06-02 20:36:33.529 [DEBUG   ] Loading partitioning/ww file: /pscratch/sd/t/toanngo/ONEFlux/data/US-ARc_sample_output/12_ure/US-ARc_NT_GPP_ww.csv [oneflux.pipeline.site_data_product]
2025-06-02 20:36:33.532 [DEBUG   ] Merged UNC headers: ('TIMESTAMP_START', 'TIMESTAMP_END', 'DT_RECO_ref_y', 'DT_RECO_ust50_y', 'DT_RECO_mean_y', 'DT_RECO_SE_y', 'DT_RECO_05_y', 'DT_RECO_16_y', 'DT_RECO_25_y', 'DT_RECO_50_y', 'DT_RECO_75_y', 'DT_RECO_84_y', 'DT_RECO_95_y', 'DT_GPP_ref_y', 'DT_GPP_ust50_y', 'DT_GPP_mean_y', 'DT_GPP_SE_y', 'DT_GPP_05_y', 'DT_GPP_16_y', 'DT_GPP_25_y', 'DT_GPP_50_y', 'DT_GPP_75_y', 'DT_GPP_84_y', 'DT_GPP_95_y', 'NT_RECO_ref_y', 'NT_RECO_ust50_y', 'NT_RECO_mean_y', 'NT_RECO_SE_y', 'NT_RECO_05_y', 'NT_RECO_16_y', 'NT_RECO_25_y', 'NT_RECO_50_y', 'NT_RECO_75_y', 'NT_RECO_84_y', 'NT_RECO_95_y', 'NT_GPP_ref_y', 'NT_GPP_ust50_y', 'NT_GPP_mean_y', 'NT_GPP_SE_y', 'NT_GPP_05_y', 'NT_GPP_16_y', 'NT_GPP_25_y', 'NT_GPP_50_y', 'NT_GPP_75_y', 'NT_GPP_84_y', 'NT_GPP_95_y') [oneflux.pipeline.site_data_product]
2025-06-02 20:36:33.533 [INFO    ] METEO number of records differs from ENERGY, assuming complete meteo and removing extra records [oneflux.pipeline.site_data_product]
2025-06-02 20:36:33.535 [DEBUG   ] Time slice results for 2005-2006: a[832]=20050101  a[935]=20061224 [oneflux.pipeline.site_data_product]
2025-06-02 20:36:33.536 [DEBUG   ] US-ARc: updating names for meteo data [oneflux.pipeline.site_data_product]
2025-06-02 20:36:33.536 [WARNING ] Unknown variable removed: 'WEEK' [oneflux.pipeline.site_data_product]
2025-06-02 20:36:33.536 [DEBUG   ] US-ARc: updating names for full meteo data [oneflux.pipeline.site_data_product]
2025-06-02 20:36:33.536 [WARNING ] Unknown variable removed: 'WEEK' [oneflux.pipeline.site_data_product]
2025-06-02 20:36:33.537 [DEBUG   ] US-ARc: updating names for energy data [oneflux.pipeline.site_data_product]
2025-06-02 20:36:33.537 [WARNING ] Unknown variable removed: 'WEEK' [oneflux.pipeline.site_data_product]
2025-06-02 20:36:33.537 [DEBUG   ] US-ARc: updating names for nee data [oneflux.pipeline.site_data_product]
2025-06-02 20:36:33.537 [WARNING ] Unknown variable removed: 'WEEK' [oneflux.pipeline.site_data_product]
2025-06-02 20:36:33.537 [DEBUG   ] US-ARc: updating names for unc data [oneflux.pipeline.site_data_product]
2025-06-02 20:36:33.538 [DEBUG   ] Skip duplicate header: NIGHT_D [oneflux.pipeline.site_data_product]
2025-06-02 20:36:33.538 [DEBUG   ] Skip duplicate header: DAY_D [oneflux.pipeline.site_data_product]
2025-06-02 20:36:33.539 [INFO    ] Saving Tier 2 FULLSET CSV file: /pscratch/sd/t/toanngo/ONEFlux/data/US-ARc_sample_output/99_fluxnet2015/FLX_US-ARc_FLUXNET2015_FULLSET_WW_2005-2006_beta-6.csv [oneflux.pipeline.site_data_product]
2025-06-02 20:36:33.541 [DEBUG   ] Writing /pscratch/sd/t/toanngo/ONEFlux/data/US-ARc_sample_output/99_fluxnet2015/FLX_US-ARc_FLUXNET2015_FULLSET_WW_2005-2006_beta-6.csv: line 0 [oneflux.pipeline.site_data_product]
2025-06-02 20:36:33.560 [INFO    ] Tier 1 FULLSET CSV same as Tier 2 (all), reusing file: /pscratch/sd/t/toanngo/ONEFlux/data/US-ARc_sample_output/99_fluxnet2015/FLX_US-ARc_FLUXNET2015_FULLSET_WW_2005-2006_beta-6.csv [oneflux.pipeline.site_data_product]
2025-06-02 20:36:33.560 [INFO    ] Saving ERA-Interim CSV file: /pscratch/sd/t/toanngo/ONEFlux/data/US-ARc_sample_output/99_fluxnet2015/FLX_US-ARc_FLUXNET2015_ERAI_WW_1989-2014_beta-6.csv [oneflux.pipeline.site_data_product]
2025-06-02 20:36:33.561 [DEBUG   ] Writing /pscratch/sd/t/toanngo/ONEFlux/data/US-ARc_sample_output/99_fluxnet2015/FLX_US-ARc_FLUXNET2015_ERAI_WW_1989-2014_beta-6.csv: line 0 [oneflux.pipeline.site_data_product]
2025-06-02 20:36:33.574 [DEBUG   ] Writing /pscratch/sd/t/toanngo/ONEFlux/data/US-ARc_sample_output/99_fluxnet2015/FLX_US-ARc_FLUXNET2015_ERAI_WW_1989-2014_beta-6.csv: line 1000 [oneflux.pipeline.site_data_product]
2025-06-02 20:36:33.579 [INFO    ] Saving Tier 2 SUBSET CSV file: /pscratch/sd/t/toanngo/ONEFlux/data/US-ARc_sample_output/99_fluxnet2015/FLX_US-ARc_FLUXNET2015_SUBSET_WW_2005-2006_beta-6.csv [oneflux.pipeline.site_data_product]
2025-06-02 20:36:33.580 [DEBUG   ] Writing /pscratch/sd/t/toanngo/ONEFlux/data/US-ARc_sample_output/99_fluxnet2015/FLX_US-ARc_FLUXNET2015_SUBSET_WW_2005-2006_beta-6.csv: line 0 [oneflux.pipeline.site_data_product]
2025-06-02 20:36:33.587 [INFO    ] Tier 1 SUBSET CSV same as Tier 2 (all), reusing file: /pscratch/sd/t/toanngo/ONEFlux/data/US-ARc_sample_output/99_fluxnet2015/FLX_US-ARc_FLUXNET2015_SUBSET_WW_2005-2006_beta-6.csv [oneflux.pipeline.site_data_product]
2025-06-02 20:36:33.587 [DEBUG   ] Processing 'mm' resolution [oneflux.pipeline.site_data_product]
2025-06-02 20:36:33.587 [DEBUG   ] Loading meteo/mm file: /pscratch/sd/t/toanngo/ONEFlux/data/US-ARc_sample_output/07_meteo_proc/US-ARc_meteo_mm.csv [oneflux.pipeline.site_data_product]
2025-06-02 20:36:33.603 [INFO    ] Checking range of values for SWC (US-ARc) [oneflux.pipeline.site_data_product]
2025-06-02 20:36:33.603 [DEBUG   ] Found 1 SWC variables (['SWC_1_f']) for US-ARc, checking ranges [oneflux.pipeline.site_data_product]
2025-06-02 20:36:33.604 [DEBUG   ] SWC variable 'SWC_1_f' stats (US-ARc, 2005): negative_count=0  min=14.501  max=28.344 [oneflux.pipeline.site_data_product]
2025-06-02 20:36:33.604 [DEBUG   ] SWC variable 'SWC_1_f' stats (US-ARc, 2006): negative_count=0  min=15.076  max=24.945 [oneflux.pipeline.site_data_product]
2025-06-02 20:36:33.605 [DEBUG   ] Done with checking SWC vars for US-ARc [oneflux.pipeline.site_data_product]
2025-06-02 20:36:33.605 [DEBUG   ] Loading nee/mm file: /pscratch/sd/t/toanngo/ONEFlux/data/US-ARc_sample_output/08_nee_proc/US-ARc_NEE_mm.csv [oneflux.pipeline.site_data_product]
2025-06-02 20:36:33.612 [DEBUG   ] Loading energy/mm file: /pscratch/sd/t/toanngo/ONEFlux/data/US-ARc_sample_output/09_energy_proc/US-ARc_energy_mm.csv [oneflux.pipeline.site_data_product]
2025-06-02 20:36:33.614 [DEBUG   ] Loading partitioning/mm file: /pscratch/sd/t/toanngo/ONEFlux/data/US-ARc_sample_output/12_ure/US-ARc_DT_RECO_mm.csv [oneflux.pipeline.site_data_product]
2025-06-02 20:36:33.616 [DEBUG   ] Loading partitioning/mm file: /pscratch/sd/t/toanngo/ONEFlux/data/US-ARc_sample_output/12_ure/US-ARc_DT_GPP_mm.csv [oneflux.pipeline.site_data_product]
2025-06-02 20:36:33.618 [DEBUG   ] Loading partitioning/mm file: /pscratch/sd/t/toanngo/ONEFlux/data/US-ARc_sample_output/12_ure/US-ARc_NT_RECO_mm.csv [oneflux.pipeline.site_data_product]
2025-06-02 20:36:33.619 [DEBUG   ] Loading partitioning/mm file: /pscratch/sd/t/toanngo/ONEFlux/data/US-ARc_sample_output/12_ure/US-ARc_NT_GPP_mm.csv [oneflux.pipeline.site_data_product]
2025-06-02 20:36:33.621 [DEBUG   ] Merged UNC headers: ('TIMESTAMP', 'DT_RECO_ref_y', 'DT_RECO_ust50_y', 'DT_RECO_mean_y', 'DT_RECO_SE_y', 'DT_RECO_05_y', 'DT_RECO_16_y', 'DT_RECO_25_y', 'DT_RECO_50_y', 'DT_RECO_75_y', 'DT_RECO_84_y', 'DT_RECO_95_y', 'DT_GPP_ref_y', 'DT_GPP_ust50_y', 'DT_GPP_mean_y', 'DT_GPP_SE_y', 'DT_GPP_05_y', 'DT_GPP_16_y', 'DT_GPP_25_y', 'DT_GPP_50_y', 'DT_GPP_75_y', 'DT_GPP_84_y', 'DT_GPP_95_y', 'NT_RECO_ref_y', 'NT_RECO_ust50_y', 'NT_RECO_mean_y', 'NT_RECO_SE_y', 'NT_RECO_05_y', 'NT_RECO_16_y', 'NT_RECO_25_y', 'NT_RECO_50_y', 'NT_RECO_75_y', 'NT_RECO_84_y', 'NT_RECO_95_y', 'NT_GPP_ref_y', 'NT_GPP_ust50_y', 'NT_GPP_mean_y', 'NT_GPP_SE_y', 'NT_GPP_05_y', 'NT_GPP_16_y', 'NT_GPP_25_y', 'NT_GPP_50_y', 'NT_GPP_75_y', 'NT_GPP_84_y', 'NT_GPP_95_y') [oneflux.pipeline.site_data_product]
2025-06-02 20:36:33.621 [INFO    ] METEO number of records differs from ENERGY, assuming complete meteo and removing extra records [oneflux.pipeline.site_data_product]
2025-06-02 20:36:33.622 [DEBUG   ] Time slice results for 2005-2006: a[192]=200501  a[215]=200612 [oneflux.pipeline.site_data_product]
2025-06-02 20:36:33.622 [DEBUG   ] US-ARc: updating names for meteo data [oneflux.pipeline.site_data_product]
2025-06-02 20:36:33.622 [DEBUG   ] US-ARc: updating names for full meteo data [oneflux.pipeline.site_data_product]
2025-06-02 20:36:33.623 [DEBUG   ] US-ARc: updating names for energy data [oneflux.pipeline.site_data_product]
2025-06-02 20:36:33.623 [DEBUG   ] US-ARc: updating names for nee data [oneflux.pipeline.site_data_product]
2025-06-02 20:36:33.623 [DEBUG   ] US-ARc: updating names for unc data [oneflux.pipeline.site_data_product]
2025-06-02 20:36:33.623 [DEBUG   ] Skip duplicate header: NIGHT_D [oneflux.pipeline.site_data_product]
2025-06-02 20:36:33.623 [DEBUG   ] Skip duplicate header: DAY_D [oneflux.pipeline.site_data_product]
2025-06-02 20:36:33.624 [INFO    ] Saving Tier 2 FULLSET CSV file: /pscratch/sd/t/toanngo/ONEFlux/data/US-ARc_sample_output/99_fluxnet2015/FLX_US-ARc_FLUXNET2015_FULLSET_MM_2005-2006_beta-6.csv [oneflux.pipeline.site_data_product]
2025-06-02 20:36:33.626 [DEBUG   ] Writing /pscratch/sd/t/toanngo/ONEFlux/data/US-ARc_sample_output/99_fluxnet2015/FLX_US-ARc_FLUXNET2015_FULLSET_MM_2005-2006_beta-6.csv: line 0 [oneflux.pipeline.site_data_product]
2025-06-02 20:36:33.631 [INFO    ] Tier 1 FULLSET CSV same as Tier 2 (all), reusing file: /pscratch/sd/t/toanngo/ONEFlux/data/US-ARc_sample_output/99_fluxnet2015/FLX_US-ARc_FLUXNET2015_FULLSET_MM_2005-2006_beta-6.csv [oneflux.pipeline.site_data_product]
2025-06-02 20:36:33.631 [INFO    ] Saving ERA-Interim CSV file: /pscratch/sd/t/toanngo/ONEFlux/data/US-ARc_sample_output/99_fluxnet2015/FLX_US-ARc_FLUXNET2015_ERAI_MM_1989-2014_beta-6.csv [oneflux.pipeline.site_data_product]
2025-06-02 20:36:33.632 [DEBUG   ] Writing /pscratch/sd/t/toanngo/ONEFlux/data/US-ARc_sample_output/99_fluxnet2015/FLX_US-ARc_FLUXNET2015_ERAI_MM_1989-2014_beta-6.csv: line 0 [oneflux.pipeline.site_data_product]
2025-06-02 20:36:33.637 [INFO    ] Saving Tier 2 SUBSET CSV file: /pscratch/sd/t/toanngo/ONEFlux/data/US-ARc_sample_output/99_fluxnet2015/FLX_US-ARc_FLUXNET2015_SUBSET_MM_2005-2006_beta-6.csv [oneflux.pipeline.site_data_product]
2025-06-02 20:36:33.638 [DEBUG   ] Writing /pscratch/sd/t/toanngo/ONEFlux/data/US-ARc_sample_output/99_fluxnet2015/FLX_US-ARc_FLUXNET2015_SUBSET_MM_2005-2006_beta-6.csv: line 0 [oneflux.pipeline.site_data_product]
2025-06-02 20:36:33.640 [INFO    ] Tier 1 SUBSET CSV same as Tier 2 (all), reusing file: /pscratch/sd/t/toanngo/ONEFlux/data/US-ARc_sample_output/99_fluxnet2015/FLX_US-ARc_FLUXNET2015_SUBSET_MM_2005-2006_beta-6.csv [oneflux.pipeline.site_data_product]
2025-06-02 20:36:33.640 [DEBUG   ] Processing 'yy' resolution [oneflux.pipeline.site_data_product]
2025-06-02 20:36:33.640 [DEBUG   ] Loading meteo/yy file: /pscratch/sd/t/toanngo/ONEFlux/data/US-ARc_sample_output/07_meteo_proc/US-ARc_meteo_yy.csv [oneflux.pipeline.site_data_product]
2025-06-02 20:36:33.643 [INFO    ] Checking range of values for SWC (US-ARc) [oneflux.pipeline.site_data_product]
2025-06-02 20:36:33.643 [DEBUG   ] Found 1 SWC variables (['SWC_1_f']) for US-ARc, checking ranges [oneflux.pipeline.site_data_product]
2025-06-02 20:36:33.644 [DEBUG   ] Done with checking SWC vars for US-ARc [oneflux.pipeline.site_data_product]
2025-06-02 20:36:33.644 [DEBUG   ] Loading nee/yy file: /pscratch/sd/t/toanngo/ONEFlux/data/US-ARc_sample_output/08_nee_proc/US-ARc_NEE_yy.csv [oneflux.pipeline.site_data_product]
2025-06-02 20:36:33.647 [DEBUG   ] Loading energy/yy file: /pscratch/sd/t/toanngo/ONEFlux/data/US-ARc_sample_output/09_energy_proc/US-ARc_energy_yy.csv [oneflux.pipeline.site_data_product]
2025-06-02 20:36:33.648 [DEBUG   ] Loading partitioning/yy file: /pscratch/sd/t/toanngo/ONEFlux/data/US-ARc_sample_output/12_ure/US-ARc_DT_RECO_yy.csv [oneflux.pipeline.site_data_product]
2025-06-02 20:36:33.650 [DEBUG   ] Loading partitioning/yy file: /pscratch/sd/t/toanngo/ONEFlux/data/US-ARc_sample_output/12_ure/US-ARc_DT_GPP_yy.csv [oneflux.pipeline.site_data_product]
2025-06-02 20:36:33.651 [DEBUG   ] Loading partitioning/yy file: /pscratch/sd/t/toanngo/ONEFlux/data/US-ARc_sample_output/12_ure/US-ARc_NT_RECO_yy.csv [oneflux.pipeline.site_data_product]
2025-06-02 20:36:33.653 [DEBUG   ] Loading partitioning/yy file: /pscratch/sd/t/toanngo/ONEFlux/data/US-ARc_sample_output/12_ure/US-ARc_NT_GPP_yy.csv [oneflux.pipeline.site_data_product]
2025-06-02 20:36:33.654 [DEBUG   ] Merged UNC headers: ('TIMESTAMP', 'DT_RECO_ref_y', 'DT_RECO_ust50_y', 'DT_RECO_mean_y', 'DT_RECO_SE_y', 'DT_RECO_05_y', 'DT_RECO_16_y', 'DT_RECO_25_y', 'DT_RECO_50_y', 'DT_RECO_75_y', 'DT_RECO_84_y', 'DT_RECO_95_y', 'DT_GPP_ref_y', 'DT_GPP_ust50_y', 'DT_GPP_mean_y', 'DT_GPP_SE_y', 'DT_GPP_05_y', 'DT_GPP_16_y', 'DT_GPP_25_y', 'DT_GPP_50_y', 'DT_GPP_75_y', 'DT_GPP_84_y', 'DT_GPP_95_y', 'NT_RECO_ref_y', 'NT_RECO_ust50_y', 'NT_RECO_mean_y', 'NT_RECO_SE_y', 'NT_RECO_05_y', 'NT_RECO_16_y', 'NT_RECO_25_y', 'NT_RECO_50_y', 'NT_RECO_75_y', 'NT_RECO_84_y', 'NT_RECO_95_y', 'NT_GPP_ref_y', 'NT_GPP_ust50_y', 'NT_GPP_mean_y', 'NT_GPP_SE_y', 'NT_GPP_05_y', 'NT_GPP_16_y', 'NT_GPP_25_y', 'NT_GPP_50_y', 'NT_GPP_75_y', 'NT_GPP_84_y', 'NT_GPP_95_y') [oneflux.pipeline.site_data_product]
2025-06-02 20:36:33.655 [INFO    ] METEO number of records differs from ENERGY, assuming complete meteo and removing extra records [oneflux.pipeline.site_data_product]
2025-06-02 20:36:33.655 [DEBUG   ] Time slice results for 2005-2006: a[16]=2005  a[17]=2006 [oneflux.pipeline.site_data_product]
2025-06-02 20:36:33.655 [DEBUG   ] US-ARc: updating names for meteo data [oneflux.pipeline.site_data_product]
2025-06-02 20:36:33.655 [DEBUG   ] US-ARc: updating names for full meteo data [oneflux.pipeline.site_data_product]
2025-06-02 20:36:33.655 [DEBUG   ] US-ARc: updating names for energy data [oneflux.pipeline.site_data_product]
2025-06-02 20:36:33.655 [DEBUG   ] US-ARc: updating names for nee data [oneflux.pipeline.site_data_product]
2025-06-02 20:36:33.655 [DEBUG   ] US-ARc: updating names for unc data [oneflux.pipeline.site_data_product]
2025-06-02 20:36:33.657 [INFO    ] Saving Tier 2 FULLSET CSV file: /pscratch/sd/t/toanngo/ONEFlux/data/US-ARc_sample_output/99_fluxnet2015/FLX_US-ARc_FLUXNET2015_FULLSET_YY_2005-2006_beta-6.csv [oneflux.pipeline.site_data_product]
2025-06-02 20:36:33.658 [DEBUG   ] Writing /pscratch/sd/t/toanngo/ONEFlux/data/US-ARc_sample_output/99_fluxnet2015/FLX_US-ARc_FLUXNET2015_FULLSET_YY_2005-2006_beta-6.csv: line 0 [oneflux.pipeline.site_data_product]
2025-06-02 20:36:33.659 [INFO    ] Tier 1 FULLSET CSV same as Tier 2 (all), reusing file: /pscratch/sd/t/toanngo/ONEFlux/data/US-ARc_sample_output/99_fluxnet2015/FLX_US-ARc_FLUXNET2015_FULLSET_YY_2005-2006_beta-6.csv [oneflux.pipeline.site_data_product]
2025-06-02 20:36:33.659 [INFO    ] Saving ERA-Interim CSV file: /pscratch/sd/t/toanngo/ONEFlux/data/US-ARc_sample_output/99_fluxnet2015/FLX_US-ARc_FLUXNET2015_ERAI_YY_1989-2014_beta-6.csv [oneflux.pipeline.site_data_product]
2025-06-02 20:36:33.660 [DEBUG   ] Writing /pscratch/sd/t/toanngo/ONEFlux/data/US-ARc_sample_output/99_fluxnet2015/FLX_US-ARc_FLUXNET2015_ERAI_YY_1989-2014_beta-6.csv: line 0 [oneflux.pipeline.site_data_product]
2025-06-02 20:36:33.661 [INFO    ] Saving Tier 2 SUBSET CSV file: /pscratch/sd/t/toanngo/ONEFlux/data/US-ARc_sample_output/99_fluxnet2015/FLX_US-ARc_FLUXNET2015_SUBSET_YY_2005-2006_beta-6.csv [oneflux.pipeline.site_data_product]
2025-06-02 20:36:33.662 [DEBUG   ] Writing /pscratch/sd/t/toanngo/ONEFlux/data/US-ARc_sample_output/99_fluxnet2015/FLX_US-ARc_FLUXNET2015_SUBSET_YY_2005-2006_beta-6.csv: line 0 [oneflux.pipeline.site_data_product]
2025-06-02 20:36:33.663 [INFO    ] Tier 1 SUBSET CSV same as Tier 2 (all), reusing file: /pscratch/sd/t/toanngo/ONEFlux/data/US-ARc_sample_output/99_fluxnet2015/FLX_US-ARc_FLUXNET2015_SUBSET_YY_2005-2006_beta-6.csv [oneflux.pipeline.site_data_product]
2025-06-02 20:36:33.664 [DEBUG   ] US-ARc: wrote years metadata file: /pscratch/sd/t/toanngo/ONEFlux/data/US-ARc_sample_output/99_fluxnet2015/FLX_US-ARc_FLUXNET2015_YEARS_beta-6.csv [oneflux.pipeline.site_data_product]
2025-06-02 20:36:33.664 [INFO    ] Starting generation of AUX-INFO files for US-ARc [oneflux.pipeline.aux_info_files]
2025-06-02 20:36:33.664 [DEBUG   ] US-ARc: starting generation of AUXMETEO file [oneflux.pipeline.aux_info_files]
2025-06-02 20:36:33.665 [INFO    ] US-ARc: writing auxiliary METEO file: /pscratch/sd/t/toanngo/ONEFlux/data/US-ARc_sample_output/99_fluxnet2015/FLX_US-ARc_FLUXNET2015_AUXMETEO_2005-2006_beta-6.csv [oneflux.pipeline.aux_info_files]
2025-06-02 20:36:33.666 [DEBUG   ] US-ARc: finished generation of AUXMETEO file: /pscratch/sd/t/toanngo/ONEFlux/data/US-ARc_sample_output/99_fluxnet2015/FLX_US-ARc_FLUXNET2015_AUXMETEO_2005-2006_beta-6.csv [oneflux.pipeline.aux_info_files]
2025-06-02 20:36:33.666 [DEBUG   ] US-ARc: starting generation of AUXNEE file [oneflux.pipeline.aux_info_files]
2025-06-02 20:36:33.667 [WARNING ] US-ARc: looking for alternate USTAR CUT percentiles file, NOT found: /pscratch/sd/t/toanngo/ONEFlux/data/US-ARc_sample_output/08_nee_proc/US-ARc_2005_2006_USTAR_percentiles_c.csv [oneflux.pipeline.aux_info_files]
2025-06-02 20:36:33.667 [DEBUG   ] Pipeline aux_info_files directory is '/pscratch/sd/t/toanngo/ONEFlux/data/US-ARc_sample_output/08_nee_proc' [oneflux.pipeline.common]
2025-06-02 20:36:33.667 [WARNING ] Pipeline aux_info_files file with pattern 'US-ARc_????_????_USTAR_percentiles_c.csv' not found in '/pscratch/sd/t/toanngo/ONEFlux/data/US-ARc_sample_output/08_nee_proc' [oneflux.pipeline.common]
2025-06-02 20:36:33.667 [WARNING ] US-ARc: incorrect number of alternate NEE_PERC_USTAR_CUT files found (1-2 years record?): [] [oneflux.pipeline.aux_info_files]
2025-06-02 20:36:33.667 [DEBUG   ] US-ARc: processing file: /pscratch/sd/t/toanngo/ONEFlux/data/US-ARc_sample_output/08_nee_proc/US-ARc_2005_2006_USTAR_percentiles_c.csv [oneflux.pipeline.aux_info_files]
2025-06-02 20:36:33.667 [WARNING ] US-ARc: too few years, NEE CUT USTAR percentiles file not created: /pscratch/sd/t/toanngo/ONEFlux/data/US-ARc_sample_output/08_nee_proc/US-ARc_2005_2006_USTAR_percentiles_c.csv [oneflux.pipeline.aux_info_files]
2025-06-02 20:36:33.668 [DEBUG   ] US-ARc: processing file: /pscratch/sd/t/toanngo/ONEFlux/data/US-ARc_sample_output/08_nee_proc/US-ARc_USTAR_percentiles_y.csv [oneflux.pipeline.aux_info_files]
2025-06-02 20:36:33.672 [DEBUG   ] US-ARc: processing file: /pscratch/sd/t/toanngo/ONEFlux/data/US-ARc_sample_output/12_ure/US-ARc_NT_RECO_hh_info.txt [oneflux.pipeline.aux_info_files]
2025-06-02 20:36:33.673 [DEBUG   ] US-ARc: processing file: /pscratch/sd/t/toanngo/ONEFlux/data/US-ARc_sample_output/12_ure/US-ARc_NT_GPP_hh_info.txt [oneflux.pipeline.aux_info_files]
2025-06-02 20:36:33.674 [DEBUG   ] US-ARc: processing file: /pscratch/sd/t/toanngo/ONEFlux/data/US-ARc_sample_output/12_ure/US-ARc_DT_RECO_hh_info.txt [oneflux.pipeline.aux_info_files]
2025-06-02 20:36:33.675 [DEBUG   ] US-ARc: processing file: /pscratch/sd/t/toanngo/ONEFlux/data/US-ARc_sample_output/12_ure/US-ARc_DT_GPP_hh_info.txt [oneflux.pipeline.aux_info_files]
2025-06-02 20:36:33.677 [DEBUG   ] US-ARc: processing file: /pscratch/sd/t/toanngo/ONEFlux/data/US-ARc_sample_output/12_ure/US-ARc_NT_RECO_dd_info.txt [oneflux.pipeline.aux_info_files]
2025-06-02 20:36:33.678 [DEBUG   ] US-ARc: processing file: /pscratch/sd/t/toanngo/ONEFlux/data/US-ARc_sample_output/12_ure/US-ARc_NT_GPP_dd_info.txt [oneflux.pipeline.aux_info_files]
2025-06-02 20:36:33.679 [DEBUG   ] US-ARc: processing file: /pscratch/sd/t/toanngo/ONEFlux/data/US-ARc_sample_output/12_ure/US-ARc_DT_RECO_dd_info.txt [oneflux.pipeline.aux_info_files]
2025-06-02 20:36:33.680 [DEBUG   ] US-ARc: processing file: /pscratch/sd/t/toanngo/ONEFlux/data/US-ARc_sample_output/12_ure/US-ARc_DT_GPP_dd_info.txt [oneflux.pipeline.aux_info_files]
2025-06-02 20:36:33.682 [DEBUG   ] US-ARc: processing file: /pscratch/sd/t/toanngo/ONEFlux/data/US-ARc_sample_output/12_ure/US-ARc_NT_RECO_ww_info.txt [oneflux.pipeline.aux_info_files]
2025-06-02 20:36:33.683 [DEBUG   ] US-ARc: processing file: /pscratch/sd/t/toanngo/ONEFlux/data/US-ARc_sample_output/12_ure/US-ARc_NT_GPP_ww_info.txt [oneflux.pipeline.aux_info_files]
2025-06-02 20:36:33.683 [DEBUG   ] US-ARc: processing file: /pscratch/sd/t/toanngo/ONEFlux/data/US-ARc_sample_output/12_ure/US-ARc_DT_RECO_ww_info.txt [oneflux.pipeline.aux_info_files]
2025-06-02 20:36:33.684 [DEBUG   ] US-ARc: processing file: /pscratch/sd/t/toanngo/ONEFlux/data/US-ARc_sample_output/12_ure/US-ARc_DT_GPP_ww_info.txt [oneflux.pipeline.aux_info_files]
2025-06-02 20:36:33.686 [DEBUG   ] US-ARc: processing file: /pscratch/sd/t/toanngo/ONEFlux/data/US-ARc_sample_output/12_ure/US-ARc_NT_RECO_mm_info.txt [oneflux.pipeline.aux_info_files]
2025-06-02 20:36:33.687 [DEBUG   ] US-ARc: processing file: /pscratch/sd/t/toanngo/ONEFlux/data/US-ARc_sample_output/12_ure/US-ARc_NT_GPP_mm_info.txt [oneflux.pipeline.aux_info_files]
2025-06-02 20:36:33.688 [DEBUG   ] US-ARc: processing file: /pscratch/sd/t/toanngo/ONEFlux/data/US-ARc_sample_output/12_ure/US-ARc_DT_RECO_mm_info.txt [oneflux.pipeline.aux_info_files]
2025-06-02 20:36:33.689 [DEBUG   ] US-ARc: processing file: /pscratch/sd/t/toanngo/ONEFlux/data/US-ARc_sample_output/12_ure/US-ARc_DT_GPP_mm_info.txt [oneflux.pipeline.aux_info_files]
2025-06-02 20:36:33.691 [DEBUG   ] US-ARc: processing file: /pscratch/sd/t/toanngo/ONEFlux/data/US-ARc_sample_output/12_ure/US-ARc_NT_RECO_yy_info.txt [oneflux.pipeline.aux_info_files]
2025-06-02 20:36:33.691 [DEBUG   ] US-ARc: processing file: /pscratch/sd/t/toanngo/ONEFlux/data/US-ARc_sample_output/12_ure/US-ARc_NT_GPP_yy_info.txt [oneflux.pipeline.aux_info_files]
2025-06-02 20:36:33.692 [DEBUG   ] US-ARc: processing file: /pscratch/sd/t/toanngo/ONEFlux/data/US-ARc_sample_output/12_ure/US-ARc_DT_RECO_yy_info.txt [oneflux.pipeline.aux_info_files]
2025-06-02 20:36:33.693 [DEBUG   ] US-ARc: processing file: /pscratch/sd/t/toanngo/ONEFlux/data/US-ARc_sample_output/12_ure/US-ARc_DT_GPP_yy_info.txt [oneflux.pipeline.aux_info_files]
2025-06-02 20:36:33.694 [INFO    ] US-ARc: writing auxiliary NEE file: /pscratch/sd/t/toanngo/ONEFlux/data/US-ARc_sample_output/99_fluxnet2015/FLX_US-ARc_FLUXNET2015_AUXNEE_2005-2006_beta-6.csv [oneflux.pipeline.aux_info_files]
2025-06-02 20:36:33.695 [DEBUG   ] US-ARc: finished generation of AUXNEE file: /pscratch/sd/t/toanngo/ONEFlux/data/US-ARc_sample_output/99_fluxnet2015/FLX_US-ARc_FLUXNET2015_AUXNEE_2005-2006_beta-6.csv [oneflux.pipeline.aux_info_files]
2025-06-02 20:36:33.695 [INFO    ] Finished generation of AUX-INFO files for US-ARc [oneflux.pipeline.aux_info_files]
2025-06-02 20:36:33.695 [INFO    ] Generating ZIP and stats for: /pscratch/sd/t/toanngo/ONEFlux/data/US-ARc_sample_output/99_fluxnet2015/FLX_US-ARc_FLUXNET2015_FULLSET_2005-2006_beta-6.zip [oneflux.pipeline.site_data_product]
2025-06-02 20:36:33.696 [DEBUG   ] Compressing files into '/pscratch/sd/t/toanngo/ONEFlux/data/US-ARc_sample_output/99_fluxnet2015/FLX_US-ARc_FLUXNET2015_FULLSET_2005-2006_beta-6.zip' using zip option w [oneflux.utils.files]
2025-06-02 20:36:33.696 [DEBUG   ] Adding '/pscratch/sd/t/toanngo/ONEFlux/data/US-ARc_sample_output/99_fluxnet2015/FLX_US-ARc_FLUXNET2015_FULLSET_HH_2005-2006_beta-6.csv' [oneflux.utils.files]
2025-06-02 20:36:35.543 [DEBUG   ] Adding '/pscratch/sd/t/toanngo/ONEFlux/data/US-ARc_sample_output/99_fluxnet2015/FLX_US-ARc_FLUXNET2015_FULLSET_DD_2005-2006_beta-6.csv' [oneflux.utils.files]
2025-06-02 20:36:35.604 [DEBUG   ] Adding '/pscratch/sd/t/toanngo/ONEFlux/data/US-ARc_sample_output/99_fluxnet2015/FLX_US-ARc_FLUXNET2015_FULLSET_WW_2005-2006_beta-6.csv' [oneflux.utils.files]
2025-06-02 20:36:35.615 [DEBUG   ] Adding '/pscratch/sd/t/toanngo/ONEFlux/data/US-ARc_sample_output/99_fluxnet2015/FLX_US-ARc_FLUXNET2015_FULLSET_MM_2005-2006_beta-6.csv' [oneflux.utils.files]
2025-06-02 20:36:35.618 [DEBUG   ] Adding '/pscratch/sd/t/toanngo/ONEFlux/data/US-ARc_sample_output/99_fluxnet2015/FLX_US-ARc_FLUXNET2015_FULLSET_YY_2005-2006_beta-6.csv' [oneflux.utils.files]
2025-06-02 20:36:35.619 [DEBUG   ] Adding '/pscratch/sd/t/toanngo/ONEFlux/data/US-ARc_sample_output/99_fluxnet2015/FLX_US-ARc_FLUXNET2015_AUXMETEO_2005-2006_beta-6.csv' [oneflux.utils.files]
2025-06-02 20:36:35.619 [DEBUG   ] Adding '/pscratch/sd/t/toanngo/ONEFlux/data/US-ARc_sample_output/99_fluxnet2015/FLX_US-ARc_FLUXNET2015_AUXNEE_2005-2006_beta-6.csv' [oneflux.utils.files]
2025-06-02 20:36:35.620 [DEBUG   ] Adding '/pscratch/sd/t/toanngo/ONEFlux/data/US-ARc_sample_output/99_fluxnet2015/FLX_US-ARc_FLUXNET2015_ERAI_HH_1989-2014_beta-6.csv' [oneflux.utils.files]
2025-06-02 20:36:37.306 [DEBUG   ] Adding '/pscratch/sd/t/toanngo/ONEFlux/data/US-ARc_sample_output/99_fluxnet2015/FLX_US-ARc_FLUXNET2015_ERAI_DD_1989-2014_beta-6.csv' [oneflux.utils.files]
2025-06-02 20:36:37.380 [DEBUG   ] Adding '/pscratch/sd/t/toanngo/ONEFlux/data/US-ARc_sample_output/99_fluxnet2015/FLX_US-ARc_FLUXNET2015_ERAI_WW_1989-2014_beta-6.csv' [oneflux.utils.files]
2025-06-02 20:36:37.392 [DEBUG   ] Adding '/pscratch/sd/t/toanngo/ONEFlux/data/US-ARc_sample_output/99_fluxnet2015/FLX_US-ARc_FLUXNET2015_ERAI_MM_1989-2014_beta-6.csv' [oneflux.utils.files]
2025-06-02 20:36:37.394 [DEBUG   ] Adding '/pscratch/sd/t/toanngo/ONEFlux/data/US-ARc_sample_output/99_fluxnet2015/FLX_US-ARc_FLUXNET2015_ERAI_YY_1989-2014_beta-6.csv' [oneflux.utils.files]
2025-06-02 20:36:37.534 [INFO    ] Generating ZIP and stats for: /pscratch/sd/t/toanngo/ONEFlux/data/US-ARc_sample_output/99_fluxnet2015/FLX_US-ARc_FLUXNET2015_SUBSET_2005-2006_beta-6.zip [oneflux.pipeline.site_data_product]
2025-06-02 20:36:37.535 [DEBUG   ] Compressing files into '/pscratch/sd/t/toanngo/ONEFlux/data/US-ARc_sample_output/99_fluxnet2015/FLX_US-ARc_FLUXNET2015_SUBSET_2005-2006_beta-6.zip' using zip option w [oneflux.utils.files]
2025-06-02 20:36:37.536 [DEBUG   ] Adding '/pscratch/sd/t/toanngo/ONEFlux/data/US-ARc_sample_output/99_fluxnet2015/FLX_US-ARc_FLUXNET2015_SUBSET_HH_2005-2006_beta-6.csv' [oneflux.utils.files]
2025-06-02 20:36:38.473 [DEBUG   ] Adding '/pscratch/sd/t/toanngo/ONEFlux/data/US-ARc_sample_output/99_fluxnet2015/FLX_US-ARc_FLUXNET2015_SUBSET_DD_2005-2006_beta-6.csv' [oneflux.utils.files]
2025-06-02 20:36:38.495 [DEBUG   ] Adding '/pscratch/sd/t/toanngo/ONEFlux/data/US-ARc_sample_output/99_fluxnet2015/FLX_US-ARc_FLUXNET2015_SUBSET_WW_2005-2006_beta-6.csv' [oneflux.utils.files]
2025-06-02 20:36:38.499 [DEBUG   ] Adding '/pscratch/sd/t/toanngo/ONEFlux/data/US-ARc_sample_output/99_fluxnet2015/FLX_US-ARc_FLUXNET2015_SUBSET_MM_2005-2006_beta-6.csv' [oneflux.utils.files]
2025-06-02 20:36:38.500 [DEBUG   ] Adding '/pscratch/sd/t/toanngo/ONEFlux/data/US-ARc_sample_output/99_fluxnet2015/FLX_US-ARc_FLUXNET2015_SUBSET_YY_2005-2006_beta-6.csv' [oneflux.utils.files]
2025-06-02 20:36:38.500 [DEBUG   ] Adding '/pscratch/sd/t/toanngo/ONEFlux/data/US-ARc_sample_output/99_fluxnet2015/FLX_US-ARc_FLUXNET2015_AUXMETEO_2005-2006_beta-6.csv' [oneflux.utils.files]
2025-06-02 20:36:38.501 [DEBUG   ] Adding '/pscratch/sd/t/toanngo/ONEFlux/data/US-ARc_sample_output/99_fluxnet2015/FLX_US-ARc_FLUXNET2015_AUXNEE_2005-2006_beta-6.csv' [oneflux.utils.files]
2025-06-02 20:36:38.537 [INFO    ] Generation of plots for site US-ARc started [oneflux.pipeline.site_plots]
2025-06-02 20:36:38.538 [DEBUG   ] Loading: /pscratch/sd/t/toanngo/ONEFlux/data/US-ARc_sample_output/99_fluxnet2015/FLX_US-ARc_FLUXNET2015_FULLSET_HH_2005-2006_beta-6.csv [oneflux.pipeline.site_plots]
2025-06-02 20:36:43.679 [DEBUG   ] Loading: /pscratch/sd/t/toanngo/ONEFlux/data/US-ARc_sample_output/99_fluxnet2015/FLX_US-ARc_FLUXNET2015_FULLSET_DD_2005-2006_beta-6.csv [oneflux.pipeline.site_plots]
2025-06-02 20:36:43.817 [DEBUG   ] Loading: /pscratch/sd/t/toanngo/ONEFlux/data/US-ARc_sample_output/99_fluxnet2015/FLX_US-ARc_FLUXNET2015_FULLSET_WW_2005-2006_beta-6.csv [oneflux.pipeline.site_plots]
2025-06-02 20:36:43.843 [DEBUG   ] Loading: /pscratch/sd/t/toanngo/ONEFlux/data/US-ARc_sample_output/99_fluxnet2015/FLX_US-ARc_FLUXNET2015_FULLSET_MM_2005-2006_beta-6.csv [oneflux.pipeline.site_plots]
2025-06-02 20:36:43.856 [DEBUG   ] Loading: /pscratch/sd/t/toanngo/ONEFlux/data/US-ARc_sample_output/99_fluxnet2015/FLX_US-ARc_FLUXNET2015_FULLSET_YY_2005-2006_beta-6.csv [oneflux.pipeline.site_plots]
2025-06-02 20:36:43.870 [DEBUG   ] Plotting HH for '/pscratch/sd/t/toanngo/ONEFlux/data/US-ARc_sample_output/99_fluxnet2015/FLX_US-ARc_FLUXNET2015_FIG-NEE_2005-2006_beta-6.png' [oneflux.pipeline.site_plots]
2025-06-02 20:36:43.888 [WARNING ] /global/homes/t/toanngo/.conda/envs/oneflux/lib/python2.7/site-packages/pandas/plotting/_converter.py:129: FutureWarning: Using an implicitly registered datetime converter for a matplotlib plotting method. The converter was registered by pandas on import. Future versions of pandas will require you to explicitly register matplotlib converters.  To register the converters: 	>>> from pandas.plotting import register_matplotlib_converters 	>>> register_matplotlib_converters()   warnings.warn(msg, FutureWarning)  [py.warnings]
2025-06-02 20:36:44.030 [DEBUG   ] Plotting DD for '/pscratch/sd/t/toanngo/ONEFlux/data/US-ARc_sample_output/99_fluxnet2015/FLX_US-ARc_FLUXNET2015_FIG-NEE_2005-2006_beta-6.png' [oneflux.pipeline.site_plots]
2025-06-02 20:36:44.058 [DEBUG   ] Plotting WW for '/pscratch/sd/t/toanngo/ONEFlux/data/US-ARc_sample_output/99_fluxnet2015/FLX_US-ARc_FLUXNET2015_FIG-NEE_2005-2006_beta-6.png' [oneflux.pipeline.site_plots]
2025-06-02 20:36:44.084 [DEBUG   ] Plotting MM for '/pscratch/sd/t/toanngo/ONEFlux/data/US-ARc_sample_output/99_fluxnet2015/FLX_US-ARc_FLUXNET2015_FIG-NEE_2005-2006_beta-6.png' [oneflux.pipeline.site_plots]
2025-06-02 20:36:44.112 [DEBUG   ] Plotting YY for '/pscratch/sd/t/toanngo/ONEFlux/data/US-ARc_sample_output/99_fluxnet2015/FLX_US-ARc_FLUXNET2015_FIG-NEE_2005-2006_beta-6.png' [oneflux.pipeline.site_plots]
2025-06-02 20:36:44.546 [DEBUG   ] findfont: Matching :family=sans-serif:style=normal:variant=normal:weight=normal:stretch=normal:size=10.0 to DejaVu Sans (u'/global/homes/t/toanngo/.conda/envs/oneflux/lib/python2.7/site-packages/matplotlib/mpl-data/fonts/ttf/DejaVuSans.ttf') with score of 0.050000 [matplotlib.font_manager]
2025-06-02 20:36:44.739 [DEBUG   ] findfont: Matching :family=sans-serif:style=normal:variant=normal:weight=normal:stretch=normal:size=8.0 to DejaVu Sans (u'/global/homes/t/toanngo/.conda/envs/oneflux/lib/python2.7/site-packages/matplotlib/mpl-data/fonts/ttf/DejaVuSans.ttf') with score of 0.050000 [matplotlib.font_manager]
2025-06-02 20:36:45.659 [DEBUG   ] findfont: Matching :family=sans-serif:style=normal:variant=normal:weight=normal:stretch=normal:size=14.4 to DejaVu Sans (u'/global/homes/t/toanngo/.conda/envs/oneflux/lib/python2.7/site-packages/matplotlib/mpl-data/fonts/ttf/DejaVuSans.ttf') with score of 0.050000 [matplotlib.font_manager]
2025-06-02 20:36:45.950 [DEBUG   ] Saved '/pscratch/sd/t/toanngo/ONEFlux/data/US-ARc_sample_output/99_fluxnet2015/FLX_US-ARc_FLUXNET2015_FIG-NEE_2005-2006_beta-6.png' [oneflux.pipeline.site_plots]
2025-06-02 20:36:45.951 [DEBUG   ] Plotting HH for '/pscratch/sd/t/toanngo/ONEFlux/data/US-ARc_sample_output/99_fluxnet2015/FLX_US-ARc_FLUXNET2015_FIG-RECO_2005-2006_beta-6.png' [oneflux.pipeline.site_plots]
2025-06-02 20:36:46.192 [DEBUG   ] Plotting DD for '/pscratch/sd/t/toanngo/ONEFlux/data/US-ARc_sample_output/99_fluxnet2015/FLX_US-ARc_FLUXNET2015_FIG-RECO_2005-2006_beta-6.png' [oneflux.pipeline.site_plots]
2025-06-02 20:36:46.229 [DEBUG   ] Plotting WW for '/pscratch/sd/t/toanngo/ONEFlux/data/US-ARc_sample_output/99_fluxnet2015/FLX_US-ARc_FLUXNET2015_FIG-RECO_2005-2006_beta-6.png' [oneflux.pipeline.site_plots]
2025-06-02 20:36:46.260 [DEBUG   ] Plotting MM for '/pscratch/sd/t/toanngo/ONEFlux/data/US-ARc_sample_output/99_fluxnet2015/FLX_US-ARc_FLUXNET2015_FIG-RECO_2005-2006_beta-6.png' [oneflux.pipeline.site_plots]
2025-06-02 20:36:46.292 [DEBUG   ] Plotting YY for '/pscratch/sd/t/toanngo/ONEFlux/data/US-ARc_sample_output/99_fluxnet2015/FLX_US-ARc_FLUXNET2015_FIG-RECO_2005-2006_beta-6.png' [oneflux.pipeline.site_plots]
2025-06-02 20:36:48.486 [DEBUG   ] Saved '/pscratch/sd/t/toanngo/ONEFlux/data/US-ARc_sample_output/99_fluxnet2015/FLX_US-ARc_FLUXNET2015_FIG-RECO_2005-2006_beta-6.png' [oneflux.pipeline.site_plots]
2025-06-02 20:36:48.488 [DEBUG   ] Plotting HH for '/pscratch/sd/t/toanngo/ONEFlux/data/US-ARc_sample_output/99_fluxnet2015/FLX_US-ARc_FLUXNET2015_FIG-GPP_2005-2006_beta-6.png' [oneflux.pipeline.site_plots]
2025-06-02 20:36:48.731 [DEBUG   ] Plotting DD for '/pscratch/sd/t/toanngo/ONEFlux/data/US-ARc_sample_output/99_fluxnet2015/FLX_US-ARc_FLUXNET2015_FIG-GPP_2005-2006_beta-6.png' [oneflux.pipeline.site_plots]
2025-06-02 20:36:48.768 [DEBUG   ] Plotting WW for '/pscratch/sd/t/toanngo/ONEFlux/data/US-ARc_sample_output/99_fluxnet2015/FLX_US-ARc_FLUXNET2015_FIG-GPP_2005-2006_beta-6.png' [oneflux.pipeline.site_plots]
2025-06-02 20:36:48.799 [DEBUG   ] Plotting MM for '/pscratch/sd/t/toanngo/ONEFlux/data/US-ARc_sample_output/99_fluxnet2015/FLX_US-ARc_FLUXNET2015_FIG-GPP_2005-2006_beta-6.png' [oneflux.pipeline.site_plots]
2025-06-02 20:36:48.830 [DEBUG   ] Plotting YY for '/pscratch/sd/t/toanngo/ONEFlux/data/US-ARc_sample_output/99_fluxnet2015/FLX_US-ARc_FLUXNET2015_FIG-GPP_2005-2006_beta-6.png' [oneflux.pipeline.site_plots]
2025-06-02 20:36:51.093 [DEBUG   ] Saved '/pscratch/sd/t/toanngo/ONEFlux/data/US-ARc_sample_output/99_fluxnet2015/FLX_US-ARc_FLUXNET2015_FIG-GPP_2005-2006_beta-6.png' [oneflux.pipeline.site_plots]
2025-06-02 20:36:51.095 [DEBUG   ] Plotting HH for '/pscratch/sd/t/toanngo/ONEFlux/data/US-ARc_sample_output/99_fluxnet2015/FLX_US-ARc_FLUXNET2015_FIG-LE_2005-2006_beta-6.png' [oneflux.pipeline.site_plots]
2025-06-02 20:36:51.188 [DEBUG   ] Plotting DD for '/pscratch/sd/t/toanngo/ONEFlux/data/US-ARc_sample_output/99_fluxnet2015/FLX_US-ARc_FLUXNET2015_FIG-LE_2005-2006_beta-6.png' [oneflux.pipeline.site_plots]
2025-06-02 20:36:51.214 [DEBUG   ] Plotting WW for '/pscratch/sd/t/toanngo/ONEFlux/data/US-ARc_sample_output/99_fluxnet2015/FLX_US-ARc_FLUXNET2015_FIG-LE_2005-2006_beta-6.png' [oneflux.pipeline.site_plots]
2025-06-02 20:36:51.298 [DEBUG   ] Plotting MM for '/pscratch/sd/t/toanngo/ONEFlux/data/US-ARc_sample_output/99_fluxnet2015/FLX_US-ARc_FLUXNET2015_FIG-LE_2005-2006_beta-6.png' [oneflux.pipeline.site_plots]
2025-06-02 20:36:51.319 [DEBUG   ] Plotting YY for '/pscratch/sd/t/toanngo/ONEFlux/data/US-ARc_sample_output/99_fluxnet2015/FLX_US-ARc_FLUXNET2015_FIG-LE_2005-2006_beta-6.png' [oneflux.pipeline.site_plots]
2025-06-02 20:36:52.550 [DEBUG   ] Saved '/pscratch/sd/t/toanngo/ONEFlux/data/US-ARc_sample_output/99_fluxnet2015/FLX_US-ARc_FLUXNET2015_FIG-LE_2005-2006_beta-6.png' [oneflux.pipeline.site_plots]
2025-06-02 20:36:52.551 [DEBUG   ] Plotting HH for '/pscratch/sd/t/toanngo/ONEFlux/data/US-ARc_sample_output/99_fluxnet2015/FLX_US-ARc_FLUXNET2015_FIG-H_2005-2006_beta-6.png' [oneflux.pipeline.site_plots]
2025-06-02 20:36:52.643 [DEBUG   ] Plotting DD for '/pscratch/sd/t/toanngo/ONEFlux/data/US-ARc_sample_output/99_fluxnet2015/FLX_US-ARc_FLUXNET2015_FIG-H_2005-2006_beta-6.png' [oneflux.pipeline.site_plots]
2025-06-02 20:36:52.668 [DEBUG   ] Plotting WW for '/pscratch/sd/t/toanngo/ONEFlux/data/US-ARc_sample_output/99_fluxnet2015/FLX_US-ARc_FLUXNET2015_FIG-H_2005-2006_beta-6.png' [oneflux.pipeline.site_plots]
2025-06-02 20:36:52.690 [DEBUG   ] Plotting MM for '/pscratch/sd/t/toanngo/ONEFlux/data/US-ARc_sample_output/99_fluxnet2015/FLX_US-ARc_FLUXNET2015_FIG-H_2005-2006_beta-6.png' [oneflux.pipeline.site_plots]
2025-06-02 20:36:52.712 [DEBUG   ] Plotting YY for '/pscratch/sd/t/toanngo/ONEFlux/data/US-ARc_sample_output/99_fluxnet2015/FLX_US-ARc_FLUXNET2015_FIG-H_2005-2006_beta-6.png' [oneflux.pipeline.site_plots]
2025-06-02 20:36:53.961 [DEBUG   ] Saved '/pscratch/sd/t/toanngo/ONEFlux/data/US-ARc_sample_output/99_fluxnet2015/FLX_US-ARc_FLUXNET2015_FIG-H_2005-2006_beta-6.png' [oneflux.pipeline.site_plots]
2025-06-02 20:36:53.962 [INFO    ] Generation of plots for site US-ARc finished [oneflux.pipeline.site_plots]
2025-06-02 20:36:53.962 [DEBUG   ] Pipeline fluxnet2015 writing site CSV manifest file: /pscratch/sd/t/toanngo/ONEFlux/data/US-ARc_sample_output/99_fluxnet2015/report_CSV_nid007026-hsn0_run20250602T203550.csv [oneflux.pipeline.wrappers]
2025-06-02 20:36:53.964 [DEBUG   ] Pipeline fluxnet2015 writing site ZIP manifest file: /pscratch/sd/t/toanngo/ONEFlux/data/US-ARc_sample_output/99_fluxnet2015/report_ZIP_nid007026-hsn0_run20250602T203550.csv [oneflux.pipeline.wrappers]
2025-06-02 20:36:53.966 [DEBUG   ] Pipeline fluxnet2015.post_validate directory is '/pscratch/sd/t/toanngo/ONEFlux/data/US-ARc_sample_output/99_fluxnet2015' [oneflux.pipeline.common]
2025-06-02 20:36:53.966 [DEBUG   ] Pipeline fluxnet2015.post_validate directory is '/pscratch/sd/t/toanngo/ONEFlux/data/US-ARc_sample_output/99_fluxnet2015' [oneflux.pipeline.common]
2025-06-02 20:36:53.967 [DEBUG   ] Pipeline fluxnet2015.post_validate in '/pscratch/sd/t/toanngo/ONEFlux/data/US-ARc_sample_output/99_fluxnet2015' found file pattern 'FLX_US-ARc_FLUXNET2015_AUXMETEO_????-????_*-*.csv' (1 occurrences): ['FLX_US-ARc_FLUXNET2015_AUXMETEO_2005-2006_beta-6.csv'] [oneflux.pipeline.common]
2025-06-02 20:36:53.967 [DEBUG   ] Pipeline fluxnet2015.post_validate directory is '/pscratch/sd/t/toanngo/ONEFlux/data/US-ARc_sample_output/99_fluxnet2015' [oneflux.pipeline.common]
2025-06-02 20:36:53.968 [DEBUG   ] Pipeline fluxnet2015.post_validate in '/pscratch/sd/t/toanngo/ONEFlux/data/US-ARc_sample_output/99_fluxnet2015' found file pattern 'FLX_US-ARc_FLUXNET2015_AUXNEE_????-????_*-*.csv' (1 occurrences): ['FLX_US-ARc_FLUXNET2015_AUXNEE_2005-2006_beta-6.csv'] [oneflux.pipeline.common]
2025-06-02 20:36:53.968 [DEBUG   ] Pipeline fluxnet2015.post_validate directory is '/pscratch/sd/t/toanngo/ONEFlux/data/US-ARc_sample_output/99_fluxnet2015' [oneflux.pipeline.common]
2025-06-02 20:36:53.968 [DEBUG   ] Pipeline fluxnet2015.post_validate in '/pscratch/sd/t/toanngo/ONEFlux/data/US-ARc_sample_output/99_fluxnet2015' found file pattern 'FLX_US-ARc_FLUXNET2015_FULLSET_DD_????-????_*-*.csv' (1 occurrences): ['FLX_US-ARc_FLUXNET2015_FULLSET_DD_2005-2006_beta-6.csv'] [oneflux.pipeline.common]
2025-06-02 20:36:53.968 [DEBUG   ] Pipeline fluxnet2015.post_validate directory is '/pscratch/sd/t/toanngo/ONEFlux/data/US-ARc_sample_output/99_fluxnet2015' [oneflux.pipeline.common]
2025-06-02 20:36:53.969 [DEBUG   ] Pipeline fluxnet2015.post_validate in '/pscratch/sd/t/toanngo/ONEFlux/data/US-ARc_sample_output/99_fluxnet2015' found file pattern 'FLX_US-ARc_FLUXNET2015_FULLSET_HH_????-????_*-*.csv' (1 occurrences): ['FLX_US-ARc_FLUXNET2015_FULLSET_HH_2005-2006_beta-6.csv'] [oneflux.pipeline.common]
2025-06-02 20:36:53.969 [DEBUG   ] Pipeline fluxnet2015.post_validate directory is '/pscratch/sd/t/toanngo/ONEFlux/data/US-ARc_sample_output/99_fluxnet2015' [oneflux.pipeline.common]
2025-06-02 20:36:53.970 [DEBUG   ] Pipeline fluxnet2015.post_validate in '/pscratch/sd/t/toanngo/ONEFlux/data/US-ARc_sample_output/99_fluxnet2015' found file pattern 'FLX_US-ARc_FLUXNET2015_FULLSET_MM_????-????_*-*.csv' (1 occurrences): ['FLX_US-ARc_FLUXNET2015_FULLSET_MM_2005-2006_beta-6.csv'] [oneflux.pipeline.common]
2025-06-02 20:36:53.970 [DEBUG   ] Pipeline fluxnet2015.post_validate directory is '/pscratch/sd/t/toanngo/ONEFlux/data/US-ARc_sample_output/99_fluxnet2015' [oneflux.pipeline.common]
2025-06-02 20:36:53.970 [DEBUG   ] Pipeline fluxnet2015.post_validate in '/pscratch/sd/t/toanngo/ONEFlux/data/US-ARc_sample_output/99_fluxnet2015' found file pattern 'FLX_US-ARc_FLUXNET2015_FULLSET_WW_????-????_*-*.csv' (1 occurrences): ['FLX_US-ARc_FLUXNET2015_FULLSET_WW_2005-2006_beta-6.csv'] [oneflux.pipeline.common]
2025-06-02 20:36:53.970 [DEBUG   ] Pipeline fluxnet2015.post_validate directory is '/pscratch/sd/t/toanngo/ONEFlux/data/US-ARc_sample_output/99_fluxnet2015' [oneflux.pipeline.common]
2025-06-02 20:36:53.971 [DEBUG   ] Pipeline fluxnet2015.post_validate in '/pscratch/sd/t/toanngo/ONEFlux/data/US-ARc_sample_output/99_fluxnet2015' found file pattern 'FLX_US-ARc_FLUXNET2015_FULLSET_YY_????-????_*-*.csv' (1 occurrences): ['FLX_US-ARc_FLUXNET2015_FULLSET_YY_2005-2006_beta-6.csv'] [oneflux.pipeline.common]
2025-06-02 20:36:53.971 [DEBUG   ] Pipeline fluxnet2015.post_validate directory is '/pscratch/sd/t/toanngo/ONEFlux/data/US-ARc_sample_output/99_fluxnet2015' [oneflux.pipeline.common]
2025-06-02 20:36:53.971 [DEBUG   ] Pipeline fluxnet2015.post_validate in '/pscratch/sd/t/toanngo/ONEFlux/data/US-ARc_sample_output/99_fluxnet2015' found file pattern 'FLX_US-ARc_FLUXNET2015_SUBSET_DD_????-????_*-*.csv' (1 occurrences): ['FLX_US-ARc_FLUXNET2015_SUBSET_DD_2005-2006_beta-6.csv'] [oneflux.pipeline.common]
2025-06-02 20:36:53.971 [DEBUG   ] Pipeline fluxnet2015.post_validate directory is '/pscratch/sd/t/toanngo/ONEFlux/data/US-ARc_sample_output/99_fluxnet2015' [oneflux.pipeline.common]
2025-06-02 20:36:53.972 [DEBUG   ] Pipeline fluxnet2015.post_validate in '/pscratch/sd/t/toanngo/ONEFlux/data/US-ARc_sample_output/99_fluxnet2015' found file pattern 'FLX_US-ARc_FLUXNET2015_SUBSET_HH_????-????_*-*.csv' (1 occurrences): ['FLX_US-ARc_FLUXNET2015_SUBSET_HH_2005-2006_beta-6.csv'] [oneflux.pipeline.common]
2025-06-02 20:36:53.972 [DEBUG   ] Pipeline fluxnet2015.post_validate directory is '/pscratch/sd/t/toanngo/ONEFlux/data/US-ARc_sample_output/99_fluxnet2015' [oneflux.pipeline.common]
2025-06-02 20:36:53.972 [DEBUG   ] Pipeline fluxnet2015.post_validate in '/pscratch/sd/t/toanngo/ONEFlux/data/US-ARc_sample_output/99_fluxnet2015' found file pattern 'FLX_US-ARc_FLUXNET2015_SUBSET_MM_????-????_*-*.csv' (1 occurrences): ['FLX_US-ARc_FLUXNET2015_SUBSET_MM_2005-2006_beta-6.csv'] [oneflux.pipeline.common]
2025-06-02 20:36:53.972 [DEBUG   ] Pipeline fluxnet2015.post_validate directory is '/pscratch/sd/t/toanngo/ONEFlux/data/US-ARc_sample_output/99_fluxnet2015' [oneflux.pipeline.common]
2025-06-02 20:36:53.973 [DEBUG   ] Pipeline fluxnet2015.post_validate in '/pscratch/sd/t/toanngo/ONEFlux/data/US-ARc_sample_output/99_fluxnet2015' found file pattern 'FLX_US-ARc_FLUXNET2015_SUBSET_WW_????-????_*-*.csv' (1 occurrences): ['FLX_US-ARc_FLUXNET2015_SUBSET_WW_2005-2006_beta-6.csv'] [oneflux.pipeline.common]
2025-06-02 20:36:53.973 [DEBUG   ] Pipeline fluxnet2015.post_validate directory is '/pscratch/sd/t/toanngo/ONEFlux/data/US-ARc_sample_output/99_fluxnet2015' [oneflux.pipeline.common]
2025-06-02 20:36:53.973 [DEBUG   ] Pipeline fluxnet2015.post_validate in '/pscratch/sd/t/toanngo/ONEFlux/data/US-ARc_sample_output/99_fluxnet2015' found file pattern 'FLX_US-ARc_FLUXNET2015_SUBSET_YY_????-????_*-*.csv' (1 occurrences): ['FLX_US-ARc_FLUXNET2015_SUBSET_YY_2005-2006_beta-6.csv'] [oneflux.pipeline.common]
2025-06-02 20:36:53.973 [DEBUG   ] Pipeline fluxnet2015.post_validate directory is '/pscratch/sd/t/toanngo/ONEFlux/data/US-ARc_sample_output/99_fluxnet2015' [oneflux.pipeline.common]
2025-06-02 20:36:53.974 [DEBUG   ] Pipeline fluxnet2015.post_validate in '/pscratch/sd/t/toanngo/ONEFlux/data/US-ARc_sample_output/99_fluxnet2015' found file pattern 'FLX_US-ARc_FLUXNET2015_FULLSET_????-????_*-*.zip' (1 occurrences): ['FLX_US-ARc_FLUXNET2015_FULLSET_2005-2006_beta-6.zip'] [oneflux.pipeline.common]
2025-06-02 20:36:53.974 [DEBUG   ] Pipeline fluxnet2015.post_validate directory is '/pscratch/sd/t/toanngo/ONEFlux/data/US-ARc_sample_output/99_fluxnet2015' [oneflux.pipeline.common]
2025-06-02 20:36:53.974 [DEBUG   ] Pipeline fluxnet2015.post_validate in '/pscratch/sd/t/toanngo/ONEFlux/data/US-ARc_sample_output/99_fluxnet2015' found file pattern 'FLX_US-ARc_FLUXNET2015_SUBSET_????-????_*-*.zip' (1 occurrences): ['FLX_US-ARc_FLUXNET2015_SUBSET_2005-2006_beta-6.zip'] [oneflux.pipeline.common]
2025-06-02 20:36:53.975 [INFO    ] Checking FLUXNET2015 FULLSET data product files for variables (US-ARc) [oneflux.pipeline.wrappers]
2025-06-02 20:36:53.975 [INFO    ] Variable 'PPFD_DIF' might be missing from headers of file: /pscratch/sd/t/toanngo/ONEFlux/data/US-ARc_sample_output/99_fluxnet2015/FLX_US-ARc_FLUXNET2015_FULLSET_DD_2005-2006_beta-6.csv [oneflux.pipeline.common]
2025-06-02 20:36:53.975 [INFO    ] Variable 'PPFD_DIF_QC' might be missing from headers of file: /pscratch/sd/t/toanngo/ONEFlux/data/US-ARc_sample_output/99_fluxnet2015/FLX_US-ARc_FLUXNET2015_FULLSET_DD_2005-2006_beta-6.csv [oneflux.pipeline.common]
2025-06-02 20:36:53.975 [INFO    ] Variable 'PPFD_OUT' might be missing from headers of file: /pscratch/sd/t/toanngo/ONEFlux/data/US-ARc_sample_output/99_fluxnet2015/FLX_US-ARc_FLUXNET2015_FULLSET_DD_2005-2006_beta-6.csv [oneflux.pipeline.common]
2025-06-02 20:36:53.975 [INFO    ] Variable 'PPFD_OUT_QC' might be missing from headers of file: /pscratch/sd/t/toanngo/ONEFlux/data/US-ARc_sample_output/99_fluxnet2015/FLX_US-ARc_FLUXNET2015_FULLSET_DD_2005-2006_beta-6.csv [oneflux.pipeline.common]
2025-06-02 20:36:53.975 [INFO    ] Variable 'SW_DIF' might be missing from headers of file: /pscratch/sd/t/toanngo/ONEFlux/data/US-ARc_sample_output/99_fluxnet2015/FLX_US-ARc_FLUXNET2015_FULLSET_DD_2005-2006_beta-6.csv [oneflux.pipeline.common]
2025-06-02 20:36:53.975 [INFO    ] Variable 'SW_DIF_QC' might be missing from headers of file: /pscratch/sd/t/toanngo/ONEFlux/data/US-ARc_sample_output/99_fluxnet2015/FLX_US-ARc_FLUXNET2015_FULLSET_DD_2005-2006_beta-6.csv [oneflux.pipeline.common]
2025-06-02 20:36:53.976 [INFO    ] Variable 'SW_OUT' might be missing from headers of file: /pscratch/sd/t/toanngo/ONEFlux/data/US-ARc_sample_output/99_fluxnet2015/FLX_US-ARc_FLUXNET2015_FULLSET_DD_2005-2006_beta-6.csv [oneflux.pipeline.common]
2025-06-02 20:36:53.976 [INFO    ] Variable 'SW_OUT_QC' might be missing from headers of file: /pscratch/sd/t/toanngo/ONEFlux/data/US-ARc_sample_output/99_fluxnet2015/FLX_US-ARc_FLUXNET2015_FULLSET_DD_2005-2006_beta-6.csv [oneflux.pipeline.common]
2025-06-02 20:36:53.976 [INFO    ] Variable 'LW_OUT' might be missing from headers of file: /pscratch/sd/t/toanngo/ONEFlux/data/US-ARc_sample_output/99_fluxnet2015/FLX_US-ARc_FLUXNET2015_FULLSET_DD_2005-2006_beta-6.csv [oneflux.pipeline.common]
2025-06-02 20:36:53.976 [INFO    ] Variable 'LW_OUT_QC' might be missing from headers of file: /pscratch/sd/t/toanngo/ONEFlux/data/US-ARc_sample_output/99_fluxnet2015/FLX_US-ARc_FLUXNET2015_FULLSET_DD_2005-2006_beta-6.csv [oneflux.pipeline.common]
2025-06-02 20:36:53.976 [INFO    ] Variable 'PA' might be missing from headers of file: /pscratch/sd/t/toanngo/ONEFlux/data/US-ARc_sample_output/99_fluxnet2015/FLX_US-ARc_FLUXNET2015_FULLSET_DD_2005-2006_beta-6.csv [oneflux.pipeline.common]
2025-06-02 20:36:53.976 [INFO    ] Variable 'P' might be missing from headers of file: /pscratch/sd/t/toanngo/ONEFlux/data/US-ARc_sample_output/99_fluxnet2015/FLX_US-ARc_FLUXNET2015_FULLSET_DD_2005-2006_beta-6.csv [oneflux.pipeline.common]
2025-06-02 20:36:53.976 [INFO    ] Variable 'WS' might be missing from headers of file: /pscratch/sd/t/toanngo/ONEFlux/data/US-ARc_sample_output/99_fluxnet2015/FLX_US-ARc_FLUXNET2015_FULLSET_DD_2005-2006_beta-6.csv [oneflux.pipeline.common]
2025-06-02 20:36:53.976 [INFO    ] Variable 'WD' might be missing from headers of file: /pscratch/sd/t/toanngo/ONEFlux/data/US-ARc_sample_output/99_fluxnet2015/FLX_US-ARc_FLUXNET2015_FULLSET_DD_2005-2006_beta-6.csv [oneflux.pipeline.common]
2025-06-02 20:36:53.976 [INFO    ] Variable 'RH' might be missing from headers of file: /pscratch/sd/t/toanngo/ONEFlux/data/US-ARc_sample_output/99_fluxnet2015/FLX_US-ARc_FLUXNET2015_FULLSET_DD_2005-2006_beta-6.csv [oneflux.pipeline.common]
2025-06-02 20:36:53.976 [INFO    ] Variable 'LE_RANDUNC_METHOD' might be missing from headers of file: /pscratch/sd/t/toanngo/ONEFlux/data/US-ARc_sample_output/99_fluxnet2015/FLX_US-ARc_FLUXNET2015_FULLSET_DD_2005-2006_beta-6.csv [oneflux.pipeline.common]
2025-06-02 20:36:53.976 [INFO    ] Variable 'LE_RANDUNC_N' might be missing from headers of file: /pscratch/sd/t/toanngo/ONEFlux/data/US-ARc_sample_output/99_fluxnet2015/FLX_US-ARc_FLUXNET2015_FULLSET_DD_2005-2006_beta-6.csv [oneflux.pipeline.common]
2025-06-02 20:36:53.977 [INFO    ] Variable 'H_RANDUNC_METHOD' might be missing from headers of file: /pscratch/sd/t/toanngo/ONEFlux/data/US-ARc_sample_output/99_fluxnet2015/FLX_US-ARc_FLUXNET2015_FULLSET_DD_2005-2006_beta-6.csv [oneflux.pipeline.common]
2025-06-02 20:36:53.977 [INFO    ] Variable 'H_RANDUNC_N' might be missing from headers of file: /pscratch/sd/t/toanngo/ONEFlux/data/US-ARc_sample_output/99_fluxnet2015/FLX_US-ARc_FLUXNET2015_FULLSET_DD_2005-2006_beta-6.csv [oneflux.pipeline.common]
2025-06-02 20:36:53.977 [INFO    ] Variable 'NEE_CUT_REF' might be missing from headers of file: /pscratch/sd/t/toanngo/ONEFlux/data/US-ARc_sample_output/99_fluxnet2015/FLX_US-ARc_FLUXNET2015_FULLSET_DD_2005-2006_beta-6.csv [oneflux.pipeline.common]
2025-06-02 20:36:53.977 [INFO    ] Variable 'NEE_CUT_REF_QC' might be missing from headers of file: /pscratch/sd/t/toanngo/ONEFlux/data/US-ARc_sample_output/99_fluxnet2015/FLX_US-ARc_FLUXNET2015_FULLSET_DD_2005-2006_beta-6.csv [oneflux.pipeline.common]
2025-06-02 20:36:53.977 [INFO    ] Variable 'NEE_CUT_REF_RANDUNC' might be missing from headers of file: /pscratch/sd/t/toanngo/ONEFlux/data/US-ARc_sample_output/99_fluxnet2015/FLX_US-ARc_FLUXNET2015_FULLSET_DD_2005-2006_beta-6.csv [oneflux.pipeline.common]
2025-06-02 20:36:53.977 [INFO    ] Variable 'RECO_NT_CUT_REF' might be missing from headers of file: /pscratch/sd/t/toanngo/ONEFlux/data/US-ARc_sample_output/99_fluxnet2015/FLX_US-ARc_FLUXNET2015_FULLSET_DD_2005-2006_beta-6.csv [oneflux.pipeline.common]
2025-06-02 20:36:53.977 [INFO    ] Variable 'GPP_NT_CUT_REF' might be missing from headers of file: /pscratch/sd/t/toanngo/ONEFlux/data/US-ARc_sample_output/99_fluxnet2015/FLX_US-ARc_FLUXNET2015_FULLSET_DD_2005-2006_beta-6.csv [oneflux.pipeline.common]
2025-06-02 20:36:53.977 [INFO    ] Variable 'RECO_DT_CUT_REF' might be missing from headers of file: /pscratch/sd/t/toanngo/ONEFlux/data/US-ARc_sample_output/99_fluxnet2015/FLX_US-ARc_FLUXNET2015_FULLSET_DD_2005-2006_beta-6.csv [oneflux.pipeline.common]
2025-06-02 20:36:53.977 [INFO    ] Variable 'GPP_DT_CUT_REF' might be missing from headers of file: /pscratch/sd/t/toanngo/ONEFlux/data/US-ARc_sample_output/99_fluxnet2015/FLX_US-ARc_FLUXNET2015_FULLSET_DD_2005-2006_beta-6.csv [oneflux.pipeline.common]
2025-06-02 20:36:53.977 [INFO    ] Variable 'TS_F_MDS_2' might be missing from headers of file: /pscratch/sd/t/toanngo/ONEFlux/data/US-ARc_sample_output/99_fluxnet2015/FLX_US-ARc_FLUXNET2015_FULLSET_DD_2005-2006_beta-6.csv [oneflux.pipeline.common]
2025-06-02 20:36:53.978 [INFO    ] Variable 'TS_F_MDS_3' might be missing from headers of file: /pscratch/sd/t/toanngo/ONEFlux/data/US-ARc_sample_output/99_fluxnet2015/FLX_US-ARc_FLUXNET2015_FULLSET_DD_2005-2006_beta-6.csv [oneflux.pipeline.common]
2025-06-02 20:36:53.978 [INFO    ] Variable 'TS_F_MDS_4' might be missing from headers of file: /pscratch/sd/t/toanngo/ONEFlux/data/US-ARc_sample_output/99_fluxnet2015/FLX_US-ARc_FLUXNET2015_FULLSET_DD_2005-2006_beta-6.csv [oneflux.pipeline.common]
2025-06-02 20:36:53.978 [INFO    ] Variable 'TS_F_MDS_5' might be missing from headers of file: /pscratch/sd/t/toanngo/ONEFlux/data/US-ARc_sample_output/99_fluxnet2015/FLX_US-ARc_FLUXNET2015_FULLSET_DD_2005-2006_beta-6.csv [oneflux.pipeline.common]
2025-06-02 20:36:53.978 [INFO    ] Variable 'TS_F_MDS_6' might be missing from headers of file: /pscratch/sd/t/toanngo/ONEFlux/data/US-ARc_sample_output/99_fluxnet2015/FLX_US-ARc_FLUXNET2015_FULLSET_DD_2005-2006_beta-6.csv [oneflux.pipeline.common]
2025-06-02 20:36:53.978 [INFO    ] Variable 'TS_F_MDS_7' might be missing from headers of file: /pscratch/sd/t/toanngo/ONEFlux/data/US-ARc_sample_output/99_fluxnet2015/FLX_US-ARc_FLUXNET2015_FULLSET_DD_2005-2006_beta-6.csv [oneflux.pipeline.common]
2025-06-02 20:36:53.978 [INFO    ] Variable 'TS_F_MDS_8' might be missing from headers of file: /pscratch/sd/t/toanngo/ONEFlux/data/US-ARc_sample_output/99_fluxnet2015/FLX_US-ARc_FLUXNET2015_FULLSET_DD_2005-2006_beta-6.csv [oneflux.pipeline.common]
2025-06-02 20:36:53.978 [INFO    ] Variable 'TS_F_MDS_9' might be missing from headers of file: /pscratch/sd/t/toanngo/ONEFlux/data/US-ARc_sample_output/99_fluxnet2015/FLX_US-ARc_FLUXNET2015_FULLSET_DD_2005-2006_beta-6.csv [oneflux.pipeline.common]
2025-06-02 20:36:53.978 [INFO    ] Variable 'TS_F_MDS_10' might be missing from headers of file: /pscratch/sd/t/toanngo/ONEFlux/data/US-ARc_sample_output/99_fluxnet2015/FLX_US-ARc_FLUXNET2015_FULLSET_DD_2005-2006_beta-6.csv [oneflux.pipeline.common]
2025-06-02 20:36:53.978 [INFO    ] Variable 'TS_F_MDS_11' might be missing from headers of file: /pscratch/sd/t/toanngo/ONEFlux/data/US-ARc_sample_output/99_fluxnet2015/FLX_US-ARc_FLUXNET2015_FULLSET_DD_2005-2006_beta-6.csv [oneflux.pipeline.common]
2025-06-02 20:36:53.978 [INFO    ] Variable 'TS_F_MDS_12' might be missing from headers of file: /pscratch/sd/t/toanngo/ONEFlux/data/US-ARc_sample_output/99_fluxnet2015/FLX_US-ARc_FLUXNET2015_FULLSET_DD_2005-2006_beta-6.csv [oneflux.pipeline.common]
2025-06-02 20:36:53.979 [INFO    ] Variable 'TS_F_MDS_13' might be missing from headers of file: /pscratch/sd/t/toanngo/ONEFlux/data/US-ARc_sample_output/99_fluxnet2015/FLX_US-ARc_FLUXNET2015_FULLSET_DD_2005-2006_beta-6.csv [oneflux.pipeline.common]
2025-06-02 20:36:53.979 [INFO    ] Variable 'TS_F_MDS_14' might be missing from headers of file: /pscratch/sd/t/toanngo/ONEFlux/data/US-ARc_sample_output/99_fluxnet2015/FLX_US-ARc_FLUXNET2015_FULLSET_DD_2005-2006_beta-6.csv [oneflux.pipeline.common]
2025-06-02 20:36:53.979 [INFO    ] Variable 'TS_F_MDS_15' might be missing from headers of file: /pscratch/sd/t/toanngo/ONEFlux/data/US-ARc_sample_output/99_fluxnet2015/FLX_US-ARc_FLUXNET2015_FULLSET_DD_2005-2006_beta-6.csv [oneflux.pipeline.common]
2025-06-02 20:36:53.979 [INFO    ] Variable 'TS_F_MDS_16' might be missing from headers of file: /pscratch/sd/t/toanngo/ONEFlux/data/US-ARc_sample_output/99_fluxnet2015/FLX_US-ARc_FLUXNET2015_FULLSET_DD_2005-2006_beta-6.csv [oneflux.pipeline.common]
2025-06-02 20:36:53.979 [INFO    ] Variable 'TS_F_MDS_17' might be missing from headers of file: /pscratch/sd/t/toanngo/ONEFlux/data/US-ARc_sample_output/99_fluxnet2015/FLX_US-ARc_FLUXNET2015_FULLSET_DD_2005-2006_beta-6.csv [oneflux.pipeline.common]
2025-06-02 20:36:53.979 [INFO    ] Variable 'TS_F_MDS_18' might be missing from headers of file: /pscratch/sd/t/toanngo/ONEFlux/data/US-ARc_sample_output/99_fluxnet2015/FLX_US-ARc_FLUXNET2015_FULLSET_DD_2005-2006_beta-6.csv [oneflux.pipeline.common]
2025-06-02 20:36:53.979 [INFO    ] Variable 'TS_F_MDS_19' might be missing from headers of file: /pscratch/sd/t/toanngo/ONEFlux/data/US-ARc_sample_output/99_fluxnet2015/FLX_US-ARc_FLUXNET2015_FULLSET_DD_2005-2006_beta-6.csv [oneflux.pipeline.common]
2025-06-02 20:36:53.979 [INFO    ] Variable 'TS_F_MDS_2_QC' might be missing from headers of file: /pscratch/sd/t/toanngo/ONEFlux/data/US-ARc_sample_output/99_fluxnet2015/FLX_US-ARc_FLUXNET2015_FULLSET_DD_2005-2006_beta-6.csv [oneflux.pipeline.common]
2025-06-02 20:36:53.979 [INFO    ] Variable 'TS_F_MDS_3_QC' might be missing from headers of file: /pscratch/sd/t/toanngo/ONEFlux/data/US-ARc_sample_output/99_fluxnet2015/FLX_US-ARc_FLUXNET2015_FULLSET_DD_2005-2006_beta-6.csv [oneflux.pipeline.common]
2025-06-02 20:36:53.979 [INFO    ] Variable 'TS_F_MDS_4_QC' might be missing from headers of file: /pscratch/sd/t/toanngo/ONEFlux/data/US-ARc_sample_output/99_fluxnet2015/FLX_US-ARc_FLUXNET2015_FULLSET_DD_2005-2006_beta-6.csv [oneflux.pipeline.common]
2025-06-02 20:36:53.979 [INFO    ] Variable 'TS_F_MDS_5_QC' might be missing from headers of file: /pscratch/sd/t/toanngo/ONEFlux/data/US-ARc_sample_output/99_fluxnet2015/FLX_US-ARc_FLUXNET2015_FULLSET_DD_2005-2006_beta-6.csv [oneflux.pipeline.common]
2025-06-02 20:36:53.980 [INFO    ] Variable 'TS_F_MDS_6_QC' might be missing from headers of file: /pscratch/sd/t/toanngo/ONEFlux/data/US-ARc_sample_output/99_fluxnet2015/FLX_US-ARc_FLUXNET2015_FULLSET_DD_2005-2006_beta-6.csv [oneflux.pipeline.common]
2025-06-02 20:36:53.980 [INFO    ] Variable 'TS_F_MDS_7_QC' might be missing from headers of file: /pscratch/sd/t/toanngo/ONEFlux/data/US-ARc_sample_output/99_fluxnet2015/FLX_US-ARc_FLUXNET2015_FULLSET_DD_2005-2006_beta-6.csv [oneflux.pipeline.common]
2025-06-02 20:36:53.980 [INFO    ] Variable 'TS_F_MDS_8_QC' might be missing from headers of file: /pscratch/sd/t/toanngo/ONEFlux/data/US-ARc_sample_output/99_fluxnet2015/FLX_US-ARc_FLUXNET2015_FULLSET_DD_2005-2006_beta-6.csv [oneflux.pipeline.common]
2025-06-02 20:36:53.980 [INFO    ] Variable 'TS_F_MDS_9_QC' might be missing from headers of file: /pscratch/sd/t/toanngo/ONEFlux/data/US-ARc_sample_output/99_fluxnet2015/FLX_US-ARc_FLUXNET2015_FULLSET_DD_2005-2006_beta-6.csv [oneflux.pipeline.common]
2025-06-02 20:36:53.980 [INFO    ] Variable 'TS_F_MDS_10_QC' might be missing from headers of file: /pscratch/sd/t/toanngo/ONEFlux/data/US-ARc_sample_output/99_fluxnet2015/FLX_US-ARc_FLUXNET2015_FULLSET_DD_2005-2006_beta-6.csv [oneflux.pipeline.common]
2025-06-02 20:36:53.980 [INFO    ] Variable 'TS_F_MDS_11_QC' might be missing from headers of file: /pscratch/sd/t/toanngo/ONEFlux/data/US-ARc_sample_output/99_fluxnet2015/FLX_US-ARc_FLUXNET2015_FULLSET_DD_2005-2006_beta-6.csv [oneflux.pipeline.common]
2025-06-02 20:36:53.980 [INFO    ] Variable 'TS_F_MDS_12_QC' might be missing from headers of file: /pscratch/sd/t/toanngo/ONEFlux/data/US-ARc_sample_output/99_fluxnet2015/FLX_US-ARc_FLUXNET2015_FULLSET_DD_2005-2006_beta-6.csv [oneflux.pipeline.common]
2025-06-02 20:36:53.980 [INFO    ] Variable 'TS_F_MDS_13_QC' might be missing from headers of file: /pscratch/sd/t/toanngo/ONEFlux/data/US-ARc_sample_output/99_fluxnet2015/FLX_US-ARc_FLUXNET2015_FULLSET_DD_2005-2006_beta-6.csv [oneflux.pipeline.common]
2025-06-02 20:36:53.980 [INFO    ] Variable 'TS_F_MDS_14_QC' might be missing from headers of file: /pscratch/sd/t/toanngo/ONEFlux/data/US-ARc_sample_output/99_fluxnet2015/FLX_US-ARc_FLUXNET2015_FULLSET_DD_2005-2006_beta-6.csv [oneflux.pipeline.common]
2025-06-02 20:36:53.980 [INFO    ] Variable 'TS_F_MDS_15_QC' might be missing from headers of file: /pscratch/sd/t/toanngo/ONEFlux/data/US-ARc_sample_output/99_fluxnet2015/FLX_US-ARc_FLUXNET2015_FULLSET_DD_2005-2006_beta-6.csv [oneflux.pipeline.common]
2025-06-02 20:36:53.981 [INFO    ] Variable 'TS_F_MDS_16_QC' might be missing from headers of file: /pscratch/sd/t/toanngo/ONEFlux/data/US-ARc_sample_output/99_fluxnet2015/FLX_US-ARc_FLUXNET2015_FULLSET_DD_2005-2006_beta-6.csv [oneflux.pipeline.common]
2025-06-02 20:36:53.981 [INFO    ] Variable 'TS_F_MDS_17_QC' might be missing from headers of file: /pscratch/sd/t/toanngo/ONEFlux/data/US-ARc_sample_output/99_fluxnet2015/FLX_US-ARc_FLUXNET2015_FULLSET_DD_2005-2006_beta-6.csv [oneflux.pipeline.common]
2025-06-02 20:36:53.981 [INFO    ] Variable 'TS_F_MDS_18_QC' might be missing from headers of file: /pscratch/sd/t/toanngo/ONEFlux/data/US-ARc_sample_output/99_fluxnet2015/FLX_US-ARc_FLUXNET2015_FULLSET_DD_2005-2006_beta-6.csv [oneflux.pipeline.common]
2025-06-02 20:36:53.981 [INFO    ] Variable 'TS_F_MDS_19_QC' might be missing from headers of file: /pscratch/sd/t/toanngo/ONEFlux/data/US-ARc_sample_output/99_fluxnet2015/FLX_US-ARc_FLUXNET2015_FULLSET_DD_2005-2006_beta-6.csv [oneflux.pipeline.common]
2025-06-02 20:36:53.981 [INFO    ] Variable 'SWC_F_MDS_2' might be missing from headers of file: /pscratch/sd/t/toanngo/ONEFlux/data/US-ARc_sample_output/99_fluxnet2015/FLX_US-ARc_FLUXNET2015_FULLSET_DD_2005-2006_beta-6.csv [oneflux.pipeline.common]
2025-06-02 20:36:53.981 [INFO    ] Variable 'SWC_F_MDS_3' might be missing from headers of file: /pscratch/sd/t/toanngo/ONEFlux/data/US-ARc_sample_output/99_fluxnet2015/FLX_US-ARc_FLUXNET2015_FULLSET_DD_2005-2006_beta-6.csv [oneflux.pipeline.common]
2025-06-02 20:36:53.981 [INFO    ] Variable 'SWC_F_MDS_4' might be missing from headers of file: /pscratch/sd/t/toanngo/ONEFlux/data/US-ARc_sample_output/99_fluxnet2015/FLX_US-ARc_FLUXNET2015_FULLSET_DD_2005-2006_beta-6.csv [oneflux.pipeline.common]
2025-06-02 20:36:53.981 [INFO    ] Variable 'SWC_F_MDS_5' might be missing from headers of file: /pscratch/sd/t/toanngo/ONEFlux/data/US-ARc_sample_output/99_fluxnet2015/FLX_US-ARc_FLUXNET2015_FULLSET_DD_2005-2006_beta-6.csv [oneflux.pipeline.common]
2025-06-02 20:36:53.981 [INFO    ] Variable 'SWC_F_MDS_6' might be missing from headers of file: /pscratch/sd/t/toanngo/ONEFlux/data/US-ARc_sample_output/99_fluxnet2015/FLX_US-ARc_FLUXNET2015_FULLSET_DD_2005-2006_beta-6.csv [oneflux.pipeline.common]
2025-06-02 20:36:53.981 [INFO    ] Variable 'SWC_F_MDS_7' might be missing from headers of file: /pscratch/sd/t/toanngo/ONEFlux/data/US-ARc_sample_output/99_fluxnet2015/FLX_US-ARc_FLUXNET2015_FULLSET_DD_2005-2006_beta-6.csv [oneflux.pipeline.common]
2025-06-02 20:36:53.982 [INFO    ] Variable 'SWC_F_MDS_8' might be missing from headers of file: /pscratch/sd/t/toanngo/ONEFlux/data/US-ARc_sample_output/99_fluxnet2015/FLX_US-ARc_FLUXNET2015_FULLSET_DD_2005-2006_beta-6.csv [oneflux.pipeline.common]
2025-06-02 20:36:53.982 [INFO    ] Variable 'SWC_F_MDS_9' might be missing from headers of file: /pscratch/sd/t/toanngo/ONEFlux/data/US-ARc_sample_output/99_fluxnet2015/FLX_US-ARc_FLUXNET2015_FULLSET_DD_2005-2006_beta-6.csv [oneflux.pipeline.common]
2025-06-02 20:36:53.982 [INFO    ] Variable 'SWC_F_MDS_10' might be missing from headers of file: /pscratch/sd/t/toanngo/ONEFlux/data/US-ARc_sample_output/99_fluxnet2015/FLX_US-ARc_FLUXNET2015_FULLSET_DD_2005-2006_beta-6.csv [oneflux.pipeline.common]
2025-06-02 20:36:53.982 [INFO    ] Variable 'SWC_F_MDS_11' might be missing from headers of file: /pscratch/sd/t/toanngo/ONEFlux/data/US-ARc_sample_output/99_fluxnet2015/FLX_US-ARc_FLUXNET2015_FULLSET_DD_2005-2006_beta-6.csv [oneflux.pipeline.common]
2025-06-02 20:36:53.982 [INFO    ] Variable 'SWC_F_MDS_12' might be missing from headers of file: /pscratch/sd/t/toanngo/ONEFlux/data/US-ARc_sample_output/99_fluxnet2015/FLX_US-ARc_FLUXNET2015_FULLSET_DD_2005-2006_beta-6.csv [oneflux.pipeline.common]
2025-06-02 20:36:53.982 [INFO    ] Variable 'SWC_F_MDS_13' might be missing from headers of file: /pscratch/sd/t/toanngo/ONEFlux/data/US-ARc_sample_output/99_fluxnet2015/FLX_US-ARc_FLUXNET2015_FULLSET_DD_2005-2006_beta-6.csv [oneflux.pipeline.common]
2025-06-02 20:36:53.982 [INFO    ] Variable 'SWC_F_MDS_14' might be missing from headers of file: /pscratch/sd/t/toanngo/ONEFlux/data/US-ARc_sample_output/99_fluxnet2015/FLX_US-ARc_FLUXNET2015_FULLSET_DD_2005-2006_beta-6.csv [oneflux.pipeline.common]
2025-06-02 20:36:53.982 [INFO    ] Variable 'SWC_F_MDS_15' might be missing from headers of file: /pscratch/sd/t/toanngo/ONEFlux/data/US-ARc_sample_output/99_fluxnet2015/FLX_US-ARc_FLUXNET2015_FULLSET_DD_2005-2006_beta-6.csv [oneflux.pipeline.common]
2025-06-02 20:36:53.982 [INFO    ] Variable 'SWC_F_MDS_16' might be missing from headers of file: /pscratch/sd/t/toanngo/ONEFlux/data/US-ARc_sample_output/99_fluxnet2015/FLX_US-ARc_FLUXNET2015_FULLSET_DD_2005-2006_beta-6.csv [oneflux.pipeline.common]
2025-06-02 20:36:53.982 [INFO    ] Variable 'SWC_F_MDS_17' might be missing from headers of file: /pscratch/sd/t/toanngo/ONEFlux/data/US-ARc_sample_output/99_fluxnet2015/FLX_US-ARc_FLUXNET2015_FULLSET_DD_2005-2006_beta-6.csv [oneflux.pipeline.common]
2025-06-02 20:36:53.982 [INFO    ] Variable 'SWC_F_MDS_18' might be missing from headers of file: /pscratch/sd/t/toanngo/ONEFlux/data/US-ARc_sample_output/99_fluxnet2015/FLX_US-ARc_FLUXNET2015_FULLSET_DD_2005-2006_beta-6.csv [oneflux.pipeline.common]
2025-06-02 20:36:53.982 [INFO    ] Variable 'SWC_F_MDS_19' might be missing from headers of file: /pscratch/sd/t/toanngo/ONEFlux/data/US-ARc_sample_output/99_fluxnet2015/FLX_US-ARc_FLUXNET2015_FULLSET_DD_2005-2006_beta-6.csv [oneflux.pipeline.common]
2025-06-02 20:36:53.983 [INFO    ] Variable 'SWC_F_MDS_2_QC' might be missing from headers of file: /pscratch/sd/t/toanngo/ONEFlux/data/US-ARc_sample_output/99_fluxnet2015/FLX_US-ARc_FLUXNET2015_FULLSET_DD_2005-2006_beta-6.csv [oneflux.pipeline.common]
2025-06-02 20:36:53.983 [INFO    ] Variable 'SWC_F_MDS_3_QC' might be missing from headers of file: /pscratch/sd/t/toanngo/ONEFlux/data/US-ARc_sample_output/99_fluxnet2015/FLX_US-ARc_FLUXNET2015_FULLSET_DD_2005-2006_beta-6.csv [oneflux.pipeline.common]
2025-06-02 20:36:53.983 [INFO    ] Variable 'SWC_F_MDS_4_QC' might be missing from headers of file: /pscratch/sd/t/toanngo/ONEFlux/data/US-ARc_sample_output/99_fluxnet2015/FLX_US-ARc_FLUXNET2015_FULLSET_DD_2005-2006_beta-6.csv [oneflux.pipeline.common]
2025-06-02 20:36:53.983 [INFO    ] Variable 'SWC_F_MDS_5_QC' might be missing from headers of file: /pscratch/sd/t/toanngo/ONEFlux/data/US-ARc_sample_output/99_fluxnet2015/FLX_US-ARc_FLUXNET2015_FULLSET_DD_2005-2006_beta-6.csv [oneflux.pipeline.common]
2025-06-02 20:36:53.983 [INFO    ] Variable 'SWC_F_MDS_6_QC' might be missing from headers of file: /pscratch/sd/t/toanngo/ONEFlux/data/US-ARc_sample_output/99_fluxnet2015/FLX_US-ARc_FLUXNET2015_FULLSET_DD_2005-2006_beta-6.csv [oneflux.pipeline.common]
2025-06-02 20:36:53.983 [INFO    ] Variable 'SWC_F_MDS_7_QC' might be missing from headers of file: /pscratch/sd/t/toanngo/ONEFlux/data/US-ARc_sample_output/99_fluxnet2015/FLX_US-ARc_FLUXNET2015_FULLSET_DD_2005-2006_beta-6.csv [oneflux.pipeline.common]
2025-06-02 20:36:53.983 [INFO    ] Variable 'SWC_F_MDS_8_QC' might be missing from headers of file: /pscratch/sd/t/toanngo/ONEFlux/data/US-ARc_sample_output/99_fluxnet2015/FLX_US-ARc_FLUXNET2015_FULLSET_DD_2005-2006_beta-6.csv [oneflux.pipeline.common]
2025-06-02 20:36:53.983 [INFO    ] Variable 'SWC_F_MDS_9_QC' might be missing from headers of file: /pscratch/sd/t/toanngo/ONEFlux/data/US-ARc_sample_output/99_fluxnet2015/FLX_US-ARc_FLUXNET2015_FULLSET_DD_2005-2006_beta-6.csv [oneflux.pipeline.common]
2025-06-02 20:36:53.983 [INFO    ] Variable 'SWC_F_MDS_10_QC' might be missing from headers of file: /pscratch/sd/t/toanngo/ONEFlux/data/US-ARc_sample_output/99_fluxnet2015/FLX_US-ARc_FLUXNET2015_FULLSET_DD_2005-2006_beta-6.csv [oneflux.pipeline.common]
2025-06-02 20:36:53.983 [INFO    ] Variable 'SWC_F_MDS_11_QC' might be missing from headers of file: /pscratch/sd/t/toanngo/ONEFlux/data/US-ARc_sample_output/99_fluxnet2015/FLX_US-ARc_FLUXNET2015_FULLSET_DD_2005-2006_beta-6.csv [oneflux.pipeline.common]
2025-06-02 20:36:53.983 [INFO    ] Variable 'SWC_F_MDS_12_QC' might be missing from headers of file: /pscratch/sd/t/toanngo/ONEFlux/data/US-ARc_sample_output/99_fluxnet2015/FLX_US-ARc_FLUXNET2015_FULLSET_DD_2005-2006_beta-6.csv [oneflux.pipeline.common]
2025-06-02 20:36:53.984 [INFO    ] Variable 'SWC_F_MDS_13_QC' might be missing from headers of file: /pscratch/sd/t/toanngo/ONEFlux/data/US-ARc_sample_output/99_fluxnet2015/FLX_US-ARc_FLUXNET2015_FULLSET_DD_2005-2006_beta-6.csv [oneflux.pipeline.common]
2025-06-02 20:36:53.984 [INFO    ] Variable 'SWC_F_MDS_14_QC' might be missing from headers of file: /pscratch/sd/t/toanngo/ONEFlux/data/US-ARc_sample_output/99_fluxnet2015/FLX_US-ARc_FLUXNET2015_FULLSET_DD_2005-2006_beta-6.csv [oneflux.pipeline.common]
2025-06-02 20:36:53.984 [INFO    ] Variable 'SWC_F_MDS_15_QC' might be missing from headers of file: /pscratch/sd/t/toanngo/ONEFlux/data/US-ARc_sample_output/99_fluxnet2015/FLX_US-ARc_FLUXNET2015_FULLSET_DD_2005-2006_beta-6.csv [oneflux.pipeline.common]
2025-06-02 20:36:53.984 [INFO    ] Variable 'SWC_F_MDS_16_QC' might be missing from headers of file: /pscratch/sd/t/toanngo/ONEFlux/data/US-ARc_sample_output/99_fluxnet2015/FLX_US-ARc_FLUXNET2015_FULLSET_DD_2005-2006_beta-6.csv [oneflux.pipeline.common]
2025-06-02 20:36:53.984 [INFO    ] Variable 'SWC_F_MDS_17_QC' might be missing from headers of file: /pscratch/sd/t/toanngo/ONEFlux/data/US-ARc_sample_output/99_fluxnet2015/FLX_US-ARc_FLUXNET2015_FULLSET_DD_2005-2006_beta-6.csv [oneflux.pipeline.common]
2025-06-02 20:36:53.984 [INFO    ] Variable 'SWC_F_MDS_18_QC' might be missing from headers of file: /pscratch/sd/t/toanngo/ONEFlux/data/US-ARc_sample_output/99_fluxnet2015/FLX_US-ARc_FLUXNET2015_FULLSET_DD_2005-2006_beta-6.csv [oneflux.pipeline.common]
2025-06-02 20:36:53.984 [INFO    ] Variable 'SWC_F_MDS_19_QC' might be missing from headers of file: /pscratch/sd/t/toanngo/ONEFlux/data/US-ARc_sample_output/99_fluxnet2015/FLX_US-ARc_FLUXNET2015_FULLSET_DD_2005-2006_beta-6.csv [oneflux.pipeline.common]
2025-06-02 20:36:53.984 [INFO    ] Variable 'NEE_CUT_05' might be missing from headers of file: /pscratch/sd/t/toanngo/ONEFlux/data/US-ARc_sample_output/99_fluxnet2015/FLX_US-ARc_FLUXNET2015_FULLSET_DD_2005-2006_beta-6.csv [oneflux.pipeline.common]
2025-06-02 20:36:53.984 [INFO    ] Variable 'NEE_CUT_16' might be missing from headers of file: /pscratch/sd/t/toanngo/ONEFlux/data/US-ARc_sample_output/99_fluxnet2015/FLX_US-ARc_FLUXNET2015_FULLSET_DD_2005-2006_beta-6.csv [oneflux.pipeline.common]
2025-06-02 20:36:53.984 [INFO    ] Variable 'NEE_CUT_25' might be missing from headers of file: /pscratch/sd/t/toanngo/ONEFlux/data/US-ARc_sample_output/99_fluxnet2015/FLX_US-ARc_FLUXNET2015_FULLSET_DD_2005-2006_beta-6.csv [oneflux.pipeline.common]
2025-06-02 20:36:53.984 [INFO    ] Variable 'NEE_CUT_50' might be missing from headers of file: /pscratch/sd/t/toanngo/ONEFlux/data/US-ARc_sample_output/99_fluxnet2015/FLX_US-ARc_FLUXNET2015_FULLSET_DD_2005-2006_beta-6.csv [oneflux.pipeline.common]
2025-06-02 20:36:53.984 [INFO    ] Variable 'NEE_CUT_75' might be missing from headers of file: /pscratch/sd/t/toanngo/ONEFlux/data/US-ARc_sample_output/99_fluxnet2015/FLX_US-ARc_FLUXNET2015_FULLSET_DD_2005-2006_beta-6.csv [oneflux.pipeline.common]
2025-06-02 20:36:53.985 [INFO    ] Variable 'NEE_CUT_84' might be missing from headers of file: /pscratch/sd/t/toanngo/ONEFlux/data/US-ARc_sample_output/99_fluxnet2015/FLX_US-ARc_FLUXNET2015_FULLSET_DD_2005-2006_beta-6.csv [oneflux.pipeline.common]
2025-06-02 20:36:53.985 [INFO    ] Variable 'NEE_CUT_95' might be missing from headers of file: /pscratch/sd/t/toanngo/ONEFlux/data/US-ARc_sample_output/99_fluxnet2015/FLX_US-ARc_FLUXNET2015_FULLSET_DD_2005-2006_beta-6.csv [oneflux.pipeline.common]
2025-06-02 20:36:53.985 [INFO    ] Variable 'NEE_CUT_05_QC' might be missing from headers of file: /pscratch/sd/t/toanngo/ONEFlux/data/US-ARc_sample_output/99_fluxnet2015/FLX_US-ARc_FLUXNET2015_FULLSET_DD_2005-2006_beta-6.csv [oneflux.pipeline.common]
2025-06-02 20:36:53.985 [INFO    ] Variable 'NEE_CUT_16_QC' might be missing from headers of file: /pscratch/sd/t/toanngo/ONEFlux/data/US-ARc_sample_output/99_fluxnet2015/FLX_US-ARc_FLUXNET2015_FULLSET_DD_2005-2006_beta-6.csv [oneflux.pipeline.common]
2025-06-02 20:36:53.985 [INFO    ] Variable 'NEE_CUT_25_QC' might be missing from headers of file: /pscratch/sd/t/toanngo/ONEFlux/data/US-ARc_sample_output/99_fluxnet2015/FLX_US-ARc_FLUXNET2015_FULLSET_DD_2005-2006_beta-6.csv [oneflux.pipeline.common]
2025-06-02 20:36:53.985 [INFO    ] Variable 'NEE_CUT_50_QC' might be missing from headers of file: /pscratch/sd/t/toanngo/ONEFlux/data/US-ARc_sample_output/99_fluxnet2015/FLX_US-ARc_FLUXNET2015_FULLSET_DD_2005-2006_beta-6.csv [oneflux.pipeline.common]
2025-06-02 20:36:53.985 [INFO    ] Variable 'NEE_CUT_75_QC' might be missing from headers of file: /pscratch/sd/t/toanngo/ONEFlux/data/US-ARc_sample_output/99_fluxnet2015/FLX_US-ARc_FLUXNET2015_FULLSET_DD_2005-2006_beta-6.csv [oneflux.pipeline.common]
2025-06-02 20:36:53.985 [INFO    ] Variable 'NEE_CUT_84_QC' might be missing from headers of file: /pscratch/sd/t/toanngo/ONEFlux/data/US-ARc_sample_output/99_fluxnet2015/FLX_US-ARc_FLUXNET2015_FULLSET_DD_2005-2006_beta-6.csv [oneflux.pipeline.common]
2025-06-02 20:36:53.985 [INFO    ] Variable 'NEE_CUT_95_QC' might be missing from headers of file: /pscratch/sd/t/toanngo/ONEFlux/data/US-ARc_sample_output/99_fluxnet2015/FLX_US-ARc_FLUXNET2015_FULLSET_DD_2005-2006_beta-6.csv [oneflux.pipeline.common]
2025-06-02 20:36:53.985 [INFO    ] Variable 'RECO_NT_CUT_05' might be missing from headers of file: /pscratch/sd/t/toanngo/ONEFlux/data/US-ARc_sample_output/99_fluxnet2015/FLX_US-ARc_FLUXNET2015_FULLSET_DD_2005-2006_beta-6.csv [oneflux.pipeline.common]
2025-06-02 20:36:53.985 [INFO    ] Variable 'RECO_NT_CUT_16' might be missing from headers of file: /pscratch/sd/t/toanngo/ONEFlux/data/US-ARc_sample_output/99_fluxnet2015/FLX_US-ARc_FLUXNET2015_FULLSET_DD_2005-2006_beta-6.csv [oneflux.pipeline.common]
2025-06-02 20:36:53.985 [INFO    ] Variable 'RECO_NT_CUT_25' might be missing from headers of file: /pscratch/sd/t/toanngo/ONEFlux/data/US-ARc_sample_output/99_fluxnet2015/FLX_US-ARc_FLUXNET2015_FULLSET_DD_2005-2006_beta-6.csv [oneflux.pipeline.common]
2025-06-02 20:36:53.986 [INFO    ] Variable 'RECO_NT_CUT_50' might be missing from headers of file: /pscratch/sd/t/toanngo/ONEFlux/data/US-ARc_sample_output/99_fluxnet2015/FLX_US-ARc_FLUXNET2015_FULLSET_DD_2005-2006_beta-6.csv [oneflux.pipeline.common]
2025-06-02 20:36:53.986 [INFO    ] Variable 'RECO_NT_CUT_75' might be missing from headers of file: /pscratch/sd/t/toanngo/ONEFlux/data/US-ARc_sample_output/99_fluxnet2015/FLX_US-ARc_FLUXNET2015_FULLSET_DD_2005-2006_beta-6.csv [oneflux.pipeline.common]
2025-06-02 20:36:53.986 [INFO    ] Variable 'RECO_NT_CUT_84' might be missing from headers of file: /pscratch/sd/t/toanngo/ONEFlux/data/US-ARc_sample_output/99_fluxnet2015/FLX_US-ARc_FLUXNET2015_FULLSET_DD_2005-2006_beta-6.csv [oneflux.pipeline.common]
2025-06-02 20:36:53.986 [INFO    ] Variable 'RECO_NT_CUT_95' might be missing from headers of file: /pscratch/sd/t/toanngo/ONEFlux/data/US-ARc_sample_output/99_fluxnet2015/FLX_US-ARc_FLUXNET2015_FULLSET_DD_2005-2006_beta-6.csv [oneflux.pipeline.common]
2025-06-02 20:36:53.986 [INFO    ] Variable 'GPP_NT_CUT_05' might be missing from headers of file: /pscratch/sd/t/toanngo/ONEFlux/data/US-ARc_sample_output/99_fluxnet2015/FLX_US-ARc_FLUXNET2015_FULLSET_DD_2005-2006_beta-6.csv [oneflux.pipeline.common]
2025-06-02 20:36:53.986 [INFO    ] Variable 'GPP_NT_CUT_16' might be missing from headers of file: /pscratch/sd/t/toanngo/ONEFlux/data/US-ARc_sample_output/99_fluxnet2015/FLX_US-ARc_FLUXNET2015_FULLSET_DD_2005-2006_beta-6.csv [oneflux.pipeline.common]
2025-06-02 20:36:53.986 [INFO    ] Variable 'GPP_NT_CUT_25' might be missing from headers of file: /pscratch/sd/t/toanngo/ONEFlux/data/US-ARc_sample_output/99_fluxnet2015/FLX_US-ARc_FLUXNET2015_FULLSET_DD_2005-2006_beta-6.csv [oneflux.pipeline.common]
2025-06-02 20:36:53.986 [INFO    ] Variable 'GPP_NT_CUT_50' might be missing from headers of file: /pscratch/sd/t/toanngo/ONEFlux/data/US-ARc_sample_output/99_fluxnet2015/FLX_US-ARc_FLUXNET2015_FULLSET_DD_2005-2006_beta-6.csv [oneflux.pipeline.common]
2025-06-02 20:36:53.986 [INFO    ] Variable 'GPP_NT_CUT_75' might be missing from headers of file: /pscratch/sd/t/toanngo/ONEFlux/data/US-ARc_sample_output/99_fluxnet2015/FLX_US-ARc_FLUXNET2015_FULLSET_DD_2005-2006_beta-6.csv [oneflux.pipeline.common]
2025-06-02 20:36:53.986 [INFO    ] Variable 'GPP_NT_CUT_84' might be missing from headers of file: /pscratch/sd/t/toanngo/ONEFlux/data/US-ARc_sample_output/99_fluxnet2015/FLX_US-ARc_FLUXNET2015_FULLSET_DD_2005-2006_beta-6.csv [oneflux.pipeline.common]
2025-06-02 20:36:53.986 [INFO    ] Variable 'GPP_NT_CUT_95' might be missing from headers of file: /pscratch/sd/t/toanngo/ONEFlux/data/US-ARc_sample_output/99_fluxnet2015/FLX_US-ARc_FLUXNET2015_FULLSET_DD_2005-2006_beta-6.csv [oneflux.pipeline.common]
2025-06-02 20:36:53.987 [INFO    ] Variable 'RECO_DT_CUT_05' might be missing from headers of file: /pscratch/sd/t/toanngo/ONEFlux/data/US-ARc_sample_output/99_fluxnet2015/FLX_US-ARc_FLUXNET2015_FULLSET_DD_2005-2006_beta-6.csv [oneflux.pipeline.common]
2025-06-02 20:36:53.987 [INFO    ] Variable 'RECO_DT_CUT_16' might be missing from headers of file: /pscratch/sd/t/toanngo/ONEFlux/data/US-ARc_sample_output/99_fluxnet2015/FLX_US-ARc_FLUXNET2015_FULLSET_DD_2005-2006_beta-6.csv [oneflux.pipeline.common]
2025-06-02 20:36:53.987 [INFO    ] Variable 'RECO_DT_CUT_25' might be missing from headers of file: /pscratch/sd/t/toanngo/ONEFlux/data/US-ARc_sample_output/99_fluxnet2015/FLX_US-ARc_FLUXNET2015_FULLSET_DD_2005-2006_beta-6.csv [oneflux.pipeline.common]
2025-06-02 20:36:53.987 [INFO    ] Variable 'RECO_DT_CUT_50' might be missing from headers of file: /pscratch/sd/t/toanngo/ONEFlux/data/US-ARc_sample_output/99_fluxnet2015/FLX_US-ARc_FLUXNET2015_FULLSET_DD_2005-2006_beta-6.csv [oneflux.pipeline.common]
2025-06-02 20:36:53.987 [INFO    ] Variable 'RECO_DT_CUT_75' might be missing from headers of file: /pscratch/sd/t/toanngo/ONEFlux/data/US-ARc_sample_output/99_fluxnet2015/FLX_US-ARc_FLUXNET2015_FULLSET_DD_2005-2006_beta-6.csv [oneflux.pipeline.common]
2025-06-02 20:36:53.987 [INFO    ] Variable 'RECO_DT_CUT_84' might be missing from headers of file: /pscratch/sd/t/toanngo/ONEFlux/data/US-ARc_sample_output/99_fluxnet2015/FLX_US-ARc_FLUXNET2015_FULLSET_DD_2005-2006_beta-6.csv [oneflux.pipeline.common]
2025-06-02 20:36:53.987 [INFO    ] Variable 'RECO_DT_CUT_95' might be missing from headers of file: /pscratch/sd/t/toanngo/ONEFlux/data/US-ARc_sample_output/99_fluxnet2015/FLX_US-ARc_FLUXNET2015_FULLSET_DD_2005-2006_beta-6.csv [oneflux.pipeline.common]
2025-06-02 20:36:53.987 [INFO    ] Variable 'GPP_DT_CUT_05' might be missing from headers of file: /pscratch/sd/t/toanngo/ONEFlux/data/US-ARc_sample_output/99_fluxnet2015/FLX_US-ARc_FLUXNET2015_FULLSET_DD_2005-2006_beta-6.csv [oneflux.pipeline.common]
2025-06-02 20:36:53.987 [INFO    ] Variable 'GPP_DT_CUT_16' might be missing from headers of file: /pscratch/sd/t/toanngo/ONEFlux/data/US-ARc_sample_output/99_fluxnet2015/FLX_US-ARc_FLUXNET2015_FULLSET_DD_2005-2006_beta-6.csv [oneflux.pipeline.common]
2025-06-02 20:36:53.987 [INFO    ] Variable 'GPP_DT_CUT_25' might be missing from headers of file: /pscratch/sd/t/toanngo/ONEFlux/data/US-ARc_sample_output/99_fluxnet2015/FLX_US-ARc_FLUXNET2015_FULLSET_DD_2005-2006_beta-6.csv [oneflux.pipeline.common]
2025-06-02 20:36:53.987 [INFO    ] Variable 'GPP_DT_CUT_50' might be missing from headers of file: /pscratch/sd/t/toanngo/ONEFlux/data/US-ARc_sample_output/99_fluxnet2015/FLX_US-ARc_FLUXNET2015_FULLSET_DD_2005-2006_beta-6.csv [oneflux.pipeline.common]
2025-06-02 20:36:53.987 [INFO    ] Variable 'GPP_DT_CUT_75' might be missing from headers of file: /pscratch/sd/t/toanngo/ONEFlux/data/US-ARc_sample_output/99_fluxnet2015/FLX_US-ARc_FLUXNET2015_FULLSET_DD_2005-2006_beta-6.csv [oneflux.pipeline.common]
2025-06-02 20:36:53.988 [INFO    ] Variable 'GPP_DT_CUT_84' might be missing from headers of file: /pscratch/sd/t/toanngo/ONEFlux/data/US-ARc_sample_output/99_fluxnet2015/FLX_US-ARc_FLUXNET2015_FULLSET_DD_2005-2006_beta-6.csv [oneflux.pipeline.common]
2025-06-02 20:36:53.988 [INFO    ] Variable 'GPP_DT_CUT_95' might be missing from headers of file: /pscratch/sd/t/toanngo/ONEFlux/data/US-ARc_sample_output/99_fluxnet2015/FLX_US-ARc_FLUXNET2015_FULLSET_DD_2005-2006_beta-6.csv [oneflux.pipeline.common]
2025-06-02 20:36:53.988 [INFO    ] Variable 'PPFD_DIF' might be missing from headers of file: /pscratch/sd/t/toanngo/ONEFlux/data/US-ARc_sample_output/99_fluxnet2015/FLX_US-ARc_FLUXNET2015_FULLSET_DD_2005-2006_beta-6.csv [oneflux.pipeline.common]
2025-06-02 20:36:53.988 [INFO    ] Variable 'PPFD_DIF_QC' might be missing from headers of file: /pscratch/sd/t/toanngo/ONEFlux/data/US-ARc_sample_output/99_fluxnet2015/FLX_US-ARc_FLUXNET2015_FULLSET_DD_2005-2006_beta-6.csv [oneflux.pipeline.common]
2025-06-02 20:36:53.988 [INFO    ] Variable 'PPFD_OUT' might be missing from headers of file: /pscratch/sd/t/toanngo/ONEFlux/data/US-ARc_sample_output/99_fluxnet2015/FLX_US-ARc_FLUXNET2015_FULLSET_DD_2005-2006_beta-6.csv [oneflux.pipeline.common]
2025-06-02 20:36:53.988 [INFO    ] Variable 'PPFD_OUT_QC' might be missing from headers of file: /pscratch/sd/t/toanngo/ONEFlux/data/US-ARc_sample_output/99_fluxnet2015/FLX_US-ARc_FLUXNET2015_FULLSET_DD_2005-2006_beta-6.csv [oneflux.pipeline.common]
2025-06-02 20:36:53.988 [INFO    ] Variable 'SW_DIF' might be missing from headers of file: /pscratch/sd/t/toanngo/ONEFlux/data/US-ARc_sample_output/99_fluxnet2015/FLX_US-ARc_FLUXNET2015_FULLSET_DD_2005-2006_beta-6.csv [oneflux.pipeline.common]
2025-06-02 20:36:53.988 [INFO    ] Variable 'SW_DIF_QC' might be missing from headers of file: /pscratch/sd/t/toanngo/ONEFlux/data/US-ARc_sample_output/99_fluxnet2015/FLX_US-ARc_FLUXNET2015_FULLSET_DD_2005-2006_beta-6.csv [oneflux.pipeline.common]
2025-06-02 20:36:53.988 [INFO    ] Variable 'SW_OUT' might be missing from headers of file: /pscratch/sd/t/toanngo/ONEFlux/data/US-ARc_sample_output/99_fluxnet2015/FLX_US-ARc_FLUXNET2015_FULLSET_DD_2005-2006_beta-6.csv [oneflux.pipeline.common]
2025-06-02 20:36:53.989 [INFO    ] Variable 'SW_OUT_QC' might be missing from headers of file: /pscratch/sd/t/toanngo/ONEFlux/data/US-ARc_sample_output/99_fluxnet2015/FLX_US-ARc_FLUXNET2015_FULLSET_DD_2005-2006_beta-6.csv [oneflux.pipeline.common]
2025-06-02 20:36:53.989 [INFO    ] Variable 'LW_OUT' might be missing from headers of file: /pscratch/sd/t/toanngo/ONEFlux/data/US-ARc_sample_output/99_fluxnet2015/FLX_US-ARc_FLUXNET2015_FULLSET_DD_2005-2006_beta-6.csv [oneflux.pipeline.common]
2025-06-02 20:36:53.989 [INFO    ] Variable 'LW_OUT_QC' might be missing from headers of file: /pscratch/sd/t/toanngo/ONEFlux/data/US-ARc_sample_output/99_fluxnet2015/FLX_US-ARc_FLUXNET2015_FULLSET_DD_2005-2006_beta-6.csv [oneflux.pipeline.common]
2025-06-02 20:36:53.989 [INFO    ] Variable 'PA' might be missing from headers of file: /pscratch/sd/t/toanngo/ONEFlux/data/US-ARc_sample_output/99_fluxnet2015/FLX_US-ARc_FLUXNET2015_FULLSET_DD_2005-2006_beta-6.csv [oneflux.pipeline.common]
2025-06-02 20:36:53.989 [INFO    ] Variable 'P' might be missing from headers of file: /pscratch/sd/t/toanngo/ONEFlux/data/US-ARc_sample_output/99_fluxnet2015/FLX_US-ARc_FLUXNET2015_FULLSET_DD_2005-2006_beta-6.csv [oneflux.pipeline.common]
2025-06-02 20:36:53.989 [INFO    ] Variable 'WS' might be missing from headers of file: /pscratch/sd/t/toanngo/ONEFlux/data/US-ARc_sample_output/99_fluxnet2015/FLX_US-ARc_FLUXNET2015_FULLSET_DD_2005-2006_beta-6.csv [oneflux.pipeline.common]
2025-06-02 20:36:53.989 [INFO    ] Variable 'WD' might be missing from headers of file: /pscratch/sd/t/toanngo/ONEFlux/data/US-ARc_sample_output/99_fluxnet2015/FLX_US-ARc_FLUXNET2015_FULLSET_DD_2005-2006_beta-6.csv [oneflux.pipeline.common]
2025-06-02 20:36:53.989 [INFO    ] Variable 'RH' might be missing from headers of file: /pscratch/sd/t/toanngo/ONEFlux/data/US-ARc_sample_output/99_fluxnet2015/FLX_US-ARc_FLUXNET2015_FULLSET_DD_2005-2006_beta-6.csv [oneflux.pipeline.common]
2025-06-02 20:36:53.989 [INFO    ] Variable 'LE_RANDUNC_METHOD' might be missing from headers of file: /pscratch/sd/t/toanngo/ONEFlux/data/US-ARc_sample_output/99_fluxnet2015/FLX_US-ARc_FLUXNET2015_FULLSET_DD_2005-2006_beta-6.csv [oneflux.pipeline.common]
2025-06-02 20:36:53.989 [INFO    ] Variable 'LE_RANDUNC_N' might be missing from headers of file: /pscratch/sd/t/toanngo/ONEFlux/data/US-ARc_sample_output/99_fluxnet2015/FLX_US-ARc_FLUXNET2015_FULLSET_DD_2005-2006_beta-6.csv [oneflux.pipeline.common]
2025-06-02 20:36:53.989 [INFO    ] Variable 'H_RANDUNC_METHOD' might be missing from headers of file: /pscratch/sd/t/toanngo/ONEFlux/data/US-ARc_sample_output/99_fluxnet2015/FLX_US-ARc_FLUXNET2015_FULLSET_DD_2005-2006_beta-6.csv [oneflux.pipeline.common]
2025-06-02 20:36:53.989 [INFO    ] Variable 'H_RANDUNC_N' might be missing from headers of file: /pscratch/sd/t/toanngo/ONEFlux/data/US-ARc_sample_output/99_fluxnet2015/FLX_US-ARc_FLUXNET2015_FULLSET_DD_2005-2006_beta-6.csv [oneflux.pipeline.common]
2025-06-02 20:36:53.990 [INFO    ] Variable 'NEE_CUT_REF' might be missing from headers of file: /pscratch/sd/t/toanngo/ONEFlux/data/US-ARc_sample_output/99_fluxnet2015/FLX_US-ARc_FLUXNET2015_FULLSET_DD_2005-2006_beta-6.csv [oneflux.pipeline.common]
2025-06-02 20:36:53.990 [INFO    ] Variable 'NEE_CUT_REF_QC' might be missing from headers of file: /pscratch/sd/t/toanngo/ONEFlux/data/US-ARc_sample_output/99_fluxnet2015/FLX_US-ARc_FLUXNET2015_FULLSET_DD_2005-2006_beta-6.csv [oneflux.pipeline.common]
2025-06-02 20:36:53.990 [INFO    ] Variable 'NEE_CUT_REF_RANDUNC' might be missing from headers of file: /pscratch/sd/t/toanngo/ONEFlux/data/US-ARc_sample_output/99_fluxnet2015/FLX_US-ARc_FLUXNET2015_FULLSET_DD_2005-2006_beta-6.csv [oneflux.pipeline.common]
2025-06-02 20:36:53.990 [INFO    ] Variable 'RECO_NT_CUT_REF' might be missing from headers of file: /pscratch/sd/t/toanngo/ONEFlux/data/US-ARc_sample_output/99_fluxnet2015/FLX_US-ARc_FLUXNET2015_FULLSET_DD_2005-2006_beta-6.csv [oneflux.pipeline.common]
2025-06-02 20:36:53.990 [INFO    ] Variable 'GPP_NT_CUT_REF' might be missing from headers of file: /pscratch/sd/t/toanngo/ONEFlux/data/US-ARc_sample_output/99_fluxnet2015/FLX_US-ARc_FLUXNET2015_FULLSET_DD_2005-2006_beta-6.csv [oneflux.pipeline.common]
2025-06-02 20:36:53.990 [INFO    ] Variable 'RECO_DT_CUT_REF' might be missing from headers of file: /pscratch/sd/t/toanngo/ONEFlux/data/US-ARc_sample_output/99_fluxnet2015/FLX_US-ARc_FLUXNET2015_FULLSET_DD_2005-2006_beta-6.csv [oneflux.pipeline.common]
2025-06-02 20:36:53.990 [INFO    ] Variable 'GPP_DT_CUT_REF' might be missing from headers of file: /pscratch/sd/t/toanngo/ONEFlux/data/US-ARc_sample_output/99_fluxnet2015/FLX_US-ARc_FLUXNET2015_FULLSET_DD_2005-2006_beta-6.csv [oneflux.pipeline.common]
2025-06-02 20:36:53.990 [INFO    ] Variable 'TS_F_MDS_2' might be missing from headers of file: /pscratch/sd/t/toanngo/ONEFlux/data/US-ARc_sample_output/99_fluxnet2015/FLX_US-ARc_FLUXNET2015_FULLSET_DD_2005-2006_beta-6.csv [oneflux.pipeline.common]
2025-06-02 20:36:53.990 [INFO    ] Variable 'TS_F_MDS_3' might be missing from headers of file: /pscratch/sd/t/toanngo/ONEFlux/data/US-ARc_sample_output/99_fluxnet2015/FLX_US-ARc_FLUXNET2015_FULLSET_DD_2005-2006_beta-6.csv [oneflux.pipeline.common]
2025-06-02 20:36:53.990 [INFO    ] Variable 'TS_F_MDS_4' might be missing from headers of file: /pscratch/sd/t/toanngo/ONEFlux/data/US-ARc_sample_output/99_fluxnet2015/FLX_US-ARc_FLUXNET2015_FULLSET_DD_2005-2006_beta-6.csv [oneflux.pipeline.common]
2025-06-02 20:36:53.990 [INFO    ] Variable 'TS_F_MDS_5' might be missing from headers of file: /pscratch/sd/t/toanngo/ONEFlux/data/US-ARc_sample_output/99_fluxnet2015/FLX_US-ARc_FLUXNET2015_FULLSET_DD_2005-2006_beta-6.csv [oneflux.pipeline.common]
2025-06-02 20:36:53.991 [INFO    ] Variable 'TS_F_MDS_6' might be missing from headers of file: /pscratch/sd/t/toanngo/ONEFlux/data/US-ARc_sample_output/99_fluxnet2015/FLX_US-ARc_FLUXNET2015_FULLSET_DD_2005-2006_beta-6.csv [oneflux.pipeline.common]
2025-06-02 20:36:53.991 [INFO    ] Variable 'TS_F_MDS_7' might be missing from headers of file: /pscratch/sd/t/toanngo/ONEFlux/data/US-ARc_sample_output/99_fluxnet2015/FLX_US-ARc_FLUXNET2015_FULLSET_DD_2005-2006_beta-6.csv [oneflux.pipeline.common]
2025-06-02 20:36:53.991 [INFO    ] Variable 'TS_F_MDS_8' might be missing from headers of file: /pscratch/sd/t/toanngo/ONEFlux/data/US-ARc_sample_output/99_fluxnet2015/FLX_US-ARc_FLUXNET2015_FULLSET_DD_2005-2006_beta-6.csv [oneflux.pipeline.common]
2025-06-02 20:36:53.991 [INFO    ] Variable 'TS_F_MDS_9' might be missing from headers of file: /pscratch/sd/t/toanngo/ONEFlux/data/US-ARc_sample_output/99_fluxnet2015/FLX_US-ARc_FLUXNET2015_FULLSET_DD_2005-2006_beta-6.csv [oneflux.pipeline.common]
2025-06-02 20:36:53.991 [INFO    ] Variable 'TS_F_MDS_10' might be missing from headers of file: /pscratch/sd/t/toanngo/ONEFlux/data/US-ARc_sample_output/99_fluxnet2015/FLX_US-ARc_FLUXNET2015_FULLSET_DD_2005-2006_beta-6.csv [oneflux.pipeline.common]
2025-06-02 20:36:53.991 [INFO    ] Variable 'TS_F_MDS_11' might be missing from headers of file: /pscratch/sd/t/toanngo/ONEFlux/data/US-ARc_sample_output/99_fluxnet2015/FLX_US-ARc_FLUXNET2015_FULLSET_DD_2005-2006_beta-6.csv [oneflux.pipeline.common]
2025-06-02 20:36:53.991 [INFO    ] Variable 'TS_F_MDS_12' might be missing from headers of file: /pscratch/sd/t/toanngo/ONEFlux/data/US-ARc_sample_output/99_fluxnet2015/FLX_US-ARc_FLUXNET2015_FULLSET_DD_2005-2006_beta-6.csv [oneflux.pipeline.common]
2025-06-02 20:36:53.991 [INFO    ] Variable 'TS_F_MDS_13' might be missing from headers of file: /pscratch/sd/t/toanngo/ONEFlux/data/US-ARc_sample_output/99_fluxnet2015/FLX_US-ARc_FLUXNET2015_FULLSET_DD_2005-2006_beta-6.csv [oneflux.pipeline.common]
2025-06-02 20:36:53.991 [INFO    ] Variable 'TS_F_MDS_14' might be missing from headers of file: /pscratch/sd/t/toanngo/ONEFlux/data/US-ARc_sample_output/99_fluxnet2015/FLX_US-ARc_FLUXNET2015_FULLSET_DD_2005-2006_beta-6.csv [oneflux.pipeline.common]
2025-06-02 20:36:53.991 [INFO    ] Variable 'TS_F_MDS_15' might be missing from headers of file: /pscratch/sd/t/toanngo/ONEFlux/data/US-ARc_sample_output/99_fluxnet2015/FLX_US-ARc_FLUXNET2015_FULLSET_DD_2005-2006_beta-6.csv [oneflux.pipeline.common]
2025-06-02 20:36:53.991 [INFO    ] Variable 'TS_F_MDS_16' might be missing from headers of file: /pscratch/sd/t/toanngo/ONEFlux/data/US-ARc_sample_output/99_fluxnet2015/FLX_US-ARc_FLUXNET2015_FULLSET_DD_2005-2006_beta-6.csv [oneflux.pipeline.common]
2025-06-02 20:36:53.991 [INFO    ] Variable 'TS_F_MDS_17' might be missing from headers of file: /pscratch/sd/t/toanngo/ONEFlux/data/US-ARc_sample_output/99_fluxnet2015/FLX_US-ARc_FLUXNET2015_FULLSET_DD_2005-2006_beta-6.csv [oneflux.pipeline.common]
2025-06-02 20:36:53.992 [INFO    ] Variable 'TS_F_MDS_18' might be missing from headers of file: /pscratch/sd/t/toanngo/ONEFlux/data/US-ARc_sample_output/99_fluxnet2015/FLX_US-ARc_FLUXNET2015_FULLSET_DD_2005-2006_beta-6.csv [oneflux.pipeline.common]
2025-06-02 20:36:53.992 [INFO    ] Variable 'TS_F_MDS_19' might be missing from headers of file: /pscratch/sd/t/toanngo/ONEFlux/data/US-ARc_sample_output/99_fluxnet2015/FLX_US-ARc_FLUXNET2015_FULLSET_DD_2005-2006_beta-6.csv [oneflux.pipeline.common]
2025-06-02 20:36:53.992 [INFO    ] Variable 'TS_F_MDS_2_QC' might be missing from headers of file: /pscratch/sd/t/toanngo/ONEFlux/data/US-ARc_sample_output/99_fluxnet2015/FLX_US-ARc_FLUXNET2015_FULLSET_DD_2005-2006_beta-6.csv [oneflux.pipeline.common]
2025-06-02 20:36:53.992 [INFO    ] Variable 'TS_F_MDS_3_QC' might be missing from headers of file: /pscratch/sd/t/toanngo/ONEFlux/data/US-ARc_sample_output/99_fluxnet2015/FLX_US-ARc_FLUXNET2015_FULLSET_DD_2005-2006_beta-6.csv [oneflux.pipeline.common]
2025-06-02 20:36:53.992 [INFO    ] Variable 'TS_F_MDS_4_QC' might be missing from headers of file: /pscratch/sd/t/toanngo/ONEFlux/data/US-ARc_sample_output/99_fluxnet2015/FLX_US-ARc_FLUXNET2015_FULLSET_DD_2005-2006_beta-6.csv [oneflux.pipeline.common]
2025-06-02 20:36:53.992 [INFO    ] Variable 'TS_F_MDS_5_QC' might be missing from headers of file: /pscratch/sd/t/toanngo/ONEFlux/data/US-ARc_sample_output/99_fluxnet2015/FLX_US-ARc_FLUXNET2015_FULLSET_DD_2005-2006_beta-6.csv [oneflux.pipeline.common]
2025-06-02 20:36:53.992 [INFO    ] Variable 'TS_F_MDS_6_QC' might be missing from headers of file: /pscratch/sd/t/toanngo/ONEFlux/data/US-ARc_sample_output/99_fluxnet2015/FLX_US-ARc_FLUXNET2015_FULLSET_DD_2005-2006_beta-6.csv [oneflux.pipeline.common]
2025-06-02 20:36:53.992 [INFO    ] Variable 'TS_F_MDS_7_QC' might be missing from headers of file: /pscratch/sd/t/toanngo/ONEFlux/data/US-ARc_sample_output/99_fluxnet2015/FLX_US-ARc_FLUXNET2015_FULLSET_DD_2005-2006_beta-6.csv [oneflux.pipeline.common]
2025-06-02 20:36:53.992 [INFO    ] Variable 'TS_F_MDS_8_QC' might be missing from headers of file: /pscratch/sd/t/toanngo/ONEFlux/data/US-ARc_sample_output/99_fluxnet2015/FLX_US-ARc_FLUXNET2015_FULLSET_DD_2005-2006_beta-6.csv [oneflux.pipeline.common]
2025-06-02 20:36:53.992 [INFO    ] Variable 'TS_F_MDS_9_QC' might be missing from headers of file: /pscratch/sd/t/toanngo/ONEFlux/data/US-ARc_sample_output/99_fluxnet2015/FLX_US-ARc_FLUXNET2015_FULLSET_DD_2005-2006_beta-6.csv [oneflux.pipeline.common]
2025-06-02 20:36:53.992 [INFO    ] Variable 'TS_F_MDS_10_QC' might be missing from headers of file: /pscratch/sd/t/toanngo/ONEFlux/data/US-ARc_sample_output/99_fluxnet2015/FLX_US-ARc_FLUXNET2015_FULLSET_DD_2005-2006_beta-6.csv [oneflux.pipeline.common]
2025-06-02 20:36:53.992 [INFO    ] Variable 'TS_F_MDS_11_QC' might be missing from headers of file: /pscratch/sd/t/toanngo/ONEFlux/data/US-ARc_sample_output/99_fluxnet2015/FLX_US-ARc_FLUXNET2015_FULLSET_DD_2005-2006_beta-6.csv [oneflux.pipeline.common]
2025-06-02 20:36:53.993 [INFO    ] Variable 'TS_F_MDS_12_QC' might be missing from headers of file: /pscratch/sd/t/toanngo/ONEFlux/data/US-ARc_sample_output/99_fluxnet2015/FLX_US-ARc_FLUXNET2015_FULLSET_DD_2005-2006_beta-6.csv [oneflux.pipeline.common]
2025-06-02 20:36:53.993 [INFO    ] Variable 'TS_F_MDS_13_QC' might be missing from headers of file: /pscratch/sd/t/toanngo/ONEFlux/data/US-ARc_sample_output/99_fluxnet2015/FLX_US-ARc_FLUXNET2015_FULLSET_DD_2005-2006_beta-6.csv [oneflux.pipeline.common]
2025-06-02 20:36:53.993 [INFO    ] Variable 'TS_F_MDS_14_QC' might be missing from headers of file: /pscratch/sd/t/toanngo/ONEFlux/data/US-ARc_sample_output/99_fluxnet2015/FLX_US-ARc_FLUXNET2015_FULLSET_DD_2005-2006_beta-6.csv [oneflux.pipeline.common]
2025-06-02 20:36:53.993 [INFO    ] Variable 'TS_F_MDS_15_QC' might be missing from headers of file: /pscratch/sd/t/toanngo/ONEFlux/data/US-ARc_sample_output/99_fluxnet2015/FLX_US-ARc_FLUXNET2015_FULLSET_DD_2005-2006_beta-6.csv [oneflux.pipeline.common]
2025-06-02 20:36:53.993 [INFO    ] Variable 'TS_F_MDS_16_QC' might be missing from headers of file: /pscratch/sd/t/toanngo/ONEFlux/data/US-ARc_sample_output/99_fluxnet2015/FLX_US-ARc_FLUXNET2015_FULLSET_DD_2005-2006_beta-6.csv [oneflux.pipeline.common]
2025-06-02 20:36:53.993 [INFO    ] Variable 'TS_F_MDS_17_QC' might be missing from headers of file: /pscratch/sd/t/toanngo/ONEFlux/data/US-ARc_sample_output/99_fluxnet2015/FLX_US-ARc_FLUXNET2015_FULLSET_DD_2005-2006_beta-6.csv [oneflux.pipeline.common]
2025-06-02 20:36:53.993 [INFO    ] Variable 'TS_F_MDS_18_QC' might be missing from headers of file: /pscratch/sd/t/toanngo/ONEFlux/data/US-ARc_sample_output/99_fluxnet2015/FLX_US-ARc_FLUXNET2015_FULLSET_DD_2005-2006_beta-6.csv [oneflux.pipeline.common]
2025-06-02 20:36:53.993 [INFO    ] Variable 'TS_F_MDS_19_QC' might be missing from headers of file: /pscratch/sd/t/toanngo/ONEFlux/data/US-ARc_sample_output/99_fluxnet2015/FLX_US-ARc_FLUXNET2015_FULLSET_DD_2005-2006_beta-6.csv [oneflux.pipeline.common]
2025-06-02 20:36:53.993 [INFO    ] Variable 'SWC_F_MDS_2' might be missing from headers of file: /pscratch/sd/t/toanngo/ONEFlux/data/US-ARc_sample_output/99_fluxnet2015/FLX_US-ARc_FLUXNET2015_FULLSET_DD_2005-2006_beta-6.csv [oneflux.pipeline.common]
2025-06-02 20:36:53.993 [INFO    ] Variable 'SWC_F_MDS_3' might be missing from headers of file: /pscratch/sd/t/toanngo/ONEFlux/data/US-ARc_sample_output/99_fluxnet2015/FLX_US-ARc_FLUXNET2015_FULLSET_DD_2005-2006_beta-6.csv [oneflux.pipeline.common]
2025-06-02 20:36:53.993 [INFO    ] Variable 'SWC_F_MDS_4' might be missing from headers of file: /pscratch/sd/t/toanngo/ONEFlux/data/US-ARc_sample_output/99_fluxnet2015/FLX_US-ARc_FLUXNET2015_FULLSET_DD_2005-2006_beta-6.csv [oneflux.pipeline.common]
2025-06-02 20:36:53.994 [INFO    ] Variable 'SWC_F_MDS_5' might be missing from headers of file: /pscratch/sd/t/toanngo/ONEFlux/data/US-ARc_sample_output/99_fluxnet2015/FLX_US-ARc_FLUXNET2015_FULLSET_DD_2005-2006_beta-6.csv [oneflux.pipeline.common]
2025-06-02 20:36:53.994 [INFO    ] Variable 'SWC_F_MDS_6' might be missing from headers of file: /pscratch/sd/t/toanngo/ONEFlux/data/US-ARc_sample_output/99_fluxnet2015/FLX_US-ARc_FLUXNET2015_FULLSET_DD_2005-2006_beta-6.csv [oneflux.pipeline.common]
2025-06-02 20:36:53.994 [INFO    ] Variable 'SWC_F_MDS_7' might be missing from headers of file: /pscratch/sd/t/toanngo/ONEFlux/data/US-ARc_sample_output/99_fluxnet2015/FLX_US-ARc_FLUXNET2015_FULLSET_DD_2005-2006_beta-6.csv [oneflux.pipeline.common]
2025-06-02 20:36:53.994 [INFO    ] Variable 'SWC_F_MDS_8' might be missing from headers of file: /pscratch/sd/t/toanngo/ONEFlux/data/US-ARc_sample_output/99_fluxnet2015/FLX_US-ARc_FLUXNET2015_FULLSET_DD_2005-2006_beta-6.csv [oneflux.pipeline.common]
2025-06-02 20:36:53.994 [INFO    ] Variable 'SWC_F_MDS_9' might be missing from headers of file: /pscratch/sd/t/toanngo/ONEFlux/data/US-ARc_sample_output/99_fluxnet2015/FLX_US-ARc_FLUXNET2015_FULLSET_DD_2005-2006_beta-6.csv [oneflux.pipeline.common]
2025-06-02 20:36:53.994 [INFO    ] Variable 'SWC_F_MDS_10' might be missing from headers of file: /pscratch/sd/t/toanngo/ONEFlux/data/US-ARc_sample_output/99_fluxnet2015/FLX_US-ARc_FLUXNET2015_FULLSET_DD_2005-2006_beta-6.csv [oneflux.pipeline.common]
2025-06-02 20:36:53.994 [INFO    ] Variable 'SWC_F_MDS_11' might be missing from headers of file: /pscratch/sd/t/toanngo/ONEFlux/data/US-ARc_sample_output/99_fluxnet2015/FLX_US-ARc_FLUXNET2015_FULLSET_DD_2005-2006_beta-6.csv [oneflux.pipeline.common]
2025-06-02 20:36:53.994 [INFO    ] Variable 'SWC_F_MDS_12' might be missing from headers of file: /pscratch/sd/t/toanngo/ONEFlux/data/US-ARc_sample_output/99_fluxnet2015/FLX_US-ARc_FLUXNET2015_FULLSET_DD_2005-2006_beta-6.csv [oneflux.pipeline.common]
2025-06-02 20:36:53.994 [INFO    ] Variable 'SWC_F_MDS_13' might be missing from headers of file: /pscratch/sd/t/toanngo/ONEFlux/data/US-ARc_sample_output/99_fluxnet2015/FLX_US-ARc_FLUXNET2015_FULLSET_DD_2005-2006_beta-6.csv [oneflux.pipeline.common]
2025-06-02 20:36:53.994 [INFO    ] Variable 'SWC_F_MDS_14' might be missing from headers of file: /pscratch/sd/t/toanngo/ONEFlux/data/US-ARc_sample_output/99_fluxnet2015/FLX_US-ARc_FLUXNET2015_FULLSET_DD_2005-2006_beta-6.csv [oneflux.pipeline.common]
2025-06-02 20:36:53.994 [INFO    ] Variable 'SWC_F_MDS_15' might be missing from headers of file: /pscratch/sd/t/toanngo/ONEFlux/data/US-ARc_sample_output/99_fluxnet2015/FLX_US-ARc_FLUXNET2015_FULLSET_DD_2005-2006_beta-6.csv [oneflux.pipeline.common]
2025-06-02 20:36:53.994 [INFO    ] Variable 'SWC_F_MDS_16' might be missing from headers of file: /pscratch/sd/t/toanngo/ONEFlux/data/US-ARc_sample_output/99_fluxnet2015/FLX_US-ARc_FLUXNET2015_FULLSET_DD_2005-2006_beta-6.csv [oneflux.pipeline.common]
2025-06-02 20:36:53.995 [INFO    ] Variable 'SWC_F_MDS_17' might be missing from headers of file: /pscratch/sd/t/toanngo/ONEFlux/data/US-ARc_sample_output/99_fluxnet2015/FLX_US-ARc_FLUXNET2015_FULLSET_DD_2005-2006_beta-6.csv [oneflux.pipeline.common]
2025-06-02 20:36:53.995 [INFO    ] Variable 'SWC_F_MDS_18' might be missing from headers of file: /pscratch/sd/t/toanngo/ONEFlux/data/US-ARc_sample_output/99_fluxnet2015/FLX_US-ARc_FLUXNET2015_FULLSET_DD_2005-2006_beta-6.csv [oneflux.pipeline.common]
2025-06-02 20:36:53.995 [INFO    ] Variable 'SWC_F_MDS_19' might be missing from headers of file: /pscratch/sd/t/toanngo/ONEFlux/data/US-ARc_sample_output/99_fluxnet2015/FLX_US-ARc_FLUXNET2015_FULLSET_DD_2005-2006_beta-6.csv [oneflux.pipeline.common]
2025-06-02 20:36:53.995 [INFO    ] Variable 'SWC_F_MDS_2_QC' might be missing from headers of file: /pscratch/sd/t/toanngo/ONEFlux/data/US-ARc_sample_output/99_fluxnet2015/FLX_US-ARc_FLUXNET2015_FULLSET_DD_2005-2006_beta-6.csv [oneflux.pipeline.common]
2025-06-02 20:36:53.995 [INFO    ] Variable 'SWC_F_MDS_3_QC' might be missing from headers of file: /pscratch/sd/t/toanngo/ONEFlux/data/US-ARc_sample_output/99_fluxnet2015/FLX_US-ARc_FLUXNET2015_FULLSET_DD_2005-2006_beta-6.csv [oneflux.pipeline.common]
2025-06-02 20:36:53.995 [INFO    ] Variable 'SWC_F_MDS_4_QC' might be missing from headers of file: /pscratch/sd/t/toanngo/ONEFlux/data/US-ARc_sample_output/99_fluxnet2015/FLX_US-ARc_FLUXNET2015_FULLSET_DD_2005-2006_beta-6.csv [oneflux.pipeline.common]
2025-06-02 20:36:53.995 [INFO    ] Variable 'SWC_F_MDS_5_QC' might be missing from headers of file: /pscratch/sd/t/toanngo/ONEFlux/data/US-ARc_sample_output/99_fluxnet2015/FLX_US-ARc_FLUXNET2015_FULLSET_DD_2005-2006_beta-6.csv [oneflux.pipeline.common]
2025-06-02 20:36:53.995 [INFO    ] Variable 'SWC_F_MDS_6_QC' might be missing from headers of file: /pscratch/sd/t/toanngo/ONEFlux/data/US-ARc_sample_output/99_fluxnet2015/FLX_US-ARc_FLUXNET2015_FULLSET_DD_2005-2006_beta-6.csv [oneflux.pipeline.common]
2025-06-02 20:36:53.995 [INFO    ] Variable 'SWC_F_MDS_7_QC' might be missing from headers of file: /pscratch/sd/t/toanngo/ONEFlux/data/US-ARc_sample_output/99_fluxnet2015/FLX_US-ARc_FLUXNET2015_FULLSET_DD_2005-2006_beta-6.csv [oneflux.pipeline.common]
2025-06-02 20:36:53.995 [INFO    ] Variable 'SWC_F_MDS_8_QC' might be missing from headers of file: /pscratch/sd/t/toanngo/ONEFlux/data/US-ARc_sample_output/99_fluxnet2015/FLX_US-ARc_FLUXNET2015_FULLSET_DD_2005-2006_beta-6.csv [oneflux.pipeline.common]
2025-06-02 20:36:53.995 [INFO    ] Variable 'SWC_F_MDS_9_QC' might be missing from headers of file: /pscratch/sd/t/toanngo/ONEFlux/data/US-ARc_sample_output/99_fluxnet2015/FLX_US-ARc_FLUXNET2015_FULLSET_DD_2005-2006_beta-6.csv [oneflux.pipeline.common]
2025-06-02 20:36:53.996 [INFO    ] Variable 'SWC_F_MDS_10_QC' might be missing from headers of file: /pscratch/sd/t/toanngo/ONEFlux/data/US-ARc_sample_output/99_fluxnet2015/FLX_US-ARc_FLUXNET2015_FULLSET_DD_2005-2006_beta-6.csv [oneflux.pipeline.common]
2025-06-02 20:36:53.996 [INFO    ] Variable 'SWC_F_MDS_11_QC' might be missing from headers of file: /pscratch/sd/t/toanngo/ONEFlux/data/US-ARc_sample_output/99_fluxnet2015/FLX_US-ARc_FLUXNET2015_FULLSET_DD_2005-2006_beta-6.csv [oneflux.pipeline.common]
2025-06-02 20:36:53.996 [INFO    ] Variable 'SWC_F_MDS_12_QC' might be missing from headers of file: /pscratch/sd/t/toanngo/ONEFlux/data/US-ARc_sample_output/99_fluxnet2015/FLX_US-ARc_FLUXNET2015_FULLSET_DD_2005-2006_beta-6.csv [oneflux.pipeline.common]
2025-06-02 20:36:53.996 [INFO    ] Variable 'SWC_F_MDS_13_QC' might be missing from headers of file: /pscratch/sd/t/toanngo/ONEFlux/data/US-ARc_sample_output/99_fluxnet2015/FLX_US-ARc_FLUXNET2015_FULLSET_DD_2005-2006_beta-6.csv [oneflux.pipeline.common]
2025-06-02 20:36:53.996 [INFO    ] Variable 'SWC_F_MDS_14_QC' might be missing from headers of file: /pscratch/sd/t/toanngo/ONEFlux/data/US-ARc_sample_output/99_fluxnet2015/FLX_US-ARc_FLUXNET2015_FULLSET_DD_2005-2006_beta-6.csv [oneflux.pipeline.common]
2025-06-02 20:36:53.996 [INFO    ] Variable 'SWC_F_MDS_15_QC' might be missing from headers of file: /pscratch/sd/t/toanngo/ONEFlux/data/US-ARc_sample_output/99_fluxnet2015/FLX_US-ARc_FLUXNET2015_FULLSET_DD_2005-2006_beta-6.csv [oneflux.pipeline.common]
2025-06-02 20:36:53.996 [INFO    ] Variable 'SWC_F_MDS_16_QC' might be missing from headers of file: /pscratch/sd/t/toanngo/ONEFlux/data/US-ARc_sample_output/99_fluxnet2015/FLX_US-ARc_FLUXNET2015_FULLSET_DD_2005-2006_beta-6.csv [oneflux.pipeline.common]
2025-06-02 20:36:53.996 [INFO    ] Variable 'SWC_F_MDS_17_QC' might be missing from headers of file: /pscratch/sd/t/toanngo/ONEFlux/data/US-ARc_sample_output/99_fluxnet2015/FLX_US-ARc_FLUXNET2015_FULLSET_DD_2005-2006_beta-6.csv [oneflux.pipeline.common]
2025-06-02 20:36:53.996 [INFO    ] Variable 'SWC_F_MDS_18_QC' might be missing from headers of file: /pscratch/sd/t/toanngo/ONEFlux/data/US-ARc_sample_output/99_fluxnet2015/FLX_US-ARc_FLUXNET2015_FULLSET_DD_2005-2006_beta-6.csv [oneflux.pipeline.common]
2025-06-02 20:36:53.996 [INFO    ] Variable 'SWC_F_MDS_19_QC' might be missing from headers of file: /pscratch/sd/t/toanngo/ONEFlux/data/US-ARc_sample_output/99_fluxnet2015/FLX_US-ARc_FLUXNET2015_FULLSET_DD_2005-2006_beta-6.csv [oneflux.pipeline.common]
2025-06-02 20:36:53.996 [INFO    ] Variable 'NEE_CUT_05' might be missing from headers of file: /pscratch/sd/t/toanngo/ONEFlux/data/US-ARc_sample_output/99_fluxnet2015/FLX_US-ARc_FLUXNET2015_FULLSET_DD_2005-2006_beta-6.csv [oneflux.pipeline.common]
2025-06-02 20:36:53.996 [INFO    ] Variable 'NEE_CUT_16' might be missing from headers of file: /pscratch/sd/t/toanngo/ONEFlux/data/US-ARc_sample_output/99_fluxnet2015/FLX_US-ARc_FLUXNET2015_FULLSET_DD_2005-2006_beta-6.csv [oneflux.pipeline.common]
2025-06-02 20:36:53.997 [INFO    ] Variable 'NEE_CUT_25' might be missing from headers of file: /pscratch/sd/t/toanngo/ONEFlux/data/US-ARc_sample_output/99_fluxnet2015/FLX_US-ARc_FLUXNET2015_FULLSET_DD_2005-2006_beta-6.csv [oneflux.pipeline.common]
2025-06-02 20:36:53.997 [INFO    ] Variable 'NEE_CUT_50' might be missing from headers of file: /pscratch/sd/t/toanngo/ONEFlux/data/US-ARc_sample_output/99_fluxnet2015/FLX_US-ARc_FLUXNET2015_FULLSET_DD_2005-2006_beta-6.csv [oneflux.pipeline.common]
2025-06-02 20:36:53.997 [INFO    ] Variable 'NEE_CUT_75' might be missing from headers of file: /pscratch/sd/t/toanngo/ONEFlux/data/US-ARc_sample_output/99_fluxnet2015/FLX_US-ARc_FLUXNET2015_FULLSET_DD_2005-2006_beta-6.csv [oneflux.pipeline.common]
2025-06-02 20:36:53.997 [INFO    ] Variable 'NEE_CUT_84' might be missing from headers of file: /pscratch/sd/t/toanngo/ONEFlux/data/US-ARc_sample_output/99_fluxnet2015/FLX_US-ARc_FLUXNET2015_FULLSET_DD_2005-2006_beta-6.csv [oneflux.pipeline.common]
2025-06-02 20:36:53.997 [INFO    ] Variable 'NEE_CUT_95' might be missing from headers of file: /pscratch/sd/t/toanngo/ONEFlux/data/US-ARc_sample_output/99_fluxnet2015/FLX_US-ARc_FLUXNET2015_FULLSET_DD_2005-2006_beta-6.csv [oneflux.pipeline.common]
2025-06-02 20:36:53.997 [INFO    ] Variable 'NEE_CUT_05_QC' might be missing from headers of file: /pscratch/sd/t/toanngo/ONEFlux/data/US-ARc_sample_output/99_fluxnet2015/FLX_US-ARc_FLUXNET2015_FULLSET_DD_2005-2006_beta-6.csv [oneflux.pipeline.common]
2025-06-02 20:36:53.997 [INFO    ] Variable 'NEE_CUT_16_QC' might be missing from headers of file: /pscratch/sd/t/toanngo/ONEFlux/data/US-ARc_sample_output/99_fluxnet2015/FLX_US-ARc_FLUXNET2015_FULLSET_DD_2005-2006_beta-6.csv [oneflux.pipeline.common]
2025-06-02 20:36:53.997 [INFO    ] Variable 'NEE_CUT_25_QC' might be missing from headers of file: /pscratch/sd/t/toanngo/ONEFlux/data/US-ARc_sample_output/99_fluxnet2015/FLX_US-ARc_FLUXNET2015_FULLSET_DD_2005-2006_beta-6.csv [oneflux.pipeline.common]
2025-06-02 20:36:53.997 [INFO    ] Variable 'NEE_CUT_50_QC' might be missing from headers of file: /pscratch/sd/t/toanngo/ONEFlux/data/US-ARc_sample_output/99_fluxnet2015/FLX_US-ARc_FLUXNET2015_FULLSET_DD_2005-2006_beta-6.csv [oneflux.pipeline.common]
2025-06-02 20:36:53.997 [INFO    ] Variable 'NEE_CUT_75_QC' might be missing from headers of file: /pscratch/sd/t/toanngo/ONEFlux/data/US-ARc_sample_output/99_fluxnet2015/FLX_US-ARc_FLUXNET2015_FULLSET_DD_2005-2006_beta-6.csv [oneflux.pipeline.common]
2025-06-02 20:36:53.997 [INFO    ] Variable 'NEE_CUT_84_QC' might be missing from headers of file: /pscratch/sd/t/toanngo/ONEFlux/data/US-ARc_sample_output/99_fluxnet2015/FLX_US-ARc_FLUXNET2015_FULLSET_DD_2005-2006_beta-6.csv [oneflux.pipeline.common]
2025-06-02 20:36:53.997 [INFO    ] Variable 'NEE_CUT_95_QC' might be missing from headers of file: /pscratch/sd/t/toanngo/ONEFlux/data/US-ARc_sample_output/99_fluxnet2015/FLX_US-ARc_FLUXNET2015_FULLSET_DD_2005-2006_beta-6.csv [oneflux.pipeline.common]
2025-06-02 20:36:53.998 [INFO    ] Variable 'RECO_NT_CUT_05' might be missing from headers of file: /pscratch/sd/t/toanngo/ONEFlux/data/US-ARc_sample_output/99_fluxnet2015/FLX_US-ARc_FLUXNET2015_FULLSET_DD_2005-2006_beta-6.csv [oneflux.pipeline.common]
2025-06-02 20:36:53.998 [INFO    ] Variable 'RECO_NT_CUT_16' might be missing from headers of file: /pscratch/sd/t/toanngo/ONEFlux/data/US-ARc_sample_output/99_fluxnet2015/FLX_US-ARc_FLUXNET2015_FULLSET_DD_2005-2006_beta-6.csv [oneflux.pipeline.common]
2025-06-02 20:36:53.998 [INFO    ] Variable 'RECO_NT_CUT_25' might be missing from headers of file: /pscratch/sd/t/toanngo/ONEFlux/data/US-ARc_sample_output/99_fluxnet2015/FLX_US-ARc_FLUXNET2015_FULLSET_DD_2005-2006_beta-6.csv [oneflux.pipeline.common]
2025-06-02 20:36:53.998 [INFO    ] Variable 'RECO_NT_CUT_50' might be missing from headers of file: /pscratch/sd/t/toanngo/ONEFlux/data/US-ARc_sample_output/99_fluxnet2015/FLX_US-ARc_FLUXNET2015_FULLSET_DD_2005-2006_beta-6.csv [oneflux.pipeline.common]
2025-06-02 20:36:53.998 [INFO    ] Variable 'RECO_NT_CUT_75' might be missing from headers of file: /pscratch/sd/t/toanngo/ONEFlux/data/US-ARc_sample_output/99_fluxnet2015/FLX_US-ARc_FLUXNET2015_FULLSET_DD_2005-2006_beta-6.csv [oneflux.pipeline.common]
2025-06-02 20:36:53.998 [INFO    ] Variable 'RECO_NT_CUT_84' might be missing from headers of file: /pscratch/sd/t/toanngo/ONEFlux/data/US-ARc_sample_output/99_fluxnet2015/FLX_US-ARc_FLUXNET2015_FULLSET_DD_2005-2006_beta-6.csv [oneflux.pipeline.common]
2025-06-02 20:36:53.998 [INFO    ] Variable 'RECO_NT_CUT_95' might be missing from headers of file: /pscratch/sd/t/toanngo/ONEFlux/data/US-ARc_sample_output/99_fluxnet2015/FLX_US-ARc_FLUXNET2015_FULLSET_DD_2005-2006_beta-6.csv [oneflux.pipeline.common]
2025-06-02 20:36:53.998 [INFO    ] Variable 'GPP_NT_CUT_05' might be missing from headers of file: /pscratch/sd/t/toanngo/ONEFlux/data/US-ARc_sample_output/99_fluxnet2015/FLX_US-ARc_FLUXNET2015_FULLSET_DD_2005-2006_beta-6.csv [oneflux.pipeline.common]
2025-06-02 20:36:53.998 [INFO    ] Variable 'GPP_NT_CUT_16' might be missing from headers of file: /pscratch/sd/t/toanngo/ONEFlux/data/US-ARc_sample_output/99_fluxnet2015/FLX_US-ARc_FLUXNET2015_FULLSET_DD_2005-2006_beta-6.csv [oneflux.pipeline.common]
2025-06-02 20:36:53.998 [INFO    ] Variable 'GPP_NT_CUT_25' might be missing from headers of file: /pscratch/sd/t/toanngo/ONEFlux/data/US-ARc_sample_output/99_fluxnet2015/FLX_US-ARc_FLUXNET2015_FULLSET_DD_2005-2006_beta-6.csv [oneflux.pipeline.common]
2025-06-02 20:36:53.998 [INFO    ] Variable 'GPP_NT_CUT_50' might be missing from headers of file: /pscratch/sd/t/toanngo/ONEFlux/data/US-ARc_sample_output/99_fluxnet2015/FLX_US-ARc_FLUXNET2015_FULLSET_DD_2005-2006_beta-6.csv [oneflux.pipeline.common]
2025-06-02 20:36:53.998 [INFO    ] Variable 'GPP_NT_CUT_75' might be missing from headers of file: /pscratch/sd/t/toanngo/ONEFlux/data/US-ARc_sample_output/99_fluxnet2015/FLX_US-ARc_FLUXNET2015_FULLSET_DD_2005-2006_beta-6.csv [oneflux.pipeline.common]
2025-06-02 20:36:53.999 [INFO    ] Variable 'GPP_NT_CUT_84' might be missing from headers of file: /pscratch/sd/t/toanngo/ONEFlux/data/US-ARc_sample_output/99_fluxnet2015/FLX_US-ARc_FLUXNET2015_FULLSET_DD_2005-2006_beta-6.csv [oneflux.pipeline.common]
2025-06-02 20:36:53.999 [INFO    ] Variable 'GPP_NT_CUT_95' might be missing from headers of file: /pscratch/sd/t/toanngo/ONEFlux/data/US-ARc_sample_output/99_fluxnet2015/FLX_US-ARc_FLUXNET2015_FULLSET_DD_2005-2006_beta-6.csv [oneflux.pipeline.common]
2025-06-02 20:36:53.999 [INFO    ] Variable 'RECO_DT_CUT_05' might be missing from headers of file: /pscratch/sd/t/toanngo/ONEFlux/data/US-ARc_sample_output/99_fluxnet2015/FLX_US-ARc_FLUXNET2015_FULLSET_DD_2005-2006_beta-6.csv [oneflux.pipeline.common]
2025-06-02 20:36:53.999 [INFO    ] Variable 'RECO_DT_CUT_16' might be missing from headers of file: /pscratch/sd/t/toanngo/ONEFlux/data/US-ARc_sample_output/99_fluxnet2015/FLX_US-ARc_FLUXNET2015_FULLSET_DD_2005-2006_beta-6.csv [oneflux.pipeline.common]
2025-06-02 20:36:53.999 [INFO    ] Variable 'RECO_DT_CUT_25' might be missing from headers of file: /pscratch/sd/t/toanngo/ONEFlux/data/US-ARc_sample_output/99_fluxnet2015/FLX_US-ARc_FLUXNET2015_FULLSET_DD_2005-2006_beta-6.csv [oneflux.pipeline.common]
2025-06-02 20:36:53.999 [INFO    ] Variable 'RECO_DT_CUT_50' might be missing from headers of file: /pscratch/sd/t/toanngo/ONEFlux/data/US-ARc_sample_output/99_fluxnet2015/FLX_US-ARc_FLUXNET2015_FULLSET_DD_2005-2006_beta-6.csv [oneflux.pipeline.common]
2025-06-02 20:36:53.999 [INFO    ] Variable 'RECO_DT_CUT_75' might be missing from headers of file: /pscratch/sd/t/toanngo/ONEFlux/data/US-ARc_sample_output/99_fluxnet2015/FLX_US-ARc_FLUXNET2015_FULLSET_DD_2005-2006_beta-6.csv [oneflux.pipeline.common]
2025-06-02 20:36:53.999 [INFO    ] Variable 'RECO_DT_CUT_84' might be missing from headers of file: /pscratch/sd/t/toanngo/ONEFlux/data/US-ARc_sample_output/99_fluxnet2015/FLX_US-ARc_FLUXNET2015_FULLSET_DD_2005-2006_beta-6.csv [oneflux.pipeline.common]
2025-06-02 20:36:53.999 [INFO    ] Variable 'RECO_DT_CUT_95' might be missing from headers of file: /pscratch/sd/t/toanngo/ONEFlux/data/US-ARc_sample_output/99_fluxnet2015/FLX_US-ARc_FLUXNET2015_FULLSET_DD_2005-2006_beta-6.csv [oneflux.pipeline.common]
2025-06-02 20:36:53.999 [INFO    ] Variable 'GPP_DT_CUT_05' might be missing from headers of file: /pscratch/sd/t/toanngo/ONEFlux/data/US-ARc_sample_output/99_fluxnet2015/FLX_US-ARc_FLUXNET2015_FULLSET_DD_2005-2006_beta-6.csv [oneflux.pipeline.common]
2025-06-02 20:36:53.999 [INFO    ] Variable 'GPP_DT_CUT_16' might be missing from headers of file: /pscratch/sd/t/toanngo/ONEFlux/data/US-ARc_sample_output/99_fluxnet2015/FLX_US-ARc_FLUXNET2015_FULLSET_DD_2005-2006_beta-6.csv [oneflux.pipeline.common]
2025-06-02 20:36:54.000 [INFO    ] Variable 'GPP_DT_CUT_25' might be missing from headers of file: /pscratch/sd/t/toanngo/ONEFlux/data/US-ARc_sample_output/99_fluxnet2015/FLX_US-ARc_FLUXNET2015_FULLSET_DD_2005-2006_beta-6.csv [oneflux.pipeline.common]
2025-06-02 20:36:54.000 [INFO    ] Variable 'GPP_DT_CUT_50' might be missing from headers of file: /pscratch/sd/t/toanngo/ONEFlux/data/US-ARc_sample_output/99_fluxnet2015/FLX_US-ARc_FLUXNET2015_FULLSET_DD_2005-2006_beta-6.csv [oneflux.pipeline.common]
2025-06-02 20:36:54.000 [INFO    ] Variable 'GPP_DT_CUT_75' might be missing from headers of file: /pscratch/sd/t/toanngo/ONEFlux/data/US-ARc_sample_output/99_fluxnet2015/FLX_US-ARc_FLUXNET2015_FULLSET_DD_2005-2006_beta-6.csv [oneflux.pipeline.common]
2025-06-02 20:36:54.000 [INFO    ] Variable 'GPP_DT_CUT_84' might be missing from headers of file: /pscratch/sd/t/toanngo/ONEFlux/data/US-ARc_sample_output/99_fluxnet2015/FLX_US-ARc_FLUXNET2015_FULLSET_DD_2005-2006_beta-6.csv [oneflux.pipeline.common]
2025-06-02 20:36:54.000 [INFO    ] Variable 'GPP_DT_CUT_95' might be missing from headers of file: /pscratch/sd/t/toanngo/ONEFlux/data/US-ARc_sample_output/99_fluxnet2015/FLX_US-ARc_FLUXNET2015_FULLSET_DD_2005-2006_beta-6.csv [oneflux.pipeline.common]
2025-06-02 20:36:54.000 [INFO    ] Variable 'USTAR_QC' might be missing from headers of file: /pscratch/sd/t/toanngo/ONEFlux/data/US-ARc_sample_output/99_fluxnet2015/FLX_US-ARc_FLUXNET2015_FULLSET_HH_2005-2006_beta-6.csv [oneflux.pipeline.common]
2025-06-02 20:36:54.000 [INFO    ] Variable 'NETRAD_QC' might be missing from headers of file: /pscratch/sd/t/toanngo/ONEFlux/data/US-ARc_sample_output/99_fluxnet2015/FLX_US-ARc_FLUXNET2015_FULLSET_HH_2005-2006_beta-6.csv [oneflux.pipeline.common]
2025-06-02 20:36:54.000 [INFO    ] Variable 'PPFD_IN_QC' might be missing from headers of file: /pscratch/sd/t/toanngo/ONEFlux/data/US-ARc_sample_output/99_fluxnet2015/FLX_US-ARc_FLUXNET2015_FULLSET_HH_2005-2006_beta-6.csv [oneflux.pipeline.common]
2025-06-02 20:36:54.000 [INFO    ] Variable 'PPFD_DIF' might be missing from headers of file: /pscratch/sd/t/toanngo/ONEFlux/data/US-ARc_sample_output/99_fluxnet2015/FLX_US-ARc_FLUXNET2015_FULLSET_HH_2005-2006_beta-6.csv [oneflux.pipeline.common]
2025-06-02 20:36:54.001 [INFO    ] Variable 'PPFD_DIF_QC' might be missing from headers of file: /pscratch/sd/t/toanngo/ONEFlux/data/US-ARc_sample_output/99_fluxnet2015/FLX_US-ARc_FLUXNET2015_FULLSET_HH_2005-2006_beta-6.csv [oneflux.pipeline.common]
2025-06-02 20:36:54.001 [INFO    ] Variable 'PPFD_OUT' might be missing from headers of file: /pscratch/sd/t/toanngo/ONEFlux/data/US-ARc_sample_output/99_fluxnet2015/FLX_US-ARc_FLUXNET2015_FULLSET_HH_2005-2006_beta-6.csv [oneflux.pipeline.common]
2025-06-02 20:36:54.001 [INFO    ] Variable 'PPFD_OUT_QC' might be missing from headers of file: /pscratch/sd/t/toanngo/ONEFlux/data/US-ARc_sample_output/99_fluxnet2015/FLX_US-ARc_FLUXNET2015_FULLSET_HH_2005-2006_beta-6.csv [oneflux.pipeline.common]
2025-06-02 20:36:54.001 [INFO    ] Variable 'SW_DIF' might be missing from headers of file: /pscratch/sd/t/toanngo/ONEFlux/data/US-ARc_sample_output/99_fluxnet2015/FLX_US-ARc_FLUXNET2015_FULLSET_HH_2005-2006_beta-6.csv [oneflux.pipeline.common]
2025-06-02 20:36:54.001 [INFO    ] Variable 'SW_DIF_QC' might be missing from headers of file: /pscratch/sd/t/toanngo/ONEFlux/data/US-ARc_sample_output/99_fluxnet2015/FLX_US-ARc_FLUXNET2015_FULLSET_HH_2005-2006_beta-6.csv [oneflux.pipeline.common]
2025-06-02 20:36:54.001 [INFO    ] Variable 'SW_OUT' might be missing from headers of file: /pscratch/sd/t/toanngo/ONEFlux/data/US-ARc_sample_output/99_fluxnet2015/FLX_US-ARc_FLUXNET2015_FULLSET_HH_2005-2006_beta-6.csv [oneflux.pipeline.common]
2025-06-02 20:36:54.001 [INFO    ] Variable 'SW_OUT_QC' might be missing from headers of file: /pscratch/sd/t/toanngo/ONEFlux/data/US-ARc_sample_output/99_fluxnet2015/FLX_US-ARc_FLUXNET2015_FULLSET_HH_2005-2006_beta-6.csv [oneflux.pipeline.common]
2025-06-02 20:36:54.001 [INFO    ] Variable 'LW_OUT' might be missing from headers of file: /pscratch/sd/t/toanngo/ONEFlux/data/US-ARc_sample_output/99_fluxnet2015/FLX_US-ARc_FLUXNET2015_FULLSET_HH_2005-2006_beta-6.csv [oneflux.pipeline.common]
2025-06-02 20:36:54.001 [INFO    ] Variable 'LW_OUT_QC' might be missing from headers of file: /pscratch/sd/t/toanngo/ONEFlux/data/US-ARc_sample_output/99_fluxnet2015/FLX_US-ARc_FLUXNET2015_FULLSET_HH_2005-2006_beta-6.csv [oneflux.pipeline.common]
2025-06-02 20:36:54.001 [INFO    ] Variable 'NEE_CUT_REF' might be missing from headers of file: /pscratch/sd/t/toanngo/ONEFlux/data/US-ARc_sample_output/99_fluxnet2015/FLX_US-ARc_FLUXNET2015_FULLSET_HH_2005-2006_beta-6.csv [oneflux.pipeline.common]
2025-06-02 20:36:54.001 [INFO    ] Variable 'NEE_CUT_REF_QC' might be missing from headers of file: /pscratch/sd/t/toanngo/ONEFlux/data/US-ARc_sample_output/99_fluxnet2015/FLX_US-ARc_FLUXNET2015_FULLSET_HH_2005-2006_beta-6.csv [oneflux.pipeline.common]
2025-06-02 20:36:54.001 [INFO    ] Variable 'NEE_CUT_REF_RANDUNC' might be missing from headers of file: /pscratch/sd/t/toanngo/ONEFlux/data/US-ARc_sample_output/99_fluxnet2015/FLX_US-ARc_FLUXNET2015_FULLSET_HH_2005-2006_beta-6.csv [oneflux.pipeline.common]
2025-06-02 20:36:54.002 [INFO    ] Variable 'RECO_NT_CUT_REF' might be missing from headers of file: /pscratch/sd/t/toanngo/ONEFlux/data/US-ARc_sample_output/99_fluxnet2015/FLX_US-ARc_FLUXNET2015_FULLSET_HH_2005-2006_beta-6.csv [oneflux.pipeline.common]
2025-06-02 20:36:54.002 [INFO    ] Variable 'GPP_NT_CUT_REF' might be missing from headers of file: /pscratch/sd/t/toanngo/ONEFlux/data/US-ARc_sample_output/99_fluxnet2015/FLX_US-ARc_FLUXNET2015_FULLSET_HH_2005-2006_beta-6.csv [oneflux.pipeline.common]
2025-06-02 20:36:54.002 [INFO    ] Variable 'RECO_DT_CUT_REF' might be missing from headers of file: /pscratch/sd/t/toanngo/ONEFlux/data/US-ARc_sample_output/99_fluxnet2015/FLX_US-ARc_FLUXNET2015_FULLSET_HH_2005-2006_beta-6.csv [oneflux.pipeline.common]
2025-06-02 20:36:54.002 [INFO    ] Variable 'GPP_DT_CUT_REF' might be missing from headers of file: /pscratch/sd/t/toanngo/ONEFlux/data/US-ARc_sample_output/99_fluxnet2015/FLX_US-ARc_FLUXNET2015_FULLSET_HH_2005-2006_beta-6.csv [oneflux.pipeline.common]
2025-06-02 20:36:54.002 [INFO    ] Variable 'TS_F_MDS_2' might be missing from headers of file: /pscratch/sd/t/toanngo/ONEFlux/data/US-ARc_sample_output/99_fluxnet2015/FLX_US-ARc_FLUXNET2015_FULLSET_HH_2005-2006_beta-6.csv [oneflux.pipeline.common]
2025-06-02 20:36:54.002 [INFO    ] Variable 'TS_F_MDS_3' might be missing from headers of file: /pscratch/sd/t/toanngo/ONEFlux/data/US-ARc_sample_output/99_fluxnet2015/FLX_US-ARc_FLUXNET2015_FULLSET_HH_2005-2006_beta-6.csv [oneflux.pipeline.common]
2025-06-02 20:36:54.002 [INFO    ] Variable 'TS_F_MDS_4' might be missing from headers of file: /pscratch/sd/t/toanngo/ONEFlux/data/US-ARc_sample_output/99_fluxnet2015/FLX_US-ARc_FLUXNET2015_FULLSET_HH_2005-2006_beta-6.csv [oneflux.pipeline.common]
2025-06-02 20:36:54.002 [INFO    ] Variable 'TS_F_MDS_5' might be missing from headers of file: /pscratch/sd/t/toanngo/ONEFlux/data/US-ARc_sample_output/99_fluxnet2015/FLX_US-ARc_FLUXNET2015_FULLSET_HH_2005-2006_beta-6.csv [oneflux.pipeline.common]
2025-06-02 20:36:54.002 [INFO    ] Variable 'TS_F_MDS_6' might be missing from headers of file: /pscratch/sd/t/toanngo/ONEFlux/data/US-ARc_sample_output/99_fluxnet2015/FLX_US-ARc_FLUXNET2015_FULLSET_HH_2005-2006_beta-6.csv [oneflux.pipeline.common]
2025-06-02 20:36:54.002 [INFO    ] Variable 'TS_F_MDS_7' might be missing from headers of file: /pscratch/sd/t/toanngo/ONEFlux/data/US-ARc_sample_output/99_fluxnet2015/FLX_US-ARc_FLUXNET2015_FULLSET_HH_2005-2006_beta-6.csv [oneflux.pipeline.common]
2025-06-02 20:36:54.002 [INFO    ] Variable 'TS_F_MDS_8' might be missing from headers of file: /pscratch/sd/t/toanngo/ONEFlux/data/US-ARc_sample_output/99_fluxnet2015/FLX_US-ARc_FLUXNET2015_FULLSET_HH_2005-2006_beta-6.csv [oneflux.pipeline.common]
2025-06-02 20:36:54.003 [INFO    ] Variable 'TS_F_MDS_9' might be missing from headers of file: /pscratch/sd/t/toanngo/ONEFlux/data/US-ARc_sample_output/99_fluxnet2015/FLX_US-ARc_FLUXNET2015_FULLSET_HH_2005-2006_beta-6.csv [oneflux.pipeline.common]
2025-06-02 20:36:54.003 [INFO    ] Variable 'TS_F_MDS_10' might be missing from headers of file: /pscratch/sd/t/toanngo/ONEFlux/data/US-ARc_sample_output/99_fluxnet2015/FLX_US-ARc_FLUXNET2015_FULLSET_HH_2005-2006_beta-6.csv [oneflux.pipeline.common]
2025-06-02 20:36:54.003 [INFO    ] Variable 'TS_F_MDS_11' might be missing from headers of file: /pscratch/sd/t/toanngo/ONEFlux/data/US-ARc_sample_output/99_fluxnet2015/FLX_US-ARc_FLUXNET2015_FULLSET_HH_2005-2006_beta-6.csv [oneflux.pipeline.common]
2025-06-02 20:36:54.003 [INFO    ] Variable 'TS_F_MDS_12' might be missing from headers of file: /pscratch/sd/t/toanngo/ONEFlux/data/US-ARc_sample_output/99_fluxnet2015/FLX_US-ARc_FLUXNET2015_FULLSET_HH_2005-2006_beta-6.csv [oneflux.pipeline.common]
2025-06-02 20:36:54.003 [INFO    ] Variable 'TS_F_MDS_13' might be missing from headers of file: /pscratch/sd/t/toanngo/ONEFlux/data/US-ARc_sample_output/99_fluxnet2015/FLX_US-ARc_FLUXNET2015_FULLSET_HH_2005-2006_beta-6.csv [oneflux.pipeline.common]
2025-06-02 20:36:54.003 [INFO    ] Variable 'TS_F_MDS_14' might be missing from headers of file: /pscratch/sd/t/toanngo/ONEFlux/data/US-ARc_sample_output/99_fluxnet2015/FLX_US-ARc_FLUXNET2015_FULLSET_HH_2005-2006_beta-6.csv [oneflux.pipeline.common]
2025-06-02 20:36:54.003 [INFO    ] Variable 'TS_F_MDS_15' might be missing from headers of file: /pscratch/sd/t/toanngo/ONEFlux/data/US-ARc_sample_output/99_fluxnet2015/FLX_US-ARc_FLUXNET2015_FULLSET_HH_2005-2006_beta-6.csv [oneflux.pipeline.common]
2025-06-02 20:36:54.003 [INFO    ] Variable 'TS_F_MDS_16' might be missing from headers of file: /pscratch/sd/t/toanngo/ONEFlux/data/US-ARc_sample_output/99_fluxnet2015/FLX_US-ARc_FLUXNET2015_FULLSET_HH_2005-2006_beta-6.csv [oneflux.pipeline.common]
2025-06-02 20:36:54.003 [INFO    ] Variable 'TS_F_MDS_17' might be missing from headers of file: /pscratch/sd/t/toanngo/ONEFlux/data/US-ARc_sample_output/99_fluxnet2015/FLX_US-ARc_FLUXNET2015_FULLSET_HH_2005-2006_beta-6.csv [oneflux.pipeline.common]
2025-06-02 20:36:54.003 [INFO    ] Variable 'TS_F_MDS_18' might be missing from headers of file: /pscratch/sd/t/toanngo/ONEFlux/data/US-ARc_sample_output/99_fluxnet2015/FLX_US-ARc_FLUXNET2015_FULLSET_HH_2005-2006_beta-6.csv [oneflux.pipeline.common]
2025-06-02 20:36:54.003 [INFO    ] Variable 'TS_F_MDS_19' might be missing from headers of file: /pscratch/sd/t/toanngo/ONEFlux/data/US-ARc_sample_output/99_fluxnet2015/FLX_US-ARc_FLUXNET2015_FULLSET_HH_2005-2006_beta-6.csv [oneflux.pipeline.common]
2025-06-02 20:36:54.003 [INFO    ] Variable 'TS_F_MDS_2_QC' might be missing from headers of file: /pscratch/sd/t/toanngo/ONEFlux/data/US-ARc_sample_output/99_fluxnet2015/FLX_US-ARc_FLUXNET2015_FULLSET_HH_2005-2006_beta-6.csv [oneflux.pipeline.common]
2025-06-02 20:36:54.004 [INFO    ] Variable 'TS_F_MDS_3_QC' might be missing from headers of file: /pscratch/sd/t/toanngo/ONEFlux/data/US-ARc_sample_output/99_fluxnet2015/FLX_US-ARc_FLUXNET2015_FULLSET_HH_2005-2006_beta-6.csv [oneflux.pipeline.common]
2025-06-02 20:36:54.004 [INFO    ] Variable 'TS_F_MDS_4_QC' might be missing from headers of file: /pscratch/sd/t/toanngo/ONEFlux/data/US-ARc_sample_output/99_fluxnet2015/FLX_US-ARc_FLUXNET2015_FULLSET_HH_2005-2006_beta-6.csv [oneflux.pipeline.common]
2025-06-02 20:36:54.004 [INFO    ] Variable 'TS_F_MDS_5_QC' might be missing from headers of file: /pscratch/sd/t/toanngo/ONEFlux/data/US-ARc_sample_output/99_fluxnet2015/FLX_US-ARc_FLUXNET2015_FULLSET_HH_2005-2006_beta-6.csv [oneflux.pipeline.common]
2025-06-02 20:36:54.004 [INFO    ] Variable 'TS_F_MDS_6_QC' might be missing from headers of file: /pscratch/sd/t/toanngo/ONEFlux/data/US-ARc_sample_output/99_fluxnet2015/FLX_US-ARc_FLUXNET2015_FULLSET_HH_2005-2006_beta-6.csv [oneflux.pipeline.common]
2025-06-02 20:36:54.004 [INFO    ] Variable 'TS_F_MDS_7_QC' might be missing from headers of file: /pscratch/sd/t/toanngo/ONEFlux/data/US-ARc_sample_output/99_fluxnet2015/FLX_US-ARc_FLUXNET2015_FULLSET_HH_2005-2006_beta-6.csv [oneflux.pipeline.common]
2025-06-02 20:36:54.004 [INFO    ] Variable 'TS_F_MDS_8_QC' might be missing from headers of file: /pscratch/sd/t/toanngo/ONEFlux/data/US-ARc_sample_output/99_fluxnet2015/FLX_US-ARc_FLUXNET2015_FULLSET_HH_2005-2006_beta-6.csv [oneflux.pipeline.common]
2025-06-02 20:36:54.004 [INFO    ] Variable 'TS_F_MDS_9_QC' might be missing from headers of file: /pscratch/sd/t/toanngo/ONEFlux/data/US-ARc_sample_output/99_fluxnet2015/FLX_US-ARc_FLUXNET2015_FULLSET_HH_2005-2006_beta-6.csv [oneflux.pipeline.common]
2025-06-02 20:36:54.004 [INFO    ] Variable 'TS_F_MDS_10_QC' might be missing from headers of file: /pscratch/sd/t/toanngo/ONEFlux/data/US-ARc_sample_output/99_fluxnet2015/FLX_US-ARc_FLUXNET2015_FULLSET_HH_2005-2006_beta-6.csv [oneflux.pipeline.common]
2025-06-02 20:36:54.004 [INFO    ] Variable 'TS_F_MDS_11_QC' might be missing from headers of file: /pscratch/sd/t/toanngo/ONEFlux/data/US-ARc_sample_output/99_fluxnet2015/FLX_US-ARc_FLUXNET2015_FULLSET_HH_2005-2006_beta-6.csv [oneflux.pipeline.common]
2025-06-02 20:36:54.004 [INFO    ] Variable 'TS_F_MDS_12_QC' might be missing from headers of file: /pscratch/sd/t/toanngo/ONEFlux/data/US-ARc_sample_output/99_fluxnet2015/FLX_US-ARc_FLUXNET2015_FULLSET_HH_2005-2006_beta-6.csv [oneflux.pipeline.common]
2025-06-02 20:36:54.004 [INFO    ] Variable 'TS_F_MDS_13_QC' might be missing from headers of file: /pscratch/sd/t/toanngo/ONEFlux/data/US-ARc_sample_output/99_fluxnet2015/FLX_US-ARc_FLUXNET2015_FULLSET_HH_2005-2006_beta-6.csv [oneflux.pipeline.common]
2025-06-02 20:36:54.004 [INFO    ] Variable 'TS_F_MDS_14_QC' might be missing from headers of file: /pscratch/sd/t/toanngo/ONEFlux/data/US-ARc_sample_output/99_fluxnet2015/FLX_US-ARc_FLUXNET2015_FULLSET_HH_2005-2006_beta-6.csv [oneflux.pipeline.common]
2025-06-02 20:36:54.005 [INFO    ] Variable 'TS_F_MDS_15_QC' might be missing from headers of file: /pscratch/sd/t/toanngo/ONEFlux/data/US-ARc_sample_output/99_fluxnet2015/FLX_US-ARc_FLUXNET2015_FULLSET_HH_2005-2006_beta-6.csv [oneflux.pipeline.common]
2025-06-02 20:36:54.005 [INFO    ] Variable 'TS_F_MDS_16_QC' might be missing from headers of file: /pscratch/sd/t/toanngo/ONEFlux/data/US-ARc_sample_output/99_fluxnet2015/FLX_US-ARc_FLUXNET2015_FULLSET_HH_2005-2006_beta-6.csv [oneflux.pipeline.common]
2025-06-02 20:36:54.005 [INFO    ] Variable 'TS_F_MDS_17_QC' might be missing from headers of file: /pscratch/sd/t/toanngo/ONEFlux/data/US-ARc_sample_output/99_fluxnet2015/FLX_US-ARc_FLUXNET2015_FULLSET_HH_2005-2006_beta-6.csv [oneflux.pipeline.common]
2025-06-02 20:36:54.005 [INFO    ] Variable 'TS_F_MDS_18_QC' might be missing from headers of file: /pscratch/sd/t/toanngo/ONEFlux/data/US-ARc_sample_output/99_fluxnet2015/FLX_US-ARc_FLUXNET2015_FULLSET_HH_2005-2006_beta-6.csv [oneflux.pipeline.common]
2025-06-02 20:36:54.005 [INFO    ] Variable 'TS_F_MDS_19_QC' might be missing from headers of file: /pscratch/sd/t/toanngo/ONEFlux/data/US-ARc_sample_output/99_fluxnet2015/FLX_US-ARc_FLUXNET2015_FULLSET_HH_2005-2006_beta-6.csv [oneflux.pipeline.common]
2025-06-02 20:36:54.005 [INFO    ] Variable 'SWC_F_MDS_2' might be missing from headers of file: /pscratch/sd/t/toanngo/ONEFlux/data/US-ARc_sample_output/99_fluxnet2015/FLX_US-ARc_FLUXNET2015_FULLSET_HH_2005-2006_beta-6.csv [oneflux.pipeline.common]
2025-06-02 20:36:54.005 [INFO    ] Variable 'SWC_F_MDS_3' might be missing from headers of file: /pscratch/sd/t/toanngo/ONEFlux/data/US-ARc_sample_output/99_fluxnet2015/FLX_US-ARc_FLUXNET2015_FULLSET_HH_2005-2006_beta-6.csv [oneflux.pipeline.common]
2025-06-02 20:36:54.005 [INFO    ] Variable 'SWC_F_MDS_4' might be missing from headers of file: /pscratch/sd/t/toanngo/ONEFlux/data/US-ARc_sample_output/99_fluxnet2015/FLX_US-ARc_FLUXNET2015_FULLSET_HH_2005-2006_beta-6.csv [oneflux.pipeline.common]
2025-06-02 20:36:54.005 [INFO    ] Variable 'SWC_F_MDS_5' might be missing from headers of file: /pscratch/sd/t/toanngo/ONEFlux/data/US-ARc_sample_output/99_fluxnet2015/FLX_US-ARc_FLUXNET2015_FULLSET_HH_2005-2006_beta-6.csv [oneflux.pipeline.common]
2025-06-02 20:36:54.005 [INFO    ] Variable 'SWC_F_MDS_6' might be missing from headers of file: /pscratch/sd/t/toanngo/ONEFlux/data/US-ARc_sample_output/99_fluxnet2015/FLX_US-ARc_FLUXNET2015_FULLSET_HH_2005-2006_beta-6.csv [oneflux.pipeline.common]
2025-06-02 20:36:54.005 [INFO    ] Variable 'SWC_F_MDS_7' might be missing from headers of file: /pscratch/sd/t/toanngo/ONEFlux/data/US-ARc_sample_output/99_fluxnet2015/FLX_US-ARc_FLUXNET2015_FULLSET_HH_2005-2006_beta-6.csv [oneflux.pipeline.common]
2025-06-02 20:36:54.005 [INFO    ] Variable 'SWC_F_MDS_8' might be missing from headers of file: /pscratch/sd/t/toanngo/ONEFlux/data/US-ARc_sample_output/99_fluxnet2015/FLX_US-ARc_FLUXNET2015_FULLSET_HH_2005-2006_beta-6.csv [oneflux.pipeline.common]
2025-06-02 20:36:54.006 [INFO    ] Variable 'SWC_F_MDS_9' might be missing from headers of file: /pscratch/sd/t/toanngo/ONEFlux/data/US-ARc_sample_output/99_fluxnet2015/FLX_US-ARc_FLUXNET2015_FULLSET_HH_2005-2006_beta-6.csv [oneflux.pipeline.common]
2025-06-02 20:36:54.006 [INFO    ] Variable 'SWC_F_MDS_10' might be missing from headers of file: /pscratch/sd/t/toanngo/ONEFlux/data/US-ARc_sample_output/99_fluxnet2015/FLX_US-ARc_FLUXNET2015_FULLSET_HH_2005-2006_beta-6.csv [oneflux.pipeline.common]
2025-06-02 20:36:54.006 [INFO    ] Variable 'SWC_F_MDS_11' might be missing from headers of file: /pscratch/sd/t/toanngo/ONEFlux/data/US-ARc_sample_output/99_fluxnet2015/FLX_US-ARc_FLUXNET2015_FULLSET_HH_2005-2006_beta-6.csv [oneflux.pipeline.common]
2025-06-02 20:36:54.006 [INFO    ] Variable 'SWC_F_MDS_12' might be missing from headers of file: /pscratch/sd/t/toanngo/ONEFlux/data/US-ARc_sample_output/99_fluxnet2015/FLX_US-ARc_FLUXNET2015_FULLSET_HH_2005-2006_beta-6.csv [oneflux.pipeline.common]
2025-06-02 20:36:54.006 [INFO    ] Variable 'SWC_F_MDS_13' might be missing from headers of file: /pscratch/sd/t/toanngo/ONEFlux/data/US-ARc_sample_output/99_fluxnet2015/FLX_US-ARc_FLUXNET2015_FULLSET_HH_2005-2006_beta-6.csv [oneflux.pipeline.common]
2025-06-02 20:36:54.006 [INFO    ] Variable 'SWC_F_MDS_14' might be missing from headers of file: /pscratch/sd/t/toanngo/ONEFlux/data/US-ARc_sample_output/99_fluxnet2015/FLX_US-ARc_FLUXNET2015_FULLSET_HH_2005-2006_beta-6.csv [oneflux.pipeline.common]
2025-06-02 20:36:54.006 [INFO    ] Variable 'SWC_F_MDS_15' might be missing from headers of file: /pscratch/sd/t/toanngo/ONEFlux/data/US-ARc_sample_output/99_fluxnet2015/FLX_US-ARc_FLUXNET2015_FULLSET_HH_2005-2006_beta-6.csv [oneflux.pipeline.common]
2025-06-02 20:36:54.006 [INFO    ] Variable 'SWC_F_MDS_16' might be missing from headers of file: /pscratch/sd/t/toanngo/ONEFlux/data/US-ARc_sample_output/99_fluxnet2015/FLX_US-ARc_FLUXNET2015_FULLSET_HH_2005-2006_beta-6.csv [oneflux.pipeline.common]
2025-06-02 20:36:54.006 [INFO    ] Variable 'SWC_F_MDS_17' might be missing from headers of file: /pscratch/sd/t/toanngo/ONEFlux/data/US-ARc_sample_output/99_fluxnet2015/FLX_US-ARc_FLUXNET2015_FULLSET_HH_2005-2006_beta-6.csv [oneflux.pipeline.common]
2025-06-02 20:36:54.006 [INFO    ] Variable 'SWC_F_MDS_18' might be missing from headers of file: /pscratch/sd/t/toanngo/ONEFlux/data/US-ARc_sample_output/99_fluxnet2015/FLX_US-ARc_FLUXNET2015_FULLSET_HH_2005-2006_beta-6.csv [oneflux.pipeline.common]
2025-06-02 20:36:54.006 [INFO    ] Variable 'SWC_F_MDS_19' might be missing from headers of file: /pscratch/sd/t/toanngo/ONEFlux/data/US-ARc_sample_output/99_fluxnet2015/FLX_US-ARc_FLUXNET2015_FULLSET_HH_2005-2006_beta-6.csv [oneflux.pipeline.common]
2025-06-02 20:36:54.007 [INFO    ] Variable 'SWC_F_MDS_2_QC' might be missing from headers of file: /pscratch/sd/t/toanngo/ONEFlux/data/US-ARc_sample_output/99_fluxnet2015/FLX_US-ARc_FLUXNET2015_FULLSET_HH_2005-2006_beta-6.csv [oneflux.pipeline.common]
2025-06-02 20:36:54.007 [INFO    ] Variable 'SWC_F_MDS_3_QC' might be missing from headers of file: /pscratch/sd/t/toanngo/ONEFlux/data/US-ARc_sample_output/99_fluxnet2015/FLX_US-ARc_FLUXNET2015_FULLSET_HH_2005-2006_beta-6.csv [oneflux.pipeline.common]
2025-06-02 20:36:54.007 [INFO    ] Variable 'SWC_F_MDS_4_QC' might be missing from headers of file: /pscratch/sd/t/toanngo/ONEFlux/data/US-ARc_sample_output/99_fluxnet2015/FLX_US-ARc_FLUXNET2015_FULLSET_HH_2005-2006_beta-6.csv [oneflux.pipeline.common]
2025-06-02 20:36:54.007 [INFO    ] Variable 'SWC_F_MDS_5_QC' might be missing from headers of file: /pscratch/sd/t/toanngo/ONEFlux/data/US-ARc_sample_output/99_fluxnet2015/FLX_US-ARc_FLUXNET2015_FULLSET_HH_2005-2006_beta-6.csv [oneflux.pipeline.common]
2025-06-02 20:36:54.007 [INFO    ] Variable 'SWC_F_MDS_6_QC' might be missing from headers of file: /pscratch/sd/t/toanngo/ONEFlux/data/US-ARc_sample_output/99_fluxnet2015/FLX_US-ARc_FLUXNET2015_FULLSET_HH_2005-2006_beta-6.csv [oneflux.pipeline.common]
2025-06-02 20:36:54.007 [INFO    ] Variable 'SWC_F_MDS_7_QC' might be missing from headers of file: /pscratch/sd/t/toanngo/ONEFlux/data/US-ARc_sample_output/99_fluxnet2015/FLX_US-ARc_FLUXNET2015_FULLSET_HH_2005-2006_beta-6.csv [oneflux.pipeline.common]
2025-06-02 20:36:54.007 [INFO    ] Variable 'SWC_F_MDS_8_QC' might be missing from headers of file: /pscratch/sd/t/toanngo/ONEFlux/data/US-ARc_sample_output/99_fluxnet2015/FLX_US-ARc_FLUXNET2015_FULLSET_HH_2005-2006_beta-6.csv [oneflux.pipeline.common]
2025-06-02 20:36:54.007 [INFO    ] Variable 'SWC_F_MDS_9_QC' might be missing from headers of file: /pscratch/sd/t/toanngo/ONEFlux/data/US-ARc_sample_output/99_fluxnet2015/FLX_US-ARc_FLUXNET2015_FULLSET_HH_2005-2006_beta-6.csv [oneflux.pipeline.common]
2025-06-02 20:36:54.007 [INFO    ] Variable 'SWC_F_MDS_10_QC' might be missing from headers of file: /pscratch/sd/t/toanngo/ONEFlux/data/US-ARc_sample_output/99_fluxnet2015/FLX_US-ARc_FLUXNET2015_FULLSET_HH_2005-2006_beta-6.csv [oneflux.pipeline.common]
2025-06-02 20:36:54.007 [INFO    ] Variable 'SWC_F_MDS_11_QC' might be missing from headers of file: /pscratch/sd/t/toanngo/ONEFlux/data/US-ARc_sample_output/99_fluxnet2015/FLX_US-ARc_FLUXNET2015_FULLSET_HH_2005-2006_beta-6.csv [oneflux.pipeline.common]
2025-06-02 20:36:54.007 [INFO    ] Variable 'SWC_F_MDS_12_QC' might be missing from headers of file: /pscratch/sd/t/toanngo/ONEFlux/data/US-ARc_sample_output/99_fluxnet2015/FLX_US-ARc_FLUXNET2015_FULLSET_HH_2005-2006_beta-6.csv [oneflux.pipeline.common]
2025-06-02 20:36:54.007 [INFO    ] Variable 'SWC_F_MDS_13_QC' might be missing from headers of file: /pscratch/sd/t/toanngo/ONEFlux/data/US-ARc_sample_output/99_fluxnet2015/FLX_US-ARc_FLUXNET2015_FULLSET_HH_2005-2006_beta-6.csv [oneflux.pipeline.common]
2025-06-02 20:36:54.008 [INFO    ] Variable 'SWC_F_MDS_14_QC' might be missing from headers of file: /pscratch/sd/t/toanngo/ONEFlux/data/US-ARc_sample_output/99_fluxnet2015/FLX_US-ARc_FLUXNET2015_FULLSET_HH_2005-2006_beta-6.csv [oneflux.pipeline.common]
2025-06-02 20:36:54.008 [INFO    ] Variable 'SWC_F_MDS_15_QC' might be missing from headers of file: /pscratch/sd/t/toanngo/ONEFlux/data/US-ARc_sample_output/99_fluxnet2015/FLX_US-ARc_FLUXNET2015_FULLSET_HH_2005-2006_beta-6.csv [oneflux.pipeline.common]
2025-06-02 20:36:54.008 [INFO    ] Variable 'SWC_F_MDS_16_QC' might be missing from headers of file: /pscratch/sd/t/toanngo/ONEFlux/data/US-ARc_sample_output/99_fluxnet2015/FLX_US-ARc_FLUXNET2015_FULLSET_HH_2005-2006_beta-6.csv [oneflux.pipeline.common]
2025-06-02 20:36:54.008 [INFO    ] Variable 'SWC_F_MDS_17_QC' might be missing from headers of file: /pscratch/sd/t/toanngo/ONEFlux/data/US-ARc_sample_output/99_fluxnet2015/FLX_US-ARc_FLUXNET2015_FULLSET_HH_2005-2006_beta-6.csv [oneflux.pipeline.common]
2025-06-02 20:36:54.008 [INFO    ] Variable 'SWC_F_MDS_18_QC' might be missing from headers of file: /pscratch/sd/t/toanngo/ONEFlux/data/US-ARc_sample_output/99_fluxnet2015/FLX_US-ARc_FLUXNET2015_FULLSET_HH_2005-2006_beta-6.csv [oneflux.pipeline.common]
2025-06-02 20:36:54.008 [INFO    ] Variable 'SWC_F_MDS_19_QC' might be missing from headers of file: /pscratch/sd/t/toanngo/ONEFlux/data/US-ARc_sample_output/99_fluxnet2015/FLX_US-ARc_FLUXNET2015_FULLSET_HH_2005-2006_beta-6.csv [oneflux.pipeline.common]
2025-06-02 20:36:54.008 [INFO    ] Variable 'NEE_CUT_05' might be missing from headers of file: /pscratch/sd/t/toanngo/ONEFlux/data/US-ARc_sample_output/99_fluxnet2015/FLX_US-ARc_FLUXNET2015_FULLSET_HH_2005-2006_beta-6.csv [oneflux.pipeline.common]
2025-06-02 20:36:54.008 [INFO    ] Variable 'NEE_CUT_16' might be missing from headers of file: /pscratch/sd/t/toanngo/ONEFlux/data/US-ARc_sample_output/99_fluxnet2015/FLX_US-ARc_FLUXNET2015_FULLSET_HH_2005-2006_beta-6.csv [oneflux.pipeline.common]
2025-06-02 20:36:54.008 [INFO    ] Variable 'NEE_CUT_25' might be missing from headers of file: /pscratch/sd/t/toanngo/ONEFlux/data/US-ARc_sample_output/99_fluxnet2015/FLX_US-ARc_FLUXNET2015_FULLSET_HH_2005-2006_beta-6.csv [oneflux.pipeline.common]
2025-06-02 20:36:54.008 [INFO    ] Variable 'NEE_CUT_50' might be missing from headers of file: /pscratch/sd/t/toanngo/ONEFlux/data/US-ARc_sample_output/99_fluxnet2015/FLX_US-ARc_FLUXNET2015_FULLSET_HH_2005-2006_beta-6.csv [oneflux.pipeline.common]
2025-06-02 20:36:54.008 [INFO    ] Variable 'NEE_CUT_75' might be missing from headers of file: /pscratch/sd/t/toanngo/ONEFlux/data/US-ARc_sample_output/99_fluxnet2015/FLX_US-ARc_FLUXNET2015_FULLSET_HH_2005-2006_beta-6.csv [oneflux.pipeline.common]
2025-06-02 20:36:54.008 [INFO    ] Variable 'NEE_CUT_84' might be missing from headers of file: /pscratch/sd/t/toanngo/ONEFlux/data/US-ARc_sample_output/99_fluxnet2015/FLX_US-ARc_FLUXNET2015_FULLSET_HH_2005-2006_beta-6.csv [oneflux.pipeline.common]
2025-06-02 20:36:54.009 [INFO    ] Variable 'NEE_CUT_95' might be missing from headers of file: /pscratch/sd/t/toanngo/ONEFlux/data/US-ARc_sample_output/99_fluxnet2015/FLX_US-ARc_FLUXNET2015_FULLSET_HH_2005-2006_beta-6.csv [oneflux.pipeline.common]
2025-06-02 20:36:54.009 [INFO    ] Variable 'NEE_CUT_05_QC' might be missing from headers of file: /pscratch/sd/t/toanngo/ONEFlux/data/US-ARc_sample_output/99_fluxnet2015/FLX_US-ARc_FLUXNET2015_FULLSET_HH_2005-2006_beta-6.csv [oneflux.pipeline.common]
2025-06-02 20:36:54.009 [INFO    ] Variable 'NEE_CUT_16_QC' might be missing from headers of file: /pscratch/sd/t/toanngo/ONEFlux/data/US-ARc_sample_output/99_fluxnet2015/FLX_US-ARc_FLUXNET2015_FULLSET_HH_2005-2006_beta-6.csv [oneflux.pipeline.common]
2025-06-02 20:36:54.009 [INFO    ] Variable 'NEE_CUT_25_QC' might be missing from headers of file: /pscratch/sd/t/toanngo/ONEFlux/data/US-ARc_sample_output/99_fluxnet2015/FLX_US-ARc_FLUXNET2015_FULLSET_HH_2005-2006_beta-6.csv [oneflux.pipeline.common]
2025-06-02 20:36:54.009 [INFO    ] Variable 'NEE_CUT_50_QC' might be missing from headers of file: /pscratch/sd/t/toanngo/ONEFlux/data/US-ARc_sample_output/99_fluxnet2015/FLX_US-ARc_FLUXNET2015_FULLSET_HH_2005-2006_beta-6.csv [oneflux.pipeline.common]
2025-06-02 20:36:54.009 [INFO    ] Variable 'NEE_CUT_75_QC' might be missing from headers of file: /pscratch/sd/t/toanngo/ONEFlux/data/US-ARc_sample_output/99_fluxnet2015/FLX_US-ARc_FLUXNET2015_FULLSET_HH_2005-2006_beta-6.csv [oneflux.pipeline.common]
2025-06-02 20:36:54.009 [INFO    ] Variable 'NEE_CUT_84_QC' might be missing from headers of file: /pscratch/sd/t/toanngo/ONEFlux/data/US-ARc_sample_output/99_fluxnet2015/FLX_US-ARc_FLUXNET2015_FULLSET_HH_2005-2006_beta-6.csv [oneflux.pipeline.common]
2025-06-02 20:36:54.009 [INFO    ] Variable 'NEE_CUT_95_QC' might be missing from headers of file: /pscratch/sd/t/toanngo/ONEFlux/data/US-ARc_sample_output/99_fluxnet2015/FLX_US-ARc_FLUXNET2015_FULLSET_HH_2005-2006_beta-6.csv [oneflux.pipeline.common]
2025-06-02 20:36:54.009 [INFO    ] Variable 'RECO_NT_CUT_05' might be missing from headers of file: /pscratch/sd/t/toanngo/ONEFlux/data/US-ARc_sample_output/99_fluxnet2015/FLX_US-ARc_FLUXNET2015_FULLSET_HH_2005-2006_beta-6.csv [oneflux.pipeline.common]
2025-06-02 20:36:54.009 [INFO    ] Variable 'RECO_NT_CUT_16' might be missing from headers of file: /pscratch/sd/t/toanngo/ONEFlux/data/US-ARc_sample_output/99_fluxnet2015/FLX_US-ARc_FLUXNET2015_FULLSET_HH_2005-2006_beta-6.csv [oneflux.pipeline.common]
2025-06-02 20:36:54.009 [INFO    ] Variable 'RECO_NT_CUT_25' might be missing from headers of file: /pscratch/sd/t/toanngo/ONEFlux/data/US-ARc_sample_output/99_fluxnet2015/FLX_US-ARc_FLUXNET2015_FULLSET_HH_2005-2006_beta-6.csv [oneflux.pipeline.common]
2025-06-02 20:36:54.010 [INFO    ] Variable 'RECO_NT_CUT_50' might be missing from headers of file: /pscratch/sd/t/toanngo/ONEFlux/data/US-ARc_sample_output/99_fluxnet2015/FLX_US-ARc_FLUXNET2015_FULLSET_HH_2005-2006_beta-6.csv [oneflux.pipeline.common]
2025-06-02 20:36:54.010 [INFO    ] Variable 'RECO_NT_CUT_75' might be missing from headers of file: /pscratch/sd/t/toanngo/ONEFlux/data/US-ARc_sample_output/99_fluxnet2015/FLX_US-ARc_FLUXNET2015_FULLSET_HH_2005-2006_beta-6.csv [oneflux.pipeline.common]
2025-06-02 20:36:54.010 [INFO    ] Variable 'RECO_NT_CUT_84' might be missing from headers of file: /pscratch/sd/t/toanngo/ONEFlux/data/US-ARc_sample_output/99_fluxnet2015/FLX_US-ARc_FLUXNET2015_FULLSET_HH_2005-2006_beta-6.csv [oneflux.pipeline.common]
2025-06-02 20:36:54.010 [INFO    ] Variable 'RECO_NT_CUT_95' might be missing from headers of file: /pscratch/sd/t/toanngo/ONEFlux/data/US-ARc_sample_output/99_fluxnet2015/FLX_US-ARc_FLUXNET2015_FULLSET_HH_2005-2006_beta-6.csv [oneflux.pipeline.common]
2025-06-02 20:36:54.010 [INFO    ] Variable 'GPP_NT_CUT_05' might be missing from headers of file: /pscratch/sd/t/toanngo/ONEFlux/data/US-ARc_sample_output/99_fluxnet2015/FLX_US-ARc_FLUXNET2015_FULLSET_HH_2005-2006_beta-6.csv [oneflux.pipeline.common]
2025-06-02 20:36:54.010 [INFO    ] Variable 'GPP_NT_CUT_16' might be missing from headers of file: /pscratch/sd/t/toanngo/ONEFlux/data/US-ARc_sample_output/99_fluxnet2015/FLX_US-ARc_FLUXNET2015_FULLSET_HH_2005-2006_beta-6.csv [oneflux.pipeline.common]
2025-06-02 20:36:54.010 [INFO    ] Variable 'GPP_NT_CUT_25' might be missing from headers of file: /pscratch/sd/t/toanngo/ONEFlux/data/US-ARc_sample_output/99_fluxnet2015/FLX_US-ARc_FLUXNET2015_FULLSET_HH_2005-2006_beta-6.csv [oneflux.pipeline.common]
2025-06-02 20:36:54.010 [INFO    ] Variable 'GPP_NT_CUT_50' might be missing from headers of file: /pscratch/sd/t/toanngo/ONEFlux/data/US-ARc_sample_output/99_fluxnet2015/FLX_US-ARc_FLUXNET2015_FULLSET_HH_2005-2006_beta-6.csv [oneflux.pipeline.common]
2025-06-02 20:36:54.010 [INFO    ] Variable 'GPP_NT_CUT_75' might be missing from headers of file: /pscratch/sd/t/toanngo/ONEFlux/data/US-ARc_sample_output/99_fluxnet2015/FLX_US-ARc_FLUXNET2015_FULLSET_HH_2005-2006_beta-6.csv [oneflux.pipeline.common]
2025-06-02 20:36:54.010 [INFO    ] Variable 'GPP_NT_CUT_84' might be missing from headers of file: /pscratch/sd/t/toanngo/ONEFlux/data/US-ARc_sample_output/99_fluxnet2015/FLX_US-ARc_FLUXNET2015_FULLSET_HH_2005-2006_beta-6.csv [oneflux.pipeline.common]
2025-06-02 20:36:54.010 [INFO    ] Variable 'GPP_NT_CUT_95' might be missing from headers of file: /pscratch/sd/t/toanngo/ONEFlux/data/US-ARc_sample_output/99_fluxnet2015/FLX_US-ARc_FLUXNET2015_FULLSET_HH_2005-2006_beta-6.csv [oneflux.pipeline.common]
2025-06-02 20:36:54.010 [INFO    ] Variable 'RECO_DT_CUT_05' might be missing from headers of file: /pscratch/sd/t/toanngo/ONEFlux/data/US-ARc_sample_output/99_fluxnet2015/FLX_US-ARc_FLUXNET2015_FULLSET_HH_2005-2006_beta-6.csv [oneflux.pipeline.common]
2025-06-02 20:36:54.011 [INFO    ] Variable 'RECO_DT_CUT_16' might be missing from headers of file: /pscratch/sd/t/toanngo/ONEFlux/data/US-ARc_sample_output/99_fluxnet2015/FLX_US-ARc_FLUXNET2015_FULLSET_HH_2005-2006_beta-6.csv [oneflux.pipeline.common]
2025-06-02 20:36:54.011 [INFO    ] Variable 'RECO_DT_CUT_25' might be missing from headers of file: /pscratch/sd/t/toanngo/ONEFlux/data/US-ARc_sample_output/99_fluxnet2015/FLX_US-ARc_FLUXNET2015_FULLSET_HH_2005-2006_beta-6.csv [oneflux.pipeline.common]
2025-06-02 20:36:54.011 [INFO    ] Variable 'RECO_DT_CUT_50' might be missing from headers of file: /pscratch/sd/t/toanngo/ONEFlux/data/US-ARc_sample_output/99_fluxnet2015/FLX_US-ARc_FLUXNET2015_FULLSET_HH_2005-2006_beta-6.csv [oneflux.pipeline.common]
2025-06-02 20:36:54.011 [INFO    ] Variable 'RECO_DT_CUT_75' might be missing from headers of file: /pscratch/sd/t/toanngo/ONEFlux/data/US-ARc_sample_output/99_fluxnet2015/FLX_US-ARc_FLUXNET2015_FULLSET_HH_2005-2006_beta-6.csv [oneflux.pipeline.common]
2025-06-02 20:36:54.011 [INFO    ] Variable 'RECO_DT_CUT_84' might be missing from headers of file: /pscratch/sd/t/toanngo/ONEFlux/data/US-ARc_sample_output/99_fluxnet2015/FLX_US-ARc_FLUXNET2015_FULLSET_HH_2005-2006_beta-6.csv [oneflux.pipeline.common]
2025-06-02 20:36:54.011 [INFO    ] Variable 'RECO_DT_CUT_95' might be missing from headers of file: /pscratch/sd/t/toanngo/ONEFlux/data/US-ARc_sample_output/99_fluxnet2015/FLX_US-ARc_FLUXNET2015_FULLSET_HH_2005-2006_beta-6.csv [oneflux.pipeline.common]
2025-06-02 20:36:54.011 [INFO    ] Variable 'GPP_DT_CUT_05' might be missing from headers of file: /pscratch/sd/t/toanngo/ONEFlux/data/US-ARc_sample_output/99_fluxnet2015/FLX_US-ARc_FLUXNET2015_FULLSET_HH_2005-2006_beta-6.csv [oneflux.pipeline.common]
2025-06-02 20:36:54.011 [INFO    ] Variable 'GPP_DT_CUT_16' might be missing from headers of file: /pscratch/sd/t/toanngo/ONEFlux/data/US-ARc_sample_output/99_fluxnet2015/FLX_US-ARc_FLUXNET2015_FULLSET_HH_2005-2006_beta-6.csv [oneflux.pipeline.common]
2025-06-02 20:36:54.011 [INFO    ] Variable 'GPP_DT_CUT_25' might be missing from headers of file: /pscratch/sd/t/toanngo/ONEFlux/data/US-ARc_sample_output/99_fluxnet2015/FLX_US-ARc_FLUXNET2015_FULLSET_HH_2005-2006_beta-6.csv [oneflux.pipeline.common]
2025-06-02 20:36:54.011 [INFO    ] Variable 'GPP_DT_CUT_50' might be missing from headers of file: /pscratch/sd/t/toanngo/ONEFlux/data/US-ARc_sample_output/99_fluxnet2015/FLX_US-ARc_FLUXNET2015_FULLSET_HH_2005-2006_beta-6.csv [oneflux.pipeline.common]
2025-06-02 20:36:54.011 [INFO    ] Variable 'GPP_DT_CUT_75' might be missing from headers of file: /pscratch/sd/t/toanngo/ONEFlux/data/US-ARc_sample_output/99_fluxnet2015/FLX_US-ARc_FLUXNET2015_FULLSET_HH_2005-2006_beta-6.csv [oneflux.pipeline.common]
2025-06-02 20:36:54.011 [INFO    ] Variable 'GPP_DT_CUT_84' might be missing from headers of file: /pscratch/sd/t/toanngo/ONEFlux/data/US-ARc_sample_output/99_fluxnet2015/FLX_US-ARc_FLUXNET2015_FULLSET_HH_2005-2006_beta-6.csv [oneflux.pipeline.common]
2025-06-02 20:36:54.012 [INFO    ] Variable 'GPP_DT_CUT_95' might be missing from headers of file: /pscratch/sd/t/toanngo/ONEFlux/data/US-ARc_sample_output/99_fluxnet2015/FLX_US-ARc_FLUXNET2015_FULLSET_HH_2005-2006_beta-6.csv [oneflux.pipeline.common]
2025-06-02 20:36:54.012 [INFO    ] Variable 'PPFD_DIF' might be missing from headers of file: /pscratch/sd/t/toanngo/ONEFlux/data/US-ARc_sample_output/99_fluxnet2015/FLX_US-ARc_FLUXNET2015_FULLSET_MM_2005-2006_beta-6.csv [oneflux.pipeline.common]
2025-06-02 20:36:54.012 [INFO    ] Variable 'PPFD_DIF_QC' might be missing from headers of file: /pscratch/sd/t/toanngo/ONEFlux/data/US-ARc_sample_output/99_fluxnet2015/FLX_US-ARc_FLUXNET2015_FULLSET_MM_2005-2006_beta-6.csv [oneflux.pipeline.common]
2025-06-02 20:36:54.012 [INFO    ] Variable 'PPFD_OUT' might be missing from headers of file: /pscratch/sd/t/toanngo/ONEFlux/data/US-ARc_sample_output/99_fluxnet2015/FLX_US-ARc_FLUXNET2015_FULLSET_MM_2005-2006_beta-6.csv [oneflux.pipeline.common]
2025-06-02 20:36:54.012 [INFO    ] Variable 'PPFD_OUT_QC' might be missing from headers of file: /pscratch/sd/t/toanngo/ONEFlux/data/US-ARc_sample_output/99_fluxnet2015/FLX_US-ARc_FLUXNET2015_FULLSET_MM_2005-2006_beta-6.csv [oneflux.pipeline.common]
2025-06-02 20:36:54.012 [INFO    ] Variable 'SW_DIF' might be missing from headers of file: /pscratch/sd/t/toanngo/ONEFlux/data/US-ARc_sample_output/99_fluxnet2015/FLX_US-ARc_FLUXNET2015_FULLSET_MM_2005-2006_beta-6.csv [oneflux.pipeline.common]
2025-06-02 20:36:54.012 [INFO    ] Variable 'SW_DIF_QC' might be missing from headers of file: /pscratch/sd/t/toanngo/ONEFlux/data/US-ARc_sample_output/99_fluxnet2015/FLX_US-ARc_FLUXNET2015_FULLSET_MM_2005-2006_beta-6.csv [oneflux.pipeline.common]
2025-06-02 20:36:54.012 [INFO    ] Variable 'SW_OUT' might be missing from headers of file: /pscratch/sd/t/toanngo/ONEFlux/data/US-ARc_sample_output/99_fluxnet2015/FLX_US-ARc_FLUXNET2015_FULLSET_MM_2005-2006_beta-6.csv [oneflux.pipeline.common]
2025-06-02 20:36:54.013 [INFO    ] Variable 'SW_OUT_QC' might be missing from headers of file: /pscratch/sd/t/toanngo/ONEFlux/data/US-ARc_sample_output/99_fluxnet2015/FLX_US-ARc_FLUXNET2015_FULLSET_MM_2005-2006_beta-6.csv [oneflux.pipeline.common]
2025-06-02 20:36:54.013 [INFO    ] Variable 'LW_OUT' might be missing from headers of file: /pscratch/sd/t/toanngo/ONEFlux/data/US-ARc_sample_output/99_fluxnet2015/FLX_US-ARc_FLUXNET2015_FULLSET_MM_2005-2006_beta-6.csv [oneflux.pipeline.common]
2025-06-02 20:36:54.013 [INFO    ] Variable 'LW_OUT_QC' might be missing from headers of file: /pscratch/sd/t/toanngo/ONEFlux/data/US-ARc_sample_output/99_fluxnet2015/FLX_US-ARc_FLUXNET2015_FULLSET_MM_2005-2006_beta-6.csv [oneflux.pipeline.common]
2025-06-02 20:36:54.013 [INFO    ] Variable 'PA' might be missing from headers of file: /pscratch/sd/t/toanngo/ONEFlux/data/US-ARc_sample_output/99_fluxnet2015/FLX_US-ARc_FLUXNET2015_FULLSET_MM_2005-2006_beta-6.csv [oneflux.pipeline.common]
2025-06-02 20:36:54.013 [INFO    ] Variable 'P' might be missing from headers of file: /pscratch/sd/t/toanngo/ONEFlux/data/US-ARc_sample_output/99_fluxnet2015/FLX_US-ARc_FLUXNET2015_FULLSET_MM_2005-2006_beta-6.csv [oneflux.pipeline.common]
2025-06-02 20:36:54.013 [INFO    ] Variable 'WS' might be missing from headers of file: /pscratch/sd/t/toanngo/ONEFlux/data/US-ARc_sample_output/99_fluxnet2015/FLX_US-ARc_FLUXNET2015_FULLSET_MM_2005-2006_beta-6.csv [oneflux.pipeline.common]
2025-06-02 20:36:54.013 [INFO    ] Variable 'WD' might be missing from headers of file: /pscratch/sd/t/toanngo/ONEFlux/data/US-ARc_sample_output/99_fluxnet2015/FLX_US-ARc_FLUXNET2015_FULLSET_MM_2005-2006_beta-6.csv [oneflux.pipeline.common]
2025-06-02 20:36:54.013 [INFO    ] Variable 'RH' might be missing from headers of file: /pscratch/sd/t/toanngo/ONEFlux/data/US-ARc_sample_output/99_fluxnet2015/FLX_US-ARc_FLUXNET2015_FULLSET_MM_2005-2006_beta-6.csv [oneflux.pipeline.common]
2025-06-02 20:36:54.013 [INFO    ] Variable 'LE_CORR_25' might be missing from headers of file: /pscratch/sd/t/toanngo/ONEFlux/data/US-ARc_sample_output/99_fluxnet2015/FLX_US-ARc_FLUXNET2015_FULLSET_MM_2005-2006_beta-6.csv [oneflux.pipeline.common]
2025-06-02 20:36:54.013 [INFO    ] Variable 'LE_CORR_75' might be missing from headers of file: /pscratch/sd/t/toanngo/ONEFlux/data/US-ARc_sample_output/99_fluxnet2015/FLX_US-ARc_FLUXNET2015_FULLSET_MM_2005-2006_beta-6.csv [oneflux.pipeline.common]
2025-06-02 20:36:54.013 [INFO    ] Variable 'LE_RANDUNC_METHOD' might be missing from headers of file: /pscratch/sd/t/toanngo/ONEFlux/data/US-ARc_sample_output/99_fluxnet2015/FLX_US-ARc_FLUXNET2015_FULLSET_MM_2005-2006_beta-6.csv [oneflux.pipeline.common]
2025-06-02 20:36:54.013 [INFO    ] Variable 'LE_RANDUNC_N' might be missing from headers of file: /pscratch/sd/t/toanngo/ONEFlux/data/US-ARc_sample_output/99_fluxnet2015/FLX_US-ARc_FLUXNET2015_FULLSET_MM_2005-2006_beta-6.csv [oneflux.pipeline.common]
2025-06-02 20:36:54.014 [INFO    ] Variable 'LE_CORR_JOINTUNC' might be missing from headers of file: /pscratch/sd/t/toanngo/ONEFlux/data/US-ARc_sample_output/99_fluxnet2015/FLX_US-ARc_FLUXNET2015_FULLSET_MM_2005-2006_beta-6.csv [oneflux.pipeline.common]
2025-06-02 20:36:54.014 [INFO    ] Variable 'H_CORR_25' might be missing from headers of file: /pscratch/sd/t/toanngo/ONEFlux/data/US-ARc_sample_output/99_fluxnet2015/FLX_US-ARc_FLUXNET2015_FULLSET_MM_2005-2006_beta-6.csv [oneflux.pipeline.common]
2025-06-02 20:36:54.014 [INFO    ] Variable 'H_CORR_75' might be missing from headers of file: /pscratch/sd/t/toanngo/ONEFlux/data/US-ARc_sample_output/99_fluxnet2015/FLX_US-ARc_FLUXNET2015_FULLSET_MM_2005-2006_beta-6.csv [oneflux.pipeline.common]
2025-06-02 20:36:54.014 [INFO    ] Variable 'H_RANDUNC_METHOD' might be missing from headers of file: /pscratch/sd/t/toanngo/ONEFlux/data/US-ARc_sample_output/99_fluxnet2015/FLX_US-ARc_FLUXNET2015_FULLSET_MM_2005-2006_beta-6.csv [oneflux.pipeline.common]
2025-06-02 20:36:54.014 [INFO    ] Variable 'H_RANDUNC_N' might be missing from headers of file: /pscratch/sd/t/toanngo/ONEFlux/data/US-ARc_sample_output/99_fluxnet2015/FLX_US-ARc_FLUXNET2015_FULLSET_MM_2005-2006_beta-6.csv [oneflux.pipeline.common]
2025-06-02 20:36:54.014 [INFO    ] Variable 'H_CORR_JOINTUNC' might be missing from headers of file: /pscratch/sd/t/toanngo/ONEFlux/data/US-ARc_sample_output/99_fluxnet2015/FLX_US-ARc_FLUXNET2015_FULLSET_MM_2005-2006_beta-6.csv [oneflux.pipeline.common]
2025-06-02 20:36:54.014 [INFO    ] Variable 'NEE_CUT_REF' might be missing from headers of file: /pscratch/sd/t/toanngo/ONEFlux/data/US-ARc_sample_output/99_fluxnet2015/FLX_US-ARc_FLUXNET2015_FULLSET_MM_2005-2006_beta-6.csv [oneflux.pipeline.common]
2025-06-02 20:36:54.014 [INFO    ] Variable 'NEE_CUT_REF_QC' might be missing from headers of file: /pscratch/sd/t/toanngo/ONEFlux/data/US-ARc_sample_output/99_fluxnet2015/FLX_US-ARc_FLUXNET2015_FULLSET_MM_2005-2006_beta-6.csv [oneflux.pipeline.common]
2025-06-02 20:36:54.014 [INFO    ] Variable 'NEE_CUT_REF_RANDUNC' might be missing from headers of file: /pscratch/sd/t/toanngo/ONEFlux/data/US-ARc_sample_output/99_fluxnet2015/FLX_US-ARc_FLUXNET2015_FULLSET_MM_2005-2006_beta-6.csv [oneflux.pipeline.common]
2025-06-02 20:36:54.014 [INFO    ] Variable 'RECO_NT_CUT_REF' might be missing from headers of file: /pscratch/sd/t/toanngo/ONEFlux/data/US-ARc_sample_output/99_fluxnet2015/FLX_US-ARc_FLUXNET2015_FULLSET_MM_2005-2006_beta-6.csv [oneflux.pipeline.common]
2025-06-02 20:36:54.014 [INFO    ] Variable 'GPP_NT_CUT_REF' might be missing from headers of file: /pscratch/sd/t/toanngo/ONEFlux/data/US-ARc_sample_output/99_fluxnet2015/FLX_US-ARc_FLUXNET2015_FULLSET_MM_2005-2006_beta-6.csv [oneflux.pipeline.common]
2025-06-02 20:36:54.014 [INFO    ] Variable 'RECO_DT_CUT_REF' might be missing from headers of file: /pscratch/sd/t/toanngo/ONEFlux/data/US-ARc_sample_output/99_fluxnet2015/FLX_US-ARc_FLUXNET2015_FULLSET_MM_2005-2006_beta-6.csv [oneflux.pipeline.common]
2025-06-02 20:36:54.015 [INFO    ] Variable 'GPP_DT_CUT_REF' might be missing from headers of file: /pscratch/sd/t/toanngo/ONEFlux/data/US-ARc_sample_output/99_fluxnet2015/FLX_US-ARc_FLUXNET2015_FULLSET_MM_2005-2006_beta-6.csv [oneflux.pipeline.common]
2025-06-02 20:36:54.015 [INFO    ] Variable 'TS_F_MDS_2' might be missing from headers of file: /pscratch/sd/t/toanngo/ONEFlux/data/US-ARc_sample_output/99_fluxnet2015/FLX_US-ARc_FLUXNET2015_FULLSET_MM_2005-2006_beta-6.csv [oneflux.pipeline.common]
2025-06-02 20:36:54.015 [INFO    ] Variable 'TS_F_MDS_3' might be missing from headers of file: /pscratch/sd/t/toanngo/ONEFlux/data/US-ARc_sample_output/99_fluxnet2015/FLX_US-ARc_FLUXNET2015_FULLSET_MM_2005-2006_beta-6.csv [oneflux.pipeline.common]
2025-06-02 20:36:54.015 [INFO    ] Variable 'TS_F_MDS_4' might be missing from headers of file: /pscratch/sd/t/toanngo/ONEFlux/data/US-ARc_sample_output/99_fluxnet2015/FLX_US-ARc_FLUXNET2015_FULLSET_MM_2005-2006_beta-6.csv [oneflux.pipeline.common]
2025-06-02 20:36:54.015 [INFO    ] Variable 'TS_F_MDS_5' might be missing from headers of file: /pscratch/sd/t/toanngo/ONEFlux/data/US-ARc_sample_output/99_fluxnet2015/FLX_US-ARc_FLUXNET2015_FULLSET_MM_2005-2006_beta-6.csv [oneflux.pipeline.common]
2025-06-02 20:36:54.015 [INFO    ] Variable 'TS_F_MDS_6' might be missing from headers of file: /pscratch/sd/t/toanngo/ONEFlux/data/US-ARc_sample_output/99_fluxnet2015/FLX_US-ARc_FLUXNET2015_FULLSET_MM_2005-2006_beta-6.csv [oneflux.pipeline.common]
2025-06-02 20:36:54.015 [INFO    ] Variable 'TS_F_MDS_7' might be missing from headers of file: /pscratch/sd/t/toanngo/ONEFlux/data/US-ARc_sample_output/99_fluxnet2015/FLX_US-ARc_FLUXNET2015_FULLSET_MM_2005-2006_beta-6.csv [oneflux.pipeline.common]
2025-06-02 20:36:54.015 [INFO    ] Variable 'TS_F_MDS_8' might be missing from headers of file: /pscratch/sd/t/toanngo/ONEFlux/data/US-ARc_sample_output/99_fluxnet2015/FLX_US-ARc_FLUXNET2015_FULLSET_MM_2005-2006_beta-6.csv [oneflux.pipeline.common]
2025-06-02 20:36:54.015 [INFO    ] Variable 'TS_F_MDS_9' might be missing from headers of file: /pscratch/sd/t/toanngo/ONEFlux/data/US-ARc_sample_output/99_fluxnet2015/FLX_US-ARc_FLUXNET2015_FULLSET_MM_2005-2006_beta-6.csv [oneflux.pipeline.common]
2025-06-02 20:36:54.015 [INFO    ] Variable 'TS_F_MDS_10' might be missing from headers of file: /pscratch/sd/t/toanngo/ONEFlux/data/US-ARc_sample_output/99_fluxnet2015/FLX_US-ARc_FLUXNET2015_FULLSET_MM_2005-2006_beta-6.csv [oneflux.pipeline.common]
2025-06-02 20:36:54.015 [INFO    ] Variable 'TS_F_MDS_11' might be missing from headers of file: /pscratch/sd/t/toanngo/ONEFlux/data/US-ARc_sample_output/99_fluxnet2015/FLX_US-ARc_FLUXNET2015_FULLSET_MM_2005-2006_beta-6.csv [oneflux.pipeline.common]
2025-06-02 20:36:54.016 [INFO    ] Variable 'TS_F_MDS_12' might be missing from headers of file: /pscratch/sd/t/toanngo/ONEFlux/data/US-ARc_sample_output/99_fluxnet2015/FLX_US-ARc_FLUXNET2015_FULLSET_MM_2005-2006_beta-6.csv [oneflux.pipeline.common]
2025-06-02 20:36:54.016 [INFO    ] Variable 'TS_F_MDS_13' might be missing from headers of file: /pscratch/sd/t/toanngo/ONEFlux/data/US-ARc_sample_output/99_fluxnet2015/FLX_US-ARc_FLUXNET2015_FULLSET_MM_2005-2006_beta-6.csv [oneflux.pipeline.common]
2025-06-02 20:36:54.016 [INFO    ] Variable 'TS_F_MDS_14' might be missing from headers of file: /pscratch/sd/t/toanngo/ONEFlux/data/US-ARc_sample_output/99_fluxnet2015/FLX_US-ARc_FLUXNET2015_FULLSET_MM_2005-2006_beta-6.csv [oneflux.pipeline.common]
2025-06-02 20:36:54.016 [INFO    ] Variable 'TS_F_MDS_15' might be missing from headers of file: /pscratch/sd/t/toanngo/ONEFlux/data/US-ARc_sample_output/99_fluxnet2015/FLX_US-ARc_FLUXNET2015_FULLSET_MM_2005-2006_beta-6.csv [oneflux.pipeline.common]
2025-06-02 20:36:54.016 [INFO    ] Variable 'TS_F_MDS_16' might be missing from headers of file: /pscratch/sd/t/toanngo/ONEFlux/data/US-ARc_sample_output/99_fluxnet2015/FLX_US-ARc_FLUXNET2015_FULLSET_MM_2005-2006_beta-6.csv [oneflux.pipeline.common]
2025-06-02 20:36:54.016 [INFO    ] Variable 'TS_F_MDS_17' might be missing from headers of file: /pscratch/sd/t/toanngo/ONEFlux/data/US-ARc_sample_output/99_fluxnet2015/FLX_US-ARc_FLUXNET2015_FULLSET_MM_2005-2006_beta-6.csv [oneflux.pipeline.common]
2025-06-02 20:36:54.016 [INFO    ] Variable 'TS_F_MDS_18' might be missing from headers of file: /pscratch/sd/t/toanngo/ONEFlux/data/US-ARc_sample_output/99_fluxnet2015/FLX_US-ARc_FLUXNET2015_FULLSET_MM_2005-2006_beta-6.csv [oneflux.pipeline.common]
2025-06-02 20:36:54.016 [INFO    ] Variable 'TS_F_MDS_19' might be missing from headers of file: /pscratch/sd/t/toanngo/ONEFlux/data/US-ARc_sample_output/99_fluxnet2015/FLX_US-ARc_FLUXNET2015_FULLSET_MM_2005-2006_beta-6.csv [oneflux.pipeline.common]
2025-06-02 20:36:54.016 [INFO    ] Variable 'TS_F_MDS_2_QC' might be missing from headers of file: /pscratch/sd/t/toanngo/ONEFlux/data/US-ARc_sample_output/99_fluxnet2015/FLX_US-ARc_FLUXNET2015_FULLSET_MM_2005-2006_beta-6.csv [oneflux.pipeline.common]
2025-06-02 20:36:54.016 [INFO    ] Variable 'TS_F_MDS_3_QC' might be missing from headers of file: /pscratch/sd/t/toanngo/ONEFlux/data/US-ARc_sample_output/99_fluxnet2015/FLX_US-ARc_FLUXNET2015_FULLSET_MM_2005-2006_beta-6.csv [oneflux.pipeline.common]
2025-06-02 20:36:54.016 [INFO    ] Variable 'TS_F_MDS_4_QC' might be missing from headers of file: /pscratch/sd/t/toanngo/ONEFlux/data/US-ARc_sample_output/99_fluxnet2015/FLX_US-ARc_FLUXNET2015_FULLSET_MM_2005-2006_beta-6.csv [oneflux.pipeline.common]
2025-06-02 20:36:54.016 [INFO    ] Variable 'TS_F_MDS_5_QC' might be missing from headers of file: /pscratch/sd/t/toanngo/ONEFlux/data/US-ARc_sample_output/99_fluxnet2015/FLX_US-ARc_FLUXNET2015_FULLSET_MM_2005-2006_beta-6.csv [oneflux.pipeline.common]
2025-06-02 20:36:54.017 [INFO    ] Variable 'TS_F_MDS_6_QC' might be missing from headers of file: /pscratch/sd/t/toanngo/ONEFlux/data/US-ARc_sample_output/99_fluxnet2015/FLX_US-ARc_FLUXNET2015_FULLSET_MM_2005-2006_beta-6.csv [oneflux.pipeline.common]
2025-06-02 20:36:54.017 [INFO    ] Variable 'TS_F_MDS_7_QC' might be missing from headers of file: /pscratch/sd/t/toanngo/ONEFlux/data/US-ARc_sample_output/99_fluxnet2015/FLX_US-ARc_FLUXNET2015_FULLSET_MM_2005-2006_beta-6.csv [oneflux.pipeline.common]
2025-06-02 20:36:54.017 [INFO    ] Variable 'TS_F_MDS_8_QC' might be missing from headers of file: /pscratch/sd/t/toanngo/ONEFlux/data/US-ARc_sample_output/99_fluxnet2015/FLX_US-ARc_FLUXNET2015_FULLSET_MM_2005-2006_beta-6.csv [oneflux.pipeline.common]
2025-06-02 20:36:54.017 [INFO    ] Variable 'TS_F_MDS_9_QC' might be missing from headers of file: /pscratch/sd/t/toanngo/ONEFlux/data/US-ARc_sample_output/99_fluxnet2015/FLX_US-ARc_FLUXNET2015_FULLSET_MM_2005-2006_beta-6.csv [oneflux.pipeline.common]
2025-06-02 20:36:54.017 [INFO    ] Variable 'TS_F_MDS_10_QC' might be missing from headers of file: /pscratch/sd/t/toanngo/ONEFlux/data/US-ARc_sample_output/99_fluxnet2015/FLX_US-ARc_FLUXNET2015_FULLSET_MM_2005-2006_beta-6.csv [oneflux.pipeline.common]
2025-06-02 20:36:54.017 [INFO    ] Variable 'TS_F_MDS_11_QC' might be missing from headers of file: /pscratch/sd/t/toanngo/ONEFlux/data/US-ARc_sample_output/99_fluxnet2015/FLX_US-ARc_FLUXNET2015_FULLSET_MM_2005-2006_beta-6.csv [oneflux.pipeline.common]
2025-06-02 20:36:54.017 [INFO    ] Variable 'TS_F_MDS_12_QC' might be missing from headers of file: /pscratch/sd/t/toanngo/ONEFlux/data/US-ARc_sample_output/99_fluxnet2015/FLX_US-ARc_FLUXNET2015_FULLSET_MM_2005-2006_beta-6.csv [oneflux.pipeline.common]
2025-06-02 20:36:54.017 [INFO    ] Variable 'TS_F_MDS_13_QC' might be missing from headers of file: /pscratch/sd/t/toanngo/ONEFlux/data/US-ARc_sample_output/99_fluxnet2015/FLX_US-ARc_FLUXNET2015_FULLSET_MM_2005-2006_beta-6.csv [oneflux.pipeline.common]
2025-06-02 20:36:54.017 [INFO    ] Variable 'TS_F_MDS_14_QC' might be missing from headers of file: /pscratch/sd/t/toanngo/ONEFlux/data/US-ARc_sample_output/99_fluxnet2015/FLX_US-ARc_FLUXNET2015_FULLSET_MM_2005-2006_beta-6.csv [oneflux.pipeline.common]
2025-06-02 20:36:54.017 [INFO    ] Variable 'TS_F_MDS_15_QC' might be missing from headers of file: /pscratch/sd/t/toanngo/ONEFlux/data/US-ARc_sample_output/99_fluxnet2015/FLX_US-ARc_FLUXNET2015_FULLSET_MM_2005-2006_beta-6.csv [oneflux.pipeline.common]
2025-06-02 20:36:54.017 [INFO    ] Variable 'TS_F_MDS_16_QC' might be missing from headers of file: /pscratch/sd/t/toanngo/ONEFlux/data/US-ARc_sample_output/99_fluxnet2015/FLX_US-ARc_FLUXNET2015_FULLSET_MM_2005-2006_beta-6.csv [oneflux.pipeline.common]
2025-06-02 20:36:54.017 [INFO    ] Variable 'TS_F_MDS_17_QC' might be missing from headers of file: /pscratch/sd/t/toanngo/ONEFlux/data/US-ARc_sample_output/99_fluxnet2015/FLX_US-ARc_FLUXNET2015_FULLSET_MM_2005-2006_beta-6.csv [oneflux.pipeline.common]
2025-06-02 20:36:54.018 [INFO    ] Variable 'TS_F_MDS_18_QC' might be missing from headers of file: /pscratch/sd/t/toanngo/ONEFlux/data/US-ARc_sample_output/99_fluxnet2015/FLX_US-ARc_FLUXNET2015_FULLSET_MM_2005-2006_beta-6.csv [oneflux.pipeline.common]
2025-06-02 20:36:54.018 [INFO    ] Variable 'TS_F_MDS_19_QC' might be missing from headers of file: /pscratch/sd/t/toanngo/ONEFlux/data/US-ARc_sample_output/99_fluxnet2015/FLX_US-ARc_FLUXNET2015_FULLSET_MM_2005-2006_beta-6.csv [oneflux.pipeline.common]
2025-06-02 20:36:54.018 [INFO    ] Variable 'SWC_F_MDS_2' might be missing from headers of file: /pscratch/sd/t/toanngo/ONEFlux/data/US-ARc_sample_output/99_fluxnet2015/FLX_US-ARc_FLUXNET2015_FULLSET_MM_2005-2006_beta-6.csv [oneflux.pipeline.common]
2025-06-02 20:36:54.018 [INFO    ] Variable 'SWC_F_MDS_3' might be missing from headers of file: /pscratch/sd/t/toanngo/ONEFlux/data/US-ARc_sample_output/99_fluxnet2015/FLX_US-ARc_FLUXNET2015_FULLSET_MM_2005-2006_beta-6.csv [oneflux.pipeline.common]
2025-06-02 20:36:54.018 [INFO    ] Variable 'SWC_F_MDS_4' might be missing from headers of file: /pscratch/sd/t/toanngo/ONEFlux/data/US-ARc_sample_output/99_fluxnet2015/FLX_US-ARc_FLUXNET2015_FULLSET_MM_2005-2006_beta-6.csv [oneflux.pipeline.common]
2025-06-02 20:36:54.018 [INFO    ] Variable 'SWC_F_MDS_5' might be missing from headers of file: /pscratch/sd/t/toanngo/ONEFlux/data/US-ARc_sample_output/99_fluxnet2015/FLX_US-ARc_FLUXNET2015_FULLSET_MM_2005-2006_beta-6.csv [oneflux.pipeline.common]
2025-06-02 20:36:54.018 [INFO    ] Variable 'SWC_F_MDS_6' might be missing from headers of file: /pscratch/sd/t/toanngo/ONEFlux/data/US-ARc_sample_output/99_fluxnet2015/FLX_US-ARc_FLUXNET2015_FULLSET_MM_2005-2006_beta-6.csv [oneflux.pipeline.common]
2025-06-02 20:36:54.018 [INFO    ] Variable 'SWC_F_MDS_7' might be missing from headers of file: /pscratch/sd/t/toanngo/ONEFlux/data/US-ARc_sample_output/99_fluxnet2015/FLX_US-ARc_FLUXNET2015_FULLSET_MM_2005-2006_beta-6.csv [oneflux.pipeline.common]
2025-06-02 20:36:54.018 [INFO    ] Variable 'SWC_F_MDS_8' might be missing from headers of file: /pscratch/sd/t/toanngo/ONEFlux/data/US-ARc_sample_output/99_fluxnet2015/FLX_US-ARc_FLUXNET2015_FULLSET_MM_2005-2006_beta-6.csv [oneflux.pipeline.common]
2025-06-02 20:36:54.018 [INFO    ] Variable 'SWC_F_MDS_9' might be missing from headers of file: /pscratch/sd/t/toanngo/ONEFlux/data/US-ARc_sample_output/99_fluxnet2015/FLX_US-ARc_FLUXNET2015_FULLSET_MM_2005-2006_beta-6.csv [oneflux.pipeline.common]
2025-06-02 20:36:54.018 [INFO    ] Variable 'SWC_F_MDS_10' might be missing from headers of file: /pscratch/sd/t/toanngo/ONEFlux/data/US-ARc_sample_output/99_fluxnet2015/FLX_US-ARc_FLUXNET2015_FULLSET_MM_2005-2006_beta-6.csv [oneflux.pipeline.common]
2025-06-02 20:36:54.019 [INFO    ] Variable 'SWC_F_MDS_11' might be missing from headers of file: /pscratch/sd/t/toanngo/ONEFlux/data/US-ARc_sample_output/99_fluxnet2015/FLX_US-ARc_FLUXNET2015_FULLSET_MM_2005-2006_beta-6.csv [oneflux.pipeline.common]
2025-06-02 20:36:54.019 [INFO    ] Variable 'SWC_F_MDS_12' might be missing from headers of file: /pscratch/sd/t/toanngo/ONEFlux/data/US-ARc_sample_output/99_fluxnet2015/FLX_US-ARc_FLUXNET2015_FULLSET_MM_2005-2006_beta-6.csv [oneflux.pipeline.common]
2025-06-02 20:36:54.019 [INFO    ] Variable 'SWC_F_MDS_13' might be missing from headers of file: /pscratch/sd/t/toanngo/ONEFlux/data/US-ARc_sample_output/99_fluxnet2015/FLX_US-ARc_FLUXNET2015_FULLSET_MM_2005-2006_beta-6.csv [oneflux.pipeline.common]
2025-06-02 20:36:54.019 [INFO    ] Variable 'SWC_F_MDS_14' might be missing from headers of file: /pscratch/sd/t/toanngo/ONEFlux/data/US-ARc_sample_output/99_fluxnet2015/FLX_US-ARc_FLUXNET2015_FULLSET_MM_2005-2006_beta-6.csv [oneflux.pipeline.common]
2025-06-02 20:36:54.019 [INFO    ] Variable 'SWC_F_MDS_15' might be missing from headers of file: /pscratch/sd/t/toanngo/ONEFlux/data/US-ARc_sample_output/99_fluxnet2015/FLX_US-ARc_FLUXNET2015_FULLSET_MM_2005-2006_beta-6.csv [oneflux.pipeline.common]
2025-06-02 20:36:54.019 [INFO    ] Variable 'SWC_F_MDS_16' might be missing from headers of file: /pscratch/sd/t/toanngo/ONEFlux/data/US-ARc_sample_output/99_fluxnet2015/FLX_US-ARc_FLUXNET2015_FULLSET_MM_2005-2006_beta-6.csv [oneflux.pipeline.common]
2025-06-02 20:36:54.019 [INFO    ] Variable 'SWC_F_MDS_17' might be missing from headers of file: /pscratch/sd/t/toanngo/ONEFlux/data/US-ARc_sample_output/99_fluxnet2015/FLX_US-ARc_FLUXNET2015_FULLSET_MM_2005-2006_beta-6.csv [oneflux.pipeline.common]
2025-06-02 20:36:54.019 [INFO    ] Variable 'SWC_F_MDS_18' might be missing from headers of file: /pscratch/sd/t/toanngo/ONEFlux/data/US-ARc_sample_output/99_fluxnet2015/FLX_US-ARc_FLUXNET2015_FULLSET_MM_2005-2006_beta-6.csv [oneflux.pipeline.common]
2025-06-02 20:36:54.019 [INFO    ] Variable 'SWC_F_MDS_19' might be missing from headers of file: /pscratch/sd/t/toanngo/ONEFlux/data/US-ARc_sample_output/99_fluxnet2015/FLX_US-ARc_FLUXNET2015_FULLSET_MM_2005-2006_beta-6.csv [oneflux.pipeline.common]
2025-06-02 20:36:54.019 [INFO    ] Variable 'SWC_F_MDS_2_QC' might be missing from headers of file: /pscratch/sd/t/toanngo/ONEFlux/data/US-ARc_sample_output/99_fluxnet2015/FLX_US-ARc_FLUXNET2015_FULLSET_MM_2005-2006_beta-6.csv [oneflux.pipeline.common]
2025-06-02 20:36:54.019 [INFO    ] Variable 'SWC_F_MDS_3_QC' might be missing from headers of file: /pscratch/sd/t/toanngo/ONEFlux/data/US-ARc_sample_output/99_fluxnet2015/FLX_US-ARc_FLUXNET2015_FULLSET_MM_2005-2006_beta-6.csv [oneflux.pipeline.common]
2025-06-02 20:36:54.019 [INFO    ] Variable 'SWC_F_MDS_4_QC' might be missing from headers of file: /pscratch/sd/t/toanngo/ONEFlux/data/US-ARc_sample_output/99_fluxnet2015/FLX_US-ARc_FLUXNET2015_FULLSET_MM_2005-2006_beta-6.csv [oneflux.pipeline.common]
2025-06-02 20:36:54.020 [INFO    ] Variable 'SWC_F_MDS_5_QC' might be missing from headers of file: /pscratch/sd/t/toanngo/ONEFlux/data/US-ARc_sample_output/99_fluxnet2015/FLX_US-ARc_FLUXNET2015_FULLSET_MM_2005-2006_beta-6.csv [oneflux.pipeline.common]
2025-06-02 20:36:54.020 [INFO    ] Variable 'SWC_F_MDS_6_QC' might be missing from headers of file: /pscratch/sd/t/toanngo/ONEFlux/data/US-ARc_sample_output/99_fluxnet2015/FLX_US-ARc_FLUXNET2015_FULLSET_MM_2005-2006_beta-6.csv [oneflux.pipeline.common]
2025-06-02 20:36:54.020 [INFO    ] Variable 'SWC_F_MDS_7_QC' might be missing from headers of file: /pscratch/sd/t/toanngo/ONEFlux/data/US-ARc_sample_output/99_fluxnet2015/FLX_US-ARc_FLUXNET2015_FULLSET_MM_2005-2006_beta-6.csv [oneflux.pipeline.common]
2025-06-02 20:36:54.020 [INFO    ] Variable 'SWC_F_MDS_8_QC' might be missing from headers of file: /pscratch/sd/t/toanngo/ONEFlux/data/US-ARc_sample_output/99_fluxnet2015/FLX_US-ARc_FLUXNET2015_FULLSET_MM_2005-2006_beta-6.csv [oneflux.pipeline.common]
2025-06-02 20:36:54.020 [INFO    ] Variable 'SWC_F_MDS_9_QC' might be missing from headers of file: /pscratch/sd/t/toanngo/ONEFlux/data/US-ARc_sample_output/99_fluxnet2015/FLX_US-ARc_FLUXNET2015_FULLSET_MM_2005-2006_beta-6.csv [oneflux.pipeline.common]
2025-06-02 20:36:54.020 [INFO    ] Variable 'SWC_F_MDS_10_QC' might be missing from headers of file: /pscratch/sd/t/toanngo/ONEFlux/data/US-ARc_sample_output/99_fluxnet2015/FLX_US-ARc_FLUXNET2015_FULLSET_MM_2005-2006_beta-6.csv [oneflux.pipeline.common]
2025-06-02 20:36:54.020 [INFO    ] Variable 'SWC_F_MDS_11_QC' might be missing from headers of file: /pscratch/sd/t/toanngo/ONEFlux/data/US-ARc_sample_output/99_fluxnet2015/FLX_US-ARc_FLUXNET2015_FULLSET_MM_2005-2006_beta-6.csv [oneflux.pipeline.common]
2025-06-02 20:36:54.020 [INFO    ] Variable 'SWC_F_MDS_12_QC' might be missing from headers of file: /pscratch/sd/t/toanngo/ONEFlux/data/US-ARc_sample_output/99_fluxnet2015/FLX_US-ARc_FLUXNET2015_FULLSET_MM_2005-2006_beta-6.csv [oneflux.pipeline.common]
2025-06-02 20:36:54.020 [INFO    ] Variable 'SWC_F_MDS_13_QC' might be missing from headers of file: /pscratch/sd/t/toanngo/ONEFlux/data/US-ARc_sample_output/99_fluxnet2015/FLX_US-ARc_FLUXNET2015_FULLSET_MM_2005-2006_beta-6.csv [oneflux.pipeline.common]
2025-06-02 20:36:54.020 [INFO    ] Variable 'SWC_F_MDS_14_QC' might be missing from headers of file: /pscratch/sd/t/toanngo/ONEFlux/data/US-ARc_sample_output/99_fluxnet2015/FLX_US-ARc_FLUXNET2015_FULLSET_MM_2005-2006_beta-6.csv [oneflux.pipeline.common]
2025-06-02 20:36:54.020 [INFO    ] Variable 'SWC_F_MDS_15_QC' might be missing from headers of file: /pscratch/sd/t/toanngo/ONEFlux/data/US-ARc_sample_output/99_fluxnet2015/FLX_US-ARc_FLUXNET2015_FULLSET_MM_2005-2006_beta-6.csv [oneflux.pipeline.common]
2025-06-02 20:36:54.021 [INFO    ] Variable 'SWC_F_MDS_16_QC' might be missing from headers of file: /pscratch/sd/t/toanngo/ONEFlux/data/US-ARc_sample_output/99_fluxnet2015/FLX_US-ARc_FLUXNET2015_FULLSET_MM_2005-2006_beta-6.csv [oneflux.pipeline.common]
2025-06-02 20:36:54.021 [INFO    ] Variable 'SWC_F_MDS_17_QC' might be missing from headers of file: /pscratch/sd/t/toanngo/ONEFlux/data/US-ARc_sample_output/99_fluxnet2015/FLX_US-ARc_FLUXNET2015_FULLSET_MM_2005-2006_beta-6.csv [oneflux.pipeline.common]
2025-06-02 20:36:54.021 [INFO    ] Variable 'SWC_F_MDS_18_QC' might be missing from headers of file: /pscratch/sd/t/toanngo/ONEFlux/data/US-ARc_sample_output/99_fluxnet2015/FLX_US-ARc_FLUXNET2015_FULLSET_MM_2005-2006_beta-6.csv [oneflux.pipeline.common]
2025-06-02 20:36:54.021 [INFO    ] Variable 'SWC_F_MDS_19_QC' might be missing from headers of file: /pscratch/sd/t/toanngo/ONEFlux/data/US-ARc_sample_output/99_fluxnet2015/FLX_US-ARc_FLUXNET2015_FULLSET_MM_2005-2006_beta-6.csv [oneflux.pipeline.common]
2025-06-02 20:36:54.021 [INFO    ] Variable 'NEE_CUT_05' might be missing from headers of file: /pscratch/sd/t/toanngo/ONEFlux/data/US-ARc_sample_output/99_fluxnet2015/FLX_US-ARc_FLUXNET2015_FULLSET_MM_2005-2006_beta-6.csv [oneflux.pipeline.common]
2025-06-02 20:36:54.021 [INFO    ] Variable 'NEE_CUT_16' might be missing from headers of file: /pscratch/sd/t/toanngo/ONEFlux/data/US-ARc_sample_output/99_fluxnet2015/FLX_US-ARc_FLUXNET2015_FULLSET_MM_2005-2006_beta-6.csv [oneflux.pipeline.common]
2025-06-02 20:36:54.021 [INFO    ] Variable 'NEE_CUT_25' might be missing from headers of file: /pscratch/sd/t/toanngo/ONEFlux/data/US-ARc_sample_output/99_fluxnet2015/FLX_US-ARc_FLUXNET2015_FULLSET_MM_2005-2006_beta-6.csv [oneflux.pipeline.common]
2025-06-02 20:36:54.021 [INFO    ] Variable 'NEE_CUT_50' might be missing from headers of file: /pscratch/sd/t/toanngo/ONEFlux/data/US-ARc_sample_output/99_fluxnet2015/FLX_US-ARc_FLUXNET2015_FULLSET_MM_2005-2006_beta-6.csv [oneflux.pipeline.common]
2025-06-02 20:36:54.021 [INFO    ] Variable 'NEE_CUT_75' might be missing from headers of file: /pscratch/sd/t/toanngo/ONEFlux/data/US-ARc_sample_output/99_fluxnet2015/FLX_US-ARc_FLUXNET2015_FULLSET_MM_2005-2006_beta-6.csv [oneflux.pipeline.common]
2025-06-02 20:36:54.021 [INFO    ] Variable 'NEE_CUT_84' might be missing from headers of file: /pscratch/sd/t/toanngo/ONEFlux/data/US-ARc_sample_output/99_fluxnet2015/FLX_US-ARc_FLUXNET2015_FULLSET_MM_2005-2006_beta-6.csv [oneflux.pipeline.common]
2025-06-02 20:36:54.021 [INFO    ] Variable 'NEE_CUT_95' might be missing from headers of file: /pscratch/sd/t/toanngo/ONEFlux/data/US-ARc_sample_output/99_fluxnet2015/FLX_US-ARc_FLUXNET2015_FULLSET_MM_2005-2006_beta-6.csv [oneflux.pipeline.common]
2025-06-02 20:36:54.021 [INFO    ] Variable 'NEE_CUT_05_QC' might be missing from headers of file: /pscratch/sd/t/toanngo/ONEFlux/data/US-ARc_sample_output/99_fluxnet2015/FLX_US-ARc_FLUXNET2015_FULLSET_MM_2005-2006_beta-6.csv [oneflux.pipeline.common]
2025-06-02 20:36:54.022 [INFO    ] Variable 'NEE_CUT_16_QC' might be missing from headers of file: /pscratch/sd/t/toanngo/ONEFlux/data/US-ARc_sample_output/99_fluxnet2015/FLX_US-ARc_FLUXNET2015_FULLSET_MM_2005-2006_beta-6.csv [oneflux.pipeline.common]
2025-06-02 20:36:54.022 [INFO    ] Variable 'NEE_CUT_25_QC' might be missing from headers of file: /pscratch/sd/t/toanngo/ONEFlux/data/US-ARc_sample_output/99_fluxnet2015/FLX_US-ARc_FLUXNET2015_FULLSET_MM_2005-2006_beta-6.csv [oneflux.pipeline.common]
2025-06-02 20:36:54.022 [INFO    ] Variable 'NEE_CUT_50_QC' might be missing from headers of file: /pscratch/sd/t/toanngo/ONEFlux/data/US-ARc_sample_output/99_fluxnet2015/FLX_US-ARc_FLUXNET2015_FULLSET_MM_2005-2006_beta-6.csv [oneflux.pipeline.common]
2025-06-02 20:36:54.022 [INFO    ] Variable 'NEE_CUT_75_QC' might be missing from headers of file: /pscratch/sd/t/toanngo/ONEFlux/data/US-ARc_sample_output/99_fluxnet2015/FLX_US-ARc_FLUXNET2015_FULLSET_MM_2005-2006_beta-6.csv [oneflux.pipeline.common]
2025-06-02 20:36:54.022 [INFO    ] Variable 'NEE_CUT_84_QC' might be missing from headers of file: /pscratch/sd/t/toanngo/ONEFlux/data/US-ARc_sample_output/99_fluxnet2015/FLX_US-ARc_FLUXNET2015_FULLSET_MM_2005-2006_beta-6.csv [oneflux.pipeline.common]
2025-06-02 20:36:54.022 [INFO    ] Variable 'NEE_CUT_95_QC' might be missing from headers of file: /pscratch/sd/t/toanngo/ONEFlux/data/US-ARc_sample_output/99_fluxnet2015/FLX_US-ARc_FLUXNET2015_FULLSET_MM_2005-2006_beta-6.csv [oneflux.pipeline.common]
2025-06-02 20:36:54.022 [INFO    ] Variable 'RECO_NT_CUT_05' might be missing from headers of file: /pscratch/sd/t/toanngo/ONEFlux/data/US-ARc_sample_output/99_fluxnet2015/FLX_US-ARc_FLUXNET2015_FULLSET_MM_2005-2006_beta-6.csv [oneflux.pipeline.common]
2025-06-02 20:36:54.022 [INFO    ] Variable 'RECO_NT_CUT_16' might be missing from headers of file: /pscratch/sd/t/toanngo/ONEFlux/data/US-ARc_sample_output/99_fluxnet2015/FLX_US-ARc_FLUXNET2015_FULLSET_MM_2005-2006_beta-6.csv [oneflux.pipeline.common]
2025-06-02 20:36:54.022 [INFO    ] Variable 'RECO_NT_CUT_25' might be missing from headers of file: /pscratch/sd/t/toanngo/ONEFlux/data/US-ARc_sample_output/99_fluxnet2015/FLX_US-ARc_FLUXNET2015_FULLSET_MM_2005-2006_beta-6.csv [oneflux.pipeline.common]
2025-06-02 20:36:54.022 [INFO    ] Variable 'RECO_NT_CUT_50' might be missing from headers of file: /pscratch/sd/t/toanngo/ONEFlux/data/US-ARc_sample_output/99_fluxnet2015/FLX_US-ARc_FLUXNET2015_FULLSET_MM_2005-2006_beta-6.csv [oneflux.pipeline.common]
2025-06-02 20:36:54.022 [INFO    ] Variable 'RECO_NT_CUT_75' might be missing from headers of file: /pscratch/sd/t/toanngo/ONEFlux/data/US-ARc_sample_output/99_fluxnet2015/FLX_US-ARc_FLUXNET2015_FULLSET_MM_2005-2006_beta-6.csv [oneflux.pipeline.common]
2025-06-02 20:36:54.023 [INFO    ] Variable 'RECO_NT_CUT_84' might be missing from headers of file: /pscratch/sd/t/toanngo/ONEFlux/data/US-ARc_sample_output/99_fluxnet2015/FLX_US-ARc_FLUXNET2015_FULLSET_MM_2005-2006_beta-6.csv [oneflux.pipeline.common]
2025-06-02 20:36:54.023 [INFO    ] Variable 'RECO_NT_CUT_95' might be missing from headers of file: /pscratch/sd/t/toanngo/ONEFlux/data/US-ARc_sample_output/99_fluxnet2015/FLX_US-ARc_FLUXNET2015_FULLSET_MM_2005-2006_beta-6.csv [oneflux.pipeline.common]
2025-06-02 20:36:54.023 [INFO    ] Variable 'GPP_NT_CUT_05' might be missing from headers of file: /pscratch/sd/t/toanngo/ONEFlux/data/US-ARc_sample_output/99_fluxnet2015/FLX_US-ARc_FLUXNET2015_FULLSET_MM_2005-2006_beta-6.csv [oneflux.pipeline.common]
2025-06-02 20:36:54.023 [INFO    ] Variable 'GPP_NT_CUT_16' might be missing from headers of file: /pscratch/sd/t/toanngo/ONEFlux/data/US-ARc_sample_output/99_fluxnet2015/FLX_US-ARc_FLUXNET2015_FULLSET_MM_2005-2006_beta-6.csv [oneflux.pipeline.common]
2025-06-02 20:36:54.023 [INFO    ] Variable 'GPP_NT_CUT_25' might be missing from headers of file: /pscratch/sd/t/toanngo/ONEFlux/data/US-ARc_sample_output/99_fluxnet2015/FLX_US-ARc_FLUXNET2015_FULLSET_MM_2005-2006_beta-6.csv [oneflux.pipeline.common]
2025-06-02 20:36:54.023 [INFO    ] Variable 'GPP_NT_CUT_50' might be missing from headers of file: /pscratch/sd/t/toanngo/ONEFlux/data/US-ARc_sample_output/99_fluxnet2015/FLX_US-ARc_FLUXNET2015_FULLSET_MM_2005-2006_beta-6.csv [oneflux.pipeline.common]
2025-06-02 20:36:54.023 [INFO    ] Variable 'GPP_NT_CUT_75' might be missing from headers of file: /pscratch/sd/t/toanngo/ONEFlux/data/US-ARc_sample_output/99_fluxnet2015/FLX_US-ARc_FLUXNET2015_FULLSET_MM_2005-2006_beta-6.csv [oneflux.pipeline.common]
2025-06-02 20:36:54.023 [INFO    ] Variable 'GPP_NT_CUT_84' might be missing from headers of file: /pscratch/sd/t/toanngo/ONEFlux/data/US-ARc_sample_output/99_fluxnet2015/FLX_US-ARc_FLUXNET2015_FULLSET_MM_2005-2006_beta-6.csv [oneflux.pipeline.common]
2025-06-02 20:36:54.023 [INFO    ] Variable 'GPP_NT_CUT_95' might be missing from headers of file: /pscratch/sd/t/toanngo/ONEFlux/data/US-ARc_sample_output/99_fluxnet2015/FLX_US-ARc_FLUXNET2015_FULLSET_MM_2005-2006_beta-6.csv [oneflux.pipeline.common]
2025-06-02 20:36:54.023 [INFO    ] Variable 'RECO_DT_CUT_05' might be missing from headers of file: /pscratch/sd/t/toanngo/ONEFlux/data/US-ARc_sample_output/99_fluxnet2015/FLX_US-ARc_FLUXNET2015_FULLSET_MM_2005-2006_beta-6.csv [oneflux.pipeline.common]
2025-06-02 20:36:54.023 [INFO    ] Variable 'RECO_DT_CUT_16' might be missing from headers of file: /pscratch/sd/t/toanngo/ONEFlux/data/US-ARc_sample_output/99_fluxnet2015/FLX_US-ARc_FLUXNET2015_FULLSET_MM_2005-2006_beta-6.csv [oneflux.pipeline.common]
2025-06-02 20:36:54.024 [INFO    ] Variable 'RECO_DT_CUT_25' might be missing from headers of file: /pscratch/sd/t/toanngo/ONEFlux/data/US-ARc_sample_output/99_fluxnet2015/FLX_US-ARc_FLUXNET2015_FULLSET_MM_2005-2006_beta-6.csv [oneflux.pipeline.common]
2025-06-02 20:36:54.024 [INFO    ] Variable 'RECO_DT_CUT_50' might be missing from headers of file: /pscratch/sd/t/toanngo/ONEFlux/data/US-ARc_sample_output/99_fluxnet2015/FLX_US-ARc_FLUXNET2015_FULLSET_MM_2005-2006_beta-6.csv [oneflux.pipeline.common]
2025-06-02 20:36:54.024 [INFO    ] Variable 'RECO_DT_CUT_75' might be missing from headers of file: /pscratch/sd/t/toanngo/ONEFlux/data/US-ARc_sample_output/99_fluxnet2015/FLX_US-ARc_FLUXNET2015_FULLSET_MM_2005-2006_beta-6.csv [oneflux.pipeline.common]
2025-06-02 20:36:54.024 [INFO    ] Variable 'RECO_DT_CUT_84' might be missing from headers of file: /pscratch/sd/t/toanngo/ONEFlux/data/US-ARc_sample_output/99_fluxnet2015/FLX_US-ARc_FLUXNET2015_FULLSET_MM_2005-2006_beta-6.csv [oneflux.pipeline.common]
2025-06-02 20:36:54.024 [INFO    ] Variable 'RECO_DT_CUT_95' might be missing from headers of file: /pscratch/sd/t/toanngo/ONEFlux/data/US-ARc_sample_output/99_fluxnet2015/FLX_US-ARc_FLUXNET2015_FULLSET_MM_2005-2006_beta-6.csv [oneflux.pipeline.common]
2025-06-02 20:36:54.024 [INFO    ] Variable 'GPP_DT_CUT_05' might be missing from headers of file: /pscratch/sd/t/toanngo/ONEFlux/data/US-ARc_sample_output/99_fluxnet2015/FLX_US-ARc_FLUXNET2015_FULLSET_MM_2005-2006_beta-6.csv [oneflux.pipeline.common]
2025-06-02 20:36:54.024 [INFO    ] Variable 'GPP_DT_CUT_16' might be missing from headers of file: /pscratch/sd/t/toanngo/ONEFlux/data/US-ARc_sample_output/99_fluxnet2015/FLX_US-ARc_FLUXNET2015_FULLSET_MM_2005-2006_beta-6.csv [oneflux.pipeline.common]
2025-06-02 20:36:54.024 [INFO    ] Variable 'GPP_DT_CUT_25' might be missing from headers of file: /pscratch/sd/t/toanngo/ONEFlux/data/US-ARc_sample_output/99_fluxnet2015/FLX_US-ARc_FLUXNET2015_FULLSET_MM_2005-2006_beta-6.csv [oneflux.pipeline.common]
2025-06-02 20:36:54.024 [INFO    ] Variable 'GPP_DT_CUT_50' might be missing from headers of file: /pscratch/sd/t/toanngo/ONEFlux/data/US-ARc_sample_output/99_fluxnet2015/FLX_US-ARc_FLUXNET2015_FULLSET_MM_2005-2006_beta-6.csv [oneflux.pipeline.common]
2025-06-02 20:36:54.024 [INFO    ] Variable 'GPP_DT_CUT_75' might be missing from headers of file: /pscratch/sd/t/toanngo/ONEFlux/data/US-ARc_sample_output/99_fluxnet2015/FLX_US-ARc_FLUXNET2015_FULLSET_MM_2005-2006_beta-6.csv [oneflux.pipeline.common]
2025-06-02 20:36:54.024 [INFO    ] Variable 'GPP_DT_CUT_84' might be missing from headers of file: /pscratch/sd/t/toanngo/ONEFlux/data/US-ARc_sample_output/99_fluxnet2015/FLX_US-ARc_FLUXNET2015_FULLSET_MM_2005-2006_beta-6.csv [oneflux.pipeline.common]
2025-06-02 20:36:54.025 [INFO    ] Variable 'GPP_DT_CUT_95' might be missing from headers of file: /pscratch/sd/t/toanngo/ONEFlux/data/US-ARc_sample_output/99_fluxnet2015/FLX_US-ARc_FLUXNET2015_FULLSET_MM_2005-2006_beta-6.csv [oneflux.pipeline.common]
2025-06-02 20:36:54.025 [INFO    ] Variable 'PPFD_DIF' might be missing from headers of file: /pscratch/sd/t/toanngo/ONEFlux/data/US-ARc_sample_output/99_fluxnet2015/FLX_US-ARc_FLUXNET2015_FULLSET_MM_2005-2006_beta-6.csv [oneflux.pipeline.common]
2025-06-02 20:36:54.025 [INFO    ] Variable 'PPFD_DIF_QC' might be missing from headers of file: /pscratch/sd/t/toanngo/ONEFlux/data/US-ARc_sample_output/99_fluxnet2015/FLX_US-ARc_FLUXNET2015_FULLSET_MM_2005-2006_beta-6.csv [oneflux.pipeline.common]
2025-06-02 20:36:54.025 [INFO    ] Variable 'PPFD_OUT' might be missing from headers of file: /pscratch/sd/t/toanngo/ONEFlux/data/US-ARc_sample_output/99_fluxnet2015/FLX_US-ARc_FLUXNET2015_FULLSET_MM_2005-2006_beta-6.csv [oneflux.pipeline.common]
2025-06-02 20:36:54.025 [INFO    ] Variable 'PPFD_OUT_QC' might be missing from headers of file: /pscratch/sd/t/toanngo/ONEFlux/data/US-ARc_sample_output/99_fluxnet2015/FLX_US-ARc_FLUXNET2015_FULLSET_MM_2005-2006_beta-6.csv [oneflux.pipeline.common]
2025-06-02 20:36:54.025 [INFO    ] Variable 'SW_DIF' might be missing from headers of file: /pscratch/sd/t/toanngo/ONEFlux/data/US-ARc_sample_output/99_fluxnet2015/FLX_US-ARc_FLUXNET2015_FULLSET_MM_2005-2006_beta-6.csv [oneflux.pipeline.common]
2025-06-02 20:36:54.025 [INFO    ] Variable 'SW_DIF_QC' might be missing from headers of file: /pscratch/sd/t/toanngo/ONEFlux/data/US-ARc_sample_output/99_fluxnet2015/FLX_US-ARc_FLUXNET2015_FULLSET_MM_2005-2006_beta-6.csv [oneflux.pipeline.common]
2025-06-02 20:36:54.025 [INFO    ] Variable 'SW_OUT' might be missing from headers of file: /pscratch/sd/t/toanngo/ONEFlux/data/US-ARc_sample_output/99_fluxnet2015/FLX_US-ARc_FLUXNET2015_FULLSET_MM_2005-2006_beta-6.csv [oneflux.pipeline.common]
2025-06-02 20:36:54.025 [INFO    ] Variable 'SW_OUT_QC' might be missing from headers of file: /pscratch/sd/t/toanngo/ONEFlux/data/US-ARc_sample_output/99_fluxnet2015/FLX_US-ARc_FLUXNET2015_FULLSET_MM_2005-2006_beta-6.csv [oneflux.pipeline.common]
2025-06-02 20:36:54.026 [INFO    ] Variable 'LW_OUT' might be missing from headers of file: /pscratch/sd/t/toanngo/ONEFlux/data/US-ARc_sample_output/99_fluxnet2015/FLX_US-ARc_FLUXNET2015_FULLSET_MM_2005-2006_beta-6.csv [oneflux.pipeline.common]
2025-06-02 20:36:54.026 [INFO    ] Variable 'LW_OUT_QC' might be missing from headers of file: /pscratch/sd/t/toanngo/ONEFlux/data/US-ARc_sample_output/99_fluxnet2015/FLX_US-ARc_FLUXNET2015_FULLSET_MM_2005-2006_beta-6.csv [oneflux.pipeline.common]
2025-06-02 20:36:54.026 [INFO    ] Variable 'PA' might be missing from headers of file: /pscratch/sd/t/toanngo/ONEFlux/data/US-ARc_sample_output/99_fluxnet2015/FLX_US-ARc_FLUXNET2015_FULLSET_MM_2005-2006_beta-6.csv [oneflux.pipeline.common]
2025-06-02 20:36:54.026 [INFO    ] Variable 'P' might be missing from headers of file: /pscratch/sd/t/toanngo/ONEFlux/data/US-ARc_sample_output/99_fluxnet2015/FLX_US-ARc_FLUXNET2015_FULLSET_MM_2005-2006_beta-6.csv [oneflux.pipeline.common]
2025-06-02 20:36:54.026 [INFO    ] Variable 'WS' might be missing from headers of file: /pscratch/sd/t/toanngo/ONEFlux/data/US-ARc_sample_output/99_fluxnet2015/FLX_US-ARc_FLUXNET2015_FULLSET_MM_2005-2006_beta-6.csv [oneflux.pipeline.common]
2025-06-02 20:36:54.026 [INFO    ] Variable 'WD' might be missing from headers of file: /pscratch/sd/t/toanngo/ONEFlux/data/US-ARc_sample_output/99_fluxnet2015/FLX_US-ARc_FLUXNET2015_FULLSET_MM_2005-2006_beta-6.csv [oneflux.pipeline.common]
2025-06-02 20:36:54.026 [INFO    ] Variable 'RH' might be missing from headers of file: /pscratch/sd/t/toanngo/ONEFlux/data/US-ARc_sample_output/99_fluxnet2015/FLX_US-ARc_FLUXNET2015_FULLSET_MM_2005-2006_beta-6.csv [oneflux.pipeline.common]
2025-06-02 20:36:54.026 [INFO    ] Variable 'LE_CORR_25' might be missing from headers of file: /pscratch/sd/t/toanngo/ONEFlux/data/US-ARc_sample_output/99_fluxnet2015/FLX_US-ARc_FLUXNET2015_FULLSET_MM_2005-2006_beta-6.csv [oneflux.pipeline.common]
2025-06-02 20:36:54.026 [INFO    ] Variable 'LE_CORR_75' might be missing from headers of file: /pscratch/sd/t/toanngo/ONEFlux/data/US-ARc_sample_output/99_fluxnet2015/FLX_US-ARc_FLUXNET2015_FULLSET_MM_2005-2006_beta-6.csv [oneflux.pipeline.common]
2025-06-02 20:36:54.026 [INFO    ] Variable 'LE_RANDUNC_METHOD' might be missing from headers of file: /pscratch/sd/t/toanngo/ONEFlux/data/US-ARc_sample_output/99_fluxnet2015/FLX_US-ARc_FLUXNET2015_FULLSET_MM_2005-2006_beta-6.csv [oneflux.pipeline.common]
2025-06-02 20:36:54.026 [INFO    ] Variable 'LE_RANDUNC_N' might be missing from headers of file: /pscratch/sd/t/toanngo/ONEFlux/data/US-ARc_sample_output/99_fluxnet2015/FLX_US-ARc_FLUXNET2015_FULLSET_MM_2005-2006_beta-6.csv [oneflux.pipeline.common]
2025-06-02 20:36:54.026 [INFO    ] Variable 'LE_CORR_JOINTUNC' might be missing from headers of file: /pscratch/sd/t/toanngo/ONEFlux/data/US-ARc_sample_output/99_fluxnet2015/FLX_US-ARc_FLUXNET2015_FULLSET_MM_2005-2006_beta-6.csv [oneflux.pipeline.common]
2025-06-02 20:36:54.027 [INFO    ] Variable 'H_CORR_25' might be missing from headers of file: /pscratch/sd/t/toanngo/ONEFlux/data/US-ARc_sample_output/99_fluxnet2015/FLX_US-ARc_FLUXNET2015_FULLSET_MM_2005-2006_beta-6.csv [oneflux.pipeline.common]
2025-06-02 20:36:54.027 [INFO    ] Variable 'H_CORR_75' might be missing from headers of file: /pscratch/sd/t/toanngo/ONEFlux/data/US-ARc_sample_output/99_fluxnet2015/FLX_US-ARc_FLUXNET2015_FULLSET_MM_2005-2006_beta-6.csv [oneflux.pipeline.common]
2025-06-02 20:36:54.027 [INFO    ] Variable 'H_RANDUNC_METHOD' might be missing from headers of file: /pscratch/sd/t/toanngo/ONEFlux/data/US-ARc_sample_output/99_fluxnet2015/FLX_US-ARc_FLUXNET2015_FULLSET_MM_2005-2006_beta-6.csv [oneflux.pipeline.common]
2025-06-02 20:36:54.027 [INFO    ] Variable 'H_RANDUNC_N' might be missing from headers of file: /pscratch/sd/t/toanngo/ONEFlux/data/US-ARc_sample_output/99_fluxnet2015/FLX_US-ARc_FLUXNET2015_FULLSET_MM_2005-2006_beta-6.csv [oneflux.pipeline.common]
2025-06-02 20:36:54.027 [INFO    ] Variable 'H_CORR_JOINTUNC' might be missing from headers of file: /pscratch/sd/t/toanngo/ONEFlux/data/US-ARc_sample_output/99_fluxnet2015/FLX_US-ARc_FLUXNET2015_FULLSET_MM_2005-2006_beta-6.csv [oneflux.pipeline.common]
2025-06-02 20:36:54.027 [INFO    ] Variable 'NEE_CUT_REF' might be missing from headers of file: /pscratch/sd/t/toanngo/ONEFlux/data/US-ARc_sample_output/99_fluxnet2015/FLX_US-ARc_FLUXNET2015_FULLSET_MM_2005-2006_beta-6.csv [oneflux.pipeline.common]
2025-06-02 20:36:54.027 [INFO    ] Variable 'NEE_CUT_REF_QC' might be missing from headers of file: /pscratch/sd/t/toanngo/ONEFlux/data/US-ARc_sample_output/99_fluxnet2015/FLX_US-ARc_FLUXNET2015_FULLSET_MM_2005-2006_beta-6.csv [oneflux.pipeline.common]
2025-06-02 20:36:54.027 [INFO    ] Variable 'NEE_CUT_REF_RANDUNC' might be missing from headers of file: /pscratch/sd/t/toanngo/ONEFlux/data/US-ARc_sample_output/99_fluxnet2015/FLX_US-ARc_FLUXNET2015_FULLSET_MM_2005-2006_beta-6.csv [oneflux.pipeline.common]
2025-06-02 20:36:54.027 [INFO    ] Variable 'RECO_NT_CUT_REF' might be missing from headers of file: /pscratch/sd/t/toanngo/ONEFlux/data/US-ARc_sample_output/99_fluxnet2015/FLX_US-ARc_FLUXNET2015_FULLSET_MM_2005-2006_beta-6.csv [oneflux.pipeline.common]
2025-06-02 20:36:54.027 [INFO    ] Variable 'GPP_NT_CUT_REF' might be missing from headers of file: /pscratch/sd/t/toanngo/ONEFlux/data/US-ARc_sample_output/99_fluxnet2015/FLX_US-ARc_FLUXNET2015_FULLSET_MM_2005-2006_beta-6.csv [oneflux.pipeline.common]
2025-06-02 20:36:54.027 [INFO    ] Variable 'RECO_DT_CUT_REF' might be missing from headers of file: /pscratch/sd/t/toanngo/ONEFlux/data/US-ARc_sample_output/99_fluxnet2015/FLX_US-ARc_FLUXNET2015_FULLSET_MM_2005-2006_beta-6.csv [oneflux.pipeline.common]
2025-06-02 20:36:54.028 [INFO    ] Variable 'GPP_DT_CUT_REF' might be missing from headers of file: /pscratch/sd/t/toanngo/ONEFlux/data/US-ARc_sample_output/99_fluxnet2015/FLX_US-ARc_FLUXNET2015_FULLSET_MM_2005-2006_beta-6.csv [oneflux.pipeline.common]
2025-06-02 20:36:54.028 [INFO    ] Variable 'TS_F_MDS_2' might be missing from headers of file: /pscratch/sd/t/toanngo/ONEFlux/data/US-ARc_sample_output/99_fluxnet2015/FLX_US-ARc_FLUXNET2015_FULLSET_MM_2005-2006_beta-6.csv [oneflux.pipeline.common]
2025-06-02 20:36:54.028 [INFO    ] Variable 'TS_F_MDS_3' might be missing from headers of file: /pscratch/sd/t/toanngo/ONEFlux/data/US-ARc_sample_output/99_fluxnet2015/FLX_US-ARc_FLUXNET2015_FULLSET_MM_2005-2006_beta-6.csv [oneflux.pipeline.common]
2025-06-02 20:36:54.028 [INFO    ] Variable 'TS_F_MDS_4' might be missing from headers of file: /pscratch/sd/t/toanngo/ONEFlux/data/US-ARc_sample_output/99_fluxnet2015/FLX_US-ARc_FLUXNET2015_FULLSET_MM_2005-2006_beta-6.csv [oneflux.pipeline.common]
2025-06-02 20:36:54.028 [INFO    ] Variable 'TS_F_MDS_5' might be missing from headers of file: /pscratch/sd/t/toanngo/ONEFlux/data/US-ARc_sample_output/99_fluxnet2015/FLX_US-ARc_FLUXNET2015_FULLSET_MM_2005-2006_beta-6.csv [oneflux.pipeline.common]
2025-06-02 20:36:54.028 [INFO    ] Variable 'TS_F_MDS_6' might be missing from headers of file: /pscratch/sd/t/toanngo/ONEFlux/data/US-ARc_sample_output/99_fluxnet2015/FLX_US-ARc_FLUXNET2015_FULLSET_MM_2005-2006_beta-6.csv [oneflux.pipeline.common]
2025-06-02 20:36:54.028 [INFO    ] Variable 'TS_F_MDS_7' might be missing from headers of file: /pscratch/sd/t/toanngo/ONEFlux/data/US-ARc_sample_output/99_fluxnet2015/FLX_US-ARc_FLUXNET2015_FULLSET_MM_2005-2006_beta-6.csv [oneflux.pipeline.common]
2025-06-02 20:36:54.028 [INFO    ] Variable 'TS_F_MDS_8' might be missing from headers of file: /pscratch/sd/t/toanngo/ONEFlux/data/US-ARc_sample_output/99_fluxnet2015/FLX_US-ARc_FLUXNET2015_FULLSET_MM_2005-2006_beta-6.csv [oneflux.pipeline.common]
2025-06-02 20:36:54.028 [INFO    ] Variable 'TS_F_MDS_9' might be missing from headers of file: /pscratch/sd/t/toanngo/ONEFlux/data/US-ARc_sample_output/99_fluxnet2015/FLX_US-ARc_FLUXNET2015_FULLSET_MM_2005-2006_beta-6.csv [oneflux.pipeline.common]
2025-06-02 20:36:54.028 [INFO    ] Variable 'TS_F_MDS_10' might be missing from headers of file: /pscratch/sd/t/toanngo/ONEFlux/data/US-ARc_sample_output/99_fluxnet2015/FLX_US-ARc_FLUXNET2015_FULLSET_MM_2005-2006_beta-6.csv [oneflux.pipeline.common]
2025-06-02 20:36:54.028 [INFO    ] Variable 'TS_F_MDS_11' might be missing from headers of file: /pscratch/sd/t/toanngo/ONEFlux/data/US-ARc_sample_output/99_fluxnet2015/FLX_US-ARc_FLUXNET2015_FULLSET_MM_2005-2006_beta-6.csv [oneflux.pipeline.common]
2025-06-02 20:36:54.028 [INFO    ] Variable 'TS_F_MDS_12' might be missing from headers of file: /pscratch/sd/t/toanngo/ONEFlux/data/US-ARc_sample_output/99_fluxnet2015/FLX_US-ARc_FLUXNET2015_FULLSET_MM_2005-2006_beta-6.csv [oneflux.pipeline.common]
2025-06-02 20:36:54.029 [INFO    ] Variable 'TS_F_MDS_13' might be missing from headers of file: /pscratch/sd/t/toanngo/ONEFlux/data/US-ARc_sample_output/99_fluxnet2015/FLX_US-ARc_FLUXNET2015_FULLSET_MM_2005-2006_beta-6.csv [oneflux.pipeline.common]
2025-06-02 20:36:54.029 [INFO    ] Variable 'TS_F_MDS_14' might be missing from headers of file: /pscratch/sd/t/toanngo/ONEFlux/data/US-ARc_sample_output/99_fluxnet2015/FLX_US-ARc_FLUXNET2015_FULLSET_MM_2005-2006_beta-6.csv [oneflux.pipeline.common]
2025-06-02 20:36:54.029 [INFO    ] Variable 'TS_F_MDS_15' might be missing from headers of file: /pscratch/sd/t/toanngo/ONEFlux/data/US-ARc_sample_output/99_fluxnet2015/FLX_US-ARc_FLUXNET2015_FULLSET_MM_2005-2006_beta-6.csv [oneflux.pipeline.common]
2025-06-02 20:36:54.029 [INFO    ] Variable 'TS_F_MDS_16' might be missing from headers of file: /pscratch/sd/t/toanngo/ONEFlux/data/US-ARc_sample_output/99_fluxnet2015/FLX_US-ARc_FLUXNET2015_FULLSET_MM_2005-2006_beta-6.csv [oneflux.pipeline.common]
2025-06-02 20:36:54.029 [INFO    ] Variable 'TS_F_MDS_17' might be missing from headers of file: /pscratch/sd/t/toanngo/ONEFlux/data/US-ARc_sample_output/99_fluxnet2015/FLX_US-ARc_FLUXNET2015_FULLSET_MM_2005-2006_beta-6.csv [oneflux.pipeline.common]
2025-06-02 20:36:54.029 [INFO    ] Variable 'TS_F_MDS_18' might be missing from headers of file: /pscratch/sd/t/toanngo/ONEFlux/data/US-ARc_sample_output/99_fluxnet2015/FLX_US-ARc_FLUXNET2015_FULLSET_MM_2005-2006_beta-6.csv [oneflux.pipeline.common]
2025-06-02 20:36:54.029 [INFO    ] Variable 'TS_F_MDS_19' might be missing from headers of file: /pscratch/sd/t/toanngo/ONEFlux/data/US-ARc_sample_output/99_fluxnet2015/FLX_US-ARc_FLUXNET2015_FULLSET_MM_2005-2006_beta-6.csv [oneflux.pipeline.common]
2025-06-02 20:36:54.029 [INFO    ] Variable 'TS_F_MDS_2_QC' might be missing from headers of file: /pscratch/sd/t/toanngo/ONEFlux/data/US-ARc_sample_output/99_fluxnet2015/FLX_US-ARc_FLUXNET2015_FULLSET_MM_2005-2006_beta-6.csv [oneflux.pipeline.common]
2025-06-02 20:36:54.029 [INFO    ] Variable 'TS_F_MDS_3_QC' might be missing from headers of file: /pscratch/sd/t/toanngo/ONEFlux/data/US-ARc_sample_output/99_fluxnet2015/FLX_US-ARc_FLUXNET2015_FULLSET_MM_2005-2006_beta-6.csv [oneflux.pipeline.common]
2025-06-02 20:36:54.029 [INFO    ] Variable 'TS_F_MDS_4_QC' might be missing from headers of file: /pscratch/sd/t/toanngo/ONEFlux/data/US-ARc_sample_output/99_fluxnet2015/FLX_US-ARc_FLUXNET2015_FULLSET_MM_2005-2006_beta-6.csv [oneflux.pipeline.common]
2025-06-02 20:36:54.029 [INFO    ] Variable 'TS_F_MDS_5_QC' might be missing from headers of file: /pscratch/sd/t/toanngo/ONEFlux/data/US-ARc_sample_output/99_fluxnet2015/FLX_US-ARc_FLUXNET2015_FULLSET_MM_2005-2006_beta-6.csv [oneflux.pipeline.common]
2025-06-02 20:36:54.029 [INFO    ] Variable 'TS_F_MDS_6_QC' might be missing from headers of file: /pscratch/sd/t/toanngo/ONEFlux/data/US-ARc_sample_output/99_fluxnet2015/FLX_US-ARc_FLUXNET2015_FULLSET_MM_2005-2006_beta-6.csv [oneflux.pipeline.common]
2025-06-02 20:36:54.030 [INFO    ] Variable 'TS_F_MDS_7_QC' might be missing from headers of file: /pscratch/sd/t/toanngo/ONEFlux/data/US-ARc_sample_output/99_fluxnet2015/FLX_US-ARc_FLUXNET2015_FULLSET_MM_2005-2006_beta-6.csv [oneflux.pipeline.common]
2025-06-02 20:36:54.030 [INFO    ] Variable 'TS_F_MDS_8_QC' might be missing from headers of file: /pscratch/sd/t/toanngo/ONEFlux/data/US-ARc_sample_output/99_fluxnet2015/FLX_US-ARc_FLUXNET2015_FULLSET_MM_2005-2006_beta-6.csv [oneflux.pipeline.common]
2025-06-02 20:36:54.030 [INFO    ] Variable 'TS_F_MDS_9_QC' might be missing from headers of file: /pscratch/sd/t/toanngo/ONEFlux/data/US-ARc_sample_output/99_fluxnet2015/FLX_US-ARc_FLUXNET2015_FULLSET_MM_2005-2006_beta-6.csv [oneflux.pipeline.common]
2025-06-02 20:36:54.030 [INFO    ] Variable 'TS_F_MDS_10_QC' might be missing from headers of file: /pscratch/sd/t/toanngo/ONEFlux/data/US-ARc_sample_output/99_fluxnet2015/FLX_US-ARc_FLUXNET2015_FULLSET_MM_2005-2006_beta-6.csv [oneflux.pipeline.common]
2025-06-02 20:36:54.030 [INFO    ] Variable 'TS_F_MDS_11_QC' might be missing from headers of file: /pscratch/sd/t/toanngo/ONEFlux/data/US-ARc_sample_output/99_fluxnet2015/FLX_US-ARc_FLUXNET2015_FULLSET_MM_2005-2006_beta-6.csv [oneflux.pipeline.common]
2025-06-02 20:36:54.030 [INFO    ] Variable 'TS_F_MDS_12_QC' might be missing from headers of file: /pscratch/sd/t/toanngo/ONEFlux/data/US-ARc_sample_output/99_fluxnet2015/FLX_US-ARc_FLUXNET2015_FULLSET_MM_2005-2006_beta-6.csv [oneflux.pipeline.common]
2025-06-02 20:36:54.030 [INFO    ] Variable 'TS_F_MDS_13_QC' might be missing from headers of file: /pscratch/sd/t/toanngo/ONEFlux/data/US-ARc_sample_output/99_fluxnet2015/FLX_US-ARc_FLUXNET2015_FULLSET_MM_2005-2006_beta-6.csv [oneflux.pipeline.common]
2025-06-02 20:36:54.030 [INFO    ] Variable 'TS_F_MDS_14_QC' might be missing from headers of file: /pscratch/sd/t/toanngo/ONEFlux/data/US-ARc_sample_output/99_fluxnet2015/FLX_US-ARc_FLUXNET2015_FULLSET_MM_2005-2006_beta-6.csv [oneflux.pipeline.common]
2025-06-02 20:36:54.030 [INFO    ] Variable 'TS_F_MDS_15_QC' might be missing from headers of file: /pscratch/sd/t/toanngo/ONEFlux/data/US-ARc_sample_output/99_fluxnet2015/FLX_US-ARc_FLUXNET2015_FULLSET_MM_2005-2006_beta-6.csv [oneflux.pipeline.common]
2025-06-02 20:36:54.030 [INFO    ] Variable 'TS_F_MDS_16_QC' might be missing from headers of file: /pscratch/sd/t/toanngo/ONEFlux/data/US-ARc_sample_output/99_fluxnet2015/FLX_US-ARc_FLUXNET2015_FULLSET_MM_2005-2006_beta-6.csv [oneflux.pipeline.common]
2025-06-02 20:36:54.030 [INFO    ] Variable 'TS_F_MDS_17_QC' might be missing from headers of file: /pscratch/sd/t/toanngo/ONEFlux/data/US-ARc_sample_output/99_fluxnet2015/FLX_US-ARc_FLUXNET2015_FULLSET_MM_2005-2006_beta-6.csv [oneflux.pipeline.common]
2025-06-02 20:36:54.031 [INFO    ] Variable 'TS_F_MDS_18_QC' might be missing from headers of file: /pscratch/sd/t/toanngo/ONEFlux/data/US-ARc_sample_output/99_fluxnet2015/FLX_US-ARc_FLUXNET2015_FULLSET_MM_2005-2006_beta-6.csv [oneflux.pipeline.common]
2025-06-02 20:36:54.031 [INFO    ] Variable 'TS_F_MDS_19_QC' might be missing from headers of file: /pscratch/sd/t/toanngo/ONEFlux/data/US-ARc_sample_output/99_fluxnet2015/FLX_US-ARc_FLUXNET2015_FULLSET_MM_2005-2006_beta-6.csv [oneflux.pipeline.common]
2025-06-02 20:36:54.031 [INFO    ] Variable 'SWC_F_MDS_2' might be missing from headers of file: /pscratch/sd/t/toanngo/ONEFlux/data/US-ARc_sample_output/99_fluxnet2015/FLX_US-ARc_FLUXNET2015_FULLSET_MM_2005-2006_beta-6.csv [oneflux.pipeline.common]
2025-06-02 20:36:54.031 [INFO    ] Variable 'SWC_F_MDS_3' might be missing from headers of file: /pscratch/sd/t/toanngo/ONEFlux/data/US-ARc_sample_output/99_fluxnet2015/FLX_US-ARc_FLUXNET2015_FULLSET_MM_2005-2006_beta-6.csv [oneflux.pipeline.common]
2025-06-02 20:36:54.031 [INFO    ] Variable 'SWC_F_MDS_4' might be missing from headers of file: /pscratch/sd/t/toanngo/ONEFlux/data/US-ARc_sample_output/99_fluxnet2015/FLX_US-ARc_FLUXNET2015_FULLSET_MM_2005-2006_beta-6.csv [oneflux.pipeline.common]
2025-06-02 20:36:54.031 [INFO    ] Variable 'SWC_F_MDS_5' might be missing from headers of file: /pscratch/sd/t/toanngo/ONEFlux/data/US-ARc_sample_output/99_fluxnet2015/FLX_US-ARc_FLUXNET2015_FULLSET_MM_2005-2006_beta-6.csv [oneflux.pipeline.common]
2025-06-02 20:36:54.031 [INFO    ] Variable 'SWC_F_MDS_6' might be missing from headers of file: /pscratch/sd/t/toanngo/ONEFlux/data/US-ARc_sample_output/99_fluxnet2015/FLX_US-ARc_FLUXNET2015_FULLSET_MM_2005-2006_beta-6.csv [oneflux.pipeline.common]
2025-06-02 20:36:54.031 [INFO    ] Variable 'SWC_F_MDS_7' might be missing from headers of file: /pscratch/sd/t/toanngo/ONEFlux/data/US-ARc_sample_output/99_fluxnet2015/FLX_US-ARc_FLUXNET2015_FULLSET_MM_2005-2006_beta-6.csv [oneflux.pipeline.common]
2025-06-02 20:36:54.031 [INFO    ] Variable 'SWC_F_MDS_8' might be missing from headers of file: /pscratch/sd/t/toanngo/ONEFlux/data/US-ARc_sample_output/99_fluxnet2015/FLX_US-ARc_FLUXNET2015_FULLSET_MM_2005-2006_beta-6.csv [oneflux.pipeline.common]
2025-06-02 20:36:54.031 [INFO    ] Variable 'SWC_F_MDS_9' might be missing from headers of file: /pscratch/sd/t/toanngo/ONEFlux/data/US-ARc_sample_output/99_fluxnet2015/FLX_US-ARc_FLUXNET2015_FULLSET_MM_2005-2006_beta-6.csv [oneflux.pipeline.common]
2025-06-02 20:36:54.031 [INFO    ] Variable 'SWC_F_MDS_10' might be missing from headers of file: /pscratch/sd/t/toanngo/ONEFlux/data/US-ARc_sample_output/99_fluxnet2015/FLX_US-ARc_FLUXNET2015_FULLSET_MM_2005-2006_beta-6.csv [oneflux.pipeline.common]
2025-06-02 20:36:54.031 [INFO    ] Variable 'SWC_F_MDS_11' might be missing from headers of file: /pscratch/sd/t/toanngo/ONEFlux/data/US-ARc_sample_output/99_fluxnet2015/FLX_US-ARc_FLUXNET2015_FULLSET_MM_2005-2006_beta-6.csv [oneflux.pipeline.common]
2025-06-02 20:36:54.032 [INFO    ] Variable 'SWC_F_MDS_12' might be missing from headers of file: /pscratch/sd/t/toanngo/ONEFlux/data/US-ARc_sample_output/99_fluxnet2015/FLX_US-ARc_FLUXNET2015_FULLSET_MM_2005-2006_beta-6.csv [oneflux.pipeline.common]
2025-06-02 20:36:54.032 [INFO    ] Variable 'SWC_F_MDS_13' might be missing from headers of file: /pscratch/sd/t/toanngo/ONEFlux/data/US-ARc_sample_output/99_fluxnet2015/FLX_US-ARc_FLUXNET2015_FULLSET_MM_2005-2006_beta-6.csv [oneflux.pipeline.common]
2025-06-02 20:36:54.032 [INFO    ] Variable 'SWC_F_MDS_14' might be missing from headers of file: /pscratch/sd/t/toanngo/ONEFlux/data/US-ARc_sample_output/99_fluxnet2015/FLX_US-ARc_FLUXNET2015_FULLSET_MM_2005-2006_beta-6.csv [oneflux.pipeline.common]
2025-06-02 20:36:54.032 [INFO    ] Variable 'SWC_F_MDS_15' might be missing from headers of file: /pscratch/sd/t/toanngo/ONEFlux/data/US-ARc_sample_output/99_fluxnet2015/FLX_US-ARc_FLUXNET2015_FULLSET_MM_2005-2006_beta-6.csv [oneflux.pipeline.common]
2025-06-02 20:36:54.032 [INFO    ] Variable 'SWC_F_MDS_16' might be missing from headers of file: /pscratch/sd/t/toanngo/ONEFlux/data/US-ARc_sample_output/99_fluxnet2015/FLX_US-ARc_FLUXNET2015_FULLSET_MM_2005-2006_beta-6.csv [oneflux.pipeline.common]
2025-06-02 20:36:54.032 [INFO    ] Variable 'SWC_F_MDS_17' might be missing from headers of file: /pscratch/sd/t/toanngo/ONEFlux/data/US-ARc_sample_output/99_fluxnet2015/FLX_US-ARc_FLUXNET2015_FULLSET_MM_2005-2006_beta-6.csv [oneflux.pipeline.common]
2025-06-02 20:36:54.032 [INFO    ] Variable 'SWC_F_MDS_18' might be missing from headers of file: /pscratch/sd/t/toanngo/ONEFlux/data/US-ARc_sample_output/99_fluxnet2015/FLX_US-ARc_FLUXNET2015_FULLSET_MM_2005-2006_beta-6.csv [oneflux.pipeline.common]
2025-06-02 20:36:54.032 [INFO    ] Variable 'SWC_F_MDS_19' might be missing from headers of file: /pscratch/sd/t/toanngo/ONEFlux/data/US-ARc_sample_output/99_fluxnet2015/FLX_US-ARc_FLUXNET2015_FULLSET_MM_2005-2006_beta-6.csv [oneflux.pipeline.common]
2025-06-02 20:36:54.032 [INFO    ] Variable 'SWC_F_MDS_2_QC' might be missing from headers of file: /pscratch/sd/t/toanngo/ONEFlux/data/US-ARc_sample_output/99_fluxnet2015/FLX_US-ARc_FLUXNET2015_FULLSET_MM_2005-2006_beta-6.csv [oneflux.pipeline.common]
2025-06-02 20:36:54.032 [INFO    ] Variable 'SWC_F_MDS_3_QC' might be missing from headers of file: /pscratch/sd/t/toanngo/ONEFlux/data/US-ARc_sample_output/99_fluxnet2015/FLX_US-ARc_FLUXNET2015_FULLSET_MM_2005-2006_beta-6.csv [oneflux.pipeline.common]
2025-06-02 20:36:54.032 [INFO    ] Variable 'SWC_F_MDS_4_QC' might be missing from headers of file: /pscratch/sd/t/toanngo/ONEFlux/data/US-ARc_sample_output/99_fluxnet2015/FLX_US-ARc_FLUXNET2015_FULLSET_MM_2005-2006_beta-6.csv [oneflux.pipeline.common]
2025-06-02 20:36:54.032 [INFO    ] Variable 'SWC_F_MDS_5_QC' might be missing from headers of file: /pscratch/sd/t/toanngo/ONEFlux/data/US-ARc_sample_output/99_fluxnet2015/FLX_US-ARc_FLUXNET2015_FULLSET_MM_2005-2006_beta-6.csv [oneflux.pipeline.common]
2025-06-02 20:36:54.033 [INFO    ] Variable 'SWC_F_MDS_6_QC' might be missing from headers of file: /pscratch/sd/t/toanngo/ONEFlux/data/US-ARc_sample_output/99_fluxnet2015/FLX_US-ARc_FLUXNET2015_FULLSET_MM_2005-2006_beta-6.csv [oneflux.pipeline.common]
2025-06-02 20:36:54.033 [INFO    ] Variable 'SWC_F_MDS_7_QC' might be missing from headers of file: /pscratch/sd/t/toanngo/ONEFlux/data/US-ARc_sample_output/99_fluxnet2015/FLX_US-ARc_FLUXNET2015_FULLSET_MM_2005-2006_beta-6.csv [oneflux.pipeline.common]
2025-06-02 20:36:54.033 [INFO    ] Variable 'SWC_F_MDS_8_QC' might be missing from headers of file: /pscratch/sd/t/toanngo/ONEFlux/data/US-ARc_sample_output/99_fluxnet2015/FLX_US-ARc_FLUXNET2015_FULLSET_MM_2005-2006_beta-6.csv [oneflux.pipeline.common]
2025-06-02 20:36:54.033 [INFO    ] Variable 'SWC_F_MDS_9_QC' might be missing from headers of file: /pscratch/sd/t/toanngo/ONEFlux/data/US-ARc_sample_output/99_fluxnet2015/FLX_US-ARc_FLUXNET2015_FULLSET_MM_2005-2006_beta-6.csv [oneflux.pipeline.common]
2025-06-02 20:36:54.033 [INFO    ] Variable 'SWC_F_MDS_10_QC' might be missing from headers of file: /pscratch/sd/t/toanngo/ONEFlux/data/US-ARc_sample_output/99_fluxnet2015/FLX_US-ARc_FLUXNET2015_FULLSET_MM_2005-2006_beta-6.csv [oneflux.pipeline.common]
2025-06-02 20:36:54.033 [INFO    ] Variable 'SWC_F_MDS_11_QC' might be missing from headers of file: /pscratch/sd/t/toanngo/ONEFlux/data/US-ARc_sample_output/99_fluxnet2015/FLX_US-ARc_FLUXNET2015_FULLSET_MM_2005-2006_beta-6.csv [oneflux.pipeline.common]
2025-06-02 20:36:54.033 [INFO    ] Variable 'SWC_F_MDS_12_QC' might be missing from headers of file: /pscratch/sd/t/toanngo/ONEFlux/data/US-ARc_sample_output/99_fluxnet2015/FLX_US-ARc_FLUXNET2015_FULLSET_MM_2005-2006_beta-6.csv [oneflux.pipeline.common]
2025-06-02 20:36:54.033 [INFO    ] Variable 'SWC_F_MDS_13_QC' might be missing from headers of file: /pscratch/sd/t/toanngo/ONEFlux/data/US-ARc_sample_output/99_fluxnet2015/FLX_US-ARc_FLUXNET2015_FULLSET_MM_2005-2006_beta-6.csv [oneflux.pipeline.common]
2025-06-02 20:36:54.033 [INFO    ] Variable 'SWC_F_MDS_14_QC' might be missing from headers of file: /pscratch/sd/t/toanngo/ONEFlux/data/US-ARc_sample_output/99_fluxnet2015/FLX_US-ARc_FLUXNET2015_FULLSET_MM_2005-2006_beta-6.csv [oneflux.pipeline.common]
2025-06-02 20:36:54.033 [INFO    ] Variable 'SWC_F_MDS_15_QC' might be missing from headers of file: /pscratch/sd/t/toanngo/ONEFlux/data/US-ARc_sample_output/99_fluxnet2015/FLX_US-ARc_FLUXNET2015_FULLSET_MM_2005-2006_beta-6.csv [oneflux.pipeline.common]
2025-06-02 20:36:54.033 [INFO    ] Variable 'SWC_F_MDS_16_QC' might be missing from headers of file: /pscratch/sd/t/toanngo/ONEFlux/data/US-ARc_sample_output/99_fluxnet2015/FLX_US-ARc_FLUXNET2015_FULLSET_MM_2005-2006_beta-6.csv [oneflux.pipeline.common]
2025-06-02 20:36:54.034 [INFO    ] Variable 'SWC_F_MDS_17_QC' might be missing from headers of file: /pscratch/sd/t/toanngo/ONEFlux/data/US-ARc_sample_output/99_fluxnet2015/FLX_US-ARc_FLUXNET2015_FULLSET_MM_2005-2006_beta-6.csv [oneflux.pipeline.common]
2025-06-02 20:36:54.034 [INFO    ] Variable 'SWC_F_MDS_18_QC' might be missing from headers of file: /pscratch/sd/t/toanngo/ONEFlux/data/US-ARc_sample_output/99_fluxnet2015/FLX_US-ARc_FLUXNET2015_FULLSET_MM_2005-2006_beta-6.csv [oneflux.pipeline.common]
2025-06-02 20:36:54.034 [INFO    ] Variable 'SWC_F_MDS_19_QC' might be missing from headers of file: /pscratch/sd/t/toanngo/ONEFlux/data/US-ARc_sample_output/99_fluxnet2015/FLX_US-ARc_FLUXNET2015_FULLSET_MM_2005-2006_beta-6.csv [oneflux.pipeline.common]
2025-06-02 20:36:54.034 [INFO    ] Variable 'NEE_CUT_05' might be missing from headers of file: /pscratch/sd/t/toanngo/ONEFlux/data/US-ARc_sample_output/99_fluxnet2015/FLX_US-ARc_FLUXNET2015_FULLSET_MM_2005-2006_beta-6.csv [oneflux.pipeline.common]
2025-06-02 20:36:54.034 [INFO    ] Variable 'NEE_CUT_16' might be missing from headers of file: /pscratch/sd/t/toanngo/ONEFlux/data/US-ARc_sample_output/99_fluxnet2015/FLX_US-ARc_FLUXNET2015_FULLSET_MM_2005-2006_beta-6.csv [oneflux.pipeline.common]
2025-06-02 20:36:54.034 [INFO    ] Variable 'NEE_CUT_25' might be missing from headers of file: /pscratch/sd/t/toanngo/ONEFlux/data/US-ARc_sample_output/99_fluxnet2015/FLX_US-ARc_FLUXNET2015_FULLSET_MM_2005-2006_beta-6.csv [oneflux.pipeline.common]
2025-06-02 20:36:54.034 [INFO    ] Variable 'NEE_CUT_50' might be missing from headers of file: /pscratch/sd/t/toanngo/ONEFlux/data/US-ARc_sample_output/99_fluxnet2015/FLX_US-ARc_FLUXNET2015_FULLSET_MM_2005-2006_beta-6.csv [oneflux.pipeline.common]
2025-06-02 20:36:54.034 [INFO    ] Variable 'NEE_CUT_75' might be missing from headers of file: /pscratch/sd/t/toanngo/ONEFlux/data/US-ARc_sample_output/99_fluxnet2015/FLX_US-ARc_FLUXNET2015_FULLSET_MM_2005-2006_beta-6.csv [oneflux.pipeline.common]
2025-06-02 20:36:54.034 [INFO    ] Variable 'NEE_CUT_84' might be missing from headers of file: /pscratch/sd/t/toanngo/ONEFlux/data/US-ARc_sample_output/99_fluxnet2015/FLX_US-ARc_FLUXNET2015_FULLSET_MM_2005-2006_beta-6.csv [oneflux.pipeline.common]
2025-06-02 20:36:54.034 [INFO    ] Variable 'NEE_CUT_95' might be missing from headers of file: /pscratch/sd/t/toanngo/ONEFlux/data/US-ARc_sample_output/99_fluxnet2015/FLX_US-ARc_FLUXNET2015_FULLSET_MM_2005-2006_beta-6.csv [oneflux.pipeline.common]
2025-06-02 20:36:54.034 [INFO    ] Variable 'NEE_CUT_05_QC' might be missing from headers of file: /pscratch/sd/t/toanngo/ONEFlux/data/US-ARc_sample_output/99_fluxnet2015/FLX_US-ARc_FLUXNET2015_FULLSET_MM_2005-2006_beta-6.csv [oneflux.pipeline.common]
2025-06-02 20:36:54.034 [INFO    ] Variable 'NEE_CUT_16_QC' might be missing from headers of file: /pscratch/sd/t/toanngo/ONEFlux/data/US-ARc_sample_output/99_fluxnet2015/FLX_US-ARc_FLUXNET2015_FULLSET_MM_2005-2006_beta-6.csv [oneflux.pipeline.common]
2025-06-02 20:36:54.035 [INFO    ] Variable 'NEE_CUT_25_QC' might be missing from headers of file: /pscratch/sd/t/toanngo/ONEFlux/data/US-ARc_sample_output/99_fluxnet2015/FLX_US-ARc_FLUXNET2015_FULLSET_MM_2005-2006_beta-6.csv [oneflux.pipeline.common]
2025-06-02 20:36:54.035 [INFO    ] Variable 'NEE_CUT_50_QC' might be missing from headers of file: /pscratch/sd/t/toanngo/ONEFlux/data/US-ARc_sample_output/99_fluxnet2015/FLX_US-ARc_FLUXNET2015_FULLSET_MM_2005-2006_beta-6.csv [oneflux.pipeline.common]
2025-06-02 20:36:54.035 [INFO    ] Variable 'NEE_CUT_75_QC' might be missing from headers of file: /pscratch/sd/t/toanngo/ONEFlux/data/US-ARc_sample_output/99_fluxnet2015/FLX_US-ARc_FLUXNET2015_FULLSET_MM_2005-2006_beta-6.csv [oneflux.pipeline.common]
2025-06-02 20:36:54.035 [INFO    ] Variable 'NEE_CUT_84_QC' might be missing from headers of file: /pscratch/sd/t/toanngo/ONEFlux/data/US-ARc_sample_output/99_fluxnet2015/FLX_US-ARc_FLUXNET2015_FULLSET_MM_2005-2006_beta-6.csv [oneflux.pipeline.common]
2025-06-02 20:36:54.035 [INFO    ] Variable 'NEE_CUT_95_QC' might be missing from headers of file: /pscratch/sd/t/toanngo/ONEFlux/data/US-ARc_sample_output/99_fluxnet2015/FLX_US-ARc_FLUXNET2015_FULLSET_MM_2005-2006_beta-6.csv [oneflux.pipeline.common]
2025-06-02 20:36:54.035 [INFO    ] Variable 'RECO_NT_CUT_05' might be missing from headers of file: /pscratch/sd/t/toanngo/ONEFlux/data/US-ARc_sample_output/99_fluxnet2015/FLX_US-ARc_FLUXNET2015_FULLSET_MM_2005-2006_beta-6.csv [oneflux.pipeline.common]
2025-06-02 20:36:54.035 [INFO    ] Variable 'RECO_NT_CUT_16' might be missing from headers of file: /pscratch/sd/t/toanngo/ONEFlux/data/US-ARc_sample_output/99_fluxnet2015/FLX_US-ARc_FLUXNET2015_FULLSET_MM_2005-2006_beta-6.csv [oneflux.pipeline.common]
2025-06-02 20:36:54.035 [INFO    ] Variable 'RECO_NT_CUT_25' might be missing from headers of file: /pscratch/sd/t/toanngo/ONEFlux/data/US-ARc_sample_output/99_fluxnet2015/FLX_US-ARc_FLUXNET2015_FULLSET_MM_2005-2006_beta-6.csv [oneflux.pipeline.common]
2025-06-02 20:36:54.035 [INFO    ] Variable 'RECO_NT_CUT_50' might be missing from headers of file: /pscratch/sd/t/toanngo/ONEFlux/data/US-ARc_sample_output/99_fluxnet2015/FLX_US-ARc_FLUXNET2015_FULLSET_MM_2005-2006_beta-6.csv [oneflux.pipeline.common]
2025-06-02 20:36:54.035 [INFO    ] Variable 'RECO_NT_CUT_75' might be missing from headers of file: /pscratch/sd/t/toanngo/ONEFlux/data/US-ARc_sample_output/99_fluxnet2015/FLX_US-ARc_FLUXNET2015_FULLSET_MM_2005-2006_beta-6.csv [oneflux.pipeline.common]
2025-06-02 20:36:54.035 [INFO    ] Variable 'RECO_NT_CUT_84' might be missing from headers of file: /pscratch/sd/t/toanngo/ONEFlux/data/US-ARc_sample_output/99_fluxnet2015/FLX_US-ARc_FLUXNET2015_FULLSET_MM_2005-2006_beta-6.csv [oneflux.pipeline.common]
2025-06-02 20:36:54.035 [INFO    ] Variable 'RECO_NT_CUT_95' might be missing from headers of file: /pscratch/sd/t/toanngo/ONEFlux/data/US-ARc_sample_output/99_fluxnet2015/FLX_US-ARc_FLUXNET2015_FULLSET_MM_2005-2006_beta-6.csv [oneflux.pipeline.common]
2025-06-02 20:36:54.036 [INFO    ] Variable 'GPP_NT_CUT_05' might be missing from headers of file: /pscratch/sd/t/toanngo/ONEFlux/data/US-ARc_sample_output/99_fluxnet2015/FLX_US-ARc_FLUXNET2015_FULLSET_MM_2005-2006_beta-6.csv [oneflux.pipeline.common]
2025-06-02 20:36:54.036 [INFO    ] Variable 'GPP_NT_CUT_16' might be missing from headers of file: /pscratch/sd/t/toanngo/ONEFlux/data/US-ARc_sample_output/99_fluxnet2015/FLX_US-ARc_FLUXNET2015_FULLSET_MM_2005-2006_beta-6.csv [oneflux.pipeline.common]
2025-06-02 20:36:54.036 [INFO    ] Variable 'GPP_NT_CUT_25' might be missing from headers of file: /pscratch/sd/t/toanngo/ONEFlux/data/US-ARc_sample_output/99_fluxnet2015/FLX_US-ARc_FLUXNET2015_FULLSET_MM_2005-2006_beta-6.csv [oneflux.pipeline.common]
2025-06-02 20:36:54.036 [INFO    ] Variable 'GPP_NT_CUT_50' might be missing from headers of file: /pscratch/sd/t/toanngo/ONEFlux/data/US-ARc_sample_output/99_fluxnet2015/FLX_US-ARc_FLUXNET2015_FULLSET_MM_2005-2006_beta-6.csv [oneflux.pipeline.common]
2025-06-02 20:36:54.036 [INFO    ] Variable 'GPP_NT_CUT_75' might be missing from headers of file: /pscratch/sd/t/toanngo/ONEFlux/data/US-ARc_sample_output/99_fluxnet2015/FLX_US-ARc_FLUXNET2015_FULLSET_MM_2005-2006_beta-6.csv [oneflux.pipeline.common]
2025-06-02 20:36:54.036 [INFO    ] Variable 'GPP_NT_CUT_84' might be missing from headers of file: /pscratch/sd/t/toanngo/ONEFlux/data/US-ARc_sample_output/99_fluxnet2015/FLX_US-ARc_FLUXNET2015_FULLSET_MM_2005-2006_beta-6.csv [oneflux.pipeline.common]
2025-06-02 20:36:54.036 [INFO    ] Variable 'GPP_NT_CUT_95' might be missing from headers of file: /pscratch/sd/t/toanngo/ONEFlux/data/US-ARc_sample_output/99_fluxnet2015/FLX_US-ARc_FLUXNET2015_FULLSET_MM_2005-2006_beta-6.csv [oneflux.pipeline.common]
2025-06-02 20:36:54.036 [INFO    ] Variable 'RECO_DT_CUT_05' might be missing from headers of file: /pscratch/sd/t/toanngo/ONEFlux/data/US-ARc_sample_output/99_fluxnet2015/FLX_US-ARc_FLUXNET2015_FULLSET_MM_2005-2006_beta-6.csv [oneflux.pipeline.common]
2025-06-02 20:36:54.036 [INFO    ] Variable 'RECO_DT_CUT_16' might be missing from headers of file: /pscratch/sd/t/toanngo/ONEFlux/data/US-ARc_sample_output/99_fluxnet2015/FLX_US-ARc_FLUXNET2015_FULLSET_MM_2005-2006_beta-6.csv [oneflux.pipeline.common]
2025-06-02 20:36:54.036 [INFO    ] Variable 'RECO_DT_CUT_25' might be missing from headers of file: /pscratch/sd/t/toanngo/ONEFlux/data/US-ARc_sample_output/99_fluxnet2015/FLX_US-ARc_FLUXNET2015_FULLSET_MM_2005-2006_beta-6.csv [oneflux.pipeline.common]
2025-06-02 20:36:54.036 [INFO    ] Variable 'RECO_DT_CUT_50' might be missing from headers of file: /pscratch/sd/t/toanngo/ONEFlux/data/US-ARc_sample_output/99_fluxnet2015/FLX_US-ARc_FLUXNET2015_FULLSET_MM_2005-2006_beta-6.csv [oneflux.pipeline.common]
2025-06-02 20:36:54.037 [INFO    ] Variable 'RECO_DT_CUT_75' might be missing from headers of file: /pscratch/sd/t/toanngo/ONEFlux/data/US-ARc_sample_output/99_fluxnet2015/FLX_US-ARc_FLUXNET2015_FULLSET_MM_2005-2006_beta-6.csv [oneflux.pipeline.common]
2025-06-02 20:36:54.037 [INFO    ] Variable 'RECO_DT_CUT_84' might be missing from headers of file: /pscratch/sd/t/toanngo/ONEFlux/data/US-ARc_sample_output/99_fluxnet2015/FLX_US-ARc_FLUXNET2015_FULLSET_MM_2005-2006_beta-6.csv [oneflux.pipeline.common]
2025-06-02 20:36:54.037 [INFO    ] Variable 'RECO_DT_CUT_95' might be missing from headers of file: /pscratch/sd/t/toanngo/ONEFlux/data/US-ARc_sample_output/99_fluxnet2015/FLX_US-ARc_FLUXNET2015_FULLSET_MM_2005-2006_beta-6.csv [oneflux.pipeline.common]
2025-06-02 20:36:54.037 [INFO    ] Variable 'GPP_DT_CUT_05' might be missing from headers of file: /pscratch/sd/t/toanngo/ONEFlux/data/US-ARc_sample_output/99_fluxnet2015/FLX_US-ARc_FLUXNET2015_FULLSET_MM_2005-2006_beta-6.csv [oneflux.pipeline.common]
2025-06-02 20:36:54.037 [INFO    ] Variable 'GPP_DT_CUT_16' might be missing from headers of file: /pscratch/sd/t/toanngo/ONEFlux/data/US-ARc_sample_output/99_fluxnet2015/FLX_US-ARc_FLUXNET2015_FULLSET_MM_2005-2006_beta-6.csv [oneflux.pipeline.common]
2025-06-02 20:36:54.037 [INFO    ] Variable 'GPP_DT_CUT_25' might be missing from headers of file: /pscratch/sd/t/toanngo/ONEFlux/data/US-ARc_sample_output/99_fluxnet2015/FLX_US-ARc_FLUXNET2015_FULLSET_MM_2005-2006_beta-6.csv [oneflux.pipeline.common]
2025-06-02 20:36:54.037 [INFO    ] Variable 'GPP_DT_CUT_50' might be missing from headers of file: /pscratch/sd/t/toanngo/ONEFlux/data/US-ARc_sample_output/99_fluxnet2015/FLX_US-ARc_FLUXNET2015_FULLSET_MM_2005-2006_beta-6.csv [oneflux.pipeline.common]
2025-06-02 20:36:54.037 [INFO    ] Variable 'GPP_DT_CUT_75' might be missing from headers of file: /pscratch/sd/t/toanngo/ONEFlux/data/US-ARc_sample_output/99_fluxnet2015/FLX_US-ARc_FLUXNET2015_FULLSET_MM_2005-2006_beta-6.csv [oneflux.pipeline.common]
2025-06-02 20:36:54.037 [INFO    ] Variable 'GPP_DT_CUT_84' might be missing from headers of file: /pscratch/sd/t/toanngo/ONEFlux/data/US-ARc_sample_output/99_fluxnet2015/FLX_US-ARc_FLUXNET2015_FULLSET_MM_2005-2006_beta-6.csv [oneflux.pipeline.common]
2025-06-02 20:36:54.037 [INFO    ] Variable 'GPP_DT_CUT_95' might be missing from headers of file: /pscratch/sd/t/toanngo/ONEFlux/data/US-ARc_sample_output/99_fluxnet2015/FLX_US-ARc_FLUXNET2015_FULLSET_MM_2005-2006_beta-6.csv [oneflux.pipeline.common]
2025-06-02 20:36:54.038 [INFO    ] Variable 'PPFD_DIF' might be missing from headers of file: /pscratch/sd/t/toanngo/ONEFlux/data/US-ARc_sample_output/99_fluxnet2015/FLX_US-ARc_FLUXNET2015_FULLSET_WW_2005-2006_beta-6.csv [oneflux.pipeline.common]
2025-06-02 20:36:54.038 [INFO    ] Variable 'PPFD_DIF_QC' might be missing from headers of file: /pscratch/sd/t/toanngo/ONEFlux/data/US-ARc_sample_output/99_fluxnet2015/FLX_US-ARc_FLUXNET2015_FULLSET_WW_2005-2006_beta-6.csv [oneflux.pipeline.common]
2025-06-02 20:36:54.038 [INFO    ] Variable 'PPFD_OUT' might be missing from headers of file: /pscratch/sd/t/toanngo/ONEFlux/data/US-ARc_sample_output/99_fluxnet2015/FLX_US-ARc_FLUXNET2015_FULLSET_WW_2005-2006_beta-6.csv [oneflux.pipeline.common]
2025-06-02 20:36:54.038 [INFO    ] Variable 'PPFD_OUT_QC' might be missing from headers of file: /pscratch/sd/t/toanngo/ONEFlux/data/US-ARc_sample_output/99_fluxnet2015/FLX_US-ARc_FLUXNET2015_FULLSET_WW_2005-2006_beta-6.csv [oneflux.pipeline.common]
2025-06-02 20:36:54.038 [INFO    ] Variable 'SW_DIF' might be missing from headers of file: /pscratch/sd/t/toanngo/ONEFlux/data/US-ARc_sample_output/99_fluxnet2015/FLX_US-ARc_FLUXNET2015_FULLSET_WW_2005-2006_beta-6.csv [oneflux.pipeline.common]
2025-06-02 20:36:54.038 [INFO    ] Variable 'SW_DIF_QC' might be missing from headers of file: /pscratch/sd/t/toanngo/ONEFlux/data/US-ARc_sample_output/99_fluxnet2015/FLX_US-ARc_FLUXNET2015_FULLSET_WW_2005-2006_beta-6.csv [oneflux.pipeline.common]
2025-06-02 20:36:54.038 [INFO    ] Variable 'SW_OUT' might be missing from headers of file: /pscratch/sd/t/toanngo/ONEFlux/data/US-ARc_sample_output/99_fluxnet2015/FLX_US-ARc_FLUXNET2015_FULLSET_WW_2005-2006_beta-6.csv [oneflux.pipeline.common]
2025-06-02 20:36:54.038 [INFO    ] Variable 'SW_OUT_QC' might be missing from headers of file: /pscratch/sd/t/toanngo/ONEFlux/data/US-ARc_sample_output/99_fluxnet2015/FLX_US-ARc_FLUXNET2015_FULLSET_WW_2005-2006_beta-6.csv [oneflux.pipeline.common]
2025-06-02 20:36:54.038 [INFO    ] Variable 'LW_OUT' might be missing from headers of file: /pscratch/sd/t/toanngo/ONEFlux/data/US-ARc_sample_output/99_fluxnet2015/FLX_US-ARc_FLUXNET2015_FULLSET_WW_2005-2006_beta-6.csv [oneflux.pipeline.common]
2025-06-02 20:36:54.038 [INFO    ] Variable 'LW_OUT_QC' might be missing from headers of file: /pscratch/sd/t/toanngo/ONEFlux/data/US-ARc_sample_output/99_fluxnet2015/FLX_US-ARc_FLUXNET2015_FULLSET_WW_2005-2006_beta-6.csv [oneflux.pipeline.common]
2025-06-02 20:36:54.039 [INFO    ] Variable 'PA' might be missing from headers of file: /pscratch/sd/t/toanngo/ONEFlux/data/US-ARc_sample_output/99_fluxnet2015/FLX_US-ARc_FLUXNET2015_FULLSET_WW_2005-2006_beta-6.csv [oneflux.pipeline.common]
2025-06-02 20:36:54.039 [INFO    ] Variable 'P' might be missing from headers of file: /pscratch/sd/t/toanngo/ONEFlux/data/US-ARc_sample_output/99_fluxnet2015/FLX_US-ARc_FLUXNET2015_FULLSET_WW_2005-2006_beta-6.csv [oneflux.pipeline.common]
2025-06-02 20:36:54.039 [INFO    ] Variable 'WS' might be missing from headers of file: /pscratch/sd/t/toanngo/ONEFlux/data/US-ARc_sample_output/99_fluxnet2015/FLX_US-ARc_FLUXNET2015_FULLSET_WW_2005-2006_beta-6.csv [oneflux.pipeline.common]
2025-06-02 20:36:54.039 [INFO    ] Variable 'WD' might be missing from headers of file: /pscratch/sd/t/toanngo/ONEFlux/data/US-ARc_sample_output/99_fluxnet2015/FLX_US-ARc_FLUXNET2015_FULLSET_WW_2005-2006_beta-6.csv [oneflux.pipeline.common]
2025-06-02 20:36:54.039 [INFO    ] Variable 'RH' might be missing from headers of file: /pscratch/sd/t/toanngo/ONEFlux/data/US-ARc_sample_output/99_fluxnet2015/FLX_US-ARc_FLUXNET2015_FULLSET_WW_2005-2006_beta-6.csv [oneflux.pipeline.common]
2025-06-02 20:36:54.039 [INFO    ] Variable 'LE_CORR_25' might be missing from headers of file: /pscratch/sd/t/toanngo/ONEFlux/data/US-ARc_sample_output/99_fluxnet2015/FLX_US-ARc_FLUXNET2015_FULLSET_WW_2005-2006_beta-6.csv [oneflux.pipeline.common]
2025-06-02 20:36:54.039 [INFO    ] Variable 'LE_CORR_75' might be missing from headers of file: /pscratch/sd/t/toanngo/ONEFlux/data/US-ARc_sample_output/99_fluxnet2015/FLX_US-ARc_FLUXNET2015_FULLSET_WW_2005-2006_beta-6.csv [oneflux.pipeline.common]
2025-06-02 20:36:54.039 [INFO    ] Variable 'LE_RANDUNC_METHOD' might be missing from headers of file: /pscratch/sd/t/toanngo/ONEFlux/data/US-ARc_sample_output/99_fluxnet2015/FLX_US-ARc_FLUXNET2015_FULLSET_WW_2005-2006_beta-6.csv [oneflux.pipeline.common]
2025-06-02 20:36:54.039 [INFO    ] Variable 'LE_RANDUNC_N' might be missing from headers of file: /pscratch/sd/t/toanngo/ONEFlux/data/US-ARc_sample_output/99_fluxnet2015/FLX_US-ARc_FLUXNET2015_FULLSET_WW_2005-2006_beta-6.csv [oneflux.pipeline.common]
2025-06-02 20:36:54.039 [INFO    ] Variable 'LE_CORR_JOINTUNC' might be missing from headers of file: /pscratch/sd/t/toanngo/ONEFlux/data/US-ARc_sample_output/99_fluxnet2015/FLX_US-ARc_FLUXNET2015_FULLSET_WW_2005-2006_beta-6.csv [oneflux.pipeline.common]
2025-06-02 20:36:54.039 [INFO    ] Variable 'H_CORR_25' might be missing from headers of file: /pscratch/sd/t/toanngo/ONEFlux/data/US-ARc_sample_output/99_fluxnet2015/FLX_US-ARc_FLUXNET2015_FULLSET_WW_2005-2006_beta-6.csv [oneflux.pipeline.common]
2025-06-02 20:36:54.039 [INFO    ] Variable 'H_CORR_75' might be missing from headers of file: /pscratch/sd/t/toanngo/ONEFlux/data/US-ARc_sample_output/99_fluxnet2015/FLX_US-ARc_FLUXNET2015_FULLSET_WW_2005-2006_beta-6.csv [oneflux.pipeline.common]
2025-06-02 20:36:54.040 [INFO    ] Variable 'H_RANDUNC_METHOD' might be missing from headers of file: /pscratch/sd/t/toanngo/ONEFlux/data/US-ARc_sample_output/99_fluxnet2015/FLX_US-ARc_FLUXNET2015_FULLSET_WW_2005-2006_beta-6.csv [oneflux.pipeline.common]
2025-06-02 20:36:54.040 [INFO    ] Variable 'H_RANDUNC_N' might be missing from headers of file: /pscratch/sd/t/toanngo/ONEFlux/data/US-ARc_sample_output/99_fluxnet2015/FLX_US-ARc_FLUXNET2015_FULLSET_WW_2005-2006_beta-6.csv [oneflux.pipeline.common]
2025-06-02 20:36:54.040 [INFO    ] Variable 'H_CORR_JOINTUNC' might be missing from headers of file: /pscratch/sd/t/toanngo/ONEFlux/data/US-ARc_sample_output/99_fluxnet2015/FLX_US-ARc_FLUXNET2015_FULLSET_WW_2005-2006_beta-6.csv [oneflux.pipeline.common]
2025-06-02 20:36:54.040 [INFO    ] Variable 'NEE_CUT_REF' might be missing from headers of file: /pscratch/sd/t/toanngo/ONEFlux/data/US-ARc_sample_output/99_fluxnet2015/FLX_US-ARc_FLUXNET2015_FULLSET_WW_2005-2006_beta-6.csv [oneflux.pipeline.common]
2025-06-02 20:36:54.040 [INFO    ] Variable 'NEE_CUT_REF_QC' might be missing from headers of file: /pscratch/sd/t/toanngo/ONEFlux/data/US-ARc_sample_output/99_fluxnet2015/FLX_US-ARc_FLUXNET2015_FULLSET_WW_2005-2006_beta-6.csv [oneflux.pipeline.common]
2025-06-02 20:36:54.040 [INFO    ] Variable 'NEE_CUT_REF_RANDUNC' might be missing from headers of file: /pscratch/sd/t/toanngo/ONEFlux/data/US-ARc_sample_output/99_fluxnet2015/FLX_US-ARc_FLUXNET2015_FULLSET_WW_2005-2006_beta-6.csv [oneflux.pipeline.common]
2025-06-02 20:36:54.040 [INFO    ] Variable 'RECO_NT_CUT_REF' might be missing from headers of file: /pscratch/sd/t/toanngo/ONEFlux/data/US-ARc_sample_output/99_fluxnet2015/FLX_US-ARc_FLUXNET2015_FULLSET_WW_2005-2006_beta-6.csv [oneflux.pipeline.common]
2025-06-02 20:36:54.040 [INFO    ] Variable 'GPP_NT_CUT_REF' might be missing from headers of file: /pscratch/sd/t/toanngo/ONEFlux/data/US-ARc_sample_output/99_fluxnet2015/FLX_US-ARc_FLUXNET2015_FULLSET_WW_2005-2006_beta-6.csv [oneflux.pipeline.common]
2025-06-02 20:36:54.040 [INFO    ] Variable 'RECO_DT_CUT_REF' might be missing from headers of file: /pscratch/sd/t/toanngo/ONEFlux/data/US-ARc_sample_output/99_fluxnet2015/FLX_US-ARc_FLUXNET2015_FULLSET_WW_2005-2006_beta-6.csv [oneflux.pipeline.common]
2025-06-02 20:36:54.040 [INFO    ] Variable 'GPP_DT_CUT_REF' might be missing from headers of file: /pscratch/sd/t/toanngo/ONEFlux/data/US-ARc_sample_output/99_fluxnet2015/FLX_US-ARc_FLUXNET2015_FULLSET_WW_2005-2006_beta-6.csv [oneflux.pipeline.common]
2025-06-02 20:36:54.040 [INFO    ] Variable 'TS_F_MDS_2' might be missing from headers of file: /pscratch/sd/t/toanngo/ONEFlux/data/US-ARc_sample_output/99_fluxnet2015/FLX_US-ARc_FLUXNET2015_FULLSET_WW_2005-2006_beta-6.csv [oneflux.pipeline.common]
2025-06-02 20:36:54.040 [INFO    ] Variable 'TS_F_MDS_3' might be missing from headers of file: /pscratch/sd/t/toanngo/ONEFlux/data/US-ARc_sample_output/99_fluxnet2015/FLX_US-ARc_FLUXNET2015_FULLSET_WW_2005-2006_beta-6.csv [oneflux.pipeline.common]
2025-06-02 20:36:54.041 [INFO    ] Variable 'TS_F_MDS_4' might be missing from headers of file: /pscratch/sd/t/toanngo/ONEFlux/data/US-ARc_sample_output/99_fluxnet2015/FLX_US-ARc_FLUXNET2015_FULLSET_WW_2005-2006_beta-6.csv [oneflux.pipeline.common]
2025-06-02 20:36:54.041 [INFO    ] Variable 'TS_F_MDS_5' might be missing from headers of file: /pscratch/sd/t/toanngo/ONEFlux/data/US-ARc_sample_output/99_fluxnet2015/FLX_US-ARc_FLUXNET2015_FULLSET_WW_2005-2006_beta-6.csv [oneflux.pipeline.common]
2025-06-02 20:36:54.041 [INFO    ] Variable 'TS_F_MDS_6' might be missing from headers of file: /pscratch/sd/t/toanngo/ONEFlux/data/US-ARc_sample_output/99_fluxnet2015/FLX_US-ARc_FLUXNET2015_FULLSET_WW_2005-2006_beta-6.csv [oneflux.pipeline.common]
2025-06-02 20:36:54.041 [INFO    ] Variable 'TS_F_MDS_7' might be missing from headers of file: /pscratch/sd/t/toanngo/ONEFlux/data/US-ARc_sample_output/99_fluxnet2015/FLX_US-ARc_FLUXNET2015_FULLSET_WW_2005-2006_beta-6.csv [oneflux.pipeline.common]
2025-06-02 20:36:54.041 [INFO    ] Variable 'TS_F_MDS_8' might be missing from headers of file: /pscratch/sd/t/toanngo/ONEFlux/data/US-ARc_sample_output/99_fluxnet2015/FLX_US-ARc_FLUXNET2015_FULLSET_WW_2005-2006_beta-6.csv [oneflux.pipeline.common]
2025-06-02 20:36:54.041 [INFO    ] Variable 'TS_F_MDS_9' might be missing from headers of file: /pscratch/sd/t/toanngo/ONEFlux/data/US-ARc_sample_output/99_fluxnet2015/FLX_US-ARc_FLUXNET2015_FULLSET_WW_2005-2006_beta-6.csv [oneflux.pipeline.common]
2025-06-02 20:36:54.041 [INFO    ] Variable 'TS_F_MDS_10' might be missing from headers of file: /pscratch/sd/t/toanngo/ONEFlux/data/US-ARc_sample_output/99_fluxnet2015/FLX_US-ARc_FLUXNET2015_FULLSET_WW_2005-2006_beta-6.csv [oneflux.pipeline.common]
2025-06-02 20:36:54.041 [INFO    ] Variable 'TS_F_MDS_11' might be missing from headers of file: /pscratch/sd/t/toanngo/ONEFlux/data/US-ARc_sample_output/99_fluxnet2015/FLX_US-ARc_FLUXNET2015_FULLSET_WW_2005-2006_beta-6.csv [oneflux.pipeline.common]
2025-06-02 20:36:54.041 [INFO    ] Variable 'TS_F_MDS_12' might be missing from headers of file: /pscratch/sd/t/toanngo/ONEFlux/data/US-ARc_sample_output/99_fluxnet2015/FLX_US-ARc_FLUXNET2015_FULLSET_WW_2005-2006_beta-6.csv [oneflux.pipeline.common]
2025-06-02 20:36:54.041 [INFO    ] Variable 'TS_F_MDS_13' might be missing from headers of file: /pscratch/sd/t/toanngo/ONEFlux/data/US-ARc_sample_output/99_fluxnet2015/FLX_US-ARc_FLUXNET2015_FULLSET_WW_2005-2006_beta-6.csv [oneflux.pipeline.common]
2025-06-02 20:36:54.041 [INFO    ] Variable 'TS_F_MDS_14' might be missing from headers of file: /pscratch/sd/t/toanngo/ONEFlux/data/US-ARc_sample_output/99_fluxnet2015/FLX_US-ARc_FLUXNET2015_FULLSET_WW_2005-2006_beta-6.csv [oneflux.pipeline.common]
2025-06-02 20:36:54.041 [INFO    ] Variable 'TS_F_MDS_15' might be missing from headers of file: /pscratch/sd/t/toanngo/ONEFlux/data/US-ARc_sample_output/99_fluxnet2015/FLX_US-ARc_FLUXNET2015_FULLSET_WW_2005-2006_beta-6.csv [oneflux.pipeline.common]
2025-06-02 20:36:54.042 [INFO    ] Variable 'TS_F_MDS_16' might be missing from headers of file: /pscratch/sd/t/toanngo/ONEFlux/data/US-ARc_sample_output/99_fluxnet2015/FLX_US-ARc_FLUXNET2015_FULLSET_WW_2005-2006_beta-6.csv [oneflux.pipeline.common]
2025-06-02 20:36:54.042 [INFO    ] Variable 'TS_F_MDS_17' might be missing from headers of file: /pscratch/sd/t/toanngo/ONEFlux/data/US-ARc_sample_output/99_fluxnet2015/FLX_US-ARc_FLUXNET2015_FULLSET_WW_2005-2006_beta-6.csv [oneflux.pipeline.common]
2025-06-02 20:36:54.042 [INFO    ] Variable 'TS_F_MDS_18' might be missing from headers of file: /pscratch/sd/t/toanngo/ONEFlux/data/US-ARc_sample_output/99_fluxnet2015/FLX_US-ARc_FLUXNET2015_FULLSET_WW_2005-2006_beta-6.csv [oneflux.pipeline.common]
2025-06-02 20:36:54.042 [INFO    ] Variable 'TS_F_MDS_19' might be missing from headers of file: /pscratch/sd/t/toanngo/ONEFlux/data/US-ARc_sample_output/99_fluxnet2015/FLX_US-ARc_FLUXNET2015_FULLSET_WW_2005-2006_beta-6.csv [oneflux.pipeline.common]
2025-06-02 20:36:54.042 [INFO    ] Variable 'TS_F_MDS_2_QC' might be missing from headers of file: /pscratch/sd/t/toanngo/ONEFlux/data/US-ARc_sample_output/99_fluxnet2015/FLX_US-ARc_FLUXNET2015_FULLSET_WW_2005-2006_beta-6.csv [oneflux.pipeline.common]
2025-06-02 20:36:54.042 [INFO    ] Variable 'TS_F_MDS_3_QC' might be missing from headers of file: /pscratch/sd/t/toanngo/ONEFlux/data/US-ARc_sample_output/99_fluxnet2015/FLX_US-ARc_FLUXNET2015_FULLSET_WW_2005-2006_beta-6.csv [oneflux.pipeline.common]
2025-06-02 20:36:54.042 [INFO    ] Variable 'TS_F_MDS_4_QC' might be missing from headers of file: /pscratch/sd/t/toanngo/ONEFlux/data/US-ARc_sample_output/99_fluxnet2015/FLX_US-ARc_FLUXNET2015_FULLSET_WW_2005-2006_beta-6.csv [oneflux.pipeline.common]
2025-06-02 20:36:54.042 [INFO    ] Variable 'TS_F_MDS_5_QC' might be missing from headers of file: /pscratch/sd/t/toanngo/ONEFlux/data/US-ARc_sample_output/99_fluxnet2015/FLX_US-ARc_FLUXNET2015_FULLSET_WW_2005-2006_beta-6.csv [oneflux.pipeline.common]
2025-06-02 20:36:54.042 [INFO    ] Variable 'TS_F_MDS_6_QC' might be missing from headers of file: /pscratch/sd/t/toanngo/ONEFlux/data/US-ARc_sample_output/99_fluxnet2015/FLX_US-ARc_FLUXNET2015_FULLSET_WW_2005-2006_beta-6.csv [oneflux.pipeline.common]
2025-06-02 20:36:54.042 [INFO    ] Variable 'TS_F_MDS_7_QC' might be missing from headers of file: /pscratch/sd/t/toanngo/ONEFlux/data/US-ARc_sample_output/99_fluxnet2015/FLX_US-ARc_FLUXNET2015_FULLSET_WW_2005-2006_beta-6.csv [oneflux.pipeline.common]
2025-06-02 20:36:54.042 [INFO    ] Variable 'TS_F_MDS_8_QC' might be missing from headers of file: /pscratch/sd/t/toanngo/ONEFlux/data/US-ARc_sample_output/99_fluxnet2015/FLX_US-ARc_FLUXNET2015_FULLSET_WW_2005-2006_beta-6.csv [oneflux.pipeline.common]
2025-06-02 20:36:54.043 [INFO    ] Variable 'TS_F_MDS_9_QC' might be missing from headers of file: /pscratch/sd/t/toanngo/ONEFlux/data/US-ARc_sample_output/99_fluxnet2015/FLX_US-ARc_FLUXNET2015_FULLSET_WW_2005-2006_beta-6.csv [oneflux.pipeline.common]
2025-06-02 20:36:54.043 [INFO    ] Variable 'TS_F_MDS_10_QC' might be missing from headers of file: /pscratch/sd/t/toanngo/ONEFlux/data/US-ARc_sample_output/99_fluxnet2015/FLX_US-ARc_FLUXNET2015_FULLSET_WW_2005-2006_beta-6.csv [oneflux.pipeline.common]
2025-06-02 20:36:54.043 [INFO    ] Variable 'TS_F_MDS_11_QC' might be missing from headers of file: /pscratch/sd/t/toanngo/ONEFlux/data/US-ARc_sample_output/99_fluxnet2015/FLX_US-ARc_FLUXNET2015_FULLSET_WW_2005-2006_beta-6.csv [oneflux.pipeline.common]
2025-06-02 20:36:54.043 [INFO    ] Variable 'TS_F_MDS_12_QC' might be missing from headers of file: /pscratch/sd/t/toanngo/ONEFlux/data/US-ARc_sample_output/99_fluxnet2015/FLX_US-ARc_FLUXNET2015_FULLSET_WW_2005-2006_beta-6.csv [oneflux.pipeline.common]
2025-06-02 20:36:54.043 [INFO    ] Variable 'TS_F_MDS_13_QC' might be missing from headers of file: /pscratch/sd/t/toanngo/ONEFlux/data/US-ARc_sample_output/99_fluxnet2015/FLX_US-ARc_FLUXNET2015_FULLSET_WW_2005-2006_beta-6.csv [oneflux.pipeline.common]
2025-06-02 20:36:54.043 [INFO    ] Variable 'TS_F_MDS_14_QC' might be missing from headers of file: /pscratch/sd/t/toanngo/ONEFlux/data/US-ARc_sample_output/99_fluxnet2015/FLX_US-ARc_FLUXNET2015_FULLSET_WW_2005-2006_beta-6.csv [oneflux.pipeline.common]
2025-06-02 20:36:54.043 [INFO    ] Variable 'TS_F_MDS_15_QC' might be missing from headers of file: /pscratch/sd/t/toanngo/ONEFlux/data/US-ARc_sample_output/99_fluxnet2015/FLX_US-ARc_FLUXNET2015_FULLSET_WW_2005-2006_beta-6.csv [oneflux.pipeline.common]
2025-06-02 20:36:54.043 [INFO    ] Variable 'TS_F_MDS_16_QC' might be missing from headers of file: /pscratch/sd/t/toanngo/ONEFlux/data/US-ARc_sample_output/99_fluxnet2015/FLX_US-ARc_FLUXNET2015_FULLSET_WW_2005-2006_beta-6.csv [oneflux.pipeline.common]
2025-06-02 20:36:54.043 [INFO    ] Variable 'TS_F_MDS_17_QC' might be missing from headers of file: /pscratch/sd/t/toanngo/ONEFlux/data/US-ARc_sample_output/99_fluxnet2015/FLX_US-ARc_FLUXNET2015_FULLSET_WW_2005-2006_beta-6.csv [oneflux.pipeline.common]
2025-06-02 20:36:54.043 [INFO    ] Variable 'TS_F_MDS_18_QC' might be missing from headers of file: /pscratch/sd/t/toanngo/ONEFlux/data/US-ARc_sample_output/99_fluxnet2015/FLX_US-ARc_FLUXNET2015_FULLSET_WW_2005-2006_beta-6.csv [oneflux.pipeline.common]
2025-06-02 20:36:54.043 [INFO    ] Variable 'TS_F_MDS_19_QC' might be missing from headers of file: /pscratch/sd/t/toanngo/ONEFlux/data/US-ARc_sample_output/99_fluxnet2015/FLX_US-ARc_FLUXNET2015_FULLSET_WW_2005-2006_beta-6.csv [oneflux.pipeline.common]
2025-06-02 20:36:54.043 [INFO    ] Variable 'SWC_F_MDS_2' might be missing from headers of file: /pscratch/sd/t/toanngo/ONEFlux/data/US-ARc_sample_output/99_fluxnet2015/FLX_US-ARc_FLUXNET2015_FULLSET_WW_2005-2006_beta-6.csv [oneflux.pipeline.common]
2025-06-02 20:36:54.044 [INFO    ] Variable 'SWC_F_MDS_3' might be missing from headers of file: /pscratch/sd/t/toanngo/ONEFlux/data/US-ARc_sample_output/99_fluxnet2015/FLX_US-ARc_FLUXNET2015_FULLSET_WW_2005-2006_beta-6.csv [oneflux.pipeline.common]
2025-06-02 20:36:54.044 [INFO    ] Variable 'SWC_F_MDS_4' might be missing from headers of file: /pscratch/sd/t/toanngo/ONEFlux/data/US-ARc_sample_output/99_fluxnet2015/FLX_US-ARc_FLUXNET2015_FULLSET_WW_2005-2006_beta-6.csv [oneflux.pipeline.common]
2025-06-02 20:36:54.044 [INFO    ] Variable 'SWC_F_MDS_5' might be missing from headers of file: /pscratch/sd/t/toanngo/ONEFlux/data/US-ARc_sample_output/99_fluxnet2015/FLX_US-ARc_FLUXNET2015_FULLSET_WW_2005-2006_beta-6.csv [oneflux.pipeline.common]
2025-06-02 20:36:54.044 [INFO    ] Variable 'SWC_F_MDS_6' might be missing from headers of file: /pscratch/sd/t/toanngo/ONEFlux/data/US-ARc_sample_output/99_fluxnet2015/FLX_US-ARc_FLUXNET2015_FULLSET_WW_2005-2006_beta-6.csv [oneflux.pipeline.common]
2025-06-02 20:36:54.044 [INFO    ] Variable 'SWC_F_MDS_7' might be missing from headers of file: /pscratch/sd/t/toanngo/ONEFlux/data/US-ARc_sample_output/99_fluxnet2015/FLX_US-ARc_FLUXNET2015_FULLSET_WW_2005-2006_beta-6.csv [oneflux.pipeline.common]
2025-06-02 20:36:54.044 [INFO    ] Variable 'SWC_F_MDS_8' might be missing from headers of file: /pscratch/sd/t/toanngo/ONEFlux/data/US-ARc_sample_output/99_fluxnet2015/FLX_US-ARc_FLUXNET2015_FULLSET_WW_2005-2006_beta-6.csv [oneflux.pipeline.common]
2025-06-02 20:36:54.044 [INFO    ] Variable 'SWC_F_MDS_9' might be missing from headers of file: /pscratch/sd/t/toanngo/ONEFlux/data/US-ARc_sample_output/99_fluxnet2015/FLX_US-ARc_FLUXNET2015_FULLSET_WW_2005-2006_beta-6.csv [oneflux.pipeline.common]
2025-06-02 20:36:54.044 [INFO    ] Variable 'SWC_F_MDS_10' might be missing from headers of file: /pscratch/sd/t/toanngo/ONEFlux/data/US-ARc_sample_output/99_fluxnet2015/FLX_US-ARc_FLUXNET2015_FULLSET_WW_2005-2006_beta-6.csv [oneflux.pipeline.common]
2025-06-02 20:36:54.044 [INFO    ] Variable 'SWC_F_MDS_11' might be missing from headers of file: /pscratch/sd/t/toanngo/ONEFlux/data/US-ARc_sample_output/99_fluxnet2015/FLX_US-ARc_FLUXNET2015_FULLSET_WW_2005-2006_beta-6.csv [oneflux.pipeline.common]
2025-06-02 20:36:54.044 [INFO    ] Variable 'SWC_F_MDS_12' might be missing from headers of file: /pscratch/sd/t/toanngo/ONEFlux/data/US-ARc_sample_output/99_fluxnet2015/FLX_US-ARc_FLUXNET2015_FULLSET_WW_2005-2006_beta-6.csv [oneflux.pipeline.common]
2025-06-02 20:36:54.044 [INFO    ] Variable 'SWC_F_MDS_13' might be missing from headers of file: /pscratch/sd/t/toanngo/ONEFlux/data/US-ARc_sample_output/99_fluxnet2015/FLX_US-ARc_FLUXNET2015_FULLSET_WW_2005-2006_beta-6.csv [oneflux.pipeline.common]
2025-06-02 20:36:54.045 [INFO    ] Variable 'SWC_F_MDS_14' might be missing from headers of file: /pscratch/sd/t/toanngo/ONEFlux/data/US-ARc_sample_output/99_fluxnet2015/FLX_US-ARc_FLUXNET2015_FULLSET_WW_2005-2006_beta-6.csv [oneflux.pipeline.common]
2025-06-02 20:36:54.045 [INFO    ] Variable 'SWC_F_MDS_15' might be missing from headers of file: /pscratch/sd/t/toanngo/ONEFlux/data/US-ARc_sample_output/99_fluxnet2015/FLX_US-ARc_FLUXNET2015_FULLSET_WW_2005-2006_beta-6.csv [oneflux.pipeline.common]
2025-06-02 20:36:54.045 [INFO    ] Variable 'SWC_F_MDS_16' might be missing from headers of file: /pscratch/sd/t/toanngo/ONEFlux/data/US-ARc_sample_output/99_fluxnet2015/FLX_US-ARc_FLUXNET2015_FULLSET_WW_2005-2006_beta-6.csv [oneflux.pipeline.common]
2025-06-02 20:36:54.045 [INFO    ] Variable 'SWC_F_MDS_17' might be missing from headers of file: /pscratch/sd/t/toanngo/ONEFlux/data/US-ARc_sample_output/99_fluxnet2015/FLX_US-ARc_FLUXNET2015_FULLSET_WW_2005-2006_beta-6.csv [oneflux.pipeline.common]
2025-06-02 20:36:54.045 [INFO    ] Variable 'SWC_F_MDS_18' might be missing from headers of file: /pscratch/sd/t/toanngo/ONEFlux/data/US-ARc_sample_output/99_fluxnet2015/FLX_US-ARc_FLUXNET2015_FULLSET_WW_2005-2006_beta-6.csv [oneflux.pipeline.common]
2025-06-02 20:36:54.045 [INFO    ] Variable 'SWC_F_MDS_19' might be missing from headers of file: /pscratch/sd/t/toanngo/ONEFlux/data/US-ARc_sample_output/99_fluxnet2015/FLX_US-ARc_FLUXNET2015_FULLSET_WW_2005-2006_beta-6.csv [oneflux.pipeline.common]
2025-06-02 20:36:54.045 [INFO    ] Variable 'SWC_F_MDS_2_QC' might be missing from headers of file: /pscratch/sd/t/toanngo/ONEFlux/data/US-ARc_sample_output/99_fluxnet2015/FLX_US-ARc_FLUXNET2015_FULLSET_WW_2005-2006_beta-6.csv [oneflux.pipeline.common]
2025-06-02 20:36:54.045 [INFO    ] Variable 'SWC_F_MDS_3_QC' might be missing from headers of file: /pscratch/sd/t/toanngo/ONEFlux/data/US-ARc_sample_output/99_fluxnet2015/FLX_US-ARc_FLUXNET2015_FULLSET_WW_2005-2006_beta-6.csv [oneflux.pipeline.common]
2025-06-02 20:36:54.045 [INFO    ] Variable 'SWC_F_MDS_4_QC' might be missing from headers of file: /pscratch/sd/t/toanngo/ONEFlux/data/US-ARc_sample_output/99_fluxnet2015/FLX_US-ARc_FLUXNET2015_FULLSET_WW_2005-2006_beta-6.csv [oneflux.pipeline.common]
2025-06-02 20:36:54.045 [INFO    ] Variable 'SWC_F_MDS_5_QC' might be missing from headers of file: /pscratch/sd/t/toanngo/ONEFlux/data/US-ARc_sample_output/99_fluxnet2015/FLX_US-ARc_FLUXNET2015_FULLSET_WW_2005-2006_beta-6.csv [oneflux.pipeline.common]
2025-06-02 20:36:54.045 [INFO    ] Variable 'SWC_F_MDS_6_QC' might be missing from headers of file: /pscratch/sd/t/toanngo/ONEFlux/data/US-ARc_sample_output/99_fluxnet2015/FLX_US-ARc_FLUXNET2015_FULLSET_WW_2005-2006_beta-6.csv [oneflux.pipeline.common]
2025-06-02 20:36:54.045 [INFO    ] Variable 'SWC_F_MDS_7_QC' might be missing from headers of file: /pscratch/sd/t/toanngo/ONEFlux/data/US-ARc_sample_output/99_fluxnet2015/FLX_US-ARc_FLUXNET2015_FULLSET_WW_2005-2006_beta-6.csv [oneflux.pipeline.common]
2025-06-02 20:36:54.046 [INFO    ] Variable 'SWC_F_MDS_8_QC' might be missing from headers of file: /pscratch/sd/t/toanngo/ONEFlux/data/US-ARc_sample_output/99_fluxnet2015/FLX_US-ARc_FLUXNET2015_FULLSET_WW_2005-2006_beta-6.csv [oneflux.pipeline.common]
2025-06-02 20:36:54.046 [INFO    ] Variable 'SWC_F_MDS_9_QC' might be missing from headers of file: /pscratch/sd/t/toanngo/ONEFlux/data/US-ARc_sample_output/99_fluxnet2015/FLX_US-ARc_FLUXNET2015_FULLSET_WW_2005-2006_beta-6.csv [oneflux.pipeline.common]
2025-06-02 20:36:54.046 [INFO    ] Variable 'SWC_F_MDS_10_QC' might be missing from headers of file: /pscratch/sd/t/toanngo/ONEFlux/data/US-ARc_sample_output/99_fluxnet2015/FLX_US-ARc_FLUXNET2015_FULLSET_WW_2005-2006_beta-6.csv [oneflux.pipeline.common]
2025-06-02 20:36:54.046 [INFO    ] Variable 'SWC_F_MDS_11_QC' might be missing from headers of file: /pscratch/sd/t/toanngo/ONEFlux/data/US-ARc_sample_output/99_fluxnet2015/FLX_US-ARc_FLUXNET2015_FULLSET_WW_2005-2006_beta-6.csv [oneflux.pipeline.common]
2025-06-02 20:36:54.046 [INFO    ] Variable 'SWC_F_MDS_12_QC' might be missing from headers of file: /pscratch/sd/t/toanngo/ONEFlux/data/US-ARc_sample_output/99_fluxnet2015/FLX_US-ARc_FLUXNET2015_FULLSET_WW_2005-2006_beta-6.csv [oneflux.pipeline.common]
2025-06-02 20:36:54.046 [INFO    ] Variable 'SWC_F_MDS_13_QC' might be missing from headers of file: /pscratch/sd/t/toanngo/ONEFlux/data/US-ARc_sample_output/99_fluxnet2015/FLX_US-ARc_FLUXNET2015_FULLSET_WW_2005-2006_beta-6.csv [oneflux.pipeline.common]
2025-06-02 20:36:54.046 [INFO    ] Variable 'SWC_F_MDS_14_QC' might be missing from headers of file: /pscratch/sd/t/toanngo/ONEFlux/data/US-ARc_sample_output/99_fluxnet2015/FLX_US-ARc_FLUXNET2015_FULLSET_WW_2005-2006_beta-6.csv [oneflux.pipeline.common]
2025-06-02 20:36:54.046 [INFO    ] Variable 'SWC_F_MDS_15_QC' might be missing from headers of file: /pscratch/sd/t/toanngo/ONEFlux/data/US-ARc_sample_output/99_fluxnet2015/FLX_US-ARc_FLUXNET2015_FULLSET_WW_2005-2006_beta-6.csv [oneflux.pipeline.common]
2025-06-02 20:36:54.046 [INFO    ] Variable 'SWC_F_MDS_16_QC' might be missing from headers of file: /pscratch/sd/t/toanngo/ONEFlux/data/US-ARc_sample_output/99_fluxnet2015/FLX_US-ARc_FLUXNET2015_FULLSET_WW_2005-2006_beta-6.csv [oneflux.pipeline.common]
2025-06-02 20:36:54.046 [INFO    ] Variable 'SWC_F_MDS_17_QC' might be missing from headers of file: /pscratch/sd/t/toanngo/ONEFlux/data/US-ARc_sample_output/99_fluxnet2015/FLX_US-ARc_FLUXNET2015_FULLSET_WW_2005-2006_beta-6.csv [oneflux.pipeline.common]
2025-06-02 20:36:54.046 [INFO    ] Variable 'SWC_F_MDS_18_QC' might be missing from headers of file: /pscratch/sd/t/toanngo/ONEFlux/data/US-ARc_sample_output/99_fluxnet2015/FLX_US-ARc_FLUXNET2015_FULLSET_WW_2005-2006_beta-6.csv [oneflux.pipeline.common]
2025-06-02 20:36:54.046 [INFO    ] Variable 'SWC_F_MDS_19_QC' might be missing from headers of file: /pscratch/sd/t/toanngo/ONEFlux/data/US-ARc_sample_output/99_fluxnet2015/FLX_US-ARc_FLUXNET2015_FULLSET_WW_2005-2006_beta-6.csv [oneflux.pipeline.common]
2025-06-02 20:36:54.047 [INFO    ] Variable 'NEE_CUT_05' might be missing from headers of file: /pscratch/sd/t/toanngo/ONEFlux/data/US-ARc_sample_output/99_fluxnet2015/FLX_US-ARc_FLUXNET2015_FULLSET_WW_2005-2006_beta-6.csv [oneflux.pipeline.common]
2025-06-02 20:36:54.047 [INFO    ] Variable 'NEE_CUT_16' might be missing from headers of file: /pscratch/sd/t/toanngo/ONEFlux/data/US-ARc_sample_output/99_fluxnet2015/FLX_US-ARc_FLUXNET2015_FULLSET_WW_2005-2006_beta-6.csv [oneflux.pipeline.common]
2025-06-02 20:36:54.047 [INFO    ] Variable 'NEE_CUT_25' might be missing from headers of file: /pscratch/sd/t/toanngo/ONEFlux/data/US-ARc_sample_output/99_fluxnet2015/FLX_US-ARc_FLUXNET2015_FULLSET_WW_2005-2006_beta-6.csv [oneflux.pipeline.common]
2025-06-02 20:36:54.047 [INFO    ] Variable 'NEE_CUT_50' might be missing from headers of file: /pscratch/sd/t/toanngo/ONEFlux/data/US-ARc_sample_output/99_fluxnet2015/FLX_US-ARc_FLUXNET2015_FULLSET_WW_2005-2006_beta-6.csv [oneflux.pipeline.common]
2025-06-02 20:36:54.047 [INFO    ] Variable 'NEE_CUT_75' might be missing from headers of file: /pscratch/sd/t/toanngo/ONEFlux/data/US-ARc_sample_output/99_fluxnet2015/FLX_US-ARc_FLUXNET2015_FULLSET_WW_2005-2006_beta-6.csv [oneflux.pipeline.common]
2025-06-02 20:36:54.047 [INFO    ] Variable 'NEE_CUT_84' might be missing from headers of file: /pscratch/sd/t/toanngo/ONEFlux/data/US-ARc_sample_output/99_fluxnet2015/FLX_US-ARc_FLUXNET2015_FULLSET_WW_2005-2006_beta-6.csv [oneflux.pipeline.common]
2025-06-02 20:36:54.047 [INFO    ] Variable 'NEE_CUT_95' might be missing from headers of file: /pscratch/sd/t/toanngo/ONEFlux/data/US-ARc_sample_output/99_fluxnet2015/FLX_US-ARc_FLUXNET2015_FULLSET_WW_2005-2006_beta-6.csv [oneflux.pipeline.common]
2025-06-02 20:36:54.047 [INFO    ] Variable 'NEE_CUT_05_QC' might be missing from headers of file: /pscratch/sd/t/toanngo/ONEFlux/data/US-ARc_sample_output/99_fluxnet2015/FLX_US-ARc_FLUXNET2015_FULLSET_WW_2005-2006_beta-6.csv [oneflux.pipeline.common]
2025-06-02 20:36:54.047 [INFO    ] Variable 'NEE_CUT_16_QC' might be missing from headers of file: /pscratch/sd/t/toanngo/ONEFlux/data/US-ARc_sample_output/99_fluxnet2015/FLX_US-ARc_FLUXNET2015_FULLSET_WW_2005-2006_beta-6.csv [oneflux.pipeline.common]
2025-06-02 20:36:54.047 [INFO    ] Variable 'NEE_CUT_25_QC' might be missing from headers of file: /pscratch/sd/t/toanngo/ONEFlux/data/US-ARc_sample_output/99_fluxnet2015/FLX_US-ARc_FLUXNET2015_FULLSET_WW_2005-2006_beta-6.csv [oneflux.pipeline.common]
2025-06-02 20:36:54.047 [INFO    ] Variable 'NEE_CUT_50_QC' might be missing from headers of file: /pscratch/sd/t/toanngo/ONEFlux/data/US-ARc_sample_output/99_fluxnet2015/FLX_US-ARc_FLUXNET2015_FULLSET_WW_2005-2006_beta-6.csv [oneflux.pipeline.common]
2025-06-02 20:36:54.047 [INFO    ] Variable 'NEE_CUT_75_QC' might be missing from headers of file: /pscratch/sd/t/toanngo/ONEFlux/data/US-ARc_sample_output/99_fluxnet2015/FLX_US-ARc_FLUXNET2015_FULLSET_WW_2005-2006_beta-6.csv [oneflux.pipeline.common]
2025-06-02 20:36:54.048 [INFO    ] Variable 'NEE_CUT_84_QC' might be missing from headers of file: /pscratch/sd/t/toanngo/ONEFlux/data/US-ARc_sample_output/99_fluxnet2015/FLX_US-ARc_FLUXNET2015_FULLSET_WW_2005-2006_beta-6.csv [oneflux.pipeline.common]
2025-06-02 20:36:54.048 [INFO    ] Variable 'NEE_CUT_95_QC' might be missing from headers of file: /pscratch/sd/t/toanngo/ONEFlux/data/US-ARc_sample_output/99_fluxnet2015/FLX_US-ARc_FLUXNET2015_FULLSET_WW_2005-2006_beta-6.csv [oneflux.pipeline.common]
2025-06-02 20:36:54.048 [INFO    ] Variable 'RECO_NT_CUT_05' might be missing from headers of file: /pscratch/sd/t/toanngo/ONEFlux/data/US-ARc_sample_output/99_fluxnet2015/FLX_US-ARc_FLUXNET2015_FULLSET_WW_2005-2006_beta-6.csv [oneflux.pipeline.common]
2025-06-02 20:36:54.048 [INFO    ] Variable 'RECO_NT_CUT_16' might be missing from headers of file: /pscratch/sd/t/toanngo/ONEFlux/data/US-ARc_sample_output/99_fluxnet2015/FLX_US-ARc_FLUXNET2015_FULLSET_WW_2005-2006_beta-6.csv [oneflux.pipeline.common]
2025-06-02 20:36:54.048 [INFO    ] Variable 'RECO_NT_CUT_25' might be missing from headers of file: /pscratch/sd/t/toanngo/ONEFlux/data/US-ARc_sample_output/99_fluxnet2015/FLX_US-ARc_FLUXNET2015_FULLSET_WW_2005-2006_beta-6.csv [oneflux.pipeline.common]
2025-06-02 20:36:54.048 [INFO    ] Variable 'RECO_NT_CUT_50' might be missing from headers of file: /pscratch/sd/t/toanngo/ONEFlux/data/US-ARc_sample_output/99_fluxnet2015/FLX_US-ARc_FLUXNET2015_FULLSET_WW_2005-2006_beta-6.csv [oneflux.pipeline.common]
2025-06-02 20:36:54.048 [INFO    ] Variable 'RECO_NT_CUT_75' might be missing from headers of file: /pscratch/sd/t/toanngo/ONEFlux/data/US-ARc_sample_output/99_fluxnet2015/FLX_US-ARc_FLUXNET2015_FULLSET_WW_2005-2006_beta-6.csv [oneflux.pipeline.common]
2025-06-02 20:36:54.048 [INFO    ] Variable 'RECO_NT_CUT_84' might be missing from headers of file: /pscratch/sd/t/toanngo/ONEFlux/data/US-ARc_sample_output/99_fluxnet2015/FLX_US-ARc_FLUXNET2015_FULLSET_WW_2005-2006_beta-6.csv [oneflux.pipeline.common]
2025-06-02 20:36:54.048 [INFO    ] Variable 'RECO_NT_CUT_95' might be missing from headers of file: /pscratch/sd/t/toanngo/ONEFlux/data/US-ARc_sample_output/99_fluxnet2015/FLX_US-ARc_FLUXNET2015_FULLSET_WW_2005-2006_beta-6.csv [oneflux.pipeline.common]
2025-06-02 20:36:54.048 [INFO    ] Variable 'GPP_NT_CUT_05' might be missing from headers of file: /pscratch/sd/t/toanngo/ONEFlux/data/US-ARc_sample_output/99_fluxnet2015/FLX_US-ARc_FLUXNET2015_FULLSET_WW_2005-2006_beta-6.csv [oneflux.pipeline.common]
2025-06-02 20:36:54.048 [INFO    ] Variable 'GPP_NT_CUT_16' might be missing from headers of file: /pscratch/sd/t/toanngo/ONEFlux/data/US-ARc_sample_output/99_fluxnet2015/FLX_US-ARc_FLUXNET2015_FULLSET_WW_2005-2006_beta-6.csv [oneflux.pipeline.common]
2025-06-02 20:36:54.049 [INFO    ] Variable 'GPP_NT_CUT_25' might be missing from headers of file: /pscratch/sd/t/toanngo/ONEFlux/data/US-ARc_sample_output/99_fluxnet2015/FLX_US-ARc_FLUXNET2015_FULLSET_WW_2005-2006_beta-6.csv [oneflux.pipeline.common]
2025-06-02 20:36:54.049 [INFO    ] Variable 'GPP_NT_CUT_50' might be missing from headers of file: /pscratch/sd/t/toanngo/ONEFlux/data/US-ARc_sample_output/99_fluxnet2015/FLX_US-ARc_FLUXNET2015_FULLSET_WW_2005-2006_beta-6.csv [oneflux.pipeline.common]
2025-06-02 20:36:54.049 [INFO    ] Variable 'GPP_NT_CUT_75' might be missing from headers of file: /pscratch/sd/t/toanngo/ONEFlux/data/US-ARc_sample_output/99_fluxnet2015/FLX_US-ARc_FLUXNET2015_FULLSET_WW_2005-2006_beta-6.csv [oneflux.pipeline.common]
2025-06-02 20:36:54.049 [INFO    ] Variable 'GPP_NT_CUT_84' might be missing from headers of file: /pscratch/sd/t/toanngo/ONEFlux/data/US-ARc_sample_output/99_fluxnet2015/FLX_US-ARc_FLUXNET2015_FULLSET_WW_2005-2006_beta-6.csv [oneflux.pipeline.common]
2025-06-02 20:36:54.049 [INFO    ] Variable 'GPP_NT_CUT_95' might be missing from headers of file: /pscratch/sd/t/toanngo/ONEFlux/data/US-ARc_sample_output/99_fluxnet2015/FLX_US-ARc_FLUXNET2015_FULLSET_WW_2005-2006_beta-6.csv [oneflux.pipeline.common]
2025-06-02 20:36:54.049 [INFO    ] Variable 'RECO_DT_CUT_05' might be missing from headers of file: /pscratch/sd/t/toanngo/ONEFlux/data/US-ARc_sample_output/99_fluxnet2015/FLX_US-ARc_FLUXNET2015_FULLSET_WW_2005-2006_beta-6.csv [oneflux.pipeline.common]
2025-06-02 20:36:54.049 [INFO    ] Variable 'RECO_DT_CUT_16' might be missing from headers of file: /pscratch/sd/t/toanngo/ONEFlux/data/US-ARc_sample_output/99_fluxnet2015/FLX_US-ARc_FLUXNET2015_FULLSET_WW_2005-2006_beta-6.csv [oneflux.pipeline.common]
2025-06-02 20:36:54.049 [INFO    ] Variable 'RECO_DT_CUT_25' might be missing from headers of file: /pscratch/sd/t/toanngo/ONEFlux/data/US-ARc_sample_output/99_fluxnet2015/FLX_US-ARc_FLUXNET2015_FULLSET_WW_2005-2006_beta-6.csv [oneflux.pipeline.common]
2025-06-02 20:36:54.049 [INFO    ] Variable 'RECO_DT_CUT_50' might be missing from headers of file: /pscratch/sd/t/toanngo/ONEFlux/data/US-ARc_sample_output/99_fluxnet2015/FLX_US-ARc_FLUXNET2015_FULLSET_WW_2005-2006_beta-6.csv [oneflux.pipeline.common]
2025-06-02 20:36:54.049 [INFO    ] Variable 'RECO_DT_CUT_75' might be missing from headers of file: /pscratch/sd/t/toanngo/ONEFlux/data/US-ARc_sample_output/99_fluxnet2015/FLX_US-ARc_FLUXNET2015_FULLSET_WW_2005-2006_beta-6.csv [oneflux.pipeline.common]
2025-06-02 20:36:54.049 [INFO    ] Variable 'RECO_DT_CUT_84' might be missing from headers of file: /pscratch/sd/t/toanngo/ONEFlux/data/US-ARc_sample_output/99_fluxnet2015/FLX_US-ARc_FLUXNET2015_FULLSET_WW_2005-2006_beta-6.csv [oneflux.pipeline.common]
2025-06-02 20:36:54.049 [INFO    ] Variable 'RECO_DT_CUT_95' might be missing from headers of file: /pscratch/sd/t/toanngo/ONEFlux/data/US-ARc_sample_output/99_fluxnet2015/FLX_US-ARc_FLUXNET2015_FULLSET_WW_2005-2006_beta-6.csv [oneflux.pipeline.common]
2025-06-02 20:36:54.050 [INFO    ] Variable 'GPP_DT_CUT_05' might be missing from headers of file: /pscratch/sd/t/toanngo/ONEFlux/data/US-ARc_sample_output/99_fluxnet2015/FLX_US-ARc_FLUXNET2015_FULLSET_WW_2005-2006_beta-6.csv [oneflux.pipeline.common]
2025-06-02 20:36:54.050 [INFO    ] Variable 'GPP_DT_CUT_16' might be missing from headers of file: /pscratch/sd/t/toanngo/ONEFlux/data/US-ARc_sample_output/99_fluxnet2015/FLX_US-ARc_FLUXNET2015_FULLSET_WW_2005-2006_beta-6.csv [oneflux.pipeline.common]
2025-06-02 20:36:54.050 [INFO    ] Variable 'GPP_DT_CUT_25' might be missing from headers of file: /pscratch/sd/t/toanngo/ONEFlux/data/US-ARc_sample_output/99_fluxnet2015/FLX_US-ARc_FLUXNET2015_FULLSET_WW_2005-2006_beta-6.csv [oneflux.pipeline.common]
2025-06-02 20:36:54.050 [INFO    ] Variable 'GPP_DT_CUT_50' might be missing from headers of file: /pscratch/sd/t/toanngo/ONEFlux/data/US-ARc_sample_output/99_fluxnet2015/FLX_US-ARc_FLUXNET2015_FULLSET_WW_2005-2006_beta-6.csv [oneflux.pipeline.common]
2025-06-02 20:36:54.050 [INFO    ] Variable 'GPP_DT_CUT_75' might be missing from headers of file: /pscratch/sd/t/toanngo/ONEFlux/data/US-ARc_sample_output/99_fluxnet2015/FLX_US-ARc_FLUXNET2015_FULLSET_WW_2005-2006_beta-6.csv [oneflux.pipeline.common]
2025-06-02 20:36:54.050 [INFO    ] Variable 'GPP_DT_CUT_84' might be missing from headers of file: /pscratch/sd/t/toanngo/ONEFlux/data/US-ARc_sample_output/99_fluxnet2015/FLX_US-ARc_FLUXNET2015_FULLSET_WW_2005-2006_beta-6.csv [oneflux.pipeline.common]
2025-06-02 20:36:54.050 [INFO    ] Variable 'GPP_DT_CUT_95' might be missing from headers of file: /pscratch/sd/t/toanngo/ONEFlux/data/US-ARc_sample_output/99_fluxnet2015/FLX_US-ARc_FLUXNET2015_FULLSET_WW_2005-2006_beta-6.csv [oneflux.pipeline.common]
2025-06-02 20:36:54.050 [INFO    ] Variable 'PPFD_DIF' might be missing from headers of file: /pscratch/sd/t/toanngo/ONEFlux/data/US-ARc_sample_output/99_fluxnet2015/FLX_US-ARc_FLUXNET2015_FULLSET_WW_2005-2006_beta-6.csv [oneflux.pipeline.common]
2025-06-02 20:36:54.050 [INFO    ] Variable 'PPFD_DIF_QC' might be missing from headers of file: /pscratch/sd/t/toanngo/ONEFlux/data/US-ARc_sample_output/99_fluxnet2015/FLX_US-ARc_FLUXNET2015_FULLSET_WW_2005-2006_beta-6.csv [oneflux.pipeline.common]
2025-06-02 20:36:54.050 [INFO    ] Variable 'PPFD_OUT' might be missing from headers of file: /pscratch/sd/t/toanngo/ONEFlux/data/US-ARc_sample_output/99_fluxnet2015/FLX_US-ARc_FLUXNET2015_FULLSET_WW_2005-2006_beta-6.csv [oneflux.pipeline.common]
2025-06-02 20:36:54.051 [INFO    ] Variable 'PPFD_OUT_QC' might be missing from headers of file: /pscratch/sd/t/toanngo/ONEFlux/data/US-ARc_sample_output/99_fluxnet2015/FLX_US-ARc_FLUXNET2015_FULLSET_WW_2005-2006_beta-6.csv [oneflux.pipeline.common]
2025-06-02 20:36:54.051 [INFO    ] Variable 'SW_DIF' might be missing from headers of file: /pscratch/sd/t/toanngo/ONEFlux/data/US-ARc_sample_output/99_fluxnet2015/FLX_US-ARc_FLUXNET2015_FULLSET_WW_2005-2006_beta-6.csv [oneflux.pipeline.common]
2025-06-02 20:36:54.051 [INFO    ] Variable 'SW_DIF_QC' might be missing from headers of file: /pscratch/sd/t/toanngo/ONEFlux/data/US-ARc_sample_output/99_fluxnet2015/FLX_US-ARc_FLUXNET2015_FULLSET_WW_2005-2006_beta-6.csv [oneflux.pipeline.common]
2025-06-02 20:36:54.051 [INFO    ] Variable 'SW_OUT' might be missing from headers of file: /pscratch/sd/t/toanngo/ONEFlux/data/US-ARc_sample_output/99_fluxnet2015/FLX_US-ARc_FLUXNET2015_FULLSET_WW_2005-2006_beta-6.csv [oneflux.pipeline.common]
2025-06-02 20:36:54.051 [INFO    ] Variable 'SW_OUT_QC' might be missing from headers of file: /pscratch/sd/t/toanngo/ONEFlux/data/US-ARc_sample_output/99_fluxnet2015/FLX_US-ARc_FLUXNET2015_FULLSET_WW_2005-2006_beta-6.csv [oneflux.pipeline.common]
2025-06-02 20:36:54.051 [INFO    ] Variable 'LW_OUT' might be missing from headers of file: /pscratch/sd/t/toanngo/ONEFlux/data/US-ARc_sample_output/99_fluxnet2015/FLX_US-ARc_FLUXNET2015_FULLSET_WW_2005-2006_beta-6.csv [oneflux.pipeline.common]
2025-06-02 20:36:54.051 [INFO    ] Variable 'LW_OUT_QC' might be missing from headers of file: /pscratch/sd/t/toanngo/ONEFlux/data/US-ARc_sample_output/99_fluxnet2015/FLX_US-ARc_FLUXNET2015_FULLSET_WW_2005-2006_beta-6.csv [oneflux.pipeline.common]
2025-06-02 20:36:54.051 [INFO    ] Variable 'PA' might be missing from headers of file: /pscratch/sd/t/toanngo/ONEFlux/data/US-ARc_sample_output/99_fluxnet2015/FLX_US-ARc_FLUXNET2015_FULLSET_WW_2005-2006_beta-6.csv [oneflux.pipeline.common]
2025-06-02 20:36:54.051 [INFO    ] Variable 'P' might be missing from headers of file: /pscratch/sd/t/toanngo/ONEFlux/data/US-ARc_sample_output/99_fluxnet2015/FLX_US-ARc_FLUXNET2015_FULLSET_WW_2005-2006_beta-6.csv [oneflux.pipeline.common]
2025-06-02 20:36:54.051 [INFO    ] Variable 'WS' might be missing from headers of file: /pscratch/sd/t/toanngo/ONEFlux/data/US-ARc_sample_output/99_fluxnet2015/FLX_US-ARc_FLUXNET2015_FULLSET_WW_2005-2006_beta-6.csv [oneflux.pipeline.common]
2025-06-02 20:36:54.051 [INFO    ] Variable 'WD' might be missing from headers of file: /pscratch/sd/t/toanngo/ONEFlux/data/US-ARc_sample_output/99_fluxnet2015/FLX_US-ARc_FLUXNET2015_FULLSET_WW_2005-2006_beta-6.csv [oneflux.pipeline.common]
2025-06-02 20:36:54.052 [INFO    ] Variable 'RH' might be missing from headers of file: /pscratch/sd/t/toanngo/ONEFlux/data/US-ARc_sample_output/99_fluxnet2015/FLX_US-ARc_FLUXNET2015_FULLSET_WW_2005-2006_beta-6.csv [oneflux.pipeline.common]
2025-06-02 20:36:54.052 [INFO    ] Variable 'LE_CORR_25' might be missing from headers of file: /pscratch/sd/t/toanngo/ONEFlux/data/US-ARc_sample_output/99_fluxnet2015/FLX_US-ARc_FLUXNET2015_FULLSET_WW_2005-2006_beta-6.csv [oneflux.pipeline.common]
2025-06-02 20:36:54.052 [INFO    ] Variable 'LE_CORR_75' might be missing from headers of file: /pscratch/sd/t/toanngo/ONEFlux/data/US-ARc_sample_output/99_fluxnet2015/FLX_US-ARc_FLUXNET2015_FULLSET_WW_2005-2006_beta-6.csv [oneflux.pipeline.common]
2025-06-02 20:36:54.052 [INFO    ] Variable 'LE_RANDUNC_METHOD' might be missing from headers of file: /pscratch/sd/t/toanngo/ONEFlux/data/US-ARc_sample_output/99_fluxnet2015/FLX_US-ARc_FLUXNET2015_FULLSET_WW_2005-2006_beta-6.csv [oneflux.pipeline.common]
2025-06-02 20:36:54.052 [INFO    ] Variable 'LE_RANDUNC_N' might be missing from headers of file: /pscratch/sd/t/toanngo/ONEFlux/data/US-ARc_sample_output/99_fluxnet2015/FLX_US-ARc_FLUXNET2015_FULLSET_WW_2005-2006_beta-6.csv [oneflux.pipeline.common]
2025-06-02 20:36:54.052 [INFO    ] Variable 'LE_CORR_JOINTUNC' might be missing from headers of file: /pscratch/sd/t/toanngo/ONEFlux/data/US-ARc_sample_output/99_fluxnet2015/FLX_US-ARc_FLUXNET2015_FULLSET_WW_2005-2006_beta-6.csv [oneflux.pipeline.common]
2025-06-02 20:36:54.052 [INFO    ] Variable 'H_CORR_25' might be missing from headers of file: /pscratch/sd/t/toanngo/ONEFlux/data/US-ARc_sample_output/99_fluxnet2015/FLX_US-ARc_FLUXNET2015_FULLSET_WW_2005-2006_beta-6.csv [oneflux.pipeline.common]
2025-06-02 20:36:54.052 [INFO    ] Variable 'H_CORR_75' might be missing from headers of file: /pscratch/sd/t/toanngo/ONEFlux/data/US-ARc_sample_output/99_fluxnet2015/FLX_US-ARc_FLUXNET2015_FULLSET_WW_2005-2006_beta-6.csv [oneflux.pipeline.common]
2025-06-02 20:36:54.052 [INFO    ] Variable 'H_RANDUNC_METHOD' might be missing from headers of file: /pscratch/sd/t/toanngo/ONEFlux/data/US-ARc_sample_output/99_fluxnet2015/FLX_US-ARc_FLUXNET2015_FULLSET_WW_2005-2006_beta-6.csv [oneflux.pipeline.common]
2025-06-02 20:36:54.052 [INFO    ] Variable 'H_RANDUNC_N' might be missing from headers of file: /pscratch/sd/t/toanngo/ONEFlux/data/US-ARc_sample_output/99_fluxnet2015/FLX_US-ARc_FLUXNET2015_FULLSET_WW_2005-2006_beta-6.csv [oneflux.pipeline.common]
2025-06-02 20:36:54.052 [INFO    ] Variable 'H_CORR_JOINTUNC' might be missing from headers of file: /pscratch/sd/t/toanngo/ONEFlux/data/US-ARc_sample_output/99_fluxnet2015/FLX_US-ARc_FLUXNET2015_FULLSET_WW_2005-2006_beta-6.csv [oneflux.pipeline.common]
2025-06-02 20:36:54.052 [INFO    ] Variable 'NEE_CUT_REF' might be missing from headers of file: /pscratch/sd/t/toanngo/ONEFlux/data/US-ARc_sample_output/99_fluxnet2015/FLX_US-ARc_FLUXNET2015_FULLSET_WW_2005-2006_beta-6.csv [oneflux.pipeline.common]
2025-06-02 20:36:54.053 [INFO    ] Variable 'NEE_CUT_REF_QC' might be missing from headers of file: /pscratch/sd/t/toanngo/ONEFlux/data/US-ARc_sample_output/99_fluxnet2015/FLX_US-ARc_FLUXNET2015_FULLSET_WW_2005-2006_beta-6.csv [oneflux.pipeline.common]
2025-06-02 20:36:54.053 [INFO    ] Variable 'NEE_CUT_REF_RANDUNC' might be missing from headers of file: /pscratch/sd/t/toanngo/ONEFlux/data/US-ARc_sample_output/99_fluxnet2015/FLX_US-ARc_FLUXNET2015_FULLSET_WW_2005-2006_beta-6.csv [oneflux.pipeline.common]
2025-06-02 20:36:54.053 [INFO    ] Variable 'RECO_NT_CUT_REF' might be missing from headers of file: /pscratch/sd/t/toanngo/ONEFlux/data/US-ARc_sample_output/99_fluxnet2015/FLX_US-ARc_FLUXNET2015_FULLSET_WW_2005-2006_beta-6.csv [oneflux.pipeline.common]
2025-06-02 20:36:54.053 [INFO    ] Variable 'GPP_NT_CUT_REF' might be missing from headers of file: /pscratch/sd/t/toanngo/ONEFlux/data/US-ARc_sample_output/99_fluxnet2015/FLX_US-ARc_FLUXNET2015_FULLSET_WW_2005-2006_beta-6.csv [oneflux.pipeline.common]
2025-06-02 20:36:54.053 [INFO    ] Variable 'RECO_DT_CUT_REF' might be missing from headers of file: /pscratch/sd/t/toanngo/ONEFlux/data/US-ARc_sample_output/99_fluxnet2015/FLX_US-ARc_FLUXNET2015_FULLSET_WW_2005-2006_beta-6.csv [oneflux.pipeline.common]
2025-06-02 20:36:54.053 [INFO    ] Variable 'GPP_DT_CUT_REF' might be missing from headers of file: /pscratch/sd/t/toanngo/ONEFlux/data/US-ARc_sample_output/99_fluxnet2015/FLX_US-ARc_FLUXNET2015_FULLSET_WW_2005-2006_beta-6.csv [oneflux.pipeline.common]
2025-06-02 20:36:54.053 [INFO    ] Variable 'TS_F_MDS_2' might be missing from headers of file: /pscratch/sd/t/toanngo/ONEFlux/data/US-ARc_sample_output/99_fluxnet2015/FLX_US-ARc_FLUXNET2015_FULLSET_WW_2005-2006_beta-6.csv [oneflux.pipeline.common]
2025-06-02 20:36:54.053 [INFO    ] Variable 'TS_F_MDS_3' might be missing from headers of file: /pscratch/sd/t/toanngo/ONEFlux/data/US-ARc_sample_output/99_fluxnet2015/FLX_US-ARc_FLUXNET2015_FULLSET_WW_2005-2006_beta-6.csv [oneflux.pipeline.common]
2025-06-02 20:36:54.053 [INFO    ] Variable 'TS_F_MDS_4' might be missing from headers of file: /pscratch/sd/t/toanngo/ONEFlux/data/US-ARc_sample_output/99_fluxnet2015/FLX_US-ARc_FLUXNET2015_FULLSET_WW_2005-2006_beta-6.csv [oneflux.pipeline.common]
2025-06-02 20:36:54.053 [INFO    ] Variable 'TS_F_MDS_5' might be missing from headers of file: /pscratch/sd/t/toanngo/ONEFlux/data/US-ARc_sample_output/99_fluxnet2015/FLX_US-ARc_FLUXNET2015_FULLSET_WW_2005-2006_beta-6.csv [oneflux.pipeline.common]
2025-06-02 20:36:54.053 [INFO    ] Variable 'TS_F_MDS_6' might be missing from headers of file: /pscratch/sd/t/toanngo/ONEFlux/data/US-ARc_sample_output/99_fluxnet2015/FLX_US-ARc_FLUXNET2015_FULLSET_WW_2005-2006_beta-6.csv [oneflux.pipeline.common]
2025-06-02 20:36:54.054 [INFO    ] Variable 'TS_F_MDS_7' might be missing from headers of file: /pscratch/sd/t/toanngo/ONEFlux/data/US-ARc_sample_output/99_fluxnet2015/FLX_US-ARc_FLUXNET2015_FULLSET_WW_2005-2006_beta-6.csv [oneflux.pipeline.common]
2025-06-02 20:36:54.054 [INFO    ] Variable 'TS_F_MDS_8' might be missing from headers of file: /pscratch/sd/t/toanngo/ONEFlux/data/US-ARc_sample_output/99_fluxnet2015/FLX_US-ARc_FLUXNET2015_FULLSET_WW_2005-2006_beta-6.csv [oneflux.pipeline.common]
2025-06-02 20:36:54.054 [INFO    ] Variable 'TS_F_MDS_9' might be missing from headers of file: /pscratch/sd/t/toanngo/ONEFlux/data/US-ARc_sample_output/99_fluxnet2015/FLX_US-ARc_FLUXNET2015_FULLSET_WW_2005-2006_beta-6.csv [oneflux.pipeline.common]
2025-06-02 20:36:54.054 [INFO    ] Variable 'TS_F_MDS_10' might be missing from headers of file: /pscratch/sd/t/toanngo/ONEFlux/data/US-ARc_sample_output/99_fluxnet2015/FLX_US-ARc_FLUXNET2015_FULLSET_WW_2005-2006_beta-6.csv [oneflux.pipeline.common]
2025-06-02 20:36:54.054 [INFO    ] Variable 'TS_F_MDS_11' might be missing from headers of file: /pscratch/sd/t/toanngo/ONEFlux/data/US-ARc_sample_output/99_fluxnet2015/FLX_US-ARc_FLUXNET2015_FULLSET_WW_2005-2006_beta-6.csv [oneflux.pipeline.common]
2025-06-02 20:36:54.054 [INFO    ] Variable 'TS_F_MDS_12' might be missing from headers of file: /pscratch/sd/t/toanngo/ONEFlux/data/US-ARc_sample_output/99_fluxnet2015/FLX_US-ARc_FLUXNET2015_FULLSET_WW_2005-2006_beta-6.csv [oneflux.pipeline.common]
2025-06-02 20:36:54.054 [INFO    ] Variable 'TS_F_MDS_13' might be missing from headers of file: /pscratch/sd/t/toanngo/ONEFlux/data/US-ARc_sample_output/99_fluxnet2015/FLX_US-ARc_FLUXNET2015_FULLSET_WW_2005-2006_beta-6.csv [oneflux.pipeline.common]
2025-06-02 20:36:54.054 [INFO    ] Variable 'TS_F_MDS_14' might be missing from headers of file: /pscratch/sd/t/toanngo/ONEFlux/data/US-ARc_sample_output/99_fluxnet2015/FLX_US-ARc_FLUXNET2015_FULLSET_WW_2005-2006_beta-6.csv [oneflux.pipeline.common]
2025-06-02 20:36:54.054 [INFO    ] Variable 'TS_F_MDS_15' might be missing from headers of file: /pscratch/sd/t/toanngo/ONEFlux/data/US-ARc_sample_output/99_fluxnet2015/FLX_US-ARc_FLUXNET2015_FULLSET_WW_2005-2006_beta-6.csv [oneflux.pipeline.common]
2025-06-02 20:36:54.054 [INFO    ] Variable 'TS_F_MDS_16' might be missing from headers of file: /pscratch/sd/t/toanngo/ONEFlux/data/US-ARc_sample_output/99_fluxnet2015/FLX_US-ARc_FLUXNET2015_FULLSET_WW_2005-2006_beta-6.csv [oneflux.pipeline.common]
2025-06-02 20:36:54.054 [INFO    ] Variable 'TS_F_MDS_17' might be missing from headers of file: /pscratch/sd/t/toanngo/ONEFlux/data/US-ARc_sample_output/99_fluxnet2015/FLX_US-ARc_FLUXNET2015_FULLSET_WW_2005-2006_beta-6.csv [oneflux.pipeline.common]
2025-06-02 20:36:54.054 [INFO    ] Variable 'TS_F_MDS_18' might be missing from headers of file: /pscratch/sd/t/toanngo/ONEFlux/data/US-ARc_sample_output/99_fluxnet2015/FLX_US-ARc_FLUXNET2015_FULLSET_WW_2005-2006_beta-6.csv [oneflux.pipeline.common]
2025-06-02 20:36:54.055 [INFO    ] Variable 'TS_F_MDS_19' might be missing from headers of file: /pscratch/sd/t/toanngo/ONEFlux/data/US-ARc_sample_output/99_fluxnet2015/FLX_US-ARc_FLUXNET2015_FULLSET_WW_2005-2006_beta-6.csv [oneflux.pipeline.common]
2025-06-02 20:36:54.055 [INFO    ] Variable 'TS_F_MDS_2_QC' might be missing from headers of file: /pscratch/sd/t/toanngo/ONEFlux/data/US-ARc_sample_output/99_fluxnet2015/FLX_US-ARc_FLUXNET2015_FULLSET_WW_2005-2006_beta-6.csv [oneflux.pipeline.common]
2025-06-02 20:36:54.055 [INFO    ] Variable 'TS_F_MDS_3_QC' might be missing from headers of file: /pscratch/sd/t/toanngo/ONEFlux/data/US-ARc_sample_output/99_fluxnet2015/FLX_US-ARc_FLUXNET2015_FULLSET_WW_2005-2006_beta-6.csv [oneflux.pipeline.common]
2025-06-02 20:36:54.055 [INFO    ] Variable 'TS_F_MDS_4_QC' might be missing from headers of file: /pscratch/sd/t/toanngo/ONEFlux/data/US-ARc_sample_output/99_fluxnet2015/FLX_US-ARc_FLUXNET2015_FULLSET_WW_2005-2006_beta-6.csv [oneflux.pipeline.common]
2025-06-02 20:36:54.055 [INFO    ] Variable 'TS_F_MDS_5_QC' might be missing from headers of file: /pscratch/sd/t/toanngo/ONEFlux/data/US-ARc_sample_output/99_fluxnet2015/FLX_US-ARc_FLUXNET2015_FULLSET_WW_2005-2006_beta-6.csv [oneflux.pipeline.common]
2025-06-02 20:36:54.055 [INFO    ] Variable 'TS_F_MDS_6_QC' might be missing from headers of file: /pscratch/sd/t/toanngo/ONEFlux/data/US-ARc_sample_output/99_fluxnet2015/FLX_US-ARc_FLUXNET2015_FULLSET_WW_2005-2006_beta-6.csv [oneflux.pipeline.common]
2025-06-02 20:36:54.055 [INFO    ] Variable 'TS_F_MDS_7_QC' might be missing from headers of file: /pscratch/sd/t/toanngo/ONEFlux/data/US-ARc_sample_output/99_fluxnet2015/FLX_US-ARc_FLUXNET2015_FULLSET_WW_2005-2006_beta-6.csv [oneflux.pipeline.common]
2025-06-02 20:36:54.055 [INFO    ] Variable 'TS_F_MDS_8_QC' might be missing from headers of file: /pscratch/sd/t/toanngo/ONEFlux/data/US-ARc_sample_output/99_fluxnet2015/FLX_US-ARc_FLUXNET2015_FULLSET_WW_2005-2006_beta-6.csv [oneflux.pipeline.common]
2025-06-02 20:36:54.055 [INFO    ] Variable 'TS_F_MDS_9_QC' might be missing from headers of file: /pscratch/sd/t/toanngo/ONEFlux/data/US-ARc_sample_output/99_fluxnet2015/FLX_US-ARc_FLUXNET2015_FULLSET_WW_2005-2006_beta-6.csv [oneflux.pipeline.common]
2025-06-02 20:36:54.055 [INFO    ] Variable 'TS_F_MDS_10_QC' might be missing from headers of file: /pscratch/sd/t/toanngo/ONEFlux/data/US-ARc_sample_output/99_fluxnet2015/FLX_US-ARc_FLUXNET2015_FULLSET_WW_2005-2006_beta-6.csv [oneflux.pipeline.common]
2025-06-02 20:36:54.055 [INFO    ] Variable 'TS_F_MDS_11_QC' might be missing from headers of file: /pscratch/sd/t/toanngo/ONEFlux/data/US-ARc_sample_output/99_fluxnet2015/FLX_US-ARc_FLUXNET2015_FULLSET_WW_2005-2006_beta-6.csv [oneflux.pipeline.common]
2025-06-02 20:36:54.055 [INFO    ] Variable 'TS_F_MDS_12_QC' might be missing from headers of file: /pscratch/sd/t/toanngo/ONEFlux/data/US-ARc_sample_output/99_fluxnet2015/FLX_US-ARc_FLUXNET2015_FULLSET_WW_2005-2006_beta-6.csv [oneflux.pipeline.common]
2025-06-02 20:36:54.056 [INFO    ] Variable 'TS_F_MDS_13_QC' might be missing from headers of file: /pscratch/sd/t/toanngo/ONEFlux/data/US-ARc_sample_output/99_fluxnet2015/FLX_US-ARc_FLUXNET2015_FULLSET_WW_2005-2006_beta-6.csv [oneflux.pipeline.common]
2025-06-02 20:36:54.056 [INFO    ] Variable 'TS_F_MDS_14_QC' might be missing from headers of file: /pscratch/sd/t/toanngo/ONEFlux/data/US-ARc_sample_output/99_fluxnet2015/FLX_US-ARc_FLUXNET2015_FULLSET_WW_2005-2006_beta-6.csv [oneflux.pipeline.common]
2025-06-02 20:36:54.056 [INFO    ] Variable 'TS_F_MDS_15_QC' might be missing from headers of file: /pscratch/sd/t/toanngo/ONEFlux/data/US-ARc_sample_output/99_fluxnet2015/FLX_US-ARc_FLUXNET2015_FULLSET_WW_2005-2006_beta-6.csv [oneflux.pipeline.common]
2025-06-02 20:36:54.056 [INFO    ] Variable 'TS_F_MDS_16_QC' might be missing from headers of file: /pscratch/sd/t/toanngo/ONEFlux/data/US-ARc_sample_output/99_fluxnet2015/FLX_US-ARc_FLUXNET2015_FULLSET_WW_2005-2006_beta-6.csv [oneflux.pipeline.common]
2025-06-02 20:36:54.056 [INFO    ] Variable 'TS_F_MDS_17_QC' might be missing from headers of file: /pscratch/sd/t/toanngo/ONEFlux/data/US-ARc_sample_output/99_fluxnet2015/FLX_US-ARc_FLUXNET2015_FULLSET_WW_2005-2006_beta-6.csv [oneflux.pipeline.common]
2025-06-02 20:36:54.056 [INFO    ] Variable 'TS_F_MDS_18_QC' might be missing from headers of file: /pscratch/sd/t/toanngo/ONEFlux/data/US-ARc_sample_output/99_fluxnet2015/FLX_US-ARc_FLUXNET2015_FULLSET_WW_2005-2006_beta-6.csv [oneflux.pipeline.common]
2025-06-02 20:36:54.056 [INFO    ] Variable 'TS_F_MDS_19_QC' might be missing from headers of file: /pscratch/sd/t/toanngo/ONEFlux/data/US-ARc_sample_output/99_fluxnet2015/FLX_US-ARc_FLUXNET2015_FULLSET_WW_2005-2006_beta-6.csv [oneflux.pipeline.common]
2025-06-02 20:36:54.056 [INFO    ] Variable 'SWC_F_MDS_2' might be missing from headers of file: /pscratch/sd/t/toanngo/ONEFlux/data/US-ARc_sample_output/99_fluxnet2015/FLX_US-ARc_FLUXNET2015_FULLSET_WW_2005-2006_beta-6.csv [oneflux.pipeline.common]
2025-06-02 20:36:54.056 [INFO    ] Variable 'SWC_F_MDS_3' might be missing from headers of file: /pscratch/sd/t/toanngo/ONEFlux/data/US-ARc_sample_output/99_fluxnet2015/FLX_US-ARc_FLUXNET2015_FULLSET_WW_2005-2006_beta-6.csv [oneflux.pipeline.common]
2025-06-02 20:36:54.056 [INFO    ] Variable 'SWC_F_MDS_4' might be missing from headers of file: /pscratch/sd/t/toanngo/ONEFlux/data/US-ARc_sample_output/99_fluxnet2015/FLX_US-ARc_FLUXNET2015_FULLSET_WW_2005-2006_beta-6.csv [oneflux.pipeline.common]
2025-06-02 20:36:54.056 [INFO    ] Variable 'SWC_F_MDS_5' might be missing from headers of file: /pscratch/sd/t/toanngo/ONEFlux/data/US-ARc_sample_output/99_fluxnet2015/FLX_US-ARc_FLUXNET2015_FULLSET_WW_2005-2006_beta-6.csv [oneflux.pipeline.common]
2025-06-02 20:36:54.057 [INFO    ] Variable 'SWC_F_MDS_6' might be missing from headers of file: /pscratch/sd/t/toanngo/ONEFlux/data/US-ARc_sample_output/99_fluxnet2015/FLX_US-ARc_FLUXNET2015_FULLSET_WW_2005-2006_beta-6.csv [oneflux.pipeline.common]
2025-06-02 20:36:54.057 [INFO    ] Variable 'SWC_F_MDS_7' might be missing from headers of file: /pscratch/sd/t/toanngo/ONEFlux/data/US-ARc_sample_output/99_fluxnet2015/FLX_US-ARc_FLUXNET2015_FULLSET_WW_2005-2006_beta-6.csv [oneflux.pipeline.common]
2025-06-02 20:36:54.057 [INFO    ] Variable 'SWC_F_MDS_8' might be missing from headers of file: /pscratch/sd/t/toanngo/ONEFlux/data/US-ARc_sample_output/99_fluxnet2015/FLX_US-ARc_FLUXNET2015_FULLSET_WW_2005-2006_beta-6.csv [oneflux.pipeline.common]
2025-06-02 20:36:54.057 [INFO    ] Variable 'SWC_F_MDS_9' might be missing from headers of file: /pscratch/sd/t/toanngo/ONEFlux/data/US-ARc_sample_output/99_fluxnet2015/FLX_US-ARc_FLUXNET2015_FULLSET_WW_2005-2006_beta-6.csv [oneflux.pipeline.common]
2025-06-02 20:36:54.057 [INFO    ] Variable 'SWC_F_MDS_10' might be missing from headers of file: /pscratch/sd/t/toanngo/ONEFlux/data/US-ARc_sample_output/99_fluxnet2015/FLX_US-ARc_FLUXNET2015_FULLSET_WW_2005-2006_beta-6.csv [oneflux.pipeline.common]
2025-06-02 20:36:54.057 [INFO    ] Variable 'SWC_F_MDS_11' might be missing from headers of file: /pscratch/sd/t/toanngo/ONEFlux/data/US-ARc_sample_output/99_fluxnet2015/FLX_US-ARc_FLUXNET2015_FULLSET_WW_2005-2006_beta-6.csv [oneflux.pipeline.common]
2025-06-02 20:36:54.057 [INFO    ] Variable 'SWC_F_MDS_12' might be missing from headers of file: /pscratch/sd/t/toanngo/ONEFlux/data/US-ARc_sample_output/99_fluxnet2015/FLX_US-ARc_FLUXNET2015_FULLSET_WW_2005-2006_beta-6.csv [oneflux.pipeline.common]
2025-06-02 20:36:54.057 [INFO    ] Variable 'SWC_F_MDS_13' might be missing from headers of file: /pscratch/sd/t/toanngo/ONEFlux/data/US-ARc_sample_output/99_fluxnet2015/FLX_US-ARc_FLUXNET2015_FULLSET_WW_2005-2006_beta-6.csv [oneflux.pipeline.common]
2025-06-02 20:36:54.057 [INFO    ] Variable 'SWC_F_MDS_14' might be missing from headers of file: /pscratch/sd/t/toanngo/ONEFlux/data/US-ARc_sample_output/99_fluxnet2015/FLX_US-ARc_FLUXNET2015_FULLSET_WW_2005-2006_beta-6.csv [oneflux.pipeline.common]
2025-06-02 20:36:54.057 [INFO    ] Variable 'SWC_F_MDS_15' might be missing from headers of file: /pscratch/sd/t/toanngo/ONEFlux/data/US-ARc_sample_output/99_fluxnet2015/FLX_US-ARc_FLUXNET2015_FULLSET_WW_2005-2006_beta-6.csv [oneflux.pipeline.common]
2025-06-02 20:36:54.057 [INFO    ] Variable 'SWC_F_MDS_16' might be missing from headers of file: /pscratch/sd/t/toanngo/ONEFlux/data/US-ARc_sample_output/99_fluxnet2015/FLX_US-ARc_FLUXNET2015_FULLSET_WW_2005-2006_beta-6.csv [oneflux.pipeline.common]
2025-06-02 20:36:54.057 [INFO    ] Variable 'SWC_F_MDS_17' might be missing from headers of file: /pscratch/sd/t/toanngo/ONEFlux/data/US-ARc_sample_output/99_fluxnet2015/FLX_US-ARc_FLUXNET2015_FULLSET_WW_2005-2006_beta-6.csv [oneflux.pipeline.common]
2025-06-02 20:36:54.058 [INFO    ] Variable 'SWC_F_MDS_18' might be missing from headers of file: /pscratch/sd/t/toanngo/ONEFlux/data/US-ARc_sample_output/99_fluxnet2015/FLX_US-ARc_FLUXNET2015_FULLSET_WW_2005-2006_beta-6.csv [oneflux.pipeline.common]
2025-06-02 20:36:54.058 [INFO    ] Variable 'SWC_F_MDS_19' might be missing from headers of file: /pscratch/sd/t/toanngo/ONEFlux/data/US-ARc_sample_output/99_fluxnet2015/FLX_US-ARc_FLUXNET2015_FULLSET_WW_2005-2006_beta-6.csv [oneflux.pipeline.common]
2025-06-02 20:36:54.058 [INFO    ] Variable 'SWC_F_MDS_2_QC' might be missing from headers of file: /pscratch/sd/t/toanngo/ONEFlux/data/US-ARc_sample_output/99_fluxnet2015/FLX_US-ARc_FLUXNET2015_FULLSET_WW_2005-2006_beta-6.csv [oneflux.pipeline.common]
2025-06-02 20:36:54.058 [INFO    ] Variable 'SWC_F_MDS_3_QC' might be missing from headers of file: /pscratch/sd/t/toanngo/ONEFlux/data/US-ARc_sample_output/99_fluxnet2015/FLX_US-ARc_FLUXNET2015_FULLSET_WW_2005-2006_beta-6.csv [oneflux.pipeline.common]
2025-06-02 20:36:54.058 [INFO    ] Variable 'SWC_F_MDS_4_QC' might be missing from headers of file: /pscratch/sd/t/toanngo/ONEFlux/data/US-ARc_sample_output/99_fluxnet2015/FLX_US-ARc_FLUXNET2015_FULLSET_WW_2005-2006_beta-6.csv [oneflux.pipeline.common]
2025-06-02 20:36:54.058 [INFO    ] Variable 'SWC_F_MDS_5_QC' might be missing from headers of file: /pscratch/sd/t/toanngo/ONEFlux/data/US-ARc_sample_output/99_fluxnet2015/FLX_US-ARc_FLUXNET2015_FULLSET_WW_2005-2006_beta-6.csv [oneflux.pipeline.common]
2025-06-02 20:36:54.058 [INFO    ] Variable 'SWC_F_MDS_6_QC' might be missing from headers of file: /pscratch/sd/t/toanngo/ONEFlux/data/US-ARc_sample_output/99_fluxnet2015/FLX_US-ARc_FLUXNET2015_FULLSET_WW_2005-2006_beta-6.csv [oneflux.pipeline.common]
2025-06-02 20:36:54.058 [INFO    ] Variable 'SWC_F_MDS_7_QC' might be missing from headers of file: /pscratch/sd/t/toanngo/ONEFlux/data/US-ARc_sample_output/99_fluxnet2015/FLX_US-ARc_FLUXNET2015_FULLSET_WW_2005-2006_beta-6.csv [oneflux.pipeline.common]
2025-06-02 20:36:54.058 [INFO    ] Variable 'SWC_F_MDS_8_QC' might be missing from headers of file: /pscratch/sd/t/toanngo/ONEFlux/data/US-ARc_sample_output/99_fluxnet2015/FLX_US-ARc_FLUXNET2015_FULLSET_WW_2005-2006_beta-6.csv [oneflux.pipeline.common]
2025-06-02 20:36:54.058 [INFO    ] Variable 'SWC_F_MDS_9_QC' might be missing from headers of file: /pscratch/sd/t/toanngo/ONEFlux/data/US-ARc_sample_output/99_fluxnet2015/FLX_US-ARc_FLUXNET2015_FULLSET_WW_2005-2006_beta-6.csv [oneflux.pipeline.common]
2025-06-02 20:36:54.058 [INFO    ] Variable 'SWC_F_MDS_10_QC' might be missing from headers of file: /pscratch/sd/t/toanngo/ONEFlux/data/US-ARc_sample_output/99_fluxnet2015/FLX_US-ARc_FLUXNET2015_FULLSET_WW_2005-2006_beta-6.csv [oneflux.pipeline.common]
2025-06-02 20:36:54.059 [INFO    ] Variable 'SWC_F_MDS_11_QC' might be missing from headers of file: /pscratch/sd/t/toanngo/ONEFlux/data/US-ARc_sample_output/99_fluxnet2015/FLX_US-ARc_FLUXNET2015_FULLSET_WW_2005-2006_beta-6.csv [oneflux.pipeline.common]
2025-06-02 20:36:54.059 [INFO    ] Variable 'SWC_F_MDS_12_QC' might be missing from headers of file: /pscratch/sd/t/toanngo/ONEFlux/data/US-ARc_sample_output/99_fluxnet2015/FLX_US-ARc_FLUXNET2015_FULLSET_WW_2005-2006_beta-6.csv [oneflux.pipeline.common]
2025-06-02 20:36:54.059 [INFO    ] Variable 'SWC_F_MDS_13_QC' might be missing from headers of file: /pscratch/sd/t/toanngo/ONEFlux/data/US-ARc_sample_output/99_fluxnet2015/FLX_US-ARc_FLUXNET2015_FULLSET_WW_2005-2006_beta-6.csv [oneflux.pipeline.common]
2025-06-02 20:36:54.059 [INFO    ] Variable 'SWC_F_MDS_14_QC' might be missing from headers of file: /pscratch/sd/t/toanngo/ONEFlux/data/US-ARc_sample_output/99_fluxnet2015/FLX_US-ARc_FLUXNET2015_FULLSET_WW_2005-2006_beta-6.csv [oneflux.pipeline.common]
2025-06-02 20:36:54.059 [INFO    ] Variable 'SWC_F_MDS_15_QC' might be missing from headers of file: /pscratch/sd/t/toanngo/ONEFlux/data/US-ARc_sample_output/99_fluxnet2015/FLX_US-ARc_FLUXNET2015_FULLSET_WW_2005-2006_beta-6.csv [oneflux.pipeline.common]
2025-06-02 20:36:54.059 [INFO    ] Variable 'SWC_F_MDS_16_QC' might be missing from headers of file: /pscratch/sd/t/toanngo/ONEFlux/data/US-ARc_sample_output/99_fluxnet2015/FLX_US-ARc_FLUXNET2015_FULLSET_WW_2005-2006_beta-6.csv [oneflux.pipeline.common]
2025-06-02 20:36:54.059 [INFO    ] Variable 'SWC_F_MDS_17_QC' might be missing from headers of file: /pscratch/sd/t/toanngo/ONEFlux/data/US-ARc_sample_output/99_fluxnet2015/FLX_US-ARc_FLUXNET2015_FULLSET_WW_2005-2006_beta-6.csv [oneflux.pipeline.common]
2025-06-02 20:36:54.059 [INFO    ] Variable 'SWC_F_MDS_18_QC' might be missing from headers of file: /pscratch/sd/t/toanngo/ONEFlux/data/US-ARc_sample_output/99_fluxnet2015/FLX_US-ARc_FLUXNET2015_FULLSET_WW_2005-2006_beta-6.csv [oneflux.pipeline.common]
2025-06-02 20:36:54.059 [INFO    ] Variable 'SWC_F_MDS_19_QC' might be missing from headers of file: /pscratch/sd/t/toanngo/ONEFlux/data/US-ARc_sample_output/99_fluxnet2015/FLX_US-ARc_FLUXNET2015_FULLSET_WW_2005-2006_beta-6.csv [oneflux.pipeline.common]
2025-06-02 20:36:54.059 [INFO    ] Variable 'NEE_CUT_05' might be missing from headers of file: /pscratch/sd/t/toanngo/ONEFlux/data/US-ARc_sample_output/99_fluxnet2015/FLX_US-ARc_FLUXNET2015_FULLSET_WW_2005-2006_beta-6.csv [oneflux.pipeline.common]
2025-06-02 20:36:54.059 [INFO    ] Variable 'NEE_CUT_16' might be missing from headers of file: /pscratch/sd/t/toanngo/ONEFlux/data/US-ARc_sample_output/99_fluxnet2015/FLX_US-ARc_FLUXNET2015_FULLSET_WW_2005-2006_beta-6.csv [oneflux.pipeline.common]
2025-06-02 20:36:54.059 [INFO    ] Variable 'NEE_CUT_25' might be missing from headers of file: /pscratch/sd/t/toanngo/ONEFlux/data/US-ARc_sample_output/99_fluxnet2015/FLX_US-ARc_FLUXNET2015_FULLSET_WW_2005-2006_beta-6.csv [oneflux.pipeline.common]
2025-06-02 20:36:54.060 [INFO    ] Variable 'NEE_CUT_50' might be missing from headers of file: /pscratch/sd/t/toanngo/ONEFlux/data/US-ARc_sample_output/99_fluxnet2015/FLX_US-ARc_FLUXNET2015_FULLSET_WW_2005-2006_beta-6.csv [oneflux.pipeline.common]
2025-06-02 20:36:54.060 [INFO    ] Variable 'NEE_CUT_75' might be missing from headers of file: /pscratch/sd/t/toanngo/ONEFlux/data/US-ARc_sample_output/99_fluxnet2015/FLX_US-ARc_FLUXNET2015_FULLSET_WW_2005-2006_beta-6.csv [oneflux.pipeline.common]
2025-06-02 20:36:54.060 [INFO    ] Variable 'NEE_CUT_84' might be missing from headers of file: /pscratch/sd/t/toanngo/ONEFlux/data/US-ARc_sample_output/99_fluxnet2015/FLX_US-ARc_FLUXNET2015_FULLSET_WW_2005-2006_beta-6.csv [oneflux.pipeline.common]
2025-06-02 20:36:54.060 [INFO    ] Variable 'NEE_CUT_95' might be missing from headers of file: /pscratch/sd/t/toanngo/ONEFlux/data/US-ARc_sample_output/99_fluxnet2015/FLX_US-ARc_FLUXNET2015_FULLSET_WW_2005-2006_beta-6.csv [oneflux.pipeline.common]
2025-06-02 20:36:54.060 [INFO    ] Variable 'NEE_CUT_05_QC' might be missing from headers of file: /pscratch/sd/t/toanngo/ONEFlux/data/US-ARc_sample_output/99_fluxnet2015/FLX_US-ARc_FLUXNET2015_FULLSET_WW_2005-2006_beta-6.csv [oneflux.pipeline.common]
2025-06-02 20:36:54.060 [INFO    ] Variable 'NEE_CUT_16_QC' might be missing from headers of file: /pscratch/sd/t/toanngo/ONEFlux/data/US-ARc_sample_output/99_fluxnet2015/FLX_US-ARc_FLUXNET2015_FULLSET_WW_2005-2006_beta-6.csv [oneflux.pipeline.common]
2025-06-02 20:36:54.060 [INFO    ] Variable 'NEE_CUT_25_QC' might be missing from headers of file: /pscratch/sd/t/toanngo/ONEFlux/data/US-ARc_sample_output/99_fluxnet2015/FLX_US-ARc_FLUXNET2015_FULLSET_WW_2005-2006_beta-6.csv [oneflux.pipeline.common]
2025-06-02 20:36:54.060 [INFO    ] Variable 'NEE_CUT_50_QC' might be missing from headers of file: /pscratch/sd/t/toanngo/ONEFlux/data/US-ARc_sample_output/99_fluxnet2015/FLX_US-ARc_FLUXNET2015_FULLSET_WW_2005-2006_beta-6.csv [oneflux.pipeline.common]
2025-06-02 20:36:54.060 [INFO    ] Variable 'NEE_CUT_75_QC' might be missing from headers of file: /pscratch/sd/t/toanngo/ONEFlux/data/US-ARc_sample_output/99_fluxnet2015/FLX_US-ARc_FLUXNET2015_FULLSET_WW_2005-2006_beta-6.csv [oneflux.pipeline.common]
2025-06-02 20:36:54.060 [INFO    ] Variable 'NEE_CUT_84_QC' might be missing from headers of file: /pscratch/sd/t/toanngo/ONEFlux/data/US-ARc_sample_output/99_fluxnet2015/FLX_US-ARc_FLUXNET2015_FULLSET_WW_2005-2006_beta-6.csv [oneflux.pipeline.common]
2025-06-02 20:36:54.060 [INFO    ] Variable 'NEE_CUT_95_QC' might be missing from headers of file: /pscratch/sd/t/toanngo/ONEFlux/data/US-ARc_sample_output/99_fluxnet2015/FLX_US-ARc_FLUXNET2015_FULLSET_WW_2005-2006_beta-6.csv [oneflux.pipeline.common]
2025-06-02 20:36:54.060 [INFO    ] Variable 'RECO_NT_CUT_05' might be missing from headers of file: /pscratch/sd/t/toanngo/ONEFlux/data/US-ARc_sample_output/99_fluxnet2015/FLX_US-ARc_FLUXNET2015_FULLSET_WW_2005-2006_beta-6.csv [oneflux.pipeline.common]
2025-06-02 20:36:54.061 [INFO    ] Variable 'RECO_NT_CUT_16' might be missing from headers of file: /pscratch/sd/t/toanngo/ONEFlux/data/US-ARc_sample_output/99_fluxnet2015/FLX_US-ARc_FLUXNET2015_FULLSET_WW_2005-2006_beta-6.csv [oneflux.pipeline.common]
2025-06-02 20:36:54.061 [INFO    ] Variable 'RECO_NT_CUT_25' might be missing from headers of file: /pscratch/sd/t/toanngo/ONEFlux/data/US-ARc_sample_output/99_fluxnet2015/FLX_US-ARc_FLUXNET2015_FULLSET_WW_2005-2006_beta-6.csv [oneflux.pipeline.common]
2025-06-02 20:36:54.061 [INFO    ] Variable 'RECO_NT_CUT_50' might be missing from headers of file: /pscratch/sd/t/toanngo/ONEFlux/data/US-ARc_sample_output/99_fluxnet2015/FLX_US-ARc_FLUXNET2015_FULLSET_WW_2005-2006_beta-6.csv [oneflux.pipeline.common]
2025-06-02 20:36:54.061 [INFO    ] Variable 'RECO_NT_CUT_75' might be missing from headers of file: /pscratch/sd/t/toanngo/ONEFlux/data/US-ARc_sample_output/99_fluxnet2015/FLX_US-ARc_FLUXNET2015_FULLSET_WW_2005-2006_beta-6.csv [oneflux.pipeline.common]
2025-06-02 20:36:54.061 [INFO    ] Variable 'RECO_NT_CUT_84' might be missing from headers of file: /pscratch/sd/t/toanngo/ONEFlux/data/US-ARc_sample_output/99_fluxnet2015/FLX_US-ARc_FLUXNET2015_FULLSET_WW_2005-2006_beta-6.csv [oneflux.pipeline.common]
2025-06-02 20:36:54.061 [INFO    ] Variable 'RECO_NT_CUT_95' might be missing from headers of file: /pscratch/sd/t/toanngo/ONEFlux/data/US-ARc_sample_output/99_fluxnet2015/FLX_US-ARc_FLUXNET2015_FULLSET_WW_2005-2006_beta-6.csv [oneflux.pipeline.common]
2025-06-02 20:36:54.061 [INFO    ] Variable 'GPP_NT_CUT_05' might be missing from headers of file: /pscratch/sd/t/toanngo/ONEFlux/data/US-ARc_sample_output/99_fluxnet2015/FLX_US-ARc_FLUXNET2015_FULLSET_WW_2005-2006_beta-6.csv [oneflux.pipeline.common]
2025-06-02 20:36:54.061 [INFO    ] Variable 'GPP_NT_CUT_16' might be missing from headers of file: /pscratch/sd/t/toanngo/ONEFlux/data/US-ARc_sample_output/99_fluxnet2015/FLX_US-ARc_FLUXNET2015_FULLSET_WW_2005-2006_beta-6.csv [oneflux.pipeline.common]
2025-06-02 20:36:54.061 [INFO    ] Variable 'GPP_NT_CUT_25' might be missing from headers of file: /pscratch/sd/t/toanngo/ONEFlux/data/US-ARc_sample_output/99_fluxnet2015/FLX_US-ARc_FLUXNET2015_FULLSET_WW_2005-2006_beta-6.csv [oneflux.pipeline.common]
2025-06-02 20:36:54.061 [INFO    ] Variable 'GPP_NT_CUT_50' might be missing from headers of file: /pscratch/sd/t/toanngo/ONEFlux/data/US-ARc_sample_output/99_fluxnet2015/FLX_US-ARc_FLUXNET2015_FULLSET_WW_2005-2006_beta-6.csv [oneflux.pipeline.common]
2025-06-02 20:36:54.061 [INFO    ] Variable 'GPP_NT_CUT_75' might be missing from headers of file: /pscratch/sd/t/toanngo/ONEFlux/data/US-ARc_sample_output/99_fluxnet2015/FLX_US-ARc_FLUXNET2015_FULLSET_WW_2005-2006_beta-6.csv [oneflux.pipeline.common]
2025-06-02 20:36:54.062 [INFO    ] Variable 'GPP_NT_CUT_84' might be missing from headers of file: /pscratch/sd/t/toanngo/ONEFlux/data/US-ARc_sample_output/99_fluxnet2015/FLX_US-ARc_FLUXNET2015_FULLSET_WW_2005-2006_beta-6.csv [oneflux.pipeline.common]
2025-06-02 20:36:54.062 [INFO    ] Variable 'GPP_NT_CUT_95' might be missing from headers of file: /pscratch/sd/t/toanngo/ONEFlux/data/US-ARc_sample_output/99_fluxnet2015/FLX_US-ARc_FLUXNET2015_FULLSET_WW_2005-2006_beta-6.csv [oneflux.pipeline.common]
2025-06-02 20:36:54.062 [INFO    ] Variable 'RECO_DT_CUT_05' might be missing from headers of file: /pscratch/sd/t/toanngo/ONEFlux/data/US-ARc_sample_output/99_fluxnet2015/FLX_US-ARc_FLUXNET2015_FULLSET_WW_2005-2006_beta-6.csv [oneflux.pipeline.common]
2025-06-02 20:36:54.062 [INFO    ] Variable 'RECO_DT_CUT_16' might be missing from headers of file: /pscratch/sd/t/toanngo/ONEFlux/data/US-ARc_sample_output/99_fluxnet2015/FLX_US-ARc_FLUXNET2015_FULLSET_WW_2005-2006_beta-6.csv [oneflux.pipeline.common]
2025-06-02 20:36:54.062 [INFO    ] Variable 'RECO_DT_CUT_25' might be missing from headers of file: /pscratch/sd/t/toanngo/ONEFlux/data/US-ARc_sample_output/99_fluxnet2015/FLX_US-ARc_FLUXNET2015_FULLSET_WW_2005-2006_beta-6.csv [oneflux.pipeline.common]
2025-06-02 20:36:54.062 [INFO    ] Variable 'RECO_DT_CUT_50' might be missing from headers of file: /pscratch/sd/t/toanngo/ONEFlux/data/US-ARc_sample_output/99_fluxnet2015/FLX_US-ARc_FLUXNET2015_FULLSET_WW_2005-2006_beta-6.csv [oneflux.pipeline.common]
2025-06-02 20:36:54.062 [INFO    ] Variable 'RECO_DT_CUT_75' might be missing from headers of file: /pscratch/sd/t/toanngo/ONEFlux/data/US-ARc_sample_output/99_fluxnet2015/FLX_US-ARc_FLUXNET2015_FULLSET_WW_2005-2006_beta-6.csv [oneflux.pipeline.common]
2025-06-02 20:36:54.062 [INFO    ] Variable 'RECO_DT_CUT_84' might be missing from headers of file: /pscratch/sd/t/toanngo/ONEFlux/data/US-ARc_sample_output/99_fluxnet2015/FLX_US-ARc_FLUXNET2015_FULLSET_WW_2005-2006_beta-6.csv [oneflux.pipeline.common]
2025-06-02 20:36:54.062 [INFO    ] Variable 'RECO_DT_CUT_95' might be missing from headers of file: /pscratch/sd/t/toanngo/ONEFlux/data/US-ARc_sample_output/99_fluxnet2015/FLX_US-ARc_FLUXNET2015_FULLSET_WW_2005-2006_beta-6.csv [oneflux.pipeline.common]
2025-06-02 20:36:54.062 [INFO    ] Variable 'GPP_DT_CUT_05' might be missing from headers of file: /pscratch/sd/t/toanngo/ONEFlux/data/US-ARc_sample_output/99_fluxnet2015/FLX_US-ARc_FLUXNET2015_FULLSET_WW_2005-2006_beta-6.csv [oneflux.pipeline.common]
2025-06-02 20:36:54.062 [INFO    ] Variable 'GPP_DT_CUT_16' might be missing from headers of file: /pscratch/sd/t/toanngo/ONEFlux/data/US-ARc_sample_output/99_fluxnet2015/FLX_US-ARc_FLUXNET2015_FULLSET_WW_2005-2006_beta-6.csv [oneflux.pipeline.common]
2025-06-02 20:36:54.062 [INFO    ] Variable 'GPP_DT_CUT_25' might be missing from headers of file: /pscratch/sd/t/toanngo/ONEFlux/data/US-ARc_sample_output/99_fluxnet2015/FLX_US-ARc_FLUXNET2015_FULLSET_WW_2005-2006_beta-6.csv [oneflux.pipeline.common]
2025-06-02 20:36:54.063 [INFO    ] Variable 'GPP_DT_CUT_50' might be missing from headers of file: /pscratch/sd/t/toanngo/ONEFlux/data/US-ARc_sample_output/99_fluxnet2015/FLX_US-ARc_FLUXNET2015_FULLSET_WW_2005-2006_beta-6.csv [oneflux.pipeline.common]
2025-06-02 20:36:54.063 [INFO    ] Variable 'GPP_DT_CUT_75' might be missing from headers of file: /pscratch/sd/t/toanngo/ONEFlux/data/US-ARc_sample_output/99_fluxnet2015/FLX_US-ARc_FLUXNET2015_FULLSET_WW_2005-2006_beta-6.csv [oneflux.pipeline.common]
2025-06-02 20:36:54.063 [INFO    ] Variable 'GPP_DT_CUT_84' might be missing from headers of file: /pscratch/sd/t/toanngo/ONEFlux/data/US-ARc_sample_output/99_fluxnet2015/FLX_US-ARc_FLUXNET2015_FULLSET_WW_2005-2006_beta-6.csv [oneflux.pipeline.common]
2025-06-02 20:36:54.063 [INFO    ] Variable 'GPP_DT_CUT_95' might be missing from headers of file: /pscratch/sd/t/toanngo/ONEFlux/data/US-ARc_sample_output/99_fluxnet2015/FLX_US-ARc_FLUXNET2015_FULLSET_WW_2005-2006_beta-6.csv [oneflux.pipeline.common]
2025-06-02 20:36:54.063 [INFO    ] Variable 'PPFD_DIF' might be missing from headers of file: /pscratch/sd/t/toanngo/ONEFlux/data/US-ARc_sample_output/99_fluxnet2015/FLX_US-ARc_FLUXNET2015_FULLSET_YY_2005-2006_beta-6.csv [oneflux.pipeline.common]
2025-06-02 20:36:54.063 [INFO    ] Variable 'PPFD_DIF_QC' might be missing from headers of file: /pscratch/sd/t/toanngo/ONEFlux/data/US-ARc_sample_output/99_fluxnet2015/FLX_US-ARc_FLUXNET2015_FULLSET_YY_2005-2006_beta-6.csv [oneflux.pipeline.common]
2025-06-02 20:36:54.063 [INFO    ] Variable 'PPFD_OUT' might be missing from headers of file: /pscratch/sd/t/toanngo/ONEFlux/data/US-ARc_sample_output/99_fluxnet2015/FLX_US-ARc_FLUXNET2015_FULLSET_YY_2005-2006_beta-6.csv [oneflux.pipeline.common]
2025-06-02 20:36:54.063 [INFO    ] Variable 'PPFD_OUT_QC' might be missing from headers of file: /pscratch/sd/t/toanngo/ONEFlux/data/US-ARc_sample_output/99_fluxnet2015/FLX_US-ARc_FLUXNET2015_FULLSET_YY_2005-2006_beta-6.csv [oneflux.pipeline.common]
2025-06-02 20:36:54.064 [INFO    ] Variable 'SW_DIF' might be missing from headers of file: /pscratch/sd/t/toanngo/ONEFlux/data/US-ARc_sample_output/99_fluxnet2015/FLX_US-ARc_FLUXNET2015_FULLSET_YY_2005-2006_beta-6.csv [oneflux.pipeline.common]
2025-06-02 20:36:54.064 [INFO    ] Variable 'SW_DIF_QC' might be missing from headers of file: /pscratch/sd/t/toanngo/ONEFlux/data/US-ARc_sample_output/99_fluxnet2015/FLX_US-ARc_FLUXNET2015_FULLSET_YY_2005-2006_beta-6.csv [oneflux.pipeline.common]
2025-06-02 20:36:54.064 [INFO    ] Variable 'SW_OUT' might be missing from headers of file: /pscratch/sd/t/toanngo/ONEFlux/data/US-ARc_sample_output/99_fluxnet2015/FLX_US-ARc_FLUXNET2015_FULLSET_YY_2005-2006_beta-6.csv [oneflux.pipeline.common]
2025-06-02 20:36:54.064 [INFO    ] Variable 'SW_OUT_QC' might be missing from headers of file: /pscratch/sd/t/toanngo/ONEFlux/data/US-ARc_sample_output/99_fluxnet2015/FLX_US-ARc_FLUXNET2015_FULLSET_YY_2005-2006_beta-6.csv [oneflux.pipeline.common]
2025-06-02 20:36:54.064 [INFO    ] Variable 'LW_OUT' might be missing from headers of file: /pscratch/sd/t/toanngo/ONEFlux/data/US-ARc_sample_output/99_fluxnet2015/FLX_US-ARc_FLUXNET2015_FULLSET_YY_2005-2006_beta-6.csv [oneflux.pipeline.common]
2025-06-02 20:36:54.064 [INFO    ] Variable 'LW_OUT_QC' might be missing from headers of file: /pscratch/sd/t/toanngo/ONEFlux/data/US-ARc_sample_output/99_fluxnet2015/FLX_US-ARc_FLUXNET2015_FULLSET_YY_2005-2006_beta-6.csv [oneflux.pipeline.common]
2025-06-02 20:36:54.064 [INFO    ] Variable 'PA' might be missing from headers of file: /pscratch/sd/t/toanngo/ONEFlux/data/US-ARc_sample_output/99_fluxnet2015/FLX_US-ARc_FLUXNET2015_FULLSET_YY_2005-2006_beta-6.csv [oneflux.pipeline.common]
2025-06-02 20:36:54.064 [INFO    ] Variable 'SW_IN_POT' might be missing from headers of file: /pscratch/sd/t/toanngo/ONEFlux/data/US-ARc_sample_output/99_fluxnet2015/FLX_US-ARc_FLUXNET2015_FULLSET_YY_2005-2006_beta-6.csv [oneflux.pipeline.common]
2025-06-02 20:36:54.064 [INFO    ] Variable 'P' might be missing from headers of file: /pscratch/sd/t/toanngo/ONEFlux/data/US-ARc_sample_output/99_fluxnet2015/FLX_US-ARc_FLUXNET2015_FULLSET_YY_2005-2006_beta-6.csv [oneflux.pipeline.common]
2025-06-02 20:36:54.064 [INFO    ] Variable 'WS' might be missing from headers of file: /pscratch/sd/t/toanngo/ONEFlux/data/US-ARc_sample_output/99_fluxnet2015/FLX_US-ARc_FLUXNET2015_FULLSET_YY_2005-2006_beta-6.csv [oneflux.pipeline.common]
2025-06-02 20:36:54.064 [INFO    ] Variable 'WD' might be missing from headers of file: /pscratch/sd/t/toanngo/ONEFlux/data/US-ARc_sample_output/99_fluxnet2015/FLX_US-ARc_FLUXNET2015_FULLSET_YY_2005-2006_beta-6.csv [oneflux.pipeline.common]
2025-06-02 20:36:54.064 [INFO    ] Variable 'RH' might be missing from headers of file: /pscratch/sd/t/toanngo/ONEFlux/data/US-ARc_sample_output/99_fluxnet2015/FLX_US-ARc_FLUXNET2015_FULLSET_YY_2005-2006_beta-6.csv [oneflux.pipeline.common]
2025-06-02 20:36:54.065 [INFO    ] Variable 'LE_CORR_25' might be missing from headers of file: /pscratch/sd/t/toanngo/ONEFlux/data/US-ARc_sample_output/99_fluxnet2015/FLX_US-ARc_FLUXNET2015_FULLSET_YY_2005-2006_beta-6.csv [oneflux.pipeline.common]
2025-06-02 20:36:54.065 [INFO    ] Variable 'LE_CORR_75' might be missing from headers of file: /pscratch/sd/t/toanngo/ONEFlux/data/US-ARc_sample_output/99_fluxnet2015/FLX_US-ARc_FLUXNET2015_FULLSET_YY_2005-2006_beta-6.csv [oneflux.pipeline.common]
2025-06-02 20:36:54.065 [INFO    ] Variable 'LE_RANDUNC_METHOD' might be missing from headers of file: /pscratch/sd/t/toanngo/ONEFlux/data/US-ARc_sample_output/99_fluxnet2015/FLX_US-ARc_FLUXNET2015_FULLSET_YY_2005-2006_beta-6.csv [oneflux.pipeline.common]
2025-06-02 20:36:54.065 [INFO    ] Variable 'LE_RANDUNC_N' might be missing from headers of file: /pscratch/sd/t/toanngo/ONEFlux/data/US-ARc_sample_output/99_fluxnet2015/FLX_US-ARc_FLUXNET2015_FULLSET_YY_2005-2006_beta-6.csv [oneflux.pipeline.common]
2025-06-02 20:36:54.065 [INFO    ] Variable 'LE_CORR_JOINTUNC' might be missing from headers of file: /pscratch/sd/t/toanngo/ONEFlux/data/US-ARc_sample_output/99_fluxnet2015/FLX_US-ARc_FLUXNET2015_FULLSET_YY_2005-2006_beta-6.csv [oneflux.pipeline.common]
2025-06-02 20:36:54.065 [INFO    ] Variable 'H_CORR_25' might be missing from headers of file: /pscratch/sd/t/toanngo/ONEFlux/data/US-ARc_sample_output/99_fluxnet2015/FLX_US-ARc_FLUXNET2015_FULLSET_YY_2005-2006_beta-6.csv [oneflux.pipeline.common]
2025-06-02 20:36:54.065 [INFO    ] Variable 'H_CORR_75' might be missing from headers of file: /pscratch/sd/t/toanngo/ONEFlux/data/US-ARc_sample_output/99_fluxnet2015/FLX_US-ARc_FLUXNET2015_FULLSET_YY_2005-2006_beta-6.csv [oneflux.pipeline.common]
2025-06-02 20:36:54.065 [INFO    ] Variable 'H_RANDUNC_METHOD' might be missing from headers of file: /pscratch/sd/t/toanngo/ONEFlux/data/US-ARc_sample_output/99_fluxnet2015/FLX_US-ARc_FLUXNET2015_FULLSET_YY_2005-2006_beta-6.csv [oneflux.pipeline.common]
2025-06-02 20:36:54.065 [INFO    ] Variable 'H_RANDUNC_N' might be missing from headers of file: /pscratch/sd/t/toanngo/ONEFlux/data/US-ARc_sample_output/99_fluxnet2015/FLX_US-ARc_FLUXNET2015_FULLSET_YY_2005-2006_beta-6.csv [oneflux.pipeline.common]
2025-06-02 20:36:54.065 [INFO    ] Variable 'H_CORR_JOINTUNC' might be missing from headers of file: /pscratch/sd/t/toanngo/ONEFlux/data/US-ARc_sample_output/99_fluxnet2015/FLX_US-ARc_FLUXNET2015_FULLSET_YY_2005-2006_beta-6.csv [oneflux.pipeline.common]
2025-06-02 20:36:54.065 [INFO    ] Variable 'NEE_CUT_REF' might be missing from headers of file: /pscratch/sd/t/toanngo/ONEFlux/data/US-ARc_sample_output/99_fluxnet2015/FLX_US-ARc_FLUXNET2015_FULLSET_YY_2005-2006_beta-6.csv [oneflux.pipeline.common]
2025-06-02 20:36:54.065 [INFO    ] Variable 'NEE_CUT_REF_QC' might be missing from headers of file: /pscratch/sd/t/toanngo/ONEFlux/data/US-ARc_sample_output/99_fluxnet2015/FLX_US-ARc_FLUXNET2015_FULLSET_YY_2005-2006_beta-6.csv [oneflux.pipeline.common]
2025-06-02 20:36:54.066 [INFO    ] Variable 'NEE_CUT_REF_RANDUNC' might be missing from headers of file: /pscratch/sd/t/toanngo/ONEFlux/data/US-ARc_sample_output/99_fluxnet2015/FLX_US-ARc_FLUXNET2015_FULLSET_YY_2005-2006_beta-6.csv [oneflux.pipeline.common]
2025-06-02 20:36:54.066 [INFO    ] Variable 'RECO_NT_CUT_REF' might be missing from headers of file: /pscratch/sd/t/toanngo/ONEFlux/data/US-ARc_sample_output/99_fluxnet2015/FLX_US-ARc_FLUXNET2015_FULLSET_YY_2005-2006_beta-6.csv [oneflux.pipeline.common]
2025-06-02 20:36:54.066 [INFO    ] Variable 'GPP_NT_CUT_REF' might be missing from headers of file: /pscratch/sd/t/toanngo/ONEFlux/data/US-ARc_sample_output/99_fluxnet2015/FLX_US-ARc_FLUXNET2015_FULLSET_YY_2005-2006_beta-6.csv [oneflux.pipeline.common]
2025-06-02 20:36:54.066 [INFO    ] Variable 'RECO_DT_CUT_REF' might be missing from headers of file: /pscratch/sd/t/toanngo/ONEFlux/data/US-ARc_sample_output/99_fluxnet2015/FLX_US-ARc_FLUXNET2015_FULLSET_YY_2005-2006_beta-6.csv [oneflux.pipeline.common]
2025-06-02 20:36:54.066 [INFO    ] Variable 'GPP_DT_CUT_REF' might be missing from headers of file: /pscratch/sd/t/toanngo/ONEFlux/data/US-ARc_sample_output/99_fluxnet2015/FLX_US-ARc_FLUXNET2015_FULLSET_YY_2005-2006_beta-6.csv [oneflux.pipeline.common]
2025-06-02 20:36:54.066 [INFO    ] Variable 'TS_F_MDS_2' might be missing from headers of file: /pscratch/sd/t/toanngo/ONEFlux/data/US-ARc_sample_output/99_fluxnet2015/FLX_US-ARc_FLUXNET2015_FULLSET_YY_2005-2006_beta-6.csv [oneflux.pipeline.common]
2025-06-02 20:36:54.066 [INFO    ] Variable 'TS_F_MDS_3' might be missing from headers of file: /pscratch/sd/t/toanngo/ONEFlux/data/US-ARc_sample_output/99_fluxnet2015/FLX_US-ARc_FLUXNET2015_FULLSET_YY_2005-2006_beta-6.csv [oneflux.pipeline.common]
2025-06-02 20:36:54.066 [INFO    ] Variable 'TS_F_MDS_4' might be missing from headers of file: /pscratch/sd/t/toanngo/ONEFlux/data/US-ARc_sample_output/99_fluxnet2015/FLX_US-ARc_FLUXNET2015_FULLSET_YY_2005-2006_beta-6.csv [oneflux.pipeline.common]
2025-06-02 20:36:54.066 [INFO    ] Variable 'TS_F_MDS_5' might be missing from headers of file: /pscratch/sd/t/toanngo/ONEFlux/data/US-ARc_sample_output/99_fluxnet2015/FLX_US-ARc_FLUXNET2015_FULLSET_YY_2005-2006_beta-6.csv [oneflux.pipeline.common]
2025-06-02 20:36:54.066 [INFO    ] Variable 'TS_F_MDS_6' might be missing from headers of file: /pscratch/sd/t/toanngo/ONEFlux/data/US-ARc_sample_output/99_fluxnet2015/FLX_US-ARc_FLUXNET2015_FULLSET_YY_2005-2006_beta-6.csv [oneflux.pipeline.common]
2025-06-02 20:36:54.066 [INFO    ] Variable 'TS_F_MDS_7' might be missing from headers of file: /pscratch/sd/t/toanngo/ONEFlux/data/US-ARc_sample_output/99_fluxnet2015/FLX_US-ARc_FLUXNET2015_FULLSET_YY_2005-2006_beta-6.csv [oneflux.pipeline.common]
2025-06-02 20:36:54.067 [INFO    ] Variable 'TS_F_MDS_8' might be missing from headers of file: /pscratch/sd/t/toanngo/ONEFlux/data/US-ARc_sample_output/99_fluxnet2015/FLX_US-ARc_FLUXNET2015_FULLSET_YY_2005-2006_beta-6.csv [oneflux.pipeline.common]
2025-06-02 20:36:54.067 [INFO    ] Variable 'TS_F_MDS_9' might be missing from headers of file: /pscratch/sd/t/toanngo/ONEFlux/data/US-ARc_sample_output/99_fluxnet2015/FLX_US-ARc_FLUXNET2015_FULLSET_YY_2005-2006_beta-6.csv [oneflux.pipeline.common]
2025-06-02 20:36:54.067 [INFO    ] Variable 'TS_F_MDS_10' might be missing from headers of file: /pscratch/sd/t/toanngo/ONEFlux/data/US-ARc_sample_output/99_fluxnet2015/FLX_US-ARc_FLUXNET2015_FULLSET_YY_2005-2006_beta-6.csv [oneflux.pipeline.common]
2025-06-02 20:36:54.067 [INFO    ] Variable 'TS_F_MDS_11' might be missing from headers of file: /pscratch/sd/t/toanngo/ONEFlux/data/US-ARc_sample_output/99_fluxnet2015/FLX_US-ARc_FLUXNET2015_FULLSET_YY_2005-2006_beta-6.csv [oneflux.pipeline.common]
2025-06-02 20:36:54.067 [INFO    ] Variable 'TS_F_MDS_12' might be missing from headers of file: /pscratch/sd/t/toanngo/ONEFlux/data/US-ARc_sample_output/99_fluxnet2015/FLX_US-ARc_FLUXNET2015_FULLSET_YY_2005-2006_beta-6.csv [oneflux.pipeline.common]
2025-06-02 20:36:54.067 [INFO    ] Variable 'TS_F_MDS_13' might be missing from headers of file: /pscratch/sd/t/toanngo/ONEFlux/data/US-ARc_sample_output/99_fluxnet2015/FLX_US-ARc_FLUXNET2015_FULLSET_YY_2005-2006_beta-6.csv [oneflux.pipeline.common]
2025-06-02 20:36:54.067 [INFO    ] Variable 'TS_F_MDS_14' might be missing from headers of file: /pscratch/sd/t/toanngo/ONEFlux/data/US-ARc_sample_output/99_fluxnet2015/FLX_US-ARc_FLUXNET2015_FULLSET_YY_2005-2006_beta-6.csv [oneflux.pipeline.common]
2025-06-02 20:36:54.067 [INFO    ] Variable 'TS_F_MDS_15' might be missing from headers of file: /pscratch/sd/t/toanngo/ONEFlux/data/US-ARc_sample_output/99_fluxnet2015/FLX_US-ARc_FLUXNET2015_FULLSET_YY_2005-2006_beta-6.csv [oneflux.pipeline.common]
2025-06-02 20:36:54.067 [INFO    ] Variable 'TS_F_MDS_16' might be missing from headers of file: /pscratch/sd/t/toanngo/ONEFlux/data/US-ARc_sample_output/99_fluxnet2015/FLX_US-ARc_FLUXNET2015_FULLSET_YY_2005-2006_beta-6.csv [oneflux.pipeline.common]
2025-06-02 20:36:54.067 [INFO    ] Variable 'TS_F_MDS_17' might be missing from headers of file: /pscratch/sd/t/toanngo/ONEFlux/data/US-ARc_sample_output/99_fluxnet2015/FLX_US-ARc_FLUXNET2015_FULLSET_YY_2005-2006_beta-6.csv [oneflux.pipeline.common]
2025-06-02 20:36:54.067 [INFO    ] Variable 'TS_F_MDS_18' might be missing from headers of file: /pscratch/sd/t/toanngo/ONEFlux/data/US-ARc_sample_output/99_fluxnet2015/FLX_US-ARc_FLUXNET2015_FULLSET_YY_2005-2006_beta-6.csv [oneflux.pipeline.common]
2025-06-02 20:36:54.067 [INFO    ] Variable 'TS_F_MDS_19' might be missing from headers of file: /pscratch/sd/t/toanngo/ONEFlux/data/US-ARc_sample_output/99_fluxnet2015/FLX_US-ARc_FLUXNET2015_FULLSET_YY_2005-2006_beta-6.csv [oneflux.pipeline.common]
2025-06-02 20:36:54.068 [INFO    ] Variable 'TS_F_MDS_2_QC' might be missing from headers of file: /pscratch/sd/t/toanngo/ONEFlux/data/US-ARc_sample_output/99_fluxnet2015/FLX_US-ARc_FLUXNET2015_FULLSET_YY_2005-2006_beta-6.csv [oneflux.pipeline.common]
2025-06-02 20:36:54.068 [INFO    ] Variable 'TS_F_MDS_3_QC' might be missing from headers of file: /pscratch/sd/t/toanngo/ONEFlux/data/US-ARc_sample_output/99_fluxnet2015/FLX_US-ARc_FLUXNET2015_FULLSET_YY_2005-2006_beta-6.csv [oneflux.pipeline.common]
2025-06-02 20:36:54.068 [INFO    ] Variable 'TS_F_MDS_4_QC' might be missing from headers of file: /pscratch/sd/t/toanngo/ONEFlux/data/US-ARc_sample_output/99_fluxnet2015/FLX_US-ARc_FLUXNET2015_FULLSET_YY_2005-2006_beta-6.csv [oneflux.pipeline.common]
2025-06-02 20:36:54.068 [INFO    ] Variable 'TS_F_MDS_5_QC' might be missing from headers of file: /pscratch/sd/t/toanngo/ONEFlux/data/US-ARc_sample_output/99_fluxnet2015/FLX_US-ARc_FLUXNET2015_FULLSET_YY_2005-2006_beta-6.csv [oneflux.pipeline.common]
2025-06-02 20:36:54.068 [INFO    ] Variable 'TS_F_MDS_6_QC' might be missing from headers of file: /pscratch/sd/t/toanngo/ONEFlux/data/US-ARc_sample_output/99_fluxnet2015/FLX_US-ARc_FLUXNET2015_FULLSET_YY_2005-2006_beta-6.csv [oneflux.pipeline.common]
2025-06-02 20:36:54.068 [INFO    ] Variable 'TS_F_MDS_7_QC' might be missing from headers of file: /pscratch/sd/t/toanngo/ONEFlux/data/US-ARc_sample_output/99_fluxnet2015/FLX_US-ARc_FLUXNET2015_FULLSET_YY_2005-2006_beta-6.csv [oneflux.pipeline.common]
2025-06-02 20:36:54.068 [INFO    ] Variable 'TS_F_MDS_8_QC' might be missing from headers of file: /pscratch/sd/t/toanngo/ONEFlux/data/US-ARc_sample_output/99_fluxnet2015/FLX_US-ARc_FLUXNET2015_FULLSET_YY_2005-2006_beta-6.csv [oneflux.pipeline.common]
2025-06-02 20:36:54.068 [INFO    ] Variable 'TS_F_MDS_9_QC' might be missing from headers of file: /pscratch/sd/t/toanngo/ONEFlux/data/US-ARc_sample_output/99_fluxnet2015/FLX_US-ARc_FLUXNET2015_FULLSET_YY_2005-2006_beta-6.csv [oneflux.pipeline.common]
2025-06-02 20:36:54.068 [INFO    ] Variable 'TS_F_MDS_10_QC' might be missing from headers of file: /pscratch/sd/t/toanngo/ONEFlux/data/US-ARc_sample_output/99_fluxnet2015/FLX_US-ARc_FLUXNET2015_FULLSET_YY_2005-2006_beta-6.csv [oneflux.pipeline.common]
2025-06-02 20:36:54.068 [INFO    ] Variable 'TS_F_MDS_11_QC' might be missing from headers of file: /pscratch/sd/t/toanngo/ONEFlux/data/US-ARc_sample_output/99_fluxnet2015/FLX_US-ARc_FLUXNET2015_FULLSET_YY_2005-2006_beta-6.csv [oneflux.pipeline.common]
2025-06-02 20:36:54.068 [INFO    ] Variable 'TS_F_MDS_12_QC' might be missing from headers of file: /pscratch/sd/t/toanngo/ONEFlux/data/US-ARc_sample_output/99_fluxnet2015/FLX_US-ARc_FLUXNET2015_FULLSET_YY_2005-2006_beta-6.csv [oneflux.pipeline.common]
2025-06-02 20:36:54.068 [INFO    ] Variable 'TS_F_MDS_13_QC' might be missing from headers of file: /pscratch/sd/t/toanngo/ONEFlux/data/US-ARc_sample_output/99_fluxnet2015/FLX_US-ARc_FLUXNET2015_FULLSET_YY_2005-2006_beta-6.csv [oneflux.pipeline.common]
2025-06-02 20:36:54.069 [INFO    ] Variable 'TS_F_MDS_14_QC' might be missing from headers of file: /pscratch/sd/t/toanngo/ONEFlux/data/US-ARc_sample_output/99_fluxnet2015/FLX_US-ARc_FLUXNET2015_FULLSET_YY_2005-2006_beta-6.csv [oneflux.pipeline.common]
2025-06-02 20:36:54.069 [INFO    ] Variable 'TS_F_MDS_15_QC' might be missing from headers of file: /pscratch/sd/t/toanngo/ONEFlux/data/US-ARc_sample_output/99_fluxnet2015/FLX_US-ARc_FLUXNET2015_FULLSET_YY_2005-2006_beta-6.csv [oneflux.pipeline.common]
2025-06-02 20:36:54.069 [INFO    ] Variable 'TS_F_MDS_16_QC' might be missing from headers of file: /pscratch/sd/t/toanngo/ONEFlux/data/US-ARc_sample_output/99_fluxnet2015/FLX_US-ARc_FLUXNET2015_FULLSET_YY_2005-2006_beta-6.csv [oneflux.pipeline.common]
2025-06-02 20:36:54.069 [INFO    ] Variable 'TS_F_MDS_17_QC' might be missing from headers of file: /pscratch/sd/t/toanngo/ONEFlux/data/US-ARc_sample_output/99_fluxnet2015/FLX_US-ARc_FLUXNET2015_FULLSET_YY_2005-2006_beta-6.csv [oneflux.pipeline.common]
2025-06-02 20:36:54.069 [INFO    ] Variable 'TS_F_MDS_18_QC' might be missing from headers of file: /pscratch/sd/t/toanngo/ONEFlux/data/US-ARc_sample_output/99_fluxnet2015/FLX_US-ARc_FLUXNET2015_FULLSET_YY_2005-2006_beta-6.csv [oneflux.pipeline.common]
2025-06-02 20:36:54.069 [INFO    ] Variable 'TS_F_MDS_19_QC' might be missing from headers of file: /pscratch/sd/t/toanngo/ONEFlux/data/US-ARc_sample_output/99_fluxnet2015/FLX_US-ARc_FLUXNET2015_FULLSET_YY_2005-2006_beta-6.csv [oneflux.pipeline.common]
2025-06-02 20:36:54.069 [INFO    ] Variable 'SWC_F_MDS_2' might be missing from headers of file: /pscratch/sd/t/toanngo/ONEFlux/data/US-ARc_sample_output/99_fluxnet2015/FLX_US-ARc_FLUXNET2015_FULLSET_YY_2005-2006_beta-6.csv [oneflux.pipeline.common]
2025-06-02 20:36:54.069 [INFO    ] Variable 'SWC_F_MDS_3' might be missing from headers of file: /pscratch/sd/t/toanngo/ONEFlux/data/US-ARc_sample_output/99_fluxnet2015/FLX_US-ARc_FLUXNET2015_FULLSET_YY_2005-2006_beta-6.csv [oneflux.pipeline.common]
2025-06-02 20:36:54.069 [INFO    ] Variable 'SWC_F_MDS_4' might be missing from headers of file: /pscratch/sd/t/toanngo/ONEFlux/data/US-ARc_sample_output/99_fluxnet2015/FLX_US-ARc_FLUXNET2015_FULLSET_YY_2005-2006_beta-6.csv [oneflux.pipeline.common]
2025-06-02 20:36:54.069 [INFO    ] Variable 'SWC_F_MDS_5' might be missing from headers of file: /pscratch/sd/t/toanngo/ONEFlux/data/US-ARc_sample_output/99_fluxnet2015/FLX_US-ARc_FLUXNET2015_FULLSET_YY_2005-2006_beta-6.csv [oneflux.pipeline.common]
2025-06-02 20:36:54.069 [INFO    ] Variable 'SWC_F_MDS_6' might be missing from headers of file: /pscratch/sd/t/toanngo/ONEFlux/data/US-ARc_sample_output/99_fluxnet2015/FLX_US-ARc_FLUXNET2015_FULLSET_YY_2005-2006_beta-6.csv [oneflux.pipeline.common]
2025-06-02 20:36:54.070 [INFO    ] Variable 'SWC_F_MDS_7' might be missing from headers of file: /pscratch/sd/t/toanngo/ONEFlux/data/US-ARc_sample_output/99_fluxnet2015/FLX_US-ARc_FLUXNET2015_FULLSET_YY_2005-2006_beta-6.csv [oneflux.pipeline.common]
2025-06-02 20:36:54.070 [INFO    ] Variable 'SWC_F_MDS_8' might be missing from headers of file: /pscratch/sd/t/toanngo/ONEFlux/data/US-ARc_sample_output/99_fluxnet2015/FLX_US-ARc_FLUXNET2015_FULLSET_YY_2005-2006_beta-6.csv [oneflux.pipeline.common]
2025-06-02 20:36:54.070 [INFO    ] Variable 'SWC_F_MDS_9' might be missing from headers of file: /pscratch/sd/t/toanngo/ONEFlux/data/US-ARc_sample_output/99_fluxnet2015/FLX_US-ARc_FLUXNET2015_FULLSET_YY_2005-2006_beta-6.csv [oneflux.pipeline.common]
2025-06-02 20:36:54.070 [INFO    ] Variable 'SWC_F_MDS_10' might be missing from headers of file: /pscratch/sd/t/toanngo/ONEFlux/data/US-ARc_sample_output/99_fluxnet2015/FLX_US-ARc_FLUXNET2015_FULLSET_YY_2005-2006_beta-6.csv [oneflux.pipeline.common]
2025-06-02 20:36:54.070 [INFO    ] Variable 'SWC_F_MDS_11' might be missing from headers of file: /pscratch/sd/t/toanngo/ONEFlux/data/US-ARc_sample_output/99_fluxnet2015/FLX_US-ARc_FLUXNET2015_FULLSET_YY_2005-2006_beta-6.csv [oneflux.pipeline.common]
2025-06-02 20:36:54.070 [INFO    ] Variable 'SWC_F_MDS_12' might be missing from headers of file: /pscratch/sd/t/toanngo/ONEFlux/data/US-ARc_sample_output/99_fluxnet2015/FLX_US-ARc_FLUXNET2015_FULLSET_YY_2005-2006_beta-6.csv [oneflux.pipeline.common]
2025-06-02 20:36:54.070 [INFO    ] Variable 'SWC_F_MDS_13' might be missing from headers of file: /pscratch/sd/t/toanngo/ONEFlux/data/US-ARc_sample_output/99_fluxnet2015/FLX_US-ARc_FLUXNET2015_FULLSET_YY_2005-2006_beta-6.csv [oneflux.pipeline.common]
2025-06-02 20:36:54.070 [INFO    ] Variable 'SWC_F_MDS_14' might be missing from headers of file: /pscratch/sd/t/toanngo/ONEFlux/data/US-ARc_sample_output/99_fluxnet2015/FLX_US-ARc_FLUXNET2015_FULLSET_YY_2005-2006_beta-6.csv [oneflux.pipeline.common]
2025-06-02 20:36:54.070 [INFO    ] Variable 'SWC_F_MDS_15' might be missing from headers of file: /pscratch/sd/t/toanngo/ONEFlux/data/US-ARc_sample_output/99_fluxnet2015/FLX_US-ARc_FLUXNET2015_FULLSET_YY_2005-2006_beta-6.csv [oneflux.pipeline.common]
2025-06-02 20:36:54.070 [INFO    ] Variable 'SWC_F_MDS_16' might be missing from headers of file: /pscratch/sd/t/toanngo/ONEFlux/data/US-ARc_sample_output/99_fluxnet2015/FLX_US-ARc_FLUXNET2015_FULLSET_YY_2005-2006_beta-6.csv [oneflux.pipeline.common]
2025-06-02 20:36:54.070 [INFO    ] Variable 'SWC_F_MDS_17' might be missing from headers of file: /pscratch/sd/t/toanngo/ONEFlux/data/US-ARc_sample_output/99_fluxnet2015/FLX_US-ARc_FLUXNET2015_FULLSET_YY_2005-2006_beta-6.csv [oneflux.pipeline.common]
2025-06-02 20:36:54.070 [INFO    ] Variable 'SWC_F_MDS_18' might be missing from headers of file: /pscratch/sd/t/toanngo/ONEFlux/data/US-ARc_sample_output/99_fluxnet2015/FLX_US-ARc_FLUXNET2015_FULLSET_YY_2005-2006_beta-6.csv [oneflux.pipeline.common]
2025-06-02 20:36:54.071 [INFO    ] Variable 'SWC_F_MDS_19' might be missing from headers of file: /pscratch/sd/t/toanngo/ONEFlux/data/US-ARc_sample_output/99_fluxnet2015/FLX_US-ARc_FLUXNET2015_FULLSET_YY_2005-2006_beta-6.csv [oneflux.pipeline.common]
2025-06-02 20:36:54.071 [INFO    ] Variable 'SWC_F_MDS_2_QC' might be missing from headers of file: /pscratch/sd/t/toanngo/ONEFlux/data/US-ARc_sample_output/99_fluxnet2015/FLX_US-ARc_FLUXNET2015_FULLSET_YY_2005-2006_beta-6.csv [oneflux.pipeline.common]
2025-06-02 20:36:54.071 [INFO    ] Variable 'SWC_F_MDS_3_QC' might be missing from headers of file: /pscratch/sd/t/toanngo/ONEFlux/data/US-ARc_sample_output/99_fluxnet2015/FLX_US-ARc_FLUXNET2015_FULLSET_YY_2005-2006_beta-6.csv [oneflux.pipeline.common]
2025-06-02 20:36:54.071 [INFO    ] Variable 'SWC_F_MDS_4_QC' might be missing from headers of file: /pscratch/sd/t/toanngo/ONEFlux/data/US-ARc_sample_output/99_fluxnet2015/FLX_US-ARc_FLUXNET2015_FULLSET_YY_2005-2006_beta-6.csv [oneflux.pipeline.common]
2025-06-02 20:36:54.071 [INFO    ] Variable 'SWC_F_MDS_5_QC' might be missing from headers of file: /pscratch/sd/t/toanngo/ONEFlux/data/US-ARc_sample_output/99_fluxnet2015/FLX_US-ARc_FLUXNET2015_FULLSET_YY_2005-2006_beta-6.csv [oneflux.pipeline.common]
2025-06-02 20:36:54.071 [INFO    ] Variable 'SWC_F_MDS_6_QC' might be missing from headers of file: /pscratch/sd/t/toanngo/ONEFlux/data/US-ARc_sample_output/99_fluxnet2015/FLX_US-ARc_FLUXNET2015_FULLSET_YY_2005-2006_beta-6.csv [oneflux.pipeline.common]
2025-06-02 20:36:54.071 [INFO    ] Variable 'SWC_F_MDS_7_QC' might be missing from headers of file: /pscratch/sd/t/toanngo/ONEFlux/data/US-ARc_sample_output/99_fluxnet2015/FLX_US-ARc_FLUXNET2015_FULLSET_YY_2005-2006_beta-6.csv [oneflux.pipeline.common]
2025-06-02 20:36:54.071 [INFO    ] Variable 'SWC_F_MDS_8_QC' might be missing from headers of file: /pscratch/sd/t/toanngo/ONEFlux/data/US-ARc_sample_output/99_fluxnet2015/FLX_US-ARc_FLUXNET2015_FULLSET_YY_2005-2006_beta-6.csv [oneflux.pipeline.common]
2025-06-02 20:36:54.071 [INFO    ] Variable 'SWC_F_MDS_9_QC' might be missing from headers of file: /pscratch/sd/t/toanngo/ONEFlux/data/US-ARc_sample_output/99_fluxnet2015/FLX_US-ARc_FLUXNET2015_FULLSET_YY_2005-2006_beta-6.csv [oneflux.pipeline.common]
2025-06-02 20:36:54.071 [INFO    ] Variable 'SWC_F_MDS_10_QC' might be missing from headers of file: /pscratch/sd/t/toanngo/ONEFlux/data/US-ARc_sample_output/99_fluxnet2015/FLX_US-ARc_FLUXNET2015_FULLSET_YY_2005-2006_beta-6.csv [oneflux.pipeline.common]
2025-06-02 20:36:54.071 [INFO    ] Variable 'SWC_F_MDS_11_QC' might be missing from headers of file: /pscratch/sd/t/toanngo/ONEFlux/data/US-ARc_sample_output/99_fluxnet2015/FLX_US-ARc_FLUXNET2015_FULLSET_YY_2005-2006_beta-6.csv [oneflux.pipeline.common]
2025-06-02 20:36:54.071 [INFO    ] Variable 'SWC_F_MDS_12_QC' might be missing from headers of file: /pscratch/sd/t/toanngo/ONEFlux/data/US-ARc_sample_output/99_fluxnet2015/FLX_US-ARc_FLUXNET2015_FULLSET_YY_2005-2006_beta-6.csv [oneflux.pipeline.common]
2025-06-02 20:36:54.072 [INFO    ] Variable 'SWC_F_MDS_13_QC' might be missing from headers of file: /pscratch/sd/t/toanngo/ONEFlux/data/US-ARc_sample_output/99_fluxnet2015/FLX_US-ARc_FLUXNET2015_FULLSET_YY_2005-2006_beta-6.csv [oneflux.pipeline.common]
2025-06-02 20:36:54.072 [INFO    ] Variable 'SWC_F_MDS_14_QC' might be missing from headers of file: /pscratch/sd/t/toanngo/ONEFlux/data/US-ARc_sample_output/99_fluxnet2015/FLX_US-ARc_FLUXNET2015_FULLSET_YY_2005-2006_beta-6.csv [oneflux.pipeline.common]
2025-06-02 20:36:54.072 [INFO    ] Variable 'SWC_F_MDS_15_QC' might be missing from headers of file: /pscratch/sd/t/toanngo/ONEFlux/data/US-ARc_sample_output/99_fluxnet2015/FLX_US-ARc_FLUXNET2015_FULLSET_YY_2005-2006_beta-6.csv [oneflux.pipeline.common]
2025-06-02 20:36:54.072 [INFO    ] Variable 'SWC_F_MDS_16_QC' might be missing from headers of file: /pscratch/sd/t/toanngo/ONEFlux/data/US-ARc_sample_output/99_fluxnet2015/FLX_US-ARc_FLUXNET2015_FULLSET_YY_2005-2006_beta-6.csv [oneflux.pipeline.common]
2025-06-02 20:36:54.072 [INFO    ] Variable 'SWC_F_MDS_17_QC' might be missing from headers of file: /pscratch/sd/t/toanngo/ONEFlux/data/US-ARc_sample_output/99_fluxnet2015/FLX_US-ARc_FLUXNET2015_FULLSET_YY_2005-2006_beta-6.csv [oneflux.pipeline.common]
2025-06-02 20:36:54.072 [INFO    ] Variable 'SWC_F_MDS_18_QC' might be missing from headers of file: /pscratch/sd/t/toanngo/ONEFlux/data/US-ARc_sample_output/99_fluxnet2015/FLX_US-ARc_FLUXNET2015_FULLSET_YY_2005-2006_beta-6.csv [oneflux.pipeline.common]
2025-06-02 20:36:54.072 [INFO    ] Variable 'SWC_F_MDS_19_QC' might be missing from headers of file: /pscratch/sd/t/toanngo/ONEFlux/data/US-ARc_sample_output/99_fluxnet2015/FLX_US-ARc_FLUXNET2015_FULLSET_YY_2005-2006_beta-6.csv [oneflux.pipeline.common]
2025-06-02 20:36:54.072 [INFO    ] Variable 'NEE_CUT_05' might be missing from headers of file: /pscratch/sd/t/toanngo/ONEFlux/data/US-ARc_sample_output/99_fluxnet2015/FLX_US-ARc_FLUXNET2015_FULLSET_YY_2005-2006_beta-6.csv [oneflux.pipeline.common]
2025-06-02 20:36:54.072 [INFO    ] Variable 'NEE_CUT_16' might be missing from headers of file: /pscratch/sd/t/toanngo/ONEFlux/data/US-ARc_sample_output/99_fluxnet2015/FLX_US-ARc_FLUXNET2015_FULLSET_YY_2005-2006_beta-6.csv [oneflux.pipeline.common]
2025-06-02 20:36:54.072 [INFO    ] Variable 'NEE_CUT_25' might be missing from headers of file: /pscratch/sd/t/toanngo/ONEFlux/data/US-ARc_sample_output/99_fluxnet2015/FLX_US-ARc_FLUXNET2015_FULLSET_YY_2005-2006_beta-6.csv [oneflux.pipeline.common]
2025-06-02 20:36:54.072 [INFO    ] Variable 'NEE_CUT_50' might be missing from headers of file: /pscratch/sd/t/toanngo/ONEFlux/data/US-ARc_sample_output/99_fluxnet2015/FLX_US-ARc_FLUXNET2015_FULLSET_YY_2005-2006_beta-6.csv [oneflux.pipeline.common]
2025-06-02 20:36:54.073 [INFO    ] Variable 'NEE_CUT_75' might be missing from headers of file: /pscratch/sd/t/toanngo/ONEFlux/data/US-ARc_sample_output/99_fluxnet2015/FLX_US-ARc_FLUXNET2015_FULLSET_YY_2005-2006_beta-6.csv [oneflux.pipeline.common]
2025-06-02 20:36:54.073 [INFO    ] Variable 'NEE_CUT_84' might be missing from headers of file: /pscratch/sd/t/toanngo/ONEFlux/data/US-ARc_sample_output/99_fluxnet2015/FLX_US-ARc_FLUXNET2015_FULLSET_YY_2005-2006_beta-6.csv [oneflux.pipeline.common]
2025-06-02 20:36:54.073 [INFO    ] Variable 'NEE_CUT_95' might be missing from headers of file: /pscratch/sd/t/toanngo/ONEFlux/data/US-ARc_sample_output/99_fluxnet2015/FLX_US-ARc_FLUXNET2015_FULLSET_YY_2005-2006_beta-6.csv [oneflux.pipeline.common]
2025-06-02 20:36:54.073 [INFO    ] Variable 'NEE_CUT_05_QC' might be missing from headers of file: /pscratch/sd/t/toanngo/ONEFlux/data/US-ARc_sample_output/99_fluxnet2015/FLX_US-ARc_FLUXNET2015_FULLSET_YY_2005-2006_beta-6.csv [oneflux.pipeline.common]
2025-06-02 20:36:54.073 [INFO    ] Variable 'NEE_CUT_16_QC' might be missing from headers of file: /pscratch/sd/t/toanngo/ONEFlux/data/US-ARc_sample_output/99_fluxnet2015/FLX_US-ARc_FLUXNET2015_FULLSET_YY_2005-2006_beta-6.csv [oneflux.pipeline.common]
2025-06-02 20:36:54.073 [INFO    ] Variable 'NEE_CUT_25_QC' might be missing from headers of file: /pscratch/sd/t/toanngo/ONEFlux/data/US-ARc_sample_output/99_fluxnet2015/FLX_US-ARc_FLUXNET2015_FULLSET_YY_2005-2006_beta-6.csv [oneflux.pipeline.common]
2025-06-02 20:36:54.073 [INFO    ] Variable 'NEE_CUT_50_QC' might be missing from headers of file: /pscratch/sd/t/toanngo/ONEFlux/data/US-ARc_sample_output/99_fluxnet2015/FLX_US-ARc_FLUXNET2015_FULLSET_YY_2005-2006_beta-6.csv [oneflux.pipeline.common]
2025-06-02 20:36:54.073 [INFO    ] Variable 'NEE_CUT_75_QC' might be missing from headers of file: /pscratch/sd/t/toanngo/ONEFlux/data/US-ARc_sample_output/99_fluxnet2015/FLX_US-ARc_FLUXNET2015_FULLSET_YY_2005-2006_beta-6.csv [oneflux.pipeline.common]
2025-06-02 20:36:54.073 [INFO    ] Variable 'NEE_CUT_84_QC' might be missing from headers of file: /pscratch/sd/t/toanngo/ONEFlux/data/US-ARc_sample_output/99_fluxnet2015/FLX_US-ARc_FLUXNET2015_FULLSET_YY_2005-2006_beta-6.csv [oneflux.pipeline.common]
2025-06-02 20:36:54.073 [INFO    ] Variable 'NEE_CUT_95_QC' might be missing from headers of file: /pscratch/sd/t/toanngo/ONEFlux/data/US-ARc_sample_output/99_fluxnet2015/FLX_US-ARc_FLUXNET2015_FULLSET_YY_2005-2006_beta-6.csv [oneflux.pipeline.common]
2025-06-02 20:36:54.073 [INFO    ] Variable 'RECO_NT_CUT_05' might be missing from headers of file: /pscratch/sd/t/toanngo/ONEFlux/data/US-ARc_sample_output/99_fluxnet2015/FLX_US-ARc_FLUXNET2015_FULLSET_YY_2005-2006_beta-6.csv [oneflux.pipeline.common]
2025-06-02 20:36:54.073 [INFO    ] Variable 'RECO_NT_CUT_16' might be missing from headers of file: /pscratch/sd/t/toanngo/ONEFlux/data/US-ARc_sample_output/99_fluxnet2015/FLX_US-ARc_FLUXNET2015_FULLSET_YY_2005-2006_beta-6.csv [oneflux.pipeline.common]
2025-06-02 20:36:54.074 [INFO    ] Variable 'RECO_NT_CUT_25' might be missing from headers of file: /pscratch/sd/t/toanngo/ONEFlux/data/US-ARc_sample_output/99_fluxnet2015/FLX_US-ARc_FLUXNET2015_FULLSET_YY_2005-2006_beta-6.csv [oneflux.pipeline.common]
2025-06-02 20:36:54.074 [INFO    ] Variable 'RECO_NT_CUT_50' might be missing from headers of file: /pscratch/sd/t/toanngo/ONEFlux/data/US-ARc_sample_output/99_fluxnet2015/FLX_US-ARc_FLUXNET2015_FULLSET_YY_2005-2006_beta-6.csv [oneflux.pipeline.common]
2025-06-02 20:36:54.074 [INFO    ] Variable 'RECO_NT_CUT_75' might be missing from headers of file: /pscratch/sd/t/toanngo/ONEFlux/data/US-ARc_sample_output/99_fluxnet2015/FLX_US-ARc_FLUXNET2015_FULLSET_YY_2005-2006_beta-6.csv [oneflux.pipeline.common]
2025-06-02 20:36:54.074 [INFO    ] Variable 'RECO_NT_CUT_84' might be missing from headers of file: /pscratch/sd/t/toanngo/ONEFlux/data/US-ARc_sample_output/99_fluxnet2015/FLX_US-ARc_FLUXNET2015_FULLSET_YY_2005-2006_beta-6.csv [oneflux.pipeline.common]
2025-06-02 20:36:54.074 [INFO    ] Variable 'RECO_NT_CUT_95' might be missing from headers of file: /pscratch/sd/t/toanngo/ONEFlux/data/US-ARc_sample_output/99_fluxnet2015/FLX_US-ARc_FLUXNET2015_FULLSET_YY_2005-2006_beta-6.csv [oneflux.pipeline.common]
2025-06-02 20:36:54.074 [INFO    ] Variable 'GPP_NT_CUT_05' might be missing from headers of file: /pscratch/sd/t/toanngo/ONEFlux/data/US-ARc_sample_output/99_fluxnet2015/FLX_US-ARc_FLUXNET2015_FULLSET_YY_2005-2006_beta-6.csv [oneflux.pipeline.common]
2025-06-02 20:36:54.074 [INFO    ] Variable 'GPP_NT_CUT_16' might be missing from headers of file: /pscratch/sd/t/toanngo/ONEFlux/data/US-ARc_sample_output/99_fluxnet2015/FLX_US-ARc_FLUXNET2015_FULLSET_YY_2005-2006_beta-6.csv [oneflux.pipeline.common]
2025-06-02 20:36:54.074 [INFO    ] Variable 'GPP_NT_CUT_25' might be missing from headers of file: /pscratch/sd/t/toanngo/ONEFlux/data/US-ARc_sample_output/99_fluxnet2015/FLX_US-ARc_FLUXNET2015_FULLSET_YY_2005-2006_beta-6.csv [oneflux.pipeline.common]
2025-06-02 20:36:54.074 [INFO    ] Variable 'GPP_NT_CUT_50' might be missing from headers of file: /pscratch/sd/t/toanngo/ONEFlux/data/US-ARc_sample_output/99_fluxnet2015/FLX_US-ARc_FLUXNET2015_FULLSET_YY_2005-2006_beta-6.csv [oneflux.pipeline.common]
2025-06-02 20:36:54.074 [INFO    ] Variable 'GPP_NT_CUT_75' might be missing from headers of file: /pscratch/sd/t/toanngo/ONEFlux/data/US-ARc_sample_output/99_fluxnet2015/FLX_US-ARc_FLUXNET2015_FULLSET_YY_2005-2006_beta-6.csv [oneflux.pipeline.common]
2025-06-02 20:36:54.074 [INFO    ] Variable 'GPP_NT_CUT_84' might be missing from headers of file: /pscratch/sd/t/toanngo/ONEFlux/data/US-ARc_sample_output/99_fluxnet2015/FLX_US-ARc_FLUXNET2015_FULLSET_YY_2005-2006_beta-6.csv [oneflux.pipeline.common]
2025-06-02 20:36:54.075 [INFO    ] Variable 'GPP_NT_CUT_95' might be missing from headers of file: /pscratch/sd/t/toanngo/ONEFlux/data/US-ARc_sample_output/99_fluxnet2015/FLX_US-ARc_FLUXNET2015_FULLSET_YY_2005-2006_beta-6.csv [oneflux.pipeline.common]
2025-06-02 20:36:54.075 [INFO    ] Variable 'RECO_DT_CUT_05' might be missing from headers of file: /pscratch/sd/t/toanngo/ONEFlux/data/US-ARc_sample_output/99_fluxnet2015/FLX_US-ARc_FLUXNET2015_FULLSET_YY_2005-2006_beta-6.csv [oneflux.pipeline.common]
2025-06-02 20:36:54.075 [INFO    ] Variable 'RECO_DT_CUT_16' might be missing from headers of file: /pscratch/sd/t/toanngo/ONEFlux/data/US-ARc_sample_output/99_fluxnet2015/FLX_US-ARc_FLUXNET2015_FULLSET_YY_2005-2006_beta-6.csv [oneflux.pipeline.common]
2025-06-02 20:36:54.075 [INFO    ] Variable 'RECO_DT_CUT_25' might be missing from headers of file: /pscratch/sd/t/toanngo/ONEFlux/data/US-ARc_sample_output/99_fluxnet2015/FLX_US-ARc_FLUXNET2015_FULLSET_YY_2005-2006_beta-6.csv [oneflux.pipeline.common]
2025-06-02 20:36:54.075 [INFO    ] Variable 'RECO_DT_CUT_50' might be missing from headers of file: /pscratch/sd/t/toanngo/ONEFlux/data/US-ARc_sample_output/99_fluxnet2015/FLX_US-ARc_FLUXNET2015_FULLSET_YY_2005-2006_beta-6.csv [oneflux.pipeline.common]
2025-06-02 20:36:54.075 [INFO    ] Variable 'RECO_DT_CUT_75' might be missing from headers of file: /pscratch/sd/t/toanngo/ONEFlux/data/US-ARc_sample_output/99_fluxnet2015/FLX_US-ARc_FLUXNET2015_FULLSET_YY_2005-2006_beta-6.csv [oneflux.pipeline.common]
2025-06-02 20:36:54.075 [INFO    ] Variable 'RECO_DT_CUT_84' might be missing from headers of file: /pscratch/sd/t/toanngo/ONEFlux/data/US-ARc_sample_output/99_fluxnet2015/FLX_US-ARc_FLUXNET2015_FULLSET_YY_2005-2006_beta-6.csv [oneflux.pipeline.common]
2025-06-02 20:36:54.075 [INFO    ] Variable 'RECO_DT_CUT_95' might be missing from headers of file: /pscratch/sd/t/toanngo/ONEFlux/data/US-ARc_sample_output/99_fluxnet2015/FLX_US-ARc_FLUXNET2015_FULLSET_YY_2005-2006_beta-6.csv [oneflux.pipeline.common]
2025-06-02 20:36:54.075 [INFO    ] Variable 'GPP_DT_CUT_05' might be missing from headers of file: /pscratch/sd/t/toanngo/ONEFlux/data/US-ARc_sample_output/99_fluxnet2015/FLX_US-ARc_FLUXNET2015_FULLSET_YY_2005-2006_beta-6.csv [oneflux.pipeline.common]
2025-06-02 20:36:54.075 [INFO    ] Variable 'GPP_DT_CUT_16' might be missing from headers of file: /pscratch/sd/t/toanngo/ONEFlux/data/US-ARc_sample_output/99_fluxnet2015/FLX_US-ARc_FLUXNET2015_FULLSET_YY_2005-2006_beta-6.csv [oneflux.pipeline.common]
2025-06-02 20:36:54.075 [INFO    ] Variable 'GPP_DT_CUT_25' might be missing from headers of file: /pscratch/sd/t/toanngo/ONEFlux/data/US-ARc_sample_output/99_fluxnet2015/FLX_US-ARc_FLUXNET2015_FULLSET_YY_2005-2006_beta-6.csv [oneflux.pipeline.common]
2025-06-02 20:36:54.075 [INFO    ] Variable 'GPP_DT_CUT_50' might be missing from headers of file: /pscratch/sd/t/toanngo/ONEFlux/data/US-ARc_sample_output/99_fluxnet2015/FLX_US-ARc_FLUXNET2015_FULLSET_YY_2005-2006_beta-6.csv [oneflux.pipeline.common]
2025-06-02 20:36:54.076 [INFO    ] Variable 'GPP_DT_CUT_75' might be missing from headers of file: /pscratch/sd/t/toanngo/ONEFlux/data/US-ARc_sample_output/99_fluxnet2015/FLX_US-ARc_FLUXNET2015_FULLSET_YY_2005-2006_beta-6.csv [oneflux.pipeline.common]
2025-06-02 20:36:54.076 [INFO    ] Variable 'GPP_DT_CUT_84' might be missing from headers of file: /pscratch/sd/t/toanngo/ONEFlux/data/US-ARc_sample_output/99_fluxnet2015/FLX_US-ARc_FLUXNET2015_FULLSET_YY_2005-2006_beta-6.csv [oneflux.pipeline.common]
2025-06-02 20:36:54.076 [INFO    ] Variable 'GPP_DT_CUT_95' might be missing from headers of file: /pscratch/sd/t/toanngo/ONEFlux/data/US-ARc_sample_output/99_fluxnet2015/FLX_US-ARc_FLUXNET2015_FULLSET_YY_2005-2006_beta-6.csv [oneflux.pipeline.common]
2025-06-02 20:36:54.076 [INFO    ] Variable 'PPFD_DIF' might be missing from headers of file: /pscratch/sd/t/toanngo/ONEFlux/data/US-ARc_sample_output/99_fluxnet2015/FLX_US-ARc_FLUXNET2015_FULLSET_YY_2005-2006_beta-6.csv [oneflux.pipeline.common]
2025-06-02 20:36:54.076 [INFO    ] Variable 'PPFD_DIF_QC' might be missing from headers of file: /pscratch/sd/t/toanngo/ONEFlux/data/US-ARc_sample_output/99_fluxnet2015/FLX_US-ARc_FLUXNET2015_FULLSET_YY_2005-2006_beta-6.csv [oneflux.pipeline.common]
2025-06-02 20:36:54.076 [INFO    ] Variable 'PPFD_OUT' might be missing from headers of file: /pscratch/sd/t/toanngo/ONEFlux/data/US-ARc_sample_output/99_fluxnet2015/FLX_US-ARc_FLUXNET2015_FULLSET_YY_2005-2006_beta-6.csv [oneflux.pipeline.common]
2025-06-02 20:36:54.076 [INFO    ] Variable 'PPFD_OUT_QC' might be missing from headers of file: /pscratch/sd/t/toanngo/ONEFlux/data/US-ARc_sample_output/99_fluxnet2015/FLX_US-ARc_FLUXNET2015_FULLSET_YY_2005-2006_beta-6.csv [oneflux.pipeline.common]
2025-06-02 20:36:54.076 [INFO    ] Variable 'SW_DIF' might be missing from headers of file: /pscratch/sd/t/toanngo/ONEFlux/data/US-ARc_sample_output/99_fluxnet2015/FLX_US-ARc_FLUXNET2015_FULLSET_YY_2005-2006_beta-6.csv [oneflux.pipeline.common]
2025-06-02 20:36:54.076 [INFO    ] Variable 'SW_DIF_QC' might be missing from headers of file: /pscratch/sd/t/toanngo/ONEFlux/data/US-ARc_sample_output/99_fluxnet2015/FLX_US-ARc_FLUXNET2015_FULLSET_YY_2005-2006_beta-6.csv [oneflux.pipeline.common]
2025-06-02 20:36:54.077 [INFO    ] Variable 'SW_OUT' might be missing from headers of file: /pscratch/sd/t/toanngo/ONEFlux/data/US-ARc_sample_output/99_fluxnet2015/FLX_US-ARc_FLUXNET2015_FULLSET_YY_2005-2006_beta-6.csv [oneflux.pipeline.common]
2025-06-02 20:36:54.077 [INFO    ] Variable 'SW_OUT_QC' might be missing from headers of file: /pscratch/sd/t/toanngo/ONEFlux/data/US-ARc_sample_output/99_fluxnet2015/FLX_US-ARc_FLUXNET2015_FULLSET_YY_2005-2006_beta-6.csv [oneflux.pipeline.common]
2025-06-02 20:36:54.077 [INFO    ] Variable 'LW_OUT' might be missing from headers of file: /pscratch/sd/t/toanngo/ONEFlux/data/US-ARc_sample_output/99_fluxnet2015/FLX_US-ARc_FLUXNET2015_FULLSET_YY_2005-2006_beta-6.csv [oneflux.pipeline.common]
2025-06-02 20:36:54.077 [INFO    ] Variable 'LW_OUT_QC' might be missing from headers of file: /pscratch/sd/t/toanngo/ONEFlux/data/US-ARc_sample_output/99_fluxnet2015/FLX_US-ARc_FLUXNET2015_FULLSET_YY_2005-2006_beta-6.csv [oneflux.pipeline.common]
2025-06-02 20:36:54.077 [INFO    ] Variable 'PA' might be missing from headers of file: /pscratch/sd/t/toanngo/ONEFlux/data/US-ARc_sample_output/99_fluxnet2015/FLX_US-ARc_FLUXNET2015_FULLSET_YY_2005-2006_beta-6.csv [oneflux.pipeline.common]
2025-06-02 20:36:54.077 [INFO    ] Variable 'SW_IN_POT' might be missing from headers of file: /pscratch/sd/t/toanngo/ONEFlux/data/US-ARc_sample_output/99_fluxnet2015/FLX_US-ARc_FLUXNET2015_FULLSET_YY_2005-2006_beta-6.csv [oneflux.pipeline.common]
2025-06-02 20:36:54.077 [INFO    ] Variable 'P' might be missing from headers of file: /pscratch/sd/t/toanngo/ONEFlux/data/US-ARc_sample_output/99_fluxnet2015/FLX_US-ARc_FLUXNET2015_FULLSET_YY_2005-2006_beta-6.csv [oneflux.pipeline.common]
2025-06-02 20:36:54.077 [INFO    ] Variable 'WS' might be missing from headers of file: /pscratch/sd/t/toanngo/ONEFlux/data/US-ARc_sample_output/99_fluxnet2015/FLX_US-ARc_FLUXNET2015_FULLSET_YY_2005-2006_beta-6.csv [oneflux.pipeline.common]
2025-06-02 20:36:54.077 [INFO    ] Variable 'WD' might be missing from headers of file: /pscratch/sd/t/toanngo/ONEFlux/data/US-ARc_sample_output/99_fluxnet2015/FLX_US-ARc_FLUXNET2015_FULLSET_YY_2005-2006_beta-6.csv [oneflux.pipeline.common]
2025-06-02 20:36:54.077 [INFO    ] Variable 'RH' might be missing from headers of file: /pscratch/sd/t/toanngo/ONEFlux/data/US-ARc_sample_output/99_fluxnet2015/FLX_US-ARc_FLUXNET2015_FULLSET_YY_2005-2006_beta-6.csv [oneflux.pipeline.common]
2025-06-02 20:36:54.077 [INFO    ] Variable 'LE_CORR_25' might be missing from headers of file: /pscratch/sd/t/toanngo/ONEFlux/data/US-ARc_sample_output/99_fluxnet2015/FLX_US-ARc_FLUXNET2015_FULLSET_YY_2005-2006_beta-6.csv [oneflux.pipeline.common]
2025-06-02 20:36:54.077 [INFO    ] Variable 'LE_CORR_75' might be missing from headers of file: /pscratch/sd/t/toanngo/ONEFlux/data/US-ARc_sample_output/99_fluxnet2015/FLX_US-ARc_FLUXNET2015_FULLSET_YY_2005-2006_beta-6.csv [oneflux.pipeline.common]
2025-06-02 20:36:54.078 [INFO    ] Variable 'LE_RANDUNC_METHOD' might be missing from headers of file: /pscratch/sd/t/toanngo/ONEFlux/data/US-ARc_sample_output/99_fluxnet2015/FLX_US-ARc_FLUXNET2015_FULLSET_YY_2005-2006_beta-6.csv [oneflux.pipeline.common]
2025-06-02 20:36:54.078 [INFO    ] Variable 'LE_RANDUNC_N' might be missing from headers of file: /pscratch/sd/t/toanngo/ONEFlux/data/US-ARc_sample_output/99_fluxnet2015/FLX_US-ARc_FLUXNET2015_FULLSET_YY_2005-2006_beta-6.csv [oneflux.pipeline.common]
2025-06-02 20:36:54.078 [INFO    ] Variable 'LE_CORR_JOINTUNC' might be missing from headers of file: /pscratch/sd/t/toanngo/ONEFlux/data/US-ARc_sample_output/99_fluxnet2015/FLX_US-ARc_FLUXNET2015_FULLSET_YY_2005-2006_beta-6.csv [oneflux.pipeline.common]
2025-06-02 20:36:54.078 [INFO    ] Variable 'H_CORR_25' might be missing from headers of file: /pscratch/sd/t/toanngo/ONEFlux/data/US-ARc_sample_output/99_fluxnet2015/FLX_US-ARc_FLUXNET2015_FULLSET_YY_2005-2006_beta-6.csv [oneflux.pipeline.common]
2025-06-02 20:36:54.078 [INFO    ] Variable 'H_CORR_75' might be missing from headers of file: /pscratch/sd/t/toanngo/ONEFlux/data/US-ARc_sample_output/99_fluxnet2015/FLX_US-ARc_FLUXNET2015_FULLSET_YY_2005-2006_beta-6.csv [oneflux.pipeline.common]
2025-06-02 20:36:54.078 [INFO    ] Variable 'H_RANDUNC_METHOD' might be missing from headers of file: /pscratch/sd/t/toanngo/ONEFlux/data/US-ARc_sample_output/99_fluxnet2015/FLX_US-ARc_FLUXNET2015_FULLSET_YY_2005-2006_beta-6.csv [oneflux.pipeline.common]
2025-06-02 20:36:54.078 [INFO    ] Variable 'H_RANDUNC_N' might be missing from headers of file: /pscratch/sd/t/toanngo/ONEFlux/data/US-ARc_sample_output/99_fluxnet2015/FLX_US-ARc_FLUXNET2015_FULLSET_YY_2005-2006_beta-6.csv [oneflux.pipeline.common]
2025-06-02 20:36:54.078 [INFO    ] Variable 'H_CORR_JOINTUNC' might be missing from headers of file: /pscratch/sd/t/toanngo/ONEFlux/data/US-ARc_sample_output/99_fluxnet2015/FLX_US-ARc_FLUXNET2015_FULLSET_YY_2005-2006_beta-6.csv [oneflux.pipeline.common]
2025-06-02 20:36:54.078 [INFO    ] Variable 'NEE_CUT_REF' might be missing from headers of file: /pscratch/sd/t/toanngo/ONEFlux/data/US-ARc_sample_output/99_fluxnet2015/FLX_US-ARc_FLUXNET2015_FULLSET_YY_2005-2006_beta-6.csv [oneflux.pipeline.common]
2025-06-02 20:36:54.078 [INFO    ] Variable 'NEE_CUT_REF_QC' might be missing from headers of file: /pscratch/sd/t/toanngo/ONEFlux/data/US-ARc_sample_output/99_fluxnet2015/FLX_US-ARc_FLUXNET2015_FULLSET_YY_2005-2006_beta-6.csv [oneflux.pipeline.common]
2025-06-02 20:36:54.078 [INFO    ] Variable 'NEE_CUT_REF_RANDUNC' might be missing from headers of file: /pscratch/sd/t/toanngo/ONEFlux/data/US-ARc_sample_output/99_fluxnet2015/FLX_US-ARc_FLUXNET2015_FULLSET_YY_2005-2006_beta-6.csv [oneflux.pipeline.common]
2025-06-02 20:36:54.079 [INFO    ] Variable 'RECO_NT_CUT_REF' might be missing from headers of file: /pscratch/sd/t/toanngo/ONEFlux/data/US-ARc_sample_output/99_fluxnet2015/FLX_US-ARc_FLUXNET2015_FULLSET_YY_2005-2006_beta-6.csv [oneflux.pipeline.common]
2025-06-02 20:36:54.079 [INFO    ] Variable 'GPP_NT_CUT_REF' might be missing from headers of file: /pscratch/sd/t/toanngo/ONEFlux/data/US-ARc_sample_output/99_fluxnet2015/FLX_US-ARc_FLUXNET2015_FULLSET_YY_2005-2006_beta-6.csv [oneflux.pipeline.common]
2025-06-02 20:36:54.079 [INFO    ] Variable 'RECO_DT_CUT_REF' might be missing from headers of file: /pscratch/sd/t/toanngo/ONEFlux/data/US-ARc_sample_output/99_fluxnet2015/FLX_US-ARc_FLUXNET2015_FULLSET_YY_2005-2006_beta-6.csv [oneflux.pipeline.common]
2025-06-02 20:36:54.079 [INFO    ] Variable 'GPP_DT_CUT_REF' might be missing from headers of file: /pscratch/sd/t/toanngo/ONEFlux/data/US-ARc_sample_output/99_fluxnet2015/FLX_US-ARc_FLUXNET2015_FULLSET_YY_2005-2006_beta-6.csv [oneflux.pipeline.common]
2025-06-02 20:36:54.079 [INFO    ] Variable 'TS_F_MDS_2' might be missing from headers of file: /pscratch/sd/t/toanngo/ONEFlux/data/US-ARc_sample_output/99_fluxnet2015/FLX_US-ARc_FLUXNET2015_FULLSET_YY_2005-2006_beta-6.csv [oneflux.pipeline.common]
2025-06-02 20:36:54.079 [INFO    ] Variable 'TS_F_MDS_3' might be missing from headers of file: /pscratch/sd/t/toanngo/ONEFlux/data/US-ARc_sample_output/99_fluxnet2015/FLX_US-ARc_FLUXNET2015_FULLSET_YY_2005-2006_beta-6.csv [oneflux.pipeline.common]
2025-06-02 20:36:54.079 [INFO    ] Variable 'TS_F_MDS_4' might be missing from headers of file: /pscratch/sd/t/toanngo/ONEFlux/data/US-ARc_sample_output/99_fluxnet2015/FLX_US-ARc_FLUXNET2015_FULLSET_YY_2005-2006_beta-6.csv [oneflux.pipeline.common]
2025-06-02 20:36:54.079 [INFO    ] Variable 'TS_F_MDS_5' might be missing from headers of file: /pscratch/sd/t/toanngo/ONEFlux/data/US-ARc_sample_output/99_fluxnet2015/FLX_US-ARc_FLUXNET2015_FULLSET_YY_2005-2006_beta-6.csv [oneflux.pipeline.common]
2025-06-02 20:36:54.079 [INFO    ] Variable 'TS_F_MDS_6' might be missing from headers of file: /pscratch/sd/t/toanngo/ONEFlux/data/US-ARc_sample_output/99_fluxnet2015/FLX_US-ARc_FLUXNET2015_FULLSET_YY_2005-2006_beta-6.csv [oneflux.pipeline.common]
2025-06-02 20:36:54.079 [INFO    ] Variable 'TS_F_MDS_7' might be missing from headers of file: /pscratch/sd/t/toanngo/ONEFlux/data/US-ARc_sample_output/99_fluxnet2015/FLX_US-ARc_FLUXNET2015_FULLSET_YY_2005-2006_beta-6.csv [oneflux.pipeline.common]
2025-06-02 20:36:54.079 [INFO    ] Variable 'TS_F_MDS_8' might be missing from headers of file: /pscratch/sd/t/toanngo/ONEFlux/data/US-ARc_sample_output/99_fluxnet2015/FLX_US-ARc_FLUXNET2015_FULLSET_YY_2005-2006_beta-6.csv [oneflux.pipeline.common]
2025-06-02 20:36:54.079 [INFO    ] Variable 'TS_F_MDS_9' might be missing from headers of file: /pscratch/sd/t/toanngo/ONEFlux/data/US-ARc_sample_output/99_fluxnet2015/FLX_US-ARc_FLUXNET2015_FULLSET_YY_2005-2006_beta-6.csv [oneflux.pipeline.common]
2025-06-02 20:36:54.080 [INFO    ] Variable 'TS_F_MDS_10' might be missing from headers of file: /pscratch/sd/t/toanngo/ONEFlux/data/US-ARc_sample_output/99_fluxnet2015/FLX_US-ARc_FLUXNET2015_FULLSET_YY_2005-2006_beta-6.csv [oneflux.pipeline.common]
2025-06-02 20:36:54.080 [INFO    ] Variable 'TS_F_MDS_11' might be missing from headers of file: /pscratch/sd/t/toanngo/ONEFlux/data/US-ARc_sample_output/99_fluxnet2015/FLX_US-ARc_FLUXNET2015_FULLSET_YY_2005-2006_beta-6.csv [oneflux.pipeline.common]
2025-06-02 20:36:54.080 [INFO    ] Variable 'TS_F_MDS_12' might be missing from headers of file: /pscratch/sd/t/toanngo/ONEFlux/data/US-ARc_sample_output/99_fluxnet2015/FLX_US-ARc_FLUXNET2015_FULLSET_YY_2005-2006_beta-6.csv [oneflux.pipeline.common]
2025-06-02 20:36:54.080 [INFO    ] Variable 'TS_F_MDS_13' might be missing from headers of file: /pscratch/sd/t/toanngo/ONEFlux/data/US-ARc_sample_output/99_fluxnet2015/FLX_US-ARc_FLUXNET2015_FULLSET_YY_2005-2006_beta-6.csv [oneflux.pipeline.common]
2025-06-02 20:36:54.080 [INFO    ] Variable 'TS_F_MDS_14' might be missing from headers of file: /pscratch/sd/t/toanngo/ONEFlux/data/US-ARc_sample_output/99_fluxnet2015/FLX_US-ARc_FLUXNET2015_FULLSET_YY_2005-2006_beta-6.csv [oneflux.pipeline.common]
2025-06-02 20:36:54.080 [INFO    ] Variable 'TS_F_MDS_15' might be missing from headers of file: /pscratch/sd/t/toanngo/ONEFlux/data/US-ARc_sample_output/99_fluxnet2015/FLX_US-ARc_FLUXNET2015_FULLSET_YY_2005-2006_beta-6.csv [oneflux.pipeline.common]
2025-06-02 20:36:54.080 [INFO    ] Variable 'TS_F_MDS_16' might be missing from headers of file: /pscratch/sd/t/toanngo/ONEFlux/data/US-ARc_sample_output/99_fluxnet2015/FLX_US-ARc_FLUXNET2015_FULLSET_YY_2005-2006_beta-6.csv [oneflux.pipeline.common]
2025-06-02 20:36:54.080 [INFO    ] Variable 'TS_F_MDS_17' might be missing from headers of file: /pscratch/sd/t/toanngo/ONEFlux/data/US-ARc_sample_output/99_fluxnet2015/FLX_US-ARc_FLUXNET2015_FULLSET_YY_2005-2006_beta-6.csv [oneflux.pipeline.common]
2025-06-02 20:36:54.080 [INFO    ] Variable 'TS_F_MDS_18' might be missing from headers of file: /pscratch/sd/t/toanngo/ONEFlux/data/US-ARc_sample_output/99_fluxnet2015/FLX_US-ARc_FLUXNET2015_FULLSET_YY_2005-2006_beta-6.csv [oneflux.pipeline.common]
2025-06-02 20:36:54.080 [INFO    ] Variable 'TS_F_MDS_19' might be missing from headers of file: /pscratch/sd/t/toanngo/ONEFlux/data/US-ARc_sample_output/99_fluxnet2015/FLX_US-ARc_FLUXNET2015_FULLSET_YY_2005-2006_beta-6.csv [oneflux.pipeline.common]
2025-06-02 20:36:54.080 [INFO    ] Variable 'TS_F_MDS_2_QC' might be missing from headers of file: /pscratch/sd/t/toanngo/ONEFlux/data/US-ARc_sample_output/99_fluxnet2015/FLX_US-ARc_FLUXNET2015_FULLSET_YY_2005-2006_beta-6.csv [oneflux.pipeline.common]
2025-06-02 20:36:54.081 [INFO    ] Variable 'TS_F_MDS_3_QC' might be missing from headers of file: /pscratch/sd/t/toanngo/ONEFlux/data/US-ARc_sample_output/99_fluxnet2015/FLX_US-ARc_FLUXNET2015_FULLSET_YY_2005-2006_beta-6.csv [oneflux.pipeline.common]
2025-06-02 20:36:54.081 [INFO    ] Variable 'TS_F_MDS_4_QC' might be missing from headers of file: /pscratch/sd/t/toanngo/ONEFlux/data/US-ARc_sample_output/99_fluxnet2015/FLX_US-ARc_FLUXNET2015_FULLSET_YY_2005-2006_beta-6.csv [oneflux.pipeline.common]
2025-06-02 20:36:54.081 [INFO    ] Variable 'TS_F_MDS_5_QC' might be missing from headers of file: /pscratch/sd/t/toanngo/ONEFlux/data/US-ARc_sample_output/99_fluxnet2015/FLX_US-ARc_FLUXNET2015_FULLSET_YY_2005-2006_beta-6.csv [oneflux.pipeline.common]
2025-06-02 20:36:54.081 [INFO    ] Variable 'TS_F_MDS_6_QC' might be missing from headers of file: /pscratch/sd/t/toanngo/ONEFlux/data/US-ARc_sample_output/99_fluxnet2015/FLX_US-ARc_FLUXNET2015_FULLSET_YY_2005-2006_beta-6.csv [oneflux.pipeline.common]
2025-06-02 20:36:54.081 [INFO    ] Variable 'TS_F_MDS_7_QC' might be missing from headers of file: /pscratch/sd/t/toanngo/ONEFlux/data/US-ARc_sample_output/99_fluxnet2015/FLX_US-ARc_FLUXNET2015_FULLSET_YY_2005-2006_beta-6.csv [oneflux.pipeline.common]
2025-06-02 20:36:54.081 [INFO    ] Variable 'TS_F_MDS_8_QC' might be missing from headers of file: /pscratch/sd/t/toanngo/ONEFlux/data/US-ARc_sample_output/99_fluxnet2015/FLX_US-ARc_FLUXNET2015_FULLSET_YY_2005-2006_beta-6.csv [oneflux.pipeline.common]
2025-06-02 20:36:54.081 [INFO    ] Variable 'TS_F_MDS_9_QC' might be missing from headers of file: /pscratch/sd/t/toanngo/ONEFlux/data/US-ARc_sample_output/99_fluxnet2015/FLX_US-ARc_FLUXNET2015_FULLSET_YY_2005-2006_beta-6.csv [oneflux.pipeline.common]
2025-06-02 20:36:54.081 [INFO    ] Variable 'TS_F_MDS_10_QC' might be missing from headers of file: /pscratch/sd/t/toanngo/ONEFlux/data/US-ARc_sample_output/99_fluxnet2015/FLX_US-ARc_FLUXNET2015_FULLSET_YY_2005-2006_beta-6.csv [oneflux.pipeline.common]
2025-06-02 20:36:54.081 [INFO    ] Variable 'TS_F_MDS_11_QC' might be missing from headers of file: /pscratch/sd/t/toanngo/ONEFlux/data/US-ARc_sample_output/99_fluxnet2015/FLX_US-ARc_FLUXNET2015_FULLSET_YY_2005-2006_beta-6.csv [oneflux.pipeline.common]
2025-06-02 20:36:54.081 [INFO    ] Variable 'TS_F_MDS_12_QC' might be missing from headers of file: /pscratch/sd/t/toanngo/ONEFlux/data/US-ARc_sample_output/99_fluxnet2015/FLX_US-ARc_FLUXNET2015_FULLSET_YY_2005-2006_beta-6.csv [oneflux.pipeline.common]
2025-06-02 20:36:54.081 [INFO    ] Variable 'TS_F_MDS_13_QC' might be missing from headers of file: /pscratch/sd/t/toanngo/ONEFlux/data/US-ARc_sample_output/99_fluxnet2015/FLX_US-ARc_FLUXNET2015_FULLSET_YY_2005-2006_beta-6.csv [oneflux.pipeline.common]
2025-06-02 20:36:54.081 [INFO    ] Variable 'TS_F_MDS_14_QC' might be missing from headers of file: /pscratch/sd/t/toanngo/ONEFlux/data/US-ARc_sample_output/99_fluxnet2015/FLX_US-ARc_FLUXNET2015_FULLSET_YY_2005-2006_beta-6.csv [oneflux.pipeline.common]
2025-06-02 20:36:54.082 [INFO    ] Variable 'TS_F_MDS_15_QC' might be missing from headers of file: /pscratch/sd/t/toanngo/ONEFlux/data/US-ARc_sample_output/99_fluxnet2015/FLX_US-ARc_FLUXNET2015_FULLSET_YY_2005-2006_beta-6.csv [oneflux.pipeline.common]
2025-06-02 20:36:54.082 [INFO    ] Variable 'TS_F_MDS_16_QC' might be missing from headers of file: /pscratch/sd/t/toanngo/ONEFlux/data/US-ARc_sample_output/99_fluxnet2015/FLX_US-ARc_FLUXNET2015_FULLSET_YY_2005-2006_beta-6.csv [oneflux.pipeline.common]
2025-06-02 20:36:54.082 [INFO    ] Variable 'TS_F_MDS_17_QC' might be missing from headers of file: /pscratch/sd/t/toanngo/ONEFlux/data/US-ARc_sample_output/99_fluxnet2015/FLX_US-ARc_FLUXNET2015_FULLSET_YY_2005-2006_beta-6.csv [oneflux.pipeline.common]
2025-06-02 20:36:54.082 [INFO    ] Variable 'TS_F_MDS_18_QC' might be missing from headers of file: /pscratch/sd/t/toanngo/ONEFlux/data/US-ARc_sample_output/99_fluxnet2015/FLX_US-ARc_FLUXNET2015_FULLSET_YY_2005-2006_beta-6.csv [oneflux.pipeline.common]
2025-06-02 20:36:54.082 [INFO    ] Variable 'TS_F_MDS_19_QC' might be missing from headers of file: /pscratch/sd/t/toanngo/ONEFlux/data/US-ARc_sample_output/99_fluxnet2015/FLX_US-ARc_FLUXNET2015_FULLSET_YY_2005-2006_beta-6.csv [oneflux.pipeline.common]
2025-06-02 20:36:54.082 [INFO    ] Variable 'SWC_F_MDS_2' might be missing from headers of file: /pscratch/sd/t/toanngo/ONEFlux/data/US-ARc_sample_output/99_fluxnet2015/FLX_US-ARc_FLUXNET2015_FULLSET_YY_2005-2006_beta-6.csv [oneflux.pipeline.common]
2025-06-02 20:36:54.082 [INFO    ] Variable 'SWC_F_MDS_3' might be missing from headers of file: /pscratch/sd/t/toanngo/ONEFlux/data/US-ARc_sample_output/99_fluxnet2015/FLX_US-ARc_FLUXNET2015_FULLSET_YY_2005-2006_beta-6.csv [oneflux.pipeline.common]
2025-06-02 20:36:54.082 [INFO    ] Variable 'SWC_F_MDS_4' might be missing from headers of file: /pscratch/sd/t/toanngo/ONEFlux/data/US-ARc_sample_output/99_fluxnet2015/FLX_US-ARc_FLUXNET2015_FULLSET_YY_2005-2006_beta-6.csv [oneflux.pipeline.common]
2025-06-02 20:36:54.082 [INFO    ] Variable 'SWC_F_MDS_5' might be missing from headers of file: /pscratch/sd/t/toanngo/ONEFlux/data/US-ARc_sample_output/99_fluxnet2015/FLX_US-ARc_FLUXNET2015_FULLSET_YY_2005-2006_beta-6.csv [oneflux.pipeline.common]
2025-06-02 20:36:54.082 [INFO    ] Variable 'SWC_F_MDS_6' might be missing from headers of file: /pscratch/sd/t/toanngo/ONEFlux/data/US-ARc_sample_output/99_fluxnet2015/FLX_US-ARc_FLUXNET2015_FULLSET_YY_2005-2006_beta-6.csv [oneflux.pipeline.common]
2025-06-02 20:36:54.082 [INFO    ] Variable 'SWC_F_MDS_7' might be missing from headers of file: /pscratch/sd/t/toanngo/ONEFlux/data/US-ARc_sample_output/99_fluxnet2015/FLX_US-ARc_FLUXNET2015_FULLSET_YY_2005-2006_beta-6.csv [oneflux.pipeline.common]
2025-06-02 20:36:54.082 [INFO    ] Variable 'SWC_F_MDS_8' might be missing from headers of file: /pscratch/sd/t/toanngo/ONEFlux/data/US-ARc_sample_output/99_fluxnet2015/FLX_US-ARc_FLUXNET2015_FULLSET_YY_2005-2006_beta-6.csv [oneflux.pipeline.common]
2025-06-02 20:36:54.083 [INFO    ] Variable 'SWC_F_MDS_9' might be missing from headers of file: /pscratch/sd/t/toanngo/ONEFlux/data/US-ARc_sample_output/99_fluxnet2015/FLX_US-ARc_FLUXNET2015_FULLSET_YY_2005-2006_beta-6.csv [oneflux.pipeline.common]
2025-06-02 20:36:54.083 [INFO    ] Variable 'SWC_F_MDS_10' might be missing from headers of file: /pscratch/sd/t/toanngo/ONEFlux/data/US-ARc_sample_output/99_fluxnet2015/FLX_US-ARc_FLUXNET2015_FULLSET_YY_2005-2006_beta-6.csv [oneflux.pipeline.common]
2025-06-02 20:36:54.083 [INFO    ] Variable 'SWC_F_MDS_11' might be missing from headers of file: /pscratch/sd/t/toanngo/ONEFlux/data/US-ARc_sample_output/99_fluxnet2015/FLX_US-ARc_FLUXNET2015_FULLSET_YY_2005-2006_beta-6.csv [oneflux.pipeline.common]
2025-06-02 20:36:54.083 [INFO    ] Variable 'SWC_F_MDS_12' might be missing from headers of file: /pscratch/sd/t/toanngo/ONEFlux/data/US-ARc_sample_output/99_fluxnet2015/FLX_US-ARc_FLUXNET2015_FULLSET_YY_2005-2006_beta-6.csv [oneflux.pipeline.common]
2025-06-02 20:36:54.083 [INFO    ] Variable 'SWC_F_MDS_13' might be missing from headers of file: /pscratch/sd/t/toanngo/ONEFlux/data/US-ARc_sample_output/99_fluxnet2015/FLX_US-ARc_FLUXNET2015_FULLSET_YY_2005-2006_beta-6.csv [oneflux.pipeline.common]
2025-06-02 20:36:54.083 [INFO    ] Variable 'SWC_F_MDS_14' might be missing from headers of file: /pscratch/sd/t/toanngo/ONEFlux/data/US-ARc_sample_output/99_fluxnet2015/FLX_US-ARc_FLUXNET2015_FULLSET_YY_2005-2006_beta-6.csv [oneflux.pipeline.common]
2025-06-02 20:36:54.083 [INFO    ] Variable 'SWC_F_MDS_15' might be missing from headers of file: /pscratch/sd/t/toanngo/ONEFlux/data/US-ARc_sample_output/99_fluxnet2015/FLX_US-ARc_FLUXNET2015_FULLSET_YY_2005-2006_beta-6.csv [oneflux.pipeline.common]
2025-06-02 20:36:54.083 [INFO    ] Variable 'SWC_F_MDS_16' might be missing from headers of file: /pscratch/sd/t/toanngo/ONEFlux/data/US-ARc_sample_output/99_fluxnet2015/FLX_US-ARc_FLUXNET2015_FULLSET_YY_2005-2006_beta-6.csv [oneflux.pipeline.common]
2025-06-02 20:36:54.083 [INFO    ] Variable 'SWC_F_MDS_17' might be missing from headers of file: /pscratch/sd/t/toanngo/ONEFlux/data/US-ARc_sample_output/99_fluxnet2015/FLX_US-ARc_FLUXNET2015_FULLSET_YY_2005-2006_beta-6.csv [oneflux.pipeline.common]
2025-06-02 20:36:54.083 [INFO    ] Variable 'SWC_F_MDS_18' might be missing from headers of file: /pscratch/sd/t/toanngo/ONEFlux/data/US-ARc_sample_output/99_fluxnet2015/FLX_US-ARc_FLUXNET2015_FULLSET_YY_2005-2006_beta-6.csv [oneflux.pipeline.common]
2025-06-02 20:36:54.083 [INFO    ] Variable 'SWC_F_MDS_19' might be missing from headers of file: /pscratch/sd/t/toanngo/ONEFlux/data/US-ARc_sample_output/99_fluxnet2015/FLX_US-ARc_FLUXNET2015_FULLSET_YY_2005-2006_beta-6.csv [oneflux.pipeline.common]
2025-06-02 20:36:54.084 [INFO    ] Variable 'SWC_F_MDS_2_QC' might be missing from headers of file: /pscratch/sd/t/toanngo/ONEFlux/data/US-ARc_sample_output/99_fluxnet2015/FLX_US-ARc_FLUXNET2015_FULLSET_YY_2005-2006_beta-6.csv [oneflux.pipeline.common]
2025-06-02 20:36:54.084 [INFO    ] Variable 'SWC_F_MDS_3_QC' might be missing from headers of file: /pscratch/sd/t/toanngo/ONEFlux/data/US-ARc_sample_output/99_fluxnet2015/FLX_US-ARc_FLUXNET2015_FULLSET_YY_2005-2006_beta-6.csv [oneflux.pipeline.common]
2025-06-02 20:36:54.084 [INFO    ] Variable 'SWC_F_MDS_4_QC' might be missing from headers of file: /pscratch/sd/t/toanngo/ONEFlux/data/US-ARc_sample_output/99_fluxnet2015/FLX_US-ARc_FLUXNET2015_FULLSET_YY_2005-2006_beta-6.csv [oneflux.pipeline.common]
2025-06-02 20:36:54.084 [INFO    ] Variable 'SWC_F_MDS_5_QC' might be missing from headers of file: /pscratch/sd/t/toanngo/ONEFlux/data/US-ARc_sample_output/99_fluxnet2015/FLX_US-ARc_FLUXNET2015_FULLSET_YY_2005-2006_beta-6.csv [oneflux.pipeline.common]
2025-06-02 20:36:54.084 [INFO    ] Variable 'SWC_F_MDS_6_QC' might be missing from headers of file: /pscratch/sd/t/toanngo/ONEFlux/data/US-ARc_sample_output/99_fluxnet2015/FLX_US-ARc_FLUXNET2015_FULLSET_YY_2005-2006_beta-6.csv [oneflux.pipeline.common]
2025-06-02 20:36:54.084 [INFO    ] Variable 'SWC_F_MDS_7_QC' might be missing from headers of file: /pscratch/sd/t/toanngo/ONEFlux/data/US-ARc_sample_output/99_fluxnet2015/FLX_US-ARc_FLUXNET2015_FULLSET_YY_2005-2006_beta-6.csv [oneflux.pipeline.common]
2025-06-02 20:36:54.084 [INFO    ] Variable 'SWC_F_MDS_8_QC' might be missing from headers of file: /pscratch/sd/t/toanngo/ONEFlux/data/US-ARc_sample_output/99_fluxnet2015/FLX_US-ARc_FLUXNET2015_FULLSET_YY_2005-2006_beta-6.csv [oneflux.pipeline.common]
2025-06-02 20:36:54.084 [INFO    ] Variable 'SWC_F_MDS_9_QC' might be missing from headers of file: /pscratch/sd/t/toanngo/ONEFlux/data/US-ARc_sample_output/99_fluxnet2015/FLX_US-ARc_FLUXNET2015_FULLSET_YY_2005-2006_beta-6.csv [oneflux.pipeline.common]
2025-06-02 20:36:54.084 [INFO    ] Variable 'SWC_F_MDS_10_QC' might be missing from headers of file: /pscratch/sd/t/toanngo/ONEFlux/data/US-ARc_sample_output/99_fluxnet2015/FLX_US-ARc_FLUXNET2015_FULLSET_YY_2005-2006_beta-6.csv [oneflux.pipeline.common]
2025-06-02 20:36:54.084 [INFO    ] Variable 'SWC_F_MDS_11_QC' might be missing from headers of file: /pscratch/sd/t/toanngo/ONEFlux/data/US-ARc_sample_output/99_fluxnet2015/FLX_US-ARc_FLUXNET2015_FULLSET_YY_2005-2006_beta-6.csv [oneflux.pipeline.common]
2025-06-02 20:36:54.084 [INFO    ] Variable 'SWC_F_MDS_12_QC' might be missing from headers of file: /pscratch/sd/t/toanngo/ONEFlux/data/US-ARc_sample_output/99_fluxnet2015/FLX_US-ARc_FLUXNET2015_FULLSET_YY_2005-2006_beta-6.csv [oneflux.pipeline.common]
2025-06-02 20:36:54.084 [INFO    ] Variable 'SWC_F_MDS_13_QC' might be missing from headers of file: /pscratch/sd/t/toanngo/ONEFlux/data/US-ARc_sample_output/99_fluxnet2015/FLX_US-ARc_FLUXNET2015_FULLSET_YY_2005-2006_beta-6.csv [oneflux.pipeline.common]
2025-06-02 20:36:54.085 [INFO    ] Variable 'SWC_F_MDS_14_QC' might be missing from headers of file: /pscratch/sd/t/toanngo/ONEFlux/data/US-ARc_sample_output/99_fluxnet2015/FLX_US-ARc_FLUXNET2015_FULLSET_YY_2005-2006_beta-6.csv [oneflux.pipeline.common]
2025-06-02 20:36:54.085 [INFO    ] Variable 'SWC_F_MDS_15_QC' might be missing from headers of file: /pscratch/sd/t/toanngo/ONEFlux/data/US-ARc_sample_output/99_fluxnet2015/FLX_US-ARc_FLUXNET2015_FULLSET_YY_2005-2006_beta-6.csv [oneflux.pipeline.common]
2025-06-02 20:36:54.085 [INFO    ] Variable 'SWC_F_MDS_16_QC' might be missing from headers of file: /pscratch/sd/t/toanngo/ONEFlux/data/US-ARc_sample_output/99_fluxnet2015/FLX_US-ARc_FLUXNET2015_FULLSET_YY_2005-2006_beta-6.csv [oneflux.pipeline.common]
2025-06-02 20:36:54.085 [INFO    ] Variable 'SWC_F_MDS_17_QC' might be missing from headers of file: /pscratch/sd/t/toanngo/ONEFlux/data/US-ARc_sample_output/99_fluxnet2015/FLX_US-ARc_FLUXNET2015_FULLSET_YY_2005-2006_beta-6.csv [oneflux.pipeline.common]
2025-06-02 20:36:54.085 [INFO    ] Variable 'SWC_F_MDS_18_QC' might be missing from headers of file: /pscratch/sd/t/toanngo/ONEFlux/data/US-ARc_sample_output/99_fluxnet2015/FLX_US-ARc_FLUXNET2015_FULLSET_YY_2005-2006_beta-6.csv [oneflux.pipeline.common]
2025-06-02 20:36:54.085 [INFO    ] Variable 'SWC_F_MDS_19_QC' might be missing from headers of file: /pscratch/sd/t/toanngo/ONEFlux/data/US-ARc_sample_output/99_fluxnet2015/FLX_US-ARc_FLUXNET2015_FULLSET_YY_2005-2006_beta-6.csv [oneflux.pipeline.common]
2025-06-02 20:36:54.085 [INFO    ] Variable 'NEE_CUT_05' might be missing from headers of file: /pscratch/sd/t/toanngo/ONEFlux/data/US-ARc_sample_output/99_fluxnet2015/FLX_US-ARc_FLUXNET2015_FULLSET_YY_2005-2006_beta-6.csv [oneflux.pipeline.common]
2025-06-02 20:36:54.085 [INFO    ] Variable 'NEE_CUT_16' might be missing from headers of file: /pscratch/sd/t/toanngo/ONEFlux/data/US-ARc_sample_output/99_fluxnet2015/FLX_US-ARc_FLUXNET2015_FULLSET_YY_2005-2006_beta-6.csv [oneflux.pipeline.common]
2025-06-02 20:36:54.085 [INFO    ] Variable 'NEE_CUT_25' might be missing from headers of file: /pscratch/sd/t/toanngo/ONEFlux/data/US-ARc_sample_output/99_fluxnet2015/FLX_US-ARc_FLUXNET2015_FULLSET_YY_2005-2006_beta-6.csv [oneflux.pipeline.common]
2025-06-02 20:36:54.085 [INFO    ] Variable 'NEE_CUT_50' might be missing from headers of file: /pscratch/sd/t/toanngo/ONEFlux/data/US-ARc_sample_output/99_fluxnet2015/FLX_US-ARc_FLUXNET2015_FULLSET_YY_2005-2006_beta-6.csv [oneflux.pipeline.common]
2025-06-02 20:36:54.085 [INFO    ] Variable 'NEE_CUT_75' might be missing from headers of file: /pscratch/sd/t/toanngo/ONEFlux/data/US-ARc_sample_output/99_fluxnet2015/FLX_US-ARc_FLUXNET2015_FULLSET_YY_2005-2006_beta-6.csv [oneflux.pipeline.common]
2025-06-02 20:36:54.085 [INFO    ] Variable 'NEE_CUT_84' might be missing from headers of file: /pscratch/sd/t/toanngo/ONEFlux/data/US-ARc_sample_output/99_fluxnet2015/FLX_US-ARc_FLUXNET2015_FULLSET_YY_2005-2006_beta-6.csv [oneflux.pipeline.common]
2025-06-02 20:36:54.086 [INFO    ] Variable 'NEE_CUT_95' might be missing from headers of file: /pscratch/sd/t/toanngo/ONEFlux/data/US-ARc_sample_output/99_fluxnet2015/FLX_US-ARc_FLUXNET2015_FULLSET_YY_2005-2006_beta-6.csv [oneflux.pipeline.common]
2025-06-02 20:36:54.086 [INFO    ] Variable 'NEE_CUT_05_QC' might be missing from headers of file: /pscratch/sd/t/toanngo/ONEFlux/data/US-ARc_sample_output/99_fluxnet2015/FLX_US-ARc_FLUXNET2015_FULLSET_YY_2005-2006_beta-6.csv [oneflux.pipeline.common]
2025-06-02 20:36:54.086 [INFO    ] Variable 'NEE_CUT_16_QC' might be missing from headers of file: /pscratch/sd/t/toanngo/ONEFlux/data/US-ARc_sample_output/99_fluxnet2015/FLX_US-ARc_FLUXNET2015_FULLSET_YY_2005-2006_beta-6.csv [oneflux.pipeline.common]
2025-06-02 20:36:54.086 [INFO    ] Variable 'NEE_CUT_25_QC' might be missing from headers of file: /pscratch/sd/t/toanngo/ONEFlux/data/US-ARc_sample_output/99_fluxnet2015/FLX_US-ARc_FLUXNET2015_FULLSET_YY_2005-2006_beta-6.csv [oneflux.pipeline.common]
2025-06-02 20:36:54.086 [INFO    ] Variable 'NEE_CUT_50_QC' might be missing from headers of file: /pscratch/sd/t/toanngo/ONEFlux/data/US-ARc_sample_output/99_fluxnet2015/FLX_US-ARc_FLUXNET2015_FULLSET_YY_2005-2006_beta-6.csv [oneflux.pipeline.common]
2025-06-02 20:36:54.086 [INFO    ] Variable 'NEE_CUT_75_QC' might be missing from headers of file: /pscratch/sd/t/toanngo/ONEFlux/data/US-ARc_sample_output/99_fluxnet2015/FLX_US-ARc_FLUXNET2015_FULLSET_YY_2005-2006_beta-6.csv [oneflux.pipeline.common]
2025-06-02 20:36:54.086 [INFO    ] Variable 'NEE_CUT_84_QC' might be missing from headers of file: /pscratch/sd/t/toanngo/ONEFlux/data/US-ARc_sample_output/99_fluxnet2015/FLX_US-ARc_FLUXNET2015_FULLSET_YY_2005-2006_beta-6.csv [oneflux.pipeline.common]
2025-06-02 20:36:54.086 [INFO    ] Variable 'NEE_CUT_95_QC' might be missing from headers of file: /pscratch/sd/t/toanngo/ONEFlux/data/US-ARc_sample_output/99_fluxnet2015/FLX_US-ARc_FLUXNET2015_FULLSET_YY_2005-2006_beta-6.csv [oneflux.pipeline.common]
2025-06-02 20:36:54.086 [INFO    ] Variable 'RECO_NT_CUT_05' might be missing from headers of file: /pscratch/sd/t/toanngo/ONEFlux/data/US-ARc_sample_output/99_fluxnet2015/FLX_US-ARc_FLUXNET2015_FULLSET_YY_2005-2006_beta-6.csv [oneflux.pipeline.common]
2025-06-02 20:36:54.086 [INFO    ] Variable 'RECO_NT_CUT_16' might be missing from headers of file: /pscratch/sd/t/toanngo/ONEFlux/data/US-ARc_sample_output/99_fluxnet2015/FLX_US-ARc_FLUXNET2015_FULLSET_YY_2005-2006_beta-6.csv [oneflux.pipeline.common]
2025-06-02 20:36:54.086 [INFO    ] Variable 'RECO_NT_CUT_25' might be missing from headers of file: /pscratch/sd/t/toanngo/ONEFlux/data/US-ARc_sample_output/99_fluxnet2015/FLX_US-ARc_FLUXNET2015_FULLSET_YY_2005-2006_beta-6.csv [oneflux.pipeline.common]
2025-06-02 20:36:54.087 [INFO    ] Variable 'RECO_NT_CUT_50' might be missing from headers of file: /pscratch/sd/t/toanngo/ONEFlux/data/US-ARc_sample_output/99_fluxnet2015/FLX_US-ARc_FLUXNET2015_FULLSET_YY_2005-2006_beta-6.csv [oneflux.pipeline.common]
2025-06-02 20:36:54.087 [INFO    ] Variable 'RECO_NT_CUT_75' might be missing from headers of file: /pscratch/sd/t/toanngo/ONEFlux/data/US-ARc_sample_output/99_fluxnet2015/FLX_US-ARc_FLUXNET2015_FULLSET_YY_2005-2006_beta-6.csv [oneflux.pipeline.common]
2025-06-02 20:36:54.087 [INFO    ] Variable 'RECO_NT_CUT_84' might be missing from headers of file: /pscratch/sd/t/toanngo/ONEFlux/data/US-ARc_sample_output/99_fluxnet2015/FLX_US-ARc_FLUXNET2015_FULLSET_YY_2005-2006_beta-6.csv [oneflux.pipeline.common]
2025-06-02 20:36:54.087 [INFO    ] Variable 'RECO_NT_CUT_95' might be missing from headers of file: /pscratch/sd/t/toanngo/ONEFlux/data/US-ARc_sample_output/99_fluxnet2015/FLX_US-ARc_FLUXNET2015_FULLSET_YY_2005-2006_beta-6.csv [oneflux.pipeline.common]
2025-06-02 20:36:54.087 [INFO    ] Variable 'GPP_NT_CUT_05' might be missing from headers of file: /pscratch/sd/t/toanngo/ONEFlux/data/US-ARc_sample_output/99_fluxnet2015/FLX_US-ARc_FLUXNET2015_FULLSET_YY_2005-2006_beta-6.csv [oneflux.pipeline.common]
2025-06-02 20:36:54.087 [INFO    ] Variable 'GPP_NT_CUT_16' might be missing from headers of file: /pscratch/sd/t/toanngo/ONEFlux/data/US-ARc_sample_output/99_fluxnet2015/FLX_US-ARc_FLUXNET2015_FULLSET_YY_2005-2006_beta-6.csv [oneflux.pipeline.common]
2025-06-02 20:36:54.087 [INFO    ] Variable 'GPP_NT_CUT_25' might be missing from headers of file: /pscratch/sd/t/toanngo/ONEFlux/data/US-ARc_sample_output/99_fluxnet2015/FLX_US-ARc_FLUXNET2015_FULLSET_YY_2005-2006_beta-6.csv [oneflux.pipeline.common]
2025-06-02 20:36:54.087 [INFO    ] Variable 'GPP_NT_CUT_50' might be missing from headers of file: /pscratch/sd/t/toanngo/ONEFlux/data/US-ARc_sample_output/99_fluxnet2015/FLX_US-ARc_FLUXNET2015_FULLSET_YY_2005-2006_beta-6.csv [oneflux.pipeline.common]
2025-06-02 20:36:54.087 [INFO    ] Variable 'GPP_NT_CUT_75' might be missing from headers of file: /pscratch/sd/t/toanngo/ONEFlux/data/US-ARc_sample_output/99_fluxnet2015/FLX_US-ARc_FLUXNET2015_FULLSET_YY_2005-2006_beta-6.csv [oneflux.pipeline.common]
2025-06-02 20:36:54.087 [INFO    ] Variable 'GPP_NT_CUT_84' might be missing from headers of file: /pscratch/sd/t/toanngo/ONEFlux/data/US-ARc_sample_output/99_fluxnet2015/FLX_US-ARc_FLUXNET2015_FULLSET_YY_2005-2006_beta-6.csv [oneflux.pipeline.common]
2025-06-02 20:36:54.087 [INFO    ] Variable 'GPP_NT_CUT_95' might be missing from headers of file: /pscratch/sd/t/toanngo/ONEFlux/data/US-ARc_sample_output/99_fluxnet2015/FLX_US-ARc_FLUXNET2015_FULLSET_YY_2005-2006_beta-6.csv [oneflux.pipeline.common]
2025-06-02 20:36:54.088 [INFO    ] Variable 'RECO_DT_CUT_05' might be missing from headers of file: /pscratch/sd/t/toanngo/ONEFlux/data/US-ARc_sample_output/99_fluxnet2015/FLX_US-ARc_FLUXNET2015_FULLSET_YY_2005-2006_beta-6.csv [oneflux.pipeline.common]
2025-06-02 20:36:54.088 [INFO    ] Variable 'RECO_DT_CUT_16' might be missing from headers of file: /pscratch/sd/t/toanngo/ONEFlux/data/US-ARc_sample_output/99_fluxnet2015/FLX_US-ARc_FLUXNET2015_FULLSET_YY_2005-2006_beta-6.csv [oneflux.pipeline.common]
2025-06-02 20:36:54.088 [INFO    ] Variable 'RECO_DT_CUT_25' might be missing from headers of file: /pscratch/sd/t/toanngo/ONEFlux/data/US-ARc_sample_output/99_fluxnet2015/FLX_US-ARc_FLUXNET2015_FULLSET_YY_2005-2006_beta-6.csv [oneflux.pipeline.common]
2025-06-02 20:36:54.088 [INFO    ] Variable 'RECO_DT_CUT_50' might be missing from headers of file: /pscratch/sd/t/toanngo/ONEFlux/data/US-ARc_sample_output/99_fluxnet2015/FLX_US-ARc_FLUXNET2015_FULLSET_YY_2005-2006_beta-6.csv [oneflux.pipeline.common]
2025-06-02 20:36:54.088 [INFO    ] Variable 'RECO_DT_CUT_75' might be missing from headers of file: /pscratch/sd/t/toanngo/ONEFlux/data/US-ARc_sample_output/99_fluxnet2015/FLX_US-ARc_FLUXNET2015_FULLSET_YY_2005-2006_beta-6.csv [oneflux.pipeline.common]
2025-06-02 20:36:54.088 [INFO    ] Variable 'RECO_DT_CUT_84' might be missing from headers of file: /pscratch/sd/t/toanngo/ONEFlux/data/US-ARc_sample_output/99_fluxnet2015/FLX_US-ARc_FLUXNET2015_FULLSET_YY_2005-2006_beta-6.csv [oneflux.pipeline.common]
2025-06-02 20:36:54.088 [INFO    ] Variable 'RECO_DT_CUT_95' might be missing from headers of file: /pscratch/sd/t/toanngo/ONEFlux/data/US-ARc_sample_output/99_fluxnet2015/FLX_US-ARc_FLUXNET2015_FULLSET_YY_2005-2006_beta-6.csv [oneflux.pipeline.common]
2025-06-02 20:36:54.088 [INFO    ] Variable 'GPP_DT_CUT_05' might be missing from headers of file: /pscratch/sd/t/toanngo/ONEFlux/data/US-ARc_sample_output/99_fluxnet2015/FLX_US-ARc_FLUXNET2015_FULLSET_YY_2005-2006_beta-6.csv [oneflux.pipeline.common]
2025-06-02 20:36:54.088 [INFO    ] Variable 'GPP_DT_CUT_16' might be missing from headers of file: /pscratch/sd/t/toanngo/ONEFlux/data/US-ARc_sample_output/99_fluxnet2015/FLX_US-ARc_FLUXNET2015_FULLSET_YY_2005-2006_beta-6.csv [oneflux.pipeline.common]
2025-06-02 20:36:54.088 [INFO    ] Variable 'GPP_DT_CUT_25' might be missing from headers of file: /pscratch/sd/t/toanngo/ONEFlux/data/US-ARc_sample_output/99_fluxnet2015/FLX_US-ARc_FLUXNET2015_FULLSET_YY_2005-2006_beta-6.csv [oneflux.pipeline.common]
2025-06-02 20:36:54.088 [INFO    ] Variable 'GPP_DT_CUT_50' might be missing from headers of file: /pscratch/sd/t/toanngo/ONEFlux/data/US-ARc_sample_output/99_fluxnet2015/FLX_US-ARc_FLUXNET2015_FULLSET_YY_2005-2006_beta-6.csv [oneflux.pipeline.common]
2025-06-02 20:36:54.088 [INFO    ] Variable 'GPP_DT_CUT_75' might be missing from headers of file: /pscratch/sd/t/toanngo/ONEFlux/data/US-ARc_sample_output/99_fluxnet2015/FLX_US-ARc_FLUXNET2015_FULLSET_YY_2005-2006_beta-6.csv [oneflux.pipeline.common]
2025-06-02 20:36:54.089 [INFO    ] Variable 'GPP_DT_CUT_84' might be missing from headers of file: /pscratch/sd/t/toanngo/ONEFlux/data/US-ARc_sample_output/99_fluxnet2015/FLX_US-ARc_FLUXNET2015_FULLSET_YY_2005-2006_beta-6.csv [oneflux.pipeline.common]
2025-06-02 20:36:54.089 [INFO    ] Variable 'GPP_DT_CUT_95' might be missing from headers of file: /pscratch/sd/t/toanngo/ONEFlux/data/US-ARc_sample_output/99_fluxnet2015/FLX_US-ARc_FLUXNET2015_FULLSET_YY_2005-2006_beta-6.csv [oneflux.pipeline.common]
2025-06-02 20:36:54.089 [INFO    ] Pipeline fluxnet2015 execution finished [oneflux.pipeline.wrappers]
2025-06-02 20:36:54.089 [INFO    ] US-ARc Pipeline run time 0:01:03.531789 (2025-06-02 20:35:50.557518 --- 2025-06-02 20:36:54.089307) [oneflux.pipeline.wrappers]
2025-06-02 20:36:54.090 [INFO    ] US-ARc Pipeline: execution finished [oneflux.pipeline.wrappers]
2025-06-02 20:36:54.090 [INFO    ] Finished processing site dir /pscratch/sd/t/toanngo/ONEFlux/data/US-ARc_sample_output [oneflux.tools.pipeline]
2025-06-02 20:36:54.090 [INFO    ] Finished execution: all [__main__]
