2025-06-13 07:10:32.937 [INFO    ] Logging started [root]
2025-06-13 07:10:32.938 [DEBUG   ] Using:command (all), data-dir (/global/home/users/sytoanngo/ONEFlux/data), site-id (US-ARc), site-dir (US-ARc_sample_output), first-year (2005), last-year (2006), perc (['1.25', '3.75', '6.25', '8.75', '11.25', '13.75', '16.25', '18.75', '21.25', '23.75', '26.25', '28.75', '31.25', '33.75', '36.25', '38.75', '41.25', '43.75', '46.25', '48.75', '51.25', '53.75', '56.25', '58.75', '61.25', '63.75', '66.25', '68.75', '71.25', '73.75', '76.25', '78.75', '81.25', '83.75', '86.25', '88.75', '91.25', '93.75', '96.25', '98.75', '50']), prod (['c', 'y']), log-file (/global/home/users/sytoanngo/ONEFlux/8d16f00a-7025-4fdc-a302-f776a1368b1a.log), force-py (False), versionp (5), versiond (beta), era-fy (1989), era-ly (2014) [__main__]
2025-06-13 07:10:32.941 [INFO    ] Starting execution: all [__main__]
2025-06-13 07:10:32.941 [INFO    ] Namespace(command='all', datadir='/global/home/users/sytoanngo/ONEFlux/data', erafy=1989, eraly=2014, firstyear=2005, forcepy=False, lastyear=2006, logfile='/global/home/users/sytoanngo/ONEFlux/8d16f00a-7025-4fdc-a302-f776a1368b1a.log', mcr_directory='/global/home/users/sytoanngo/matlab/matlabruntime/v94', perc=None, prod=None, recint='hh', sitedir='US-ARc_sample_output', siteid='US-ARc', timestamp='20250613T071032', versiond='beta', versionp='5') [__main__]
2025-06-13 07:10:32.941 [INFO    ] Started processing site dir US-ARc_sample_output [oneflux.tools.pipeline]
2025-06-13 07:10:32.941 [INFO    ] ONEFlux Pipeline: initialization started [oneflux.pipeline.wrappers]
2025-06-13 07:10:32.948 [DEBUG   ] ONEFlux Pipeline: keyword arguments: {'nee_partition_nt_execute': False, 'energy_proc_execute': False, 'prepare_ure_execute': False, 'perc_to_compare': ['1.25', '3.75', '6.25', '8.75', '11.25', '13.75', '16.25', '18.75', '21.25', '23.75', '26.25', '28.75', '31.25', '33.75', '36.25', '38.75', '41.25', '43.75', '46.25', '48.75', '51.25', '53.75', '56.25', '58.75', '61.25', '63.75', '66.25', '68.75', '71.25', '73.75', '76.25', '78.75', '81.25', '83.75', '86.25', '88.75', '91.25', '93.75', '96.25', '98.75', '50'], 'prod_to_compare': ['c', 'y'], 'fluxnet2015_version_processing': '5', 'data_dir': '/global/home/users/sytoanngo/ONEFlux/data/US-ARc_sample_output', 'era_first_timestamp_start': '198901010000', 'meteo_proc_execute': False, 'tool_dir': '/global/home/users/sytoanngo/bin/oneflux', 'ustar_mp_execute': False, 'fluxnet2015_version_data': 'beta', 'ustar_cp_execute': False, 'nee_proc_execute': False, 'ure_execute': False, 'site_dir': 'US-ARc_sample_output', 'qc_auto_execute': False, 'fluxnet2015_first_t1': 2005, 'fluxnet2015_last_t1': 2006, 'ustar_cp_mcr_dir': '/global/home/users/sytoanngo/matlab/matlabruntime/v94', 'fluxnet2015_site_plots': True, 'data_dir_main': '/global/home/users/sytoanngo/ONEFlux/data', 'record_interval': 'hh', 'era_last_timestamp_start': '201412312330', 'simulation': False, 'first_year': 2005, 'last_year': 2006, 'nee_partition_dt_execute': False, 'fluxnet2015_execute': True} [oneflux.pipeline.wrappers]
2025-06-13 07:10:32.948 [ERROR   ] Pipeline: unknown config attribute: 'era_first_timestamp_start' [oneflux.pipeline.wrappers]
2025-06-13 07:10:32.948 [ERROR   ] Pipeline: unknown config attribute: 'site_dir' [oneflux.pipeline.wrappers]
2025-06-13 07:10:32.949 [ERROR   ] Pipeline: unknown config attribute: 'era_last_timestamp_start' [oneflux.pipeline.wrappers]
2025-06-13 07:10:32.949 [DEBUG   ] ONEFlux Pipeline: setting up for site 'US-ARc' [oneflux.pipeline.wrappers]
2025-06-13 07:10:32.949 [DEBUG   ] ONEFlux Pipeline: using data dir '/global/home/users/sytoanngo/ONEFlux/data/US-ARc_sample_output' [oneflux.pipeline.wrappers]
2025-06-13 07:10:32.949 [DEBUG   ] ONEFlux Pipeline: using tool dir '/global/home/users/sytoanngo/bin/oneflux' [oneflux.pipeline.wrappers]
2025-06-13 07:10:32.949 [DEBUG   ] ONEFlux Pipeline: using record interval 'hh' [oneflux.pipeline.wrappers]
2025-06-13 07:10:32.949 [DEBUG   ] ONEFlux Pipeline: using validate on create 'False' [oneflux.pipeline.wrappers]
2025-06-13 07:10:32.950 [DEBUG   ] ONEFlux Pipeline: using simulation 'False' [oneflux.pipeline.wrappers]
2025-06-13 07:10:32.950 [DEBUG   ] ONEFlux Pipeline: using ERA first timestamp start '198901010000' [oneflux.pipeline.wrappers]
2025-06-13 07:10:32.950 [DEBUG   ] ONEFlux Pipeline: using ERA last timestamp start '201412312330' [oneflux.pipeline.wrappers]
2025-06-13 07:10:32.951 [INFO    ] ONEFlux Pipeline: initialization finished [oneflux.pipeline.wrappers]
2025-06-13 07:10:32.951 [INFO    ] US-ARc [oneflux.pipeline.wrappers]
2025-06-13 07:10:32.951 [INFO    ] US-ARc Pipeline: execution started [oneflux.pipeline.wrappers]
2025-06-13 07:10:32.951 [DEBUG   ] Pipeline data directory is '/global/home/users/sytoanngo/ONEFlux/data/US-ARc_sample_output' [oneflux.pipeline.common]
2025-06-13 07:10:32.952 [DEBUG   ] Pipeline tool directory is '/global/home/users/sytoanngo/bin/oneflux' [oneflux.pipeline.common]
2025-06-13 07:10:32.955 [INFO    ] Pipeline logging started [root]
2025-06-13 07:10:32.955 [INFO    ] Pipeline fluxnet2015 execution started [oneflux.pipeline.wrappers]
2025-06-13 07:10:32.956 [DEBUG   ] Pipeline qc_visual.post_validate directory is '/global/home/users/sytoanngo/ONEFlux/data/US-ARc_sample_output/01_qc_visual' [oneflux.pipeline.common]
2025-06-13 07:10:32.958 [DEBUG   ] Pipeline qc_visual.post_validate directory is '/global/home/users/sytoanngo/ONEFlux/data/US-ARc_sample_output/01_qc_visual/qcv_files' [oneflux.pipeline.common]
2025-06-13 07:10:32.958 [DEBUG   ] Pipeline qc_visual.post_validate directory is '/global/home/users/sytoanngo/ONEFlux/data/US-ARc_sample_output/01_qc_visual/qcv_files' [oneflux.pipeline.common]
2025-06-13 07:10:32.961 [DEBUG   ] Pipeline qc_visual.post_validate in '/global/home/users/sytoanngo/ONEFlux/data/US-ARc_sample_output/01_qc_visual/qcv_files' found file pattern 'US-ARc_qcv_????.csv' (2 occurrences): ['US-ARc_qcv_2005.csv', 'US-ARc_qcv_2006.csv'] [oneflux.pipeline.common]
2025-06-13 07:10:32.962 [DEBUG   ] Pipeline meteo_proc.post_validate directory is '/global/home/users/sytoanngo/ONEFlux/data/US-ARc_sample_output/07_meteo_proc' [oneflux.pipeline.common]
2025-06-13 07:10:32.963 [DEBUG   ] Pipeline meteo_proc.post_validate file is '/global/home/users/sytoanngo/ONEFlux/data/US-ARc_sample_output/07_meteo_proc/US-ARc_meteo_hh.csv' [oneflux.pipeline.common]
2025-06-13 07:10:32.964 [DEBUG   ] Pipeline meteo_proc.post_validate file is '/global/home/users/sytoanngo/ONEFlux/data/US-ARc_sample_output/07_meteo_proc/US-ARc_meteo_dd.csv' [oneflux.pipeline.common]
2025-06-13 07:10:32.966 [DEBUG   ] Pipeline meteo_proc.post_validate file is '/global/home/users/sytoanngo/ONEFlux/data/US-ARc_sample_output/07_meteo_proc/US-ARc_meteo_ww.csv' [oneflux.pipeline.common]
2025-06-13 07:10:32.967 [DEBUG   ] Pipeline meteo_proc.post_validate file is '/global/home/users/sytoanngo/ONEFlux/data/US-ARc_sample_output/07_meteo_proc/US-ARc_meteo_mm.csv' [oneflux.pipeline.common]
2025-06-13 07:10:32.968 [DEBUG   ] Pipeline meteo_proc.post_validate file is '/global/home/users/sytoanngo/ONEFlux/data/US-ARc_sample_output/07_meteo_proc/US-ARc_meteo_yy.csv' [oneflux.pipeline.common]
2025-06-13 07:10:32.968 [DEBUG   ] Pipeline meteo_proc.post_validate directory is '/global/home/users/sytoanngo/ONEFlux/data/US-ARc_sample_output/07_meteo_proc' [oneflux.pipeline.common]
2025-06-13 07:10:32.971 [DEBUG   ] Pipeline meteo_proc.post_validate in '/global/home/users/sytoanngo/ONEFlux/data/US-ARc_sample_output/07_meteo_proc' found file pattern 'report_*.txt' (1 occurrences): ['report_rocky.lbl.gov_run20180903T192021.txt'] [oneflux.pipeline.common]
2025-06-13 07:10:32.971 [DEBUG   ] Pipeline meteo_proc.post_validate file is '/global/home/users/sytoanngo/ONEFlux/data/US-ARc_sample_output/07_meteo_proc/US-ARc_meteo_hh_info.txt' [oneflux.pipeline.common]
2025-06-13 07:10:32.971 [DEBUG   ] Pipeline meteo_proc.post_validate file is '/global/home/users/sytoanngo/ONEFlux/data/US-ARc_sample_output/07_meteo_proc/US-ARc_meteo_dd_info.txt' [oneflux.pipeline.common]
2025-06-13 07:10:32.972 [DEBUG   ] Pipeline meteo_proc.post_validate file is '/global/home/users/sytoanngo/ONEFlux/data/US-ARc_sample_output/07_meteo_proc/US-ARc_meteo_ww_info.txt' [oneflux.pipeline.common]
2025-06-13 07:10:32.972 [DEBUG   ] Pipeline meteo_proc.post_validate file is '/global/home/users/sytoanngo/ONEFlux/data/US-ARc_sample_output/07_meteo_proc/US-ARc_meteo_mm_info.txt' [oneflux.pipeline.common]
2025-06-13 07:10:32.972 [DEBUG   ] Pipeline meteo_proc.post_validate file is '/global/home/users/sytoanngo/ONEFlux/data/US-ARc_sample_output/07_meteo_proc/US-ARc_meteo_yy_info.txt' [oneflux.pipeline.common]
2025-06-13 07:10:32.973 [DEBUG   ] Pipeline nee_proc.post_validate directory is '/global/home/users/sytoanngo/ONEFlux/data/US-ARc_sample_output/08_nee_proc' [oneflux.pipeline.common]
2025-06-13 07:10:32.974 [DEBUG   ] Pipeline nee_proc.post_validate file is '/global/home/users/sytoanngo/ONEFlux/data/US-ARc_sample_output/08_nee_proc/US-ARc_NEE_hh.csv' [oneflux.pipeline.common]
2025-06-13 07:10:32.975 [DEBUG   ] Pipeline nee_proc.post_validate file is '/global/home/users/sytoanngo/ONEFlux/data/US-ARc_sample_output/08_nee_proc/US-ARc_NEE_dd.csv' [oneflux.pipeline.common]
2025-06-13 07:10:32.977 [DEBUG   ] Pipeline nee_proc.post_validate file is '/global/home/users/sytoanngo/ONEFlux/data/US-ARc_sample_output/08_nee_proc/US-ARc_NEE_ww.csv' [oneflux.pipeline.common]
2025-06-13 07:10:32.978 [DEBUG   ] Pipeline nee_proc.post_validate file is '/global/home/users/sytoanngo/ONEFlux/data/US-ARc_sample_output/08_nee_proc/US-ARc_NEE_mm.csv' [oneflux.pipeline.common]
2025-06-13 07:10:32.979 [DEBUG   ] Pipeline nee_proc.post_validate file is '/global/home/users/sytoanngo/ONEFlux/data/US-ARc_sample_output/08_nee_proc/US-ARc_NEE_yy.csv' [oneflux.pipeline.common]
2025-06-13 07:10:32.979 [DEBUG   ] Pipeline nee_proc.post_validate directory is '/global/home/users/sytoanngo/ONEFlux/data/US-ARc_sample_output/08_nee_proc' [oneflux.pipeline.common]
2025-06-13 07:10:32.982 [DEBUG   ] Pipeline nee_proc.post_validate in '/global/home/users/sytoanngo/ONEFlux/data/US-ARc_sample_output/08_nee_proc' found file pattern 'report_*.txt' (1 occurrences): ['report_rocky.lbl.gov_run20180903T192021.txt'] [oneflux.pipeline.common]
2025-06-13 07:10:32.982 [DEBUG   ] Pipeline nee_proc.post_validate file is '/global/home/users/sytoanngo/ONEFlux/data/US-ARc_sample_output/08_nee_proc/US-ARc_NEE_hh_info.txt' [oneflux.pipeline.common]
2025-06-13 07:10:32.983 [DEBUG   ] Pipeline nee_proc.post_validate file is '/global/home/users/sytoanngo/ONEFlux/data/US-ARc_sample_output/08_nee_proc/US-ARc_NEE_ww_info.txt' [oneflux.pipeline.common]
2025-06-13 07:10:32.983 [DEBUG   ] Pipeline nee_proc.post_validate file is '/global/home/users/sytoanngo/ONEFlux/data/US-ARc_sample_output/08_nee_proc/US-ARc_NEE_dd_info.txt' [oneflux.pipeline.common]
2025-06-13 07:10:32.983 [DEBUG   ] Pipeline nee_proc.post_validate file is '/global/home/users/sytoanngo/ONEFlux/data/US-ARc_sample_output/08_nee_proc/US-ARc_NEE_mm_info.txt' [oneflux.pipeline.common]
2025-06-13 07:10:32.983 [DEBUG   ] Pipeline nee_proc.post_validate file is '/global/home/users/sytoanngo/ONEFlux/data/US-ARc_sample_output/08_nee_proc/US-ARc_NEE_yy_info.txt' [oneflux.pipeline.common]
2025-06-13 07:10:32.983 [DEBUG   ] Pipeline nee_proc.post_validate file is '/global/home/users/sytoanngo/ONEFlux/data/US-ARc_sample_output/08_nee_proc/US-ARc_USTAR_percentiles_y.csv' [oneflux.pipeline.common]
2025-06-13 07:10:32.984 [DEBUG   ] Pipeline nee_proc.post_validate file is '/global/home/users/sytoanngo/ONEFlux/data/US-ARc_sample_output/08_nee_proc/US-ARc_NEE_percentiles_y_hh.csv' [oneflux.pipeline.common]
2025-06-13 07:10:32.984 [WARNING ] Pipeline nee_proc.post_validate file not found '/global/home/users/sytoanngo/ONEFlux/data/US-ARc_sample_output/08_nee_proc/US-ARc_NEE_percentiles_y.csv' [oneflux.pipeline.common]
2025-06-13 07:10:32.984 [DEBUG   ] Pipeline nee_proc.post_validate directory is '/global/home/users/sytoanngo/ONEFlux/data/US-ARc_sample_output/08_nee_proc' [oneflux.pipeline.common]
2025-06-13 07:10:32.986 [WARNING ] Pipeline nee_proc.post_validate file with pattern 'US-ARc_????_????_USTAR_percentiles_c.csv' not found in '/global/home/users/sytoanngo/ONEFlux/data/US-ARc_sample_output/08_nee_proc' [oneflux.pipeline.common]
2025-06-13 07:10:32.987 [WARNING ] Pipeline nee_proc.post_validate file not found '/global/home/users/sytoanngo/ONEFlux/data/US-ARc_sample_output/08_nee_proc/US-ARc_NEE_percentiles_c_hh.csv' [oneflux.pipeline.common]
2025-06-13 07:10:32.987 [WARNING ] Pipeline nee_proc.post_validate file not found '/global/home/users/sytoanngo/ONEFlux/data/US-ARc_sample_output/08_nee_proc/US-ARc_NEE_percentiles_c.csv' [oneflux.pipeline.common]
2025-06-13 07:10:32.988 [WARNING ] Pipeline nee_proc.post_validate none of the 2 files found in '/global/home/users/sytoanngo/ONEFlux/data/US-ARc_sample_output/08_nee_proc' [['US-ARc_NEE_percentiles_c_hh.csv', 'US-ARc_NEE_percentiles_c.csv']] [oneflux.pipeline.common]
2025-06-13 07:10:32.989 [DEBUG   ] Pipeline energy_proc.post_validate directory is '/global/home/users/sytoanngo/ONEFlux/data/US-ARc_sample_output/09_energy_proc' [oneflux.pipeline.common]
2025-06-13 07:10:32.990 [DEBUG   ] Pipeline energy_proc.post_validate file is '/global/home/users/sytoanngo/ONEFlux/data/US-ARc_sample_output/09_energy_proc/US-ARc_energy_hh_info.txt' [oneflux.pipeline.common]
2025-06-13 07:10:32.991 [DEBUG   ] Pipeline energy_proc.post_validate file is '/global/home/users/sytoanngo/ONEFlux/data/US-ARc_sample_output/09_energy_proc/US-ARc_energy_dd_info.txt' [oneflux.pipeline.common]
2025-06-13 07:10:32.992 [DEBUG   ] Pipeline energy_proc.post_validate file is '/global/home/users/sytoanngo/ONEFlux/data/US-ARc_sample_output/09_energy_proc/US-ARc_energy_ww_info.txt' [oneflux.pipeline.common]
2025-06-13 07:10:32.994 [DEBUG   ] Pipeline energy_proc.post_validate file is '/global/home/users/sytoanngo/ONEFlux/data/US-ARc_sample_output/09_energy_proc/US-ARc_energy_mm_info.txt' [oneflux.pipeline.common]
2025-06-13 07:10:32.995 [DEBUG   ] Pipeline energy_proc.post_validate file is '/global/home/users/sytoanngo/ONEFlux/data/US-ARc_sample_output/09_energy_proc/US-ARc_energy_yy_info.txt' [oneflux.pipeline.common]
2025-06-13 07:10:32.996 [DEBUG   ] Pipeline energy_proc.post_validate file is '/global/home/users/sytoanngo/ONEFlux/data/US-ARc_sample_output/09_energy_proc/US-ARc_energy_hh.csv' [oneflux.pipeline.common]
2025-06-13 07:10:32.997 [DEBUG   ] Pipeline energy_proc.post_validate file is '/global/home/users/sytoanngo/ONEFlux/data/US-ARc_sample_output/09_energy_proc/US-ARc_energy_dd.csv' [oneflux.pipeline.common]
2025-06-13 07:10:32.998 [DEBUG   ] Pipeline energy_proc.post_validate file is '/global/home/users/sytoanngo/ONEFlux/data/US-ARc_sample_output/09_energy_proc/US-ARc_energy_ww.csv' [oneflux.pipeline.common]
2025-06-13 07:10:32.999 [DEBUG   ] Pipeline energy_proc.post_validate file is '/global/home/users/sytoanngo/ONEFlux/data/US-ARc_sample_output/09_energy_proc/US-ARc_energy_mm.csv' [oneflux.pipeline.common]
2025-06-13 07:10:33.000 [DEBUG   ] Pipeline energy_proc.post_validate file is '/global/home/users/sytoanngo/ONEFlux/data/US-ARc_sample_output/09_energy_proc/US-ARc_energy_yy.csv' [oneflux.pipeline.common]
2025-06-13 07:10:33.000 [DEBUG   ] Pipeline energy_proc.post_validate directory is '/global/home/users/sytoanngo/ONEFlux/data/US-ARc_sample_output/09_energy_proc' [oneflux.pipeline.common]
2025-06-13 07:10:33.002 [DEBUG   ] Pipeline energy_proc.post_validate in '/global/home/users/sytoanngo/ONEFlux/data/US-ARc_sample_output/09_energy_proc' found file pattern 'report_*.txt' (1 occurrences): ['report_rocky.lbl.gov_run20180903T192021.txt'] [oneflux.pipeline.common]
2025-06-13 07:10:33.003 [DEBUG   ] Pipeline ure.post_validate directory is '/global/home/users/sytoanngo/ONEFlux/data/US-ARc_sample_output/12_ure' [oneflux.pipeline.common]
2025-06-13 07:10:33.005 [DEBUG   ] Pipeline ure.post_validate file is '/global/home/users/sytoanngo/ONEFlux/data/US-ARc_sample_output/12_ure/US-ARc_DT_GPP_dd.csv' [oneflux.pipeline.common]
2025-06-13 07:10:33.006 [DEBUG   ] Pipeline ure.post_validate file is '/global/home/users/sytoanngo/ONEFlux/data/US-ARc_sample_output/12_ure/US-ARc_DT_GPP_hh.csv' [oneflux.pipeline.common]
2025-06-13 07:10:33.007 [DEBUG   ] Pipeline ure.post_validate file is '/global/home/users/sytoanngo/ONEFlux/data/US-ARc_sample_output/12_ure/US-ARc_DT_GPP_mm.csv' [oneflux.pipeline.common]
2025-06-13 07:10:33.008 [DEBUG   ] Pipeline ure.post_validate file is '/global/home/users/sytoanngo/ONEFlux/data/US-ARc_sample_output/12_ure/US-ARc_DT_GPP_ww.csv' [oneflux.pipeline.common]
2025-06-13 07:10:33.010 [DEBUG   ] Pipeline ure.post_validate file is '/global/home/users/sytoanngo/ONEFlux/data/US-ARc_sample_output/12_ure/US-ARc_DT_GPP_yy.csv' [oneflux.pipeline.common]
2025-06-13 07:10:33.011 [DEBUG   ] Pipeline ure.post_validate file is '/global/home/users/sytoanngo/ONEFlux/data/US-ARc_sample_output/12_ure/US-ARc_DT_RECO_dd.csv' [oneflux.pipeline.common]
2025-06-13 07:10:33.012 [DEBUG   ] Pipeline ure.post_validate file is '/global/home/users/sytoanngo/ONEFlux/data/US-ARc_sample_output/12_ure/US-ARc_DT_RECO_hh.csv' [oneflux.pipeline.common]
2025-06-13 07:10:33.013 [DEBUG   ] Pipeline ure.post_validate file is '/global/home/users/sytoanngo/ONEFlux/data/US-ARc_sample_output/12_ure/US-ARc_DT_RECO_mm.csv' [oneflux.pipeline.common]
2025-06-13 07:10:33.014 [DEBUG   ] Pipeline ure.post_validate file is '/global/home/users/sytoanngo/ONEFlux/data/US-ARc_sample_output/12_ure/US-ARc_DT_RECO_ww.csv' [oneflux.pipeline.common]
2025-06-13 07:10:33.015 [DEBUG   ] Pipeline ure.post_validate file is '/global/home/users/sytoanngo/ONEFlux/data/US-ARc_sample_output/12_ure/US-ARc_DT_RECO_yy.csv' [oneflux.pipeline.common]
2025-06-13 07:10:33.016 [DEBUG   ] Pipeline ure.post_validate file is '/global/home/users/sytoanngo/ONEFlux/data/US-ARc_sample_output/12_ure/US-ARc_NT_GPP_dd.csv' [oneflux.pipeline.common]
2025-06-13 07:10:33.017 [DEBUG   ] Pipeline ure.post_validate file is '/global/home/users/sytoanngo/ONEFlux/data/US-ARc_sample_output/12_ure/US-ARc_NT_GPP_hh.csv' [oneflux.pipeline.common]
2025-06-13 07:10:33.019 [DEBUG   ] Pipeline ure.post_validate file is '/global/home/users/sytoanngo/ONEFlux/data/US-ARc_sample_output/12_ure/US-ARc_NT_GPP_mm.csv' [oneflux.pipeline.common]
2025-06-13 07:10:33.020 [DEBUG   ] Pipeline ure.post_validate file is '/global/home/users/sytoanngo/ONEFlux/data/US-ARc_sample_output/12_ure/US-ARc_NT_GPP_ww.csv' [oneflux.pipeline.common]
2025-06-13 07:10:33.021 [DEBUG   ] Pipeline ure.post_validate file is '/global/home/users/sytoanngo/ONEFlux/data/US-ARc_sample_output/12_ure/US-ARc_NT_GPP_yy.csv' [oneflux.pipeline.common]
2025-06-13 07:10:33.022 [DEBUG   ] Pipeline ure.post_validate file is '/global/home/users/sytoanngo/ONEFlux/data/US-ARc_sample_output/12_ure/US-ARc_NT_RECO_dd.csv' [oneflux.pipeline.common]
2025-06-13 07:10:33.022 [DEBUG   ] Pipeline ure.post_validate file is '/global/home/users/sytoanngo/ONEFlux/data/US-ARc_sample_output/12_ure/US-ARc_NT_RECO_hh.csv' [oneflux.pipeline.common]
2025-06-13 07:10:33.023 [DEBUG   ] Pipeline ure.post_validate file is '/global/home/users/sytoanngo/ONEFlux/data/US-ARc_sample_output/12_ure/US-ARc_NT_RECO_mm.csv' [oneflux.pipeline.common]
2025-06-13 07:10:33.025 [DEBUG   ] Pipeline ure.post_validate file is '/global/home/users/sytoanngo/ONEFlux/data/US-ARc_sample_output/12_ure/US-ARc_NT_RECO_ww.csv' [oneflux.pipeline.common]
2025-06-13 07:10:33.026 [DEBUG   ] Pipeline ure.post_validate file is '/global/home/users/sytoanngo/ONEFlux/data/US-ARc_sample_output/12_ure/US-ARc_NT_RECO_yy.csv' [oneflux.pipeline.common]
2025-06-13 07:10:33.026 [DEBUG   ] Pipeline ure.post_validate directory is '/global/home/users/sytoanngo/ONEFlux/data/US-ARc_sample_output/12_ure' [oneflux.pipeline.common]
2025-06-13 07:10:33.029 [DEBUG   ] Pipeline ure.post_validate in '/global/home/users/sytoanngo/ONEFlux/data/US-ARc_sample_output/12_ure' found file pattern 'report_*.txt' (1 occurrences): ['report_rocky.lbl.gov_run20180903T192021.txt'] [oneflux.pipeline.common]
2025-06-13 07:10:33.029 [DEBUG   ] Pipeline ure.post_validate file is '/global/home/users/sytoanngo/ONEFlux/data/US-ARc_sample_output/12_ure/US-ARc_DT_GPP_dd_info.txt' [oneflux.pipeline.common]
2025-06-13 07:10:33.030 [DEBUG   ] Pipeline ure.post_validate file is '/global/home/users/sytoanngo/ONEFlux/data/US-ARc_sample_output/12_ure/US-ARc_DT_GPP_hh_info.txt' [oneflux.pipeline.common]
2025-06-13 07:10:33.030 [DEBUG   ] Pipeline ure.post_validate file is '/global/home/users/sytoanngo/ONEFlux/data/US-ARc_sample_output/12_ure/US-ARc_DT_GPP_mm_info.txt' [oneflux.pipeline.common]
2025-06-13 07:10:33.030 [DEBUG   ] Pipeline ure.post_validate file is '/global/home/users/sytoanngo/ONEFlux/data/US-ARc_sample_output/12_ure/US-ARc_DT_GPP_ww_info.txt' [oneflux.pipeline.common]
2025-06-13 07:10:33.030 [DEBUG   ] Pipeline ure.post_validate file is '/global/home/users/sytoanngo/ONEFlux/data/US-ARc_sample_output/12_ure/US-ARc_DT_GPP_yy_info.txt' [oneflux.pipeline.common]
2025-06-13 07:10:33.030 [DEBUG   ] Pipeline ure.post_validate file is '/global/home/users/sytoanngo/ONEFlux/data/US-ARc_sample_output/12_ure/US-ARc_DT_RECO_dd_info.txt' [oneflux.pipeline.common]
2025-06-13 07:10:33.031 [DEBUG   ] Pipeline ure.post_validate file is '/global/home/users/sytoanngo/ONEFlux/data/US-ARc_sample_output/12_ure/US-ARc_DT_RECO_hh_info.txt' [oneflux.pipeline.common]
2025-06-13 07:10:33.031 [DEBUG   ] Pipeline ure.post_validate file is '/global/home/users/sytoanngo/ONEFlux/data/US-ARc_sample_output/12_ure/US-ARc_DT_RECO_mm_info.txt' [oneflux.pipeline.common]
2025-06-13 07:10:33.031 [DEBUG   ] Pipeline ure.post_validate file is '/global/home/users/sytoanngo/ONEFlux/data/US-ARc_sample_output/12_ure/US-ARc_DT_RECO_ww_info.txt' [oneflux.pipeline.common]
2025-06-13 07:10:33.031 [DEBUG   ] Pipeline ure.post_validate file is '/global/home/users/sytoanngo/ONEFlux/data/US-ARc_sample_output/12_ure/US-ARc_DT_RECO_yy_info.txt' [oneflux.pipeline.common]
2025-06-13 07:10:33.031 [DEBUG   ] Pipeline ure.post_validate file is '/global/home/users/sytoanngo/ONEFlux/data/US-ARc_sample_output/12_ure/US-ARc_NT_GPP_dd_info.txt' [oneflux.pipeline.common]
2025-06-13 07:10:33.032 [DEBUG   ] Pipeline ure.post_validate file is '/global/home/users/sytoanngo/ONEFlux/data/US-ARc_sample_output/12_ure/US-ARc_NT_GPP_hh_info.txt' [oneflux.pipeline.common]
2025-06-13 07:10:33.032 [DEBUG   ] Pipeline ure.post_validate file is '/global/home/users/sytoanngo/ONEFlux/data/US-ARc_sample_output/12_ure/US-ARc_NT_GPP_mm_info.txt' [oneflux.pipeline.common]
2025-06-13 07:10:33.032 [DEBUG   ] Pipeline ure.post_validate file is '/global/home/users/sytoanngo/ONEFlux/data/US-ARc_sample_output/12_ure/US-ARc_NT_GPP_ww_info.txt' [oneflux.pipeline.common]
2025-06-13 07:10:33.032 [DEBUG   ] Pipeline ure.post_validate file is '/global/home/users/sytoanngo/ONEFlux/data/US-ARc_sample_output/12_ure/US-ARc_NT_GPP_yy_info.txt' [oneflux.pipeline.common]
2025-06-13 07:10:33.032 [DEBUG   ] Pipeline ure.post_validate file is '/global/home/users/sytoanngo/ONEFlux/data/US-ARc_sample_output/12_ure/US-ARc_NT_RECO_dd_info.txt' [oneflux.pipeline.common]
2025-06-13 07:10:33.033 [DEBUG   ] Pipeline ure.post_validate file is '/global/home/users/sytoanngo/ONEFlux/data/US-ARc_sample_output/12_ure/US-ARc_NT_RECO_hh_info.txt' [oneflux.pipeline.common]
2025-06-13 07:10:33.033 [DEBUG   ] Pipeline ure.post_validate file is '/global/home/users/sytoanngo/ONEFlux/data/US-ARc_sample_output/12_ure/US-ARc_NT_RECO_mm_info.txt' [oneflux.pipeline.common]
2025-06-13 07:10:33.033 [DEBUG   ] Pipeline ure.post_validate file is '/global/home/users/sytoanngo/ONEFlux/data/US-ARc_sample_output/12_ure/US-ARc_NT_RECO_ww_info.txt' [oneflux.pipeline.common]
2025-06-13 07:10:33.033 [DEBUG   ] Pipeline ure.post_validate file is '/global/home/users/sytoanngo/ONEFlux/data/US-ARc_sample_output/12_ure/US-ARc_NT_RECO_yy_info.txt' [oneflux.pipeline.common]
2025-06-13 07:10:33.033 [DEBUG   ] Pipeline ure.post_validate directory is '/global/home/users/sytoanngo/ONEFlux/data/US-ARc_sample_output/12_ure' [oneflux.pipeline.common]
2025-06-13 07:10:33.035 [WARNING ] Pipeline ure.post_validate file with pattern 'US-ARc_DT_GPP_mef_matrix_dd_c_????_????.csv' not found in '/global/home/users/sytoanngo/ONEFlux/data/US-ARc_sample_output/12_ure' [oneflux.pipeline.common]
2025-06-13 07:10:33.035 [DEBUG   ] Pipeline ure.post_validate directory is '/global/home/users/sytoanngo/ONEFlux/data/US-ARc_sample_output/12_ure' [oneflux.pipeline.common]
2025-06-13 07:10:33.037 [DEBUG   ] Pipeline ure.post_validate in '/global/home/users/sytoanngo/ONEFlux/data/US-ARc_sample_output/12_ure' found file pattern 'US-ARc_DT_GPP_mef_matrix_dd_y_????_????.csv' (1 occurrences): ['US-ARc_DT_GPP_mef_matrix_dd_y_2005_2006.csv'] [oneflux.pipeline.common]
2025-06-13 07:10:33.037 [DEBUG   ] Pipeline ure.post_validate directory is '/global/home/users/sytoanngo/ONEFlux/data/US-ARc_sample_output/12_ure' [oneflux.pipeline.common]
2025-06-13 07:10:33.039 [WARNING ] Pipeline ure.post_validate file with pattern 'US-ARc_DT_GPP_mef_matrix_hh_c_????_????.csv' not found in '/global/home/users/sytoanngo/ONEFlux/data/US-ARc_sample_output/12_ure' [oneflux.pipeline.common]
2025-06-13 07:10:33.039 [DEBUG   ] Pipeline ure.post_validate directory is '/global/home/users/sytoanngo/ONEFlux/data/US-ARc_sample_output/12_ure' [oneflux.pipeline.common]
2025-06-13 07:10:33.041 [DEBUG   ] Pipeline ure.post_validate in '/global/home/users/sytoanngo/ONEFlux/data/US-ARc_sample_output/12_ure' found file pattern 'US-ARc_DT_GPP_mef_matrix_hh_y_????_????.csv' (1 occurrences): ['US-ARc_DT_GPP_mef_matrix_hh_y_2005_2006.csv'] [oneflux.pipeline.common]
2025-06-13 07:10:33.041 [DEBUG   ] Pipeline ure.post_validate directory is '/global/home/users/sytoanngo/ONEFlux/data/US-ARc_sample_output/12_ure' [oneflux.pipeline.common]
2025-06-13 07:10:33.042 [WARNING ] Pipeline ure.post_validate file with pattern 'US-ARc_DT_GPP_mef_matrix_mm_c_????_????.csv' not found in '/global/home/users/sytoanngo/ONEFlux/data/US-ARc_sample_output/12_ure' [oneflux.pipeline.common]
2025-06-13 07:10:33.043 [DEBUG   ] Pipeline ure.post_validate directory is '/global/home/users/sytoanngo/ONEFlux/data/US-ARc_sample_output/12_ure' [oneflux.pipeline.common]
2025-06-13 07:10:33.044 [DEBUG   ] Pipeline ure.post_validate in '/global/home/users/sytoanngo/ONEFlux/data/US-ARc_sample_output/12_ure' found file pattern 'US-ARc_DT_GPP_mef_matrix_mm_y_????_????.csv' (1 occurrences): ['US-ARc_DT_GPP_mef_matrix_mm_y_2005_2006.csv'] [oneflux.pipeline.common]
2025-06-13 07:10:33.045 [DEBUG   ] Pipeline ure.post_validate directory is '/global/home/users/sytoanngo/ONEFlux/data/US-ARc_sample_output/12_ure' [oneflux.pipeline.common]
2025-06-13 07:10:33.046 [WARNING ] Pipeline ure.post_validate file with pattern 'US-ARc_DT_GPP_mef_matrix_ww_c_????_????.csv' not found in '/global/home/users/sytoanngo/ONEFlux/data/US-ARc_sample_output/12_ure' [oneflux.pipeline.common]
2025-06-13 07:10:33.046 [DEBUG   ] Pipeline ure.post_validate directory is '/global/home/users/sytoanngo/ONEFlux/data/US-ARc_sample_output/12_ure' [oneflux.pipeline.common]
2025-06-13 07:10:33.048 [DEBUG   ] Pipeline ure.post_validate in '/global/home/users/sytoanngo/ONEFlux/data/US-ARc_sample_output/12_ure' found file pattern 'US-ARc_DT_GPP_mef_matrix_ww_y_????_????.csv' (1 occurrences): ['US-ARc_DT_GPP_mef_matrix_ww_y_2005_2006.csv'] [oneflux.pipeline.common]
2025-06-13 07:10:33.048 [DEBUG   ] Pipeline ure.post_validate directory is '/global/home/users/sytoanngo/ONEFlux/data/US-ARc_sample_output/12_ure' [oneflux.pipeline.common]
2025-06-13 07:10:33.050 [WARNING ] Pipeline ure.post_validate file with pattern 'US-ARc_DT_GPP_mef_matrix_yy_c_????_????.csv' not found in '/global/home/users/sytoanngo/ONEFlux/data/US-ARc_sample_output/12_ure' [oneflux.pipeline.common]
2025-06-13 07:10:33.050 [DEBUG   ] Pipeline ure.post_validate directory is '/global/home/users/sytoanngo/ONEFlux/data/US-ARc_sample_output/12_ure' [oneflux.pipeline.common]
2025-06-13 07:10:33.051 [DEBUG   ] Pipeline ure.post_validate in '/global/home/users/sytoanngo/ONEFlux/data/US-ARc_sample_output/12_ure' found file pattern 'US-ARc_DT_GPP_mef_matrix_yy_y_????_????.csv' (1 occurrences): ['US-ARc_DT_GPP_mef_matrix_yy_y_2005_2006.csv'] [oneflux.pipeline.common]
2025-06-13 07:10:33.052 [DEBUG   ] Pipeline ure.post_validate directory is '/global/home/users/sytoanngo/ONEFlux/data/US-ARc_sample_output/12_ure' [oneflux.pipeline.common]
2025-06-13 07:10:33.053 [WARNING ] Pipeline ure.post_validate file with pattern 'US-ARc_DT_RECO_mef_matrix_dd_c_????_????.csv' not found in '/global/home/users/sytoanngo/ONEFlux/data/US-ARc_sample_output/12_ure' [oneflux.pipeline.common]
2025-06-13 07:10:33.054 [DEBUG   ] Pipeline ure.post_validate directory is '/global/home/users/sytoanngo/ONEFlux/data/US-ARc_sample_output/12_ure' [oneflux.pipeline.common]
2025-06-13 07:10:33.055 [DEBUG   ] Pipeline ure.post_validate in '/global/home/users/sytoanngo/ONEFlux/data/US-ARc_sample_output/12_ure' found file pattern 'US-ARc_DT_RECO_mef_matrix_dd_y_????_????.csv' (1 occurrences): ['US-ARc_DT_RECO_mef_matrix_dd_y_2005_2006.csv'] [oneflux.pipeline.common]
2025-06-13 07:10:33.055 [DEBUG   ] Pipeline ure.post_validate directory is '/global/home/users/sytoanngo/ONEFlux/data/US-ARc_sample_output/12_ure' [oneflux.pipeline.common]
2025-06-13 07:10:33.057 [WARNING ] Pipeline ure.post_validate file with pattern 'US-ARc_DT_RECO_mef_matrix_hh_c_????_????.csv' not found in '/global/home/users/sytoanngo/ONEFlux/data/US-ARc_sample_output/12_ure' [oneflux.pipeline.common]
2025-06-13 07:10:33.057 [DEBUG   ] Pipeline ure.post_validate directory is '/global/home/users/sytoanngo/ONEFlux/data/US-ARc_sample_output/12_ure' [oneflux.pipeline.common]
2025-06-13 07:10:33.059 [DEBUG   ] Pipeline ure.post_validate in '/global/home/users/sytoanngo/ONEFlux/data/US-ARc_sample_output/12_ure' found file pattern 'US-ARc_DT_RECO_mef_matrix_hh_y_????_????.csv' (1 occurrences): ['US-ARc_DT_RECO_mef_matrix_hh_y_2005_2006.csv'] [oneflux.pipeline.common]
2025-06-13 07:10:33.059 [DEBUG   ] Pipeline ure.post_validate directory is '/global/home/users/sytoanngo/ONEFlux/data/US-ARc_sample_output/12_ure' [oneflux.pipeline.common]
2025-06-13 07:10:33.061 [WARNING ] Pipeline ure.post_validate file with pattern 'US-ARc_DT_RECO_mef_matrix_mm_c_????_????.csv' not found in '/global/home/users/sytoanngo/ONEFlux/data/US-ARc_sample_output/12_ure' [oneflux.pipeline.common]
2025-06-13 07:10:33.061 [DEBUG   ] Pipeline ure.post_validate directory is '/global/home/users/sytoanngo/ONEFlux/data/US-ARc_sample_output/12_ure' [oneflux.pipeline.common]
2025-06-13 07:10:33.062 [DEBUG   ] Pipeline ure.post_validate in '/global/home/users/sytoanngo/ONEFlux/data/US-ARc_sample_output/12_ure' found file pattern 'US-ARc_DT_RECO_mef_matrix_mm_y_????_????.csv' (1 occurrences): ['US-ARc_DT_RECO_mef_matrix_mm_y_2005_2006.csv'] [oneflux.pipeline.common]
2025-06-13 07:10:33.063 [DEBUG   ] Pipeline ure.post_validate directory is '/global/home/users/sytoanngo/ONEFlux/data/US-ARc_sample_output/12_ure' [oneflux.pipeline.common]
2025-06-13 07:10:33.064 [WARNING ] Pipeline ure.post_validate file with pattern 'US-ARc_DT_RECO_mef_matrix_ww_c_????_????.csv' not found in '/global/home/users/sytoanngo/ONEFlux/data/US-ARc_sample_output/12_ure' [oneflux.pipeline.common]
2025-06-13 07:10:33.065 [DEBUG   ] Pipeline ure.post_validate directory is '/global/home/users/sytoanngo/ONEFlux/data/US-ARc_sample_output/12_ure' [oneflux.pipeline.common]
2025-06-13 07:10:33.066 [DEBUG   ] Pipeline ure.post_validate in '/global/home/users/sytoanngo/ONEFlux/data/US-ARc_sample_output/12_ure' found file pattern 'US-ARc_DT_RECO_mef_matrix_ww_y_????_????.csv' (1 occurrences): ['US-ARc_DT_RECO_mef_matrix_ww_y_2005_2006.csv'] [oneflux.pipeline.common]
2025-06-13 07:10:33.066 [DEBUG   ] Pipeline ure.post_validate directory is '/global/home/users/sytoanngo/ONEFlux/data/US-ARc_sample_output/12_ure' [oneflux.pipeline.common]
2025-06-13 07:10:33.068 [WARNING ] Pipeline ure.post_validate file with pattern 'US-ARc_DT_RECO_mef_matrix_yy_c_????_????.csv' not found in '/global/home/users/sytoanngo/ONEFlux/data/US-ARc_sample_output/12_ure' [oneflux.pipeline.common]
2025-06-13 07:10:33.068 [DEBUG   ] Pipeline ure.post_validate directory is '/global/home/users/sytoanngo/ONEFlux/data/US-ARc_sample_output/12_ure' [oneflux.pipeline.common]
2025-06-13 07:10:33.070 [DEBUG   ] Pipeline ure.post_validate in '/global/home/users/sytoanngo/ONEFlux/data/US-ARc_sample_output/12_ure' found file pattern 'US-ARc_DT_RECO_mef_matrix_yy_y_????_????.csv' (1 occurrences): ['US-ARc_DT_RECO_mef_matrix_yy_y_2005_2006.csv'] [oneflux.pipeline.common]
2025-06-13 07:10:33.070 [DEBUG   ] Pipeline ure.post_validate directory is '/global/home/users/sytoanngo/ONEFlux/data/US-ARc_sample_output/12_ure' [oneflux.pipeline.common]
2025-06-13 07:10:33.072 [WARNING ] Pipeline ure.post_validate file with pattern 'US-ARc_NT_GPP_mef_matrix_dd_c_????_????.csv' not found in '/global/home/users/sytoanngo/ONEFlux/data/US-ARc_sample_output/12_ure' [oneflux.pipeline.common]
2025-06-13 07:10:33.072 [DEBUG   ] Pipeline ure.post_validate directory is '/global/home/users/sytoanngo/ONEFlux/data/US-ARc_sample_output/12_ure' [oneflux.pipeline.common]
2025-06-13 07:10:33.073 [DEBUG   ] Pipeline ure.post_validate in '/global/home/users/sytoanngo/ONEFlux/data/US-ARc_sample_output/12_ure' found file pattern 'US-ARc_NT_GPP_mef_matrix_dd_y_????_????.csv' (1 occurrences): ['US-ARc_NT_GPP_mef_matrix_dd_y_2005_2006.csv'] [oneflux.pipeline.common]
2025-06-13 07:10:33.074 [DEBUG   ] Pipeline ure.post_validate directory is '/global/home/users/sytoanngo/ONEFlux/data/US-ARc_sample_output/12_ure' [oneflux.pipeline.common]
2025-06-13 07:10:33.075 [WARNING ] Pipeline ure.post_validate file with pattern 'US-ARc_NT_GPP_mef_matrix_hh_c_????_????.csv' not found in '/global/home/users/sytoanngo/ONEFlux/data/US-ARc_sample_output/12_ure' [oneflux.pipeline.common]
2025-06-13 07:10:33.076 [DEBUG   ] Pipeline ure.post_validate directory is '/global/home/users/sytoanngo/ONEFlux/data/US-ARc_sample_output/12_ure' [oneflux.pipeline.common]
2025-06-13 07:10:33.078 [DEBUG   ] Pipeline ure.post_validate in '/global/home/users/sytoanngo/ONEFlux/data/US-ARc_sample_output/12_ure' found file pattern 'US-ARc_NT_GPP_mef_matrix_hh_y_????_????.csv' (1 occurrences): ['US-ARc_NT_GPP_mef_matrix_hh_y_2005_2006.csv'] [oneflux.pipeline.common]
2025-06-13 07:10:33.078 [DEBUG   ] Pipeline ure.post_validate directory is '/global/home/users/sytoanngo/ONEFlux/data/US-ARc_sample_output/12_ure' [oneflux.pipeline.common]
2025-06-13 07:10:33.079 [WARNING ] Pipeline ure.post_validate file with pattern 'US-ARc_NT_GPP_mef_matrix_mm_c_????_????.csv' not found in '/global/home/users/sytoanngo/ONEFlux/data/US-ARc_sample_output/12_ure' [oneflux.pipeline.common]
2025-06-13 07:10:33.080 [DEBUG   ] Pipeline ure.post_validate directory is '/global/home/users/sytoanngo/ONEFlux/data/US-ARc_sample_output/12_ure' [oneflux.pipeline.common]
2025-06-13 07:10:33.081 [DEBUG   ] Pipeline ure.post_validate in '/global/home/users/sytoanngo/ONEFlux/data/US-ARc_sample_output/12_ure' found file pattern 'US-ARc_NT_GPP_mef_matrix_mm_y_????_????.csv' (1 occurrences): ['US-ARc_NT_GPP_mef_matrix_mm_y_2005_2006.csv'] [oneflux.pipeline.common]
2025-06-13 07:10:33.082 [DEBUG   ] Pipeline ure.post_validate directory is '/global/home/users/sytoanngo/ONEFlux/data/US-ARc_sample_output/12_ure' [oneflux.pipeline.common]
2025-06-13 07:10:33.083 [WARNING ] Pipeline ure.post_validate file with pattern 'US-ARc_NT_GPP_mef_matrix_ww_c_????_????.csv' not found in '/global/home/users/sytoanngo/ONEFlux/data/US-ARc_sample_output/12_ure' [oneflux.pipeline.common]
2025-06-13 07:10:33.084 [DEBUG   ] Pipeline ure.post_validate directory is '/global/home/users/sytoanngo/ONEFlux/data/US-ARc_sample_output/12_ure' [oneflux.pipeline.common]
2025-06-13 07:10:33.085 [DEBUG   ] Pipeline ure.post_validate in '/global/home/users/sytoanngo/ONEFlux/data/US-ARc_sample_output/12_ure' found file pattern 'US-ARc_NT_GPP_mef_matrix_ww_y_????_????.csv' (1 occurrences): ['US-ARc_NT_GPP_mef_matrix_ww_y_2005_2006.csv'] [oneflux.pipeline.common]
2025-06-13 07:10:33.085 [DEBUG   ] Pipeline ure.post_validate directory is '/global/home/users/sytoanngo/ONEFlux/data/US-ARc_sample_output/12_ure' [oneflux.pipeline.common]
2025-06-13 07:10:33.087 [WARNING ] Pipeline ure.post_validate file with pattern 'US-ARc_NT_GPP_mef_matrix_yy_c_????_????.csv' not found in '/global/home/users/sytoanngo/ONEFlux/data/US-ARc_sample_output/12_ure' [oneflux.pipeline.common]
2025-06-13 07:10:33.087 [DEBUG   ] Pipeline ure.post_validate directory is '/global/home/users/sytoanngo/ONEFlux/data/US-ARc_sample_output/12_ure' [oneflux.pipeline.common]
2025-06-13 07:10:33.089 [DEBUG   ] Pipeline ure.post_validate in '/global/home/users/sytoanngo/ONEFlux/data/US-ARc_sample_output/12_ure' found file pattern 'US-ARc_NT_GPP_mef_matrix_yy_y_????_????.csv' (1 occurrences): ['US-ARc_NT_GPP_mef_matrix_yy_y_2005_2006.csv'] [oneflux.pipeline.common]
2025-06-13 07:10:33.089 [DEBUG   ] Pipeline ure.post_validate directory is '/global/home/users/sytoanngo/ONEFlux/data/US-ARc_sample_output/12_ure' [oneflux.pipeline.common]
2025-06-13 07:10:33.091 [WARNING ] Pipeline ure.post_validate file with pattern 'US-ARc_NT_RECO_mef_matrix_dd_c_????_????.csv' not found in '/global/home/users/sytoanngo/ONEFlux/data/US-ARc_sample_output/12_ure' [oneflux.pipeline.common]
2025-06-13 07:10:33.091 [DEBUG   ] Pipeline ure.post_validate directory is '/global/home/users/sytoanngo/ONEFlux/data/US-ARc_sample_output/12_ure' [oneflux.pipeline.common]
2025-06-13 07:10:33.093 [DEBUG   ] Pipeline ure.post_validate in '/global/home/users/sytoanngo/ONEFlux/data/US-ARc_sample_output/12_ure' found file pattern 'US-ARc_NT_RECO_mef_matrix_dd_y_????_????.csv' (1 occurrences): ['US-ARc_NT_RECO_mef_matrix_dd_y_2005_2006.csv'] [oneflux.pipeline.common]
2025-06-13 07:10:33.093 [DEBUG   ] Pipeline ure.post_validate directory is '/global/home/users/sytoanngo/ONEFlux/data/US-ARc_sample_output/12_ure' [oneflux.pipeline.common]
2025-06-13 07:10:33.094 [WARNING ] Pipeline ure.post_validate file with pattern 'US-ARc_NT_RECO_mef_matrix_hh_c_????_????.csv' not found in '/global/home/users/sytoanngo/ONEFlux/data/US-ARc_sample_output/12_ure' [oneflux.pipeline.common]
2025-06-13 07:10:33.095 [DEBUG   ] Pipeline ure.post_validate directory is '/global/home/users/sytoanngo/ONEFlux/data/US-ARc_sample_output/12_ure' [oneflux.pipeline.common]
2025-06-13 07:10:33.096 [DEBUG   ] Pipeline ure.post_validate in '/global/home/users/sytoanngo/ONEFlux/data/US-ARc_sample_output/12_ure' found file pattern 'US-ARc_NT_RECO_mef_matrix_hh_y_????_????.csv' (1 occurrences): ['US-ARc_NT_RECO_mef_matrix_hh_y_2005_2006.csv'] [oneflux.pipeline.common]
2025-06-13 07:10:33.096 [DEBUG   ] Pipeline ure.post_validate directory is '/global/home/users/sytoanngo/ONEFlux/data/US-ARc_sample_output/12_ure' [oneflux.pipeline.common]
2025-06-13 07:10:33.098 [WARNING ] Pipeline ure.post_validate file with pattern 'US-ARc_NT_RECO_mef_matrix_mm_c_????_????.csv' not found in '/global/home/users/sytoanngo/ONEFlux/data/US-ARc_sample_output/12_ure' [oneflux.pipeline.common]
2025-06-13 07:10:33.098 [DEBUG   ] Pipeline ure.post_validate directory is '/global/home/users/sytoanngo/ONEFlux/data/US-ARc_sample_output/12_ure' [oneflux.pipeline.common]
2025-06-13 07:10:33.100 [DEBUG   ] Pipeline ure.post_validate in '/global/home/users/sytoanngo/ONEFlux/data/US-ARc_sample_output/12_ure' found file pattern 'US-ARc_NT_RECO_mef_matrix_mm_y_????_????.csv' (1 occurrences): ['US-ARc_NT_RECO_mef_matrix_mm_y_2005_2006.csv'] [oneflux.pipeline.common]
2025-06-13 07:10:33.100 [DEBUG   ] Pipeline ure.post_validate directory is '/global/home/users/sytoanngo/ONEFlux/data/US-ARc_sample_output/12_ure' [oneflux.pipeline.common]
2025-06-13 07:10:33.102 [WARNING ] Pipeline ure.post_validate file with pattern 'US-ARc_NT_RECO_mef_matrix_ww_c_????_????.csv' not found in '/global/home/users/sytoanngo/ONEFlux/data/US-ARc_sample_output/12_ure' [oneflux.pipeline.common]
2025-06-13 07:10:33.102 [DEBUG   ] Pipeline ure.post_validate directory is '/global/home/users/sytoanngo/ONEFlux/data/US-ARc_sample_output/12_ure' [oneflux.pipeline.common]
2025-06-13 07:10:33.103 [DEBUG   ] Pipeline ure.post_validate in '/global/home/users/sytoanngo/ONEFlux/data/US-ARc_sample_output/12_ure' found file pattern 'US-ARc_NT_RECO_mef_matrix_ww_y_????_????.csv' (1 occurrences): ['US-ARc_NT_RECO_mef_matrix_ww_y_2005_2006.csv'] [oneflux.pipeline.common]
2025-06-13 07:10:33.104 [DEBUG   ] Pipeline ure.post_validate directory is '/global/home/users/sytoanngo/ONEFlux/data/US-ARc_sample_output/12_ure' [oneflux.pipeline.common]
2025-06-13 07:10:33.105 [WARNING ] Pipeline ure.post_validate file with pattern 'US-ARc_NT_RECO_mef_matrix_yy_c_????_????.csv' not found in '/global/home/users/sytoanngo/ONEFlux/data/US-ARc_sample_output/12_ure' [oneflux.pipeline.common]
2025-06-13 07:10:33.106 [DEBUG   ] Pipeline ure.post_validate directory is '/global/home/users/sytoanngo/ONEFlux/data/US-ARc_sample_output/12_ure' [oneflux.pipeline.common]
2025-06-13 07:10:33.107 [DEBUG   ] Pipeline ure.post_validate in '/global/home/users/sytoanngo/ONEFlux/data/US-ARc_sample_output/12_ure' found file pattern 'US-ARc_NT_RECO_mef_matrix_yy_y_????_????.csv' (1 occurrences): ['US-ARc_NT_RECO_mef_matrix_yy_y_2005_2006.csv'] [oneflux.pipeline.common]
2025-06-13 07:10:33.114 [DEBUG   ] Pipeline fluxnet2015.run moved directory '/global/home/users/sytoanngo/ONEFlux/data/US-ARc_sample_output/99_fluxnet2015' to '/global/home/users/sytoanngo/ONEFlux/data/US-ARc_sample_output/99_fluxnet2015__n0004.dirac1_run20250613T071032' [oneflux.pipeline.common]
2025-06-13 07:10:33.114 [DEBUG   ] Created '/global/home/users/sytoanngo/ONEFlux/data/US-ARc_sample_output/99_fluxnet2015' [oneflux.pipeline.common]
2025-06-13 07:10:33.114 [INFO    ] Execution command oneflux.pipeline.site_data_product.run_site [oneflux.pipeline.wrappers]
2025-06-13 07:10:33.114 [DEBUG   ] Processing 'hh' resolution [oneflux.pipeline.site_data_product]
2025-06-13 07:10:33.115 [DEBUG   ] Loading meteo/hh file: /global/home/users/sytoanngo/ONEFlux/data/US-ARc_sample_output/07_meteo_proc/US-ARc_meteo_hh.csv [oneflux.pipeline.site_data_product]
2025-06-13 07:11:00.966 [INFO    ] Checking range of values for SWC (US-ARc) [oneflux.pipeline.site_data_product]
2025-06-13 07:11:00.967 [DEBUG   ] Found 1 SWC variables (['SWC_1_f']) for US-ARc, checking ranges [oneflux.pipeline.site_data_product]
2025-06-13 07:11:03.428 [DEBUG   ] SWC variable 'SWC_1_f' stats (US-ARc, 2005): negative_count=0  min=11.57  max=45.191 [oneflux.pipeline.site_data_product]
2025-06-13 07:11:03.573 [DEBUG   ] SWC variable 'SWC_1_f' stats (US-ARc, 2006): negative_count=0  min=10.865  max=34.305 [oneflux.pipeline.site_data_product]
2025-06-13 07:11:04.725 [DEBUG   ] Done with checking SWC vars for US-ARc [oneflux.pipeline.site_data_product]
2025-06-13 07:11:04.727 [DEBUG   ] Loading nee/hh file: /global/home/users/sytoanngo/ONEFlux/data/US-ARc_sample_output/08_nee_proc/US-ARc_NEE_hh.csv [oneflux.pipeline.site_data_product]
2025-06-13 07:11:05.928 [DEBUG   ] Loading energy/hh file: /global/home/users/sytoanngo/ONEFlux/data/US-ARc_sample_output/09_energy_proc/US-ARc_energy_hh.csv [oneflux.pipeline.site_data_product]
2025-06-13 07:11:06.885 [INFO    ] Skipping SR_RECO, file not found: /global/home/users/sytoanngo/ONEFlux/data/US-ARc_sample_output/12_ure/US-ARc_SR_RECO_hh.csv [oneflux.pipeline.site_data_product]
2025-06-13 07:11:06.885 [DEBUG   ] Loading partitioning/hh file: /global/home/users/sytoanngo/ONEFlux/data/US-ARc_sample_output/12_ure/US-ARc_DT_RECO_hh.csv [oneflux.pipeline.site_data_product]
2025-06-13 07:11:07.446 [DEBUG   ] Loading partitioning/hh file: /global/home/users/sytoanngo/ONEFlux/data/US-ARc_sample_output/12_ure/US-ARc_DT_GPP_hh.csv [oneflux.pipeline.site_data_product]
2025-06-13 07:11:07.980 [DEBUG   ] Loading partitioning/hh file: /global/home/users/sytoanngo/ONEFlux/data/US-ARc_sample_output/12_ure/US-ARc_NT_RECO_hh.csv [oneflux.pipeline.site_data_product]
2025-06-13 07:11:08.533 [DEBUG   ] Loading partitioning/hh file: /global/home/users/sytoanngo/ONEFlux/data/US-ARc_sample_output/12_ure/US-ARc_NT_GPP_hh.csv [oneflux.pipeline.site_data_product]
2025-06-13 07:11:09.107 [DEBUG   ] US-ARc: SR RECO file headers: ('TIMESTAMP_START', 'TIMESTAMP_END', 'RECO', 'RECO_n') [oneflux.pipeline.site_data_product]
2025-06-13 07:11:09.149 [DEBUG   ] Merged UNC headers: ('TIMESTAMP_START', 'TIMESTAMP_END', 'DT_RECO_ref_y', 'DT_RECO_ust50_y', 'DT_RECO_mean_y', 'DT_RECO_SE_y', 'DT_RECO_05_y', 'DT_RECO_16_y', 'DT_RECO_25_y', 'DT_RECO_50_y', 'DT_RECO_75_y', 'DT_RECO_84_y', 'DT_RECO_95_y', 'DT_GPP_ref_y', 'DT_GPP_ust50_y', 'DT_GPP_mean_y', 'DT_GPP_SE_y', 'DT_GPP_05_y', 'DT_GPP_16_y', 'DT_GPP_25_y', 'DT_GPP_50_y', 'DT_GPP_75_y', 'DT_GPP_84_y', 'DT_GPP_95_y', 'NT_RECO_ref_y', 'NT_RECO_ust50_y', 'NT_RECO_mean_y', 'NT_RECO_SE_y', 'NT_RECO_05_y', 'NT_RECO_16_y', 'NT_RECO_25_y', 'NT_RECO_50_y', 'NT_RECO_75_y', 'NT_RECO_84_y', 'NT_RECO_95_y', 'NT_GPP_ref_y', 'NT_GPP_ust50_y', 'NT_GPP_mean_y', 'NT_GPP_SE_y', 'NT_GPP_05_y', 'NT_GPP_16_y', 'NT_GPP_25_y', 'NT_GPP_50_y', 'NT_GPP_75_y', 'NT_GPP_84_y', 'NT_GPP_95_y', 'SR_RECO', 'SR_RECO_n') [oneflux.pipeline.site_data_product]
2025-06-13 07:11:09.244 [INFO    ] METEO number of records differs from ENERGY, assuming complete meteo and removing extra records [oneflux.pipeline.site_data_product]
2025-06-13 07:11:10.888 [DEBUG   ] Time slice results for 2005-2006: a[280512]=200501010000  a[315551]=200612312330 [oneflux.pipeline.site_data_product]
2025-06-13 07:11:10.894 [DEBUG   ] US-ARc: updating names for meteo data [oneflux.pipeline.site_data_product]
2025-06-13 07:11:10.894 [WARNING ] Unknown variable removed: 'DTIME' [oneflux.pipeline.site_data_product]
2025-06-13 07:11:10.912 [DEBUG   ] US-ARc: updating names for full meteo data [oneflux.pipeline.site_data_product]
2025-06-13 07:11:10.912 [WARNING ] Unknown variable removed: 'DTIME' [oneflux.pipeline.site_data_product]
2025-06-13 07:11:11.119 [DEBUG   ] US-ARc: updating names for energy data [oneflux.pipeline.site_data_product]
2025-06-13 07:11:11.120 [WARNING ] Unknown variable removed: 'DTIME' [oneflux.pipeline.site_data_product]
2025-06-13 07:11:11.136 [DEBUG   ] US-ARc: updating names for nee data [oneflux.pipeline.site_data_product]
2025-06-13 07:11:11.136 [WARNING ] Unknown variable removed: 'DTIME' [oneflux.pipeline.site_data_product]
2025-06-13 07:11:11.148 [DEBUG   ] US-ARc: updating names for unc data [oneflux.pipeline.site_data_product]
2025-06-13 07:11:11.427 [DEBUG   ] Pipeline gen_data_products_site directory is '/global/home/users/sytoanngo/ONEFlux/data/US-ARc_sample_output/01_qc_visual/qcv_files' [oneflux.pipeline.common]
2025-06-13 07:11:11.428 [DEBUG   ] Pipeline gen_data_products_site in '/global/home/users/sytoanngo/ONEFlux/data/US-ARc_sample_output/01_qc_visual/qcv_files' found file pattern '*_qcv_*.csv' (2 occurrences): ['US-ARc_qcv_2005.csv', 'US-ARc_qcv_2006.csv'] [oneflux.pipeline.common]
2025-06-13 07:11:11.429 [DEBUG   ] Loading qc-data/hh file: /global/home/users/sytoanngo/ONEFlux/data/US-ARc_sample_output/01_qc_visual/qcv_files/US-ARc_qcv_2005.csv [oneflux.pipeline.site_data_product]
2025-06-13 07:11:11.993 [DEBUG   ] Loading qc-data/hh file: /global/home/users/sytoanngo/ONEFlux/data/US-ARc_sample_output/01_qc_visual/qcv_files/US-ARc_qcv_2006.csv [oneflux.pipeline.site_data_product]
2025-06-13 07:11:12.566 [DEBUG   ] US-ARc: updating names for qc data [oneflux.pipeline.site_data_product]
2025-06-13 07:11:12.567 [WARNING ] Unknown QC variable removed: 'NEE_pi' [oneflux.pipeline.site_data_product]
2025-06-13 07:11:12.787 [DEBUG   ] Aggregating daily DD QC Data [oneflux.pipeline.site_data_product]
2025-06-13 07:11:12.787 [DEBUG   ] Aggregating day 0 [oneflux.pipeline.site_data_product]
2025-06-13 07:11:16.174 [DEBUG   ] Aggregating day 300 [oneflux.pipeline.site_data_product]
2025-06-13 07:11:19.351 [DEBUG   ] Aggregating day 600 [oneflux.pipeline.site_data_product]
2025-06-13 07:11:20.723 [DEBUG   ] Aggregating weekly WW QC Data [oneflux.pipeline.site_data_product]
2025-06-13 07:11:20.738 [DEBUG   ] Aggregating monthly MM QC Data [oneflux.pipeline.site_data_product]
2025-06-13 07:11:20.746 [DEBUG   ] Aggregating yearly YY QC Data [oneflux.pipeline.site_data_product]
2025-06-13 07:11:20.747 [INFO    ] Saving Tier 2 FULLSET CSV file: /global/home/users/sytoanngo/ONEFlux/data/US-ARc_sample_output/99_fluxnet2015/FLX_US-ARc_FLUXNET2015_FULLSET_HH_2005-2006_beta-5.csv [oneflux.pipeline.site_data_product]
2025-06-13 07:11:20.833 [DEBUG   ] Writing /global/home/users/sytoanngo/ONEFlux/data/US-ARc_sample_output/99_fluxnet2015/FLX_US-ARc_FLUXNET2015_FULLSET_HH_2005-2006_beta-5.csv: line 0 [oneflux.pipeline.site_data_product]
2025-06-13 07:11:21.037 [DEBUG   ] Writing /global/home/users/sytoanngo/ONEFlux/data/US-ARc_sample_output/99_fluxnet2015/FLX_US-ARc_FLUXNET2015_FULLSET_HH_2005-2006_beta-5.csv: line 1000 [oneflux.pipeline.site_data_product]
2025-06-13 07:11:21.239 [DEBUG   ] Writing /global/home/users/sytoanngo/ONEFlux/data/US-ARc_sample_output/99_fluxnet2015/FLX_US-ARc_FLUXNET2015_FULLSET_HH_2005-2006_beta-5.csv: line 2000 [oneflux.pipeline.site_data_product]
2025-06-13 07:11:21.456 [DEBUG   ] Writing /global/home/users/sytoanngo/ONEFlux/data/US-ARc_sample_output/99_fluxnet2015/FLX_US-ARc_FLUXNET2015_FULLSET_HH_2005-2006_beta-5.csv: line 3000 [oneflux.pipeline.site_data_product]
2025-06-13 07:11:21.700 [DEBUG   ] Writing /global/home/users/sytoanngo/ONEFlux/data/US-ARc_sample_output/99_fluxnet2015/FLX_US-ARc_FLUXNET2015_FULLSET_HH_2005-2006_beta-5.csv: line 4000 [oneflux.pipeline.site_data_product]
2025-06-13 07:11:21.945 [DEBUG   ] Writing /global/home/users/sytoanngo/ONEFlux/data/US-ARc_sample_output/99_fluxnet2015/FLX_US-ARc_FLUXNET2015_FULLSET_HH_2005-2006_beta-5.csv: line 5000 [oneflux.pipeline.site_data_product]
2025-06-13 07:11:22.190 [DEBUG   ] Writing /global/home/users/sytoanngo/ONEFlux/data/US-ARc_sample_output/99_fluxnet2015/FLX_US-ARc_FLUXNET2015_FULLSET_HH_2005-2006_beta-5.csv: line 6000 [oneflux.pipeline.site_data_product]
2025-06-13 07:11:22.435 [DEBUG   ] Writing /global/home/users/sytoanngo/ONEFlux/data/US-ARc_sample_output/99_fluxnet2015/FLX_US-ARc_FLUXNET2015_FULLSET_HH_2005-2006_beta-5.csv: line 7000 [oneflux.pipeline.site_data_product]
2025-06-13 07:11:22.681 [DEBUG   ] Writing /global/home/users/sytoanngo/ONEFlux/data/US-ARc_sample_output/99_fluxnet2015/FLX_US-ARc_FLUXNET2015_FULLSET_HH_2005-2006_beta-5.csv: line 8000 [oneflux.pipeline.site_data_product]
2025-06-13 07:11:22.927 [DEBUG   ] Writing /global/home/users/sytoanngo/ONEFlux/data/US-ARc_sample_output/99_fluxnet2015/FLX_US-ARc_FLUXNET2015_FULLSET_HH_2005-2006_beta-5.csv: line 9000 [oneflux.pipeline.site_data_product]
2025-06-13 07:11:23.173 [DEBUG   ] Writing /global/home/users/sytoanngo/ONEFlux/data/US-ARc_sample_output/99_fluxnet2015/FLX_US-ARc_FLUXNET2015_FULLSET_HH_2005-2006_beta-5.csv: line 10000 [oneflux.pipeline.site_data_product]
2025-06-13 07:11:23.418 [DEBUG   ] Writing /global/home/users/sytoanngo/ONEFlux/data/US-ARc_sample_output/99_fluxnet2015/FLX_US-ARc_FLUXNET2015_FULLSET_HH_2005-2006_beta-5.csv: line 11000 [oneflux.pipeline.site_data_product]
2025-06-13 07:11:23.664 [DEBUG   ] Writing /global/home/users/sytoanngo/ONEFlux/data/US-ARc_sample_output/99_fluxnet2015/FLX_US-ARc_FLUXNET2015_FULLSET_HH_2005-2006_beta-5.csv: line 12000 [oneflux.pipeline.site_data_product]
2025-06-13 07:11:23.910 [DEBUG   ] Writing /global/home/users/sytoanngo/ONEFlux/data/US-ARc_sample_output/99_fluxnet2015/FLX_US-ARc_FLUXNET2015_FULLSET_HH_2005-2006_beta-5.csv: line 13000 [oneflux.pipeline.site_data_product]
2025-06-13 07:11:24.157 [DEBUG   ] Writing /global/home/users/sytoanngo/ONEFlux/data/US-ARc_sample_output/99_fluxnet2015/FLX_US-ARc_FLUXNET2015_FULLSET_HH_2005-2006_beta-5.csv: line 14000 [oneflux.pipeline.site_data_product]
2025-06-13 07:11:24.403 [DEBUG   ] Writing /global/home/users/sytoanngo/ONEFlux/data/US-ARc_sample_output/99_fluxnet2015/FLX_US-ARc_FLUXNET2015_FULLSET_HH_2005-2006_beta-5.csv: line 15000 [oneflux.pipeline.site_data_product]
2025-06-13 07:11:24.650 [DEBUG   ] Writing /global/home/users/sytoanngo/ONEFlux/data/US-ARc_sample_output/99_fluxnet2015/FLX_US-ARc_FLUXNET2015_FULLSET_HH_2005-2006_beta-5.csv: line 16000 [oneflux.pipeline.site_data_product]
2025-06-13 07:11:24.895 [DEBUG   ] Writing /global/home/users/sytoanngo/ONEFlux/data/US-ARc_sample_output/99_fluxnet2015/FLX_US-ARc_FLUXNET2015_FULLSET_HH_2005-2006_beta-5.csv: line 17000 [oneflux.pipeline.site_data_product]
2025-06-13 07:11:25.140 [DEBUG   ] Writing /global/home/users/sytoanngo/ONEFlux/data/US-ARc_sample_output/99_fluxnet2015/FLX_US-ARc_FLUXNET2015_FULLSET_HH_2005-2006_beta-5.csv: line 18000 [oneflux.pipeline.site_data_product]
2025-06-13 07:11:25.385 [DEBUG   ] Writing /global/home/users/sytoanngo/ONEFlux/data/US-ARc_sample_output/99_fluxnet2015/FLX_US-ARc_FLUXNET2015_FULLSET_HH_2005-2006_beta-5.csv: line 19000 [oneflux.pipeline.site_data_product]
2025-06-13 07:11:25.630 [DEBUG   ] Writing /global/home/users/sytoanngo/ONEFlux/data/US-ARc_sample_output/99_fluxnet2015/FLX_US-ARc_FLUXNET2015_FULLSET_HH_2005-2006_beta-5.csv: line 20000 [oneflux.pipeline.site_data_product]
2025-06-13 07:11:25.874 [DEBUG   ] Writing /global/home/users/sytoanngo/ONEFlux/data/US-ARc_sample_output/99_fluxnet2015/FLX_US-ARc_FLUXNET2015_FULLSET_HH_2005-2006_beta-5.csv: line 21000 [oneflux.pipeline.site_data_product]
2025-06-13 07:11:26.118 [DEBUG   ] Writing /global/home/users/sytoanngo/ONEFlux/data/US-ARc_sample_output/99_fluxnet2015/FLX_US-ARc_FLUXNET2015_FULLSET_HH_2005-2006_beta-5.csv: line 22000 [oneflux.pipeline.site_data_product]
2025-06-13 07:11:26.363 [DEBUG   ] Writing /global/home/users/sytoanngo/ONEFlux/data/US-ARc_sample_output/99_fluxnet2015/FLX_US-ARc_FLUXNET2015_FULLSET_HH_2005-2006_beta-5.csv: line 23000 [oneflux.pipeline.site_data_product]
2025-06-13 07:11:26.608 [DEBUG   ] Writing /global/home/users/sytoanngo/ONEFlux/data/US-ARc_sample_output/99_fluxnet2015/FLX_US-ARc_FLUXNET2015_FULLSET_HH_2005-2006_beta-5.csv: line 24000 [oneflux.pipeline.site_data_product]
2025-06-13 07:11:26.852 [DEBUG   ] Writing /global/home/users/sytoanngo/ONEFlux/data/US-ARc_sample_output/99_fluxnet2015/FLX_US-ARc_FLUXNET2015_FULLSET_HH_2005-2006_beta-5.csv: line 25000 [oneflux.pipeline.site_data_product]
2025-06-13 07:11:27.098 [DEBUG   ] Writing /global/home/users/sytoanngo/ONEFlux/data/US-ARc_sample_output/99_fluxnet2015/FLX_US-ARc_FLUXNET2015_FULLSET_HH_2005-2006_beta-5.csv: line 26000 [oneflux.pipeline.site_data_product]
2025-06-13 07:11:27.343 [DEBUG   ] Writing /global/home/users/sytoanngo/ONEFlux/data/US-ARc_sample_output/99_fluxnet2015/FLX_US-ARc_FLUXNET2015_FULLSET_HH_2005-2006_beta-5.csv: line 27000 [oneflux.pipeline.site_data_product]
2025-06-13 07:11:27.587 [DEBUG   ] Writing /global/home/users/sytoanngo/ONEFlux/data/US-ARc_sample_output/99_fluxnet2015/FLX_US-ARc_FLUXNET2015_FULLSET_HH_2005-2006_beta-5.csv: line 28000 [oneflux.pipeline.site_data_product]
2025-06-13 07:11:27.832 [DEBUG   ] Writing /global/home/users/sytoanngo/ONEFlux/data/US-ARc_sample_output/99_fluxnet2015/FLX_US-ARc_FLUXNET2015_FULLSET_HH_2005-2006_beta-5.csv: line 29000 [oneflux.pipeline.site_data_product]
2025-06-13 07:11:28.077 [DEBUG   ] Writing /global/home/users/sytoanngo/ONEFlux/data/US-ARc_sample_output/99_fluxnet2015/FLX_US-ARc_FLUXNET2015_FULLSET_HH_2005-2006_beta-5.csv: line 30000 [oneflux.pipeline.site_data_product]
2025-06-13 07:11:28.321 [DEBUG   ] Writing /global/home/users/sytoanngo/ONEFlux/data/US-ARc_sample_output/99_fluxnet2015/FLX_US-ARc_FLUXNET2015_FULLSET_HH_2005-2006_beta-5.csv: line 31000 [oneflux.pipeline.site_data_product]
2025-06-13 07:11:28.566 [DEBUG   ] Writing /global/home/users/sytoanngo/ONEFlux/data/US-ARc_sample_output/99_fluxnet2015/FLX_US-ARc_FLUXNET2015_FULLSET_HH_2005-2006_beta-5.csv: line 32000 [oneflux.pipeline.site_data_product]
2025-06-13 07:11:28.794 [DEBUG   ] Writing /global/home/users/sytoanngo/ONEFlux/data/US-ARc_sample_output/99_fluxnet2015/FLX_US-ARc_FLUXNET2015_FULLSET_HH_2005-2006_beta-5.csv: line 33000 [oneflux.pipeline.site_data_product]
2025-06-13 07:11:28.994 [DEBUG   ] Writing /global/home/users/sytoanngo/ONEFlux/data/US-ARc_sample_output/99_fluxnet2015/FLX_US-ARc_FLUXNET2015_FULLSET_HH_2005-2006_beta-5.csv: line 34000 [oneflux.pipeline.site_data_product]
2025-06-13 07:11:29.196 [DEBUG   ] Writing /global/home/users/sytoanngo/ONEFlux/data/US-ARc_sample_output/99_fluxnet2015/FLX_US-ARc_FLUXNET2015_FULLSET_HH_2005-2006_beta-5.csv: line 35000 [oneflux.pipeline.site_data_product]
2025-06-13 07:11:29.359 [INFO    ] Tier 1 FULLSET CSV same as Tier 2 (all), reusing file: /global/home/users/sytoanngo/ONEFlux/data/US-ARc_sample_output/99_fluxnet2015/FLX_US-ARc_FLUXNET2015_FULLSET_HH_2005-2006_beta-5.csv [oneflux.pipeline.site_data_product]
2025-06-13 07:11:29.359 [INFO    ] Saving ERA-Interim CSV file: /global/home/users/sytoanngo/ONEFlux/data/US-ARc_sample_output/99_fluxnet2015/FLX_US-ARc_FLUXNET2015_ERAI_HH_1989-2014_beta-5.csv [oneflux.pipeline.site_data_product]
2025-06-13 07:11:29.425 [DEBUG   ] Writing /global/home/users/sytoanngo/ONEFlux/data/US-ARc_sample_output/99_fluxnet2015/FLX_US-ARc_FLUXNET2015_ERAI_HH_1989-2014_beta-5.csv: line 0 [oneflux.pipeline.site_data_product]
2025-06-13 07:11:29.436 [DEBUG   ] Writing /global/home/users/sytoanngo/ONEFlux/data/US-ARc_sample_output/99_fluxnet2015/FLX_US-ARc_FLUXNET2015_ERAI_HH_1989-2014_beta-5.csv: line 1000 [oneflux.pipeline.site_data_product]
2025-06-13 07:11:29.447 [DEBUG   ] Writing /global/home/users/sytoanngo/ONEFlux/data/US-ARc_sample_output/99_fluxnet2015/FLX_US-ARc_FLUXNET2015_ERAI_HH_1989-2014_beta-5.csv: line 2000 [oneflux.pipeline.site_data_product]
2025-06-13 07:11:29.457 [DEBUG   ] Writing /global/home/users/sytoanngo/ONEFlux/data/US-ARc_sample_output/99_fluxnet2015/FLX_US-ARc_FLUXNET2015_ERAI_HH_1989-2014_beta-5.csv: line 3000 [oneflux.pipeline.site_data_product]
2025-06-13 07:11:29.467 [DEBUG   ] Writing /global/home/users/sytoanngo/ONEFlux/data/US-ARc_sample_output/99_fluxnet2015/FLX_US-ARc_FLUXNET2015_ERAI_HH_1989-2014_beta-5.csv: line 4000 [oneflux.pipeline.site_data_product]
2025-06-13 07:11:29.477 [DEBUG   ] Writing /global/home/users/sytoanngo/ONEFlux/data/US-ARc_sample_output/99_fluxnet2015/FLX_US-ARc_FLUXNET2015_ERAI_HH_1989-2014_beta-5.csv: line 5000 [oneflux.pipeline.site_data_product]
2025-06-13 07:11:29.488 [DEBUG   ] Writing /global/home/users/sytoanngo/ONEFlux/data/US-ARc_sample_output/99_fluxnet2015/FLX_US-ARc_FLUXNET2015_ERAI_HH_1989-2014_beta-5.csv: line 6000 [oneflux.pipeline.site_data_product]
2025-06-13 07:11:29.498 [DEBUG   ] Writing /global/home/users/sytoanngo/ONEFlux/data/US-ARc_sample_output/99_fluxnet2015/FLX_US-ARc_FLUXNET2015_ERAI_HH_1989-2014_beta-5.csv: line 7000 [oneflux.pipeline.site_data_product]
2025-06-13 07:11:29.509 [DEBUG   ] Writing /global/home/users/sytoanngo/ONEFlux/data/US-ARc_sample_output/99_fluxnet2015/FLX_US-ARc_FLUXNET2015_ERAI_HH_1989-2014_beta-5.csv: line 8000 [oneflux.pipeline.site_data_product]
2025-06-13 07:11:29.519 [DEBUG   ] Writing /global/home/users/sytoanngo/ONEFlux/data/US-ARc_sample_output/99_fluxnet2015/FLX_US-ARc_FLUXNET2015_ERAI_HH_1989-2014_beta-5.csv: line 9000 [oneflux.pipeline.site_data_product]
2025-06-13 07:11:29.529 [DEBUG   ] Writing /global/home/users/sytoanngo/ONEFlux/data/US-ARc_sample_output/99_fluxnet2015/FLX_US-ARc_FLUXNET2015_ERAI_HH_1989-2014_beta-5.csv: line 10000 [oneflux.pipeline.site_data_product]
2025-06-13 07:11:29.540 [DEBUG   ] Writing /global/home/users/sytoanngo/ONEFlux/data/US-ARc_sample_output/99_fluxnet2015/FLX_US-ARc_FLUXNET2015_ERAI_HH_1989-2014_beta-5.csv: line 11000 [oneflux.pipeline.site_data_product]
2025-06-13 07:11:29.550 [DEBUG   ] Writing /global/home/users/sytoanngo/ONEFlux/data/US-ARc_sample_output/99_fluxnet2015/FLX_US-ARc_FLUXNET2015_ERAI_HH_1989-2014_beta-5.csv: line 12000 [oneflux.pipeline.site_data_product]
2025-06-13 07:11:29.560 [DEBUG   ] Writing /global/home/users/sytoanngo/ONEFlux/data/US-ARc_sample_output/99_fluxnet2015/FLX_US-ARc_FLUXNET2015_ERAI_HH_1989-2014_beta-5.csv: line 13000 [oneflux.pipeline.site_data_product]
2025-06-13 07:11:29.571 [DEBUG   ] Writing /global/home/users/sytoanngo/ONEFlux/data/US-ARc_sample_output/99_fluxnet2015/FLX_US-ARc_FLUXNET2015_ERAI_HH_1989-2014_beta-5.csv: line 14000 [oneflux.pipeline.site_data_product]
2025-06-13 07:11:29.583 [DEBUG   ] Writing /global/home/users/sytoanngo/ONEFlux/data/US-ARc_sample_output/99_fluxnet2015/FLX_US-ARc_FLUXNET2015_ERAI_HH_1989-2014_beta-5.csv: line 15000 [oneflux.pipeline.site_data_product]
2025-06-13 07:11:29.597 [DEBUG   ] Writing /global/home/users/sytoanngo/ONEFlux/data/US-ARc_sample_output/99_fluxnet2015/FLX_US-ARc_FLUXNET2015_ERAI_HH_1989-2014_beta-5.csv: line 16000 [oneflux.pipeline.site_data_product]
2025-06-13 07:11:29.610 [DEBUG   ] Writing /global/home/users/sytoanngo/ONEFlux/data/US-ARc_sample_output/99_fluxnet2015/FLX_US-ARc_FLUXNET2015_ERAI_HH_1989-2014_beta-5.csv: line 17000 [oneflux.pipeline.site_data_product]
2025-06-13 07:11:29.624 [DEBUG   ] Writing /global/home/users/sytoanngo/ONEFlux/data/US-ARc_sample_output/99_fluxnet2015/FLX_US-ARc_FLUXNET2015_ERAI_HH_1989-2014_beta-5.csv: line 18000 [oneflux.pipeline.site_data_product]
2025-06-13 07:11:29.639 [DEBUG   ] Writing /global/home/users/sytoanngo/ONEFlux/data/US-ARc_sample_output/99_fluxnet2015/FLX_US-ARc_FLUXNET2015_ERAI_HH_1989-2014_beta-5.csv: line 19000 [oneflux.pipeline.site_data_product]
2025-06-13 07:11:29.653 [DEBUG   ] Writing /global/home/users/sytoanngo/ONEFlux/data/US-ARc_sample_output/99_fluxnet2015/FLX_US-ARc_FLUXNET2015_ERAI_HH_1989-2014_beta-5.csv: line 20000 [oneflux.pipeline.site_data_product]
2025-06-13 07:11:29.666 [DEBUG   ] Writing /global/home/users/sytoanngo/ONEFlux/data/US-ARc_sample_output/99_fluxnet2015/FLX_US-ARc_FLUXNET2015_ERAI_HH_1989-2014_beta-5.csv: line 21000 [oneflux.pipeline.site_data_product]
2025-06-13 07:11:29.680 [DEBUG   ] Writing /global/home/users/sytoanngo/ONEFlux/data/US-ARc_sample_output/99_fluxnet2015/FLX_US-ARc_FLUXNET2015_ERAI_HH_1989-2014_beta-5.csv: line 22000 [oneflux.pipeline.site_data_product]
2025-06-13 07:11:29.694 [DEBUG   ] Writing /global/home/users/sytoanngo/ONEFlux/data/US-ARc_sample_output/99_fluxnet2015/FLX_US-ARc_FLUXNET2015_ERAI_HH_1989-2014_beta-5.csv: line 23000 [oneflux.pipeline.site_data_product]
2025-06-13 07:11:29.708 [DEBUG   ] Writing /global/home/users/sytoanngo/ONEFlux/data/US-ARc_sample_output/99_fluxnet2015/FLX_US-ARc_FLUXNET2015_ERAI_HH_1989-2014_beta-5.csv: line 24000 [oneflux.pipeline.site_data_product]
2025-06-13 07:11:29.722 [DEBUG   ] Writing /global/home/users/sytoanngo/ONEFlux/data/US-ARc_sample_output/99_fluxnet2015/FLX_US-ARc_FLUXNET2015_ERAI_HH_1989-2014_beta-5.csv: line 25000 [oneflux.pipeline.site_data_product]
2025-06-13 07:11:29.736 [DEBUG   ] Writing /global/home/users/sytoanngo/ONEFlux/data/US-ARc_sample_output/99_fluxnet2015/FLX_US-ARc_FLUXNET2015_ERAI_HH_1989-2014_beta-5.csv: line 26000 [oneflux.pipeline.site_data_product]
2025-06-13 07:11:29.750 [DEBUG   ] Writing /global/home/users/sytoanngo/ONEFlux/data/US-ARc_sample_output/99_fluxnet2015/FLX_US-ARc_FLUXNET2015_ERAI_HH_1989-2014_beta-5.csv: line 27000 [oneflux.pipeline.site_data_product]
2025-06-13 07:11:29.764 [DEBUG   ] Writing /global/home/users/sytoanngo/ONEFlux/data/US-ARc_sample_output/99_fluxnet2015/FLX_US-ARc_FLUXNET2015_ERAI_HH_1989-2014_beta-5.csv: line 28000 [oneflux.pipeline.site_data_product]
2025-06-13 07:11:29.778 [DEBUG   ] Writing /global/home/users/sytoanngo/ONEFlux/data/US-ARc_sample_output/99_fluxnet2015/FLX_US-ARc_FLUXNET2015_ERAI_HH_1989-2014_beta-5.csv: line 29000 [oneflux.pipeline.site_data_product]
2025-06-13 07:11:29.792 [DEBUG   ] Writing /global/home/users/sytoanngo/ONEFlux/data/US-ARc_sample_output/99_fluxnet2015/FLX_US-ARc_FLUXNET2015_ERAI_HH_1989-2014_beta-5.csv: line 30000 [oneflux.pipeline.site_data_product]
2025-06-13 07:11:29.805 [DEBUG   ] Writing /global/home/users/sytoanngo/ONEFlux/data/US-ARc_sample_output/99_fluxnet2015/FLX_US-ARc_FLUXNET2015_ERAI_HH_1989-2014_beta-5.csv: line 31000 [oneflux.pipeline.site_data_product]
2025-06-13 07:11:29.819 [DEBUG   ] Writing /global/home/users/sytoanngo/ONEFlux/data/US-ARc_sample_output/99_fluxnet2015/FLX_US-ARc_FLUXNET2015_ERAI_HH_1989-2014_beta-5.csv: line 32000 [oneflux.pipeline.site_data_product]
2025-06-13 07:11:29.833 [DEBUG   ] Writing /global/home/users/sytoanngo/ONEFlux/data/US-ARc_sample_output/99_fluxnet2015/FLX_US-ARc_FLUXNET2015_ERAI_HH_1989-2014_beta-5.csv: line 33000 [oneflux.pipeline.site_data_product]
2025-06-13 07:11:29.847 [DEBUG   ] Writing /global/home/users/sytoanngo/ONEFlux/data/US-ARc_sample_output/99_fluxnet2015/FLX_US-ARc_FLUXNET2015_ERAI_HH_1989-2014_beta-5.csv: line 34000 [oneflux.pipeline.site_data_product]
2025-06-13 07:11:29.860 [DEBUG   ] Writing /global/home/users/sytoanngo/ONEFlux/data/US-ARc_sample_output/99_fluxnet2015/FLX_US-ARc_FLUXNET2015_ERAI_HH_1989-2014_beta-5.csv: line 35000 [oneflux.pipeline.site_data_product]
2025-06-13 07:11:29.874 [DEBUG   ] Writing /global/home/users/sytoanngo/ONEFlux/data/US-ARc_sample_output/99_fluxnet2015/FLX_US-ARc_FLUXNET2015_ERAI_HH_1989-2014_beta-5.csv: line 36000 [oneflux.pipeline.site_data_product]
2025-06-13 07:11:29.888 [DEBUG   ] Writing /global/home/users/sytoanngo/ONEFlux/data/US-ARc_sample_output/99_fluxnet2015/FLX_US-ARc_FLUXNET2015_ERAI_HH_1989-2014_beta-5.csv: line 37000 [oneflux.pipeline.site_data_product]
2025-06-13 07:11:29.902 [DEBUG   ] Writing /global/home/users/sytoanngo/ONEFlux/data/US-ARc_sample_output/99_fluxnet2015/FLX_US-ARc_FLUXNET2015_ERAI_HH_1989-2014_beta-5.csv: line 38000 [oneflux.pipeline.site_data_product]
2025-06-13 07:11:29.916 [DEBUG   ] Writing /global/home/users/sytoanngo/ONEFlux/data/US-ARc_sample_output/99_fluxnet2015/FLX_US-ARc_FLUXNET2015_ERAI_HH_1989-2014_beta-5.csv: line 39000 [oneflux.pipeline.site_data_product]
2025-06-13 07:11:29.930 [DEBUG   ] Writing /global/home/users/sytoanngo/ONEFlux/data/US-ARc_sample_output/99_fluxnet2015/FLX_US-ARc_FLUXNET2015_ERAI_HH_1989-2014_beta-5.csv: line 40000 [oneflux.pipeline.site_data_product]
2025-06-13 07:11:29.943 [DEBUG   ] Writing /global/home/users/sytoanngo/ONEFlux/data/US-ARc_sample_output/99_fluxnet2015/FLX_US-ARc_FLUXNET2015_ERAI_HH_1989-2014_beta-5.csv: line 41000 [oneflux.pipeline.site_data_product]
2025-06-13 07:11:29.957 [DEBUG   ] Writing /global/home/users/sytoanngo/ONEFlux/data/US-ARc_sample_output/99_fluxnet2015/FLX_US-ARc_FLUXNET2015_ERAI_HH_1989-2014_beta-5.csv: line 42000 [oneflux.pipeline.site_data_product]
2025-06-13 07:11:29.971 [DEBUG   ] Writing /global/home/users/sytoanngo/ONEFlux/data/US-ARc_sample_output/99_fluxnet2015/FLX_US-ARc_FLUXNET2015_ERAI_HH_1989-2014_beta-5.csv: line 43000 [oneflux.pipeline.site_data_product]
2025-06-13 07:11:29.985 [DEBUG   ] Writing /global/home/users/sytoanngo/ONEFlux/data/US-ARc_sample_output/99_fluxnet2015/FLX_US-ARc_FLUXNET2015_ERAI_HH_1989-2014_beta-5.csv: line 44000 [oneflux.pipeline.site_data_product]
2025-06-13 07:11:29.999 [DEBUG   ] Writing /global/home/users/sytoanngo/ONEFlux/data/US-ARc_sample_output/99_fluxnet2015/FLX_US-ARc_FLUXNET2015_ERAI_HH_1989-2014_beta-5.csv: line 45000 [oneflux.pipeline.site_data_product]
2025-06-13 07:11:30.013 [DEBUG   ] Writing /global/home/users/sytoanngo/ONEFlux/data/US-ARc_sample_output/99_fluxnet2015/FLX_US-ARc_FLUXNET2015_ERAI_HH_1989-2014_beta-5.csv: line 46000 [oneflux.pipeline.site_data_product]
2025-06-13 07:11:30.027 [DEBUG   ] Writing /global/home/users/sytoanngo/ONEFlux/data/US-ARc_sample_output/99_fluxnet2015/FLX_US-ARc_FLUXNET2015_ERAI_HH_1989-2014_beta-5.csv: line 47000 [oneflux.pipeline.site_data_product]
2025-06-13 07:11:30.041 [DEBUG   ] Writing /global/home/users/sytoanngo/ONEFlux/data/US-ARc_sample_output/99_fluxnet2015/FLX_US-ARc_FLUXNET2015_ERAI_HH_1989-2014_beta-5.csv: line 48000 [oneflux.pipeline.site_data_product]
2025-06-13 07:11:30.055 [DEBUG   ] Writing /global/home/users/sytoanngo/ONEFlux/data/US-ARc_sample_output/99_fluxnet2015/FLX_US-ARc_FLUXNET2015_ERAI_HH_1989-2014_beta-5.csv: line 49000 [oneflux.pipeline.site_data_product]
2025-06-13 07:11:30.069 [DEBUG   ] Writing /global/home/users/sytoanngo/ONEFlux/data/US-ARc_sample_output/99_fluxnet2015/FLX_US-ARc_FLUXNET2015_ERAI_HH_1989-2014_beta-5.csv: line 50000 [oneflux.pipeline.site_data_product]
2025-06-13 07:11:30.083 [DEBUG   ] Writing /global/home/users/sytoanngo/ONEFlux/data/US-ARc_sample_output/99_fluxnet2015/FLX_US-ARc_FLUXNET2015_ERAI_HH_1989-2014_beta-5.csv: line 51000 [oneflux.pipeline.site_data_product]
2025-06-13 07:11:30.097 [DEBUG   ] Writing /global/home/users/sytoanngo/ONEFlux/data/US-ARc_sample_output/99_fluxnet2015/FLX_US-ARc_FLUXNET2015_ERAI_HH_1989-2014_beta-5.csv: line 52000 [oneflux.pipeline.site_data_product]
2025-06-13 07:11:30.111 [DEBUG   ] Writing /global/home/users/sytoanngo/ONEFlux/data/US-ARc_sample_output/99_fluxnet2015/FLX_US-ARc_FLUXNET2015_ERAI_HH_1989-2014_beta-5.csv: line 53000 [oneflux.pipeline.site_data_product]
2025-06-13 07:11:30.125 [DEBUG   ] Writing /global/home/users/sytoanngo/ONEFlux/data/US-ARc_sample_output/99_fluxnet2015/FLX_US-ARc_FLUXNET2015_ERAI_HH_1989-2014_beta-5.csv: line 54000 [oneflux.pipeline.site_data_product]
2025-06-13 07:11:30.139 [DEBUG   ] Writing /global/home/users/sytoanngo/ONEFlux/data/US-ARc_sample_output/99_fluxnet2015/FLX_US-ARc_FLUXNET2015_ERAI_HH_1989-2014_beta-5.csv: line 55000 [oneflux.pipeline.site_data_product]
2025-06-13 07:11:30.154 [DEBUG   ] Writing /global/home/users/sytoanngo/ONEFlux/data/US-ARc_sample_output/99_fluxnet2015/FLX_US-ARc_FLUXNET2015_ERAI_HH_1989-2014_beta-5.csv: line 56000 [oneflux.pipeline.site_data_product]
2025-06-13 07:11:30.169 [DEBUG   ] Writing /global/home/users/sytoanngo/ONEFlux/data/US-ARc_sample_output/99_fluxnet2015/FLX_US-ARc_FLUXNET2015_ERAI_HH_1989-2014_beta-5.csv: line 57000 [oneflux.pipeline.site_data_product]
2025-06-13 07:11:30.184 [DEBUG   ] Writing /global/home/users/sytoanngo/ONEFlux/data/US-ARc_sample_output/99_fluxnet2015/FLX_US-ARc_FLUXNET2015_ERAI_HH_1989-2014_beta-5.csv: line 58000 [oneflux.pipeline.site_data_product]
2025-06-13 07:11:30.199 [DEBUG   ] Writing /global/home/users/sytoanngo/ONEFlux/data/US-ARc_sample_output/99_fluxnet2015/FLX_US-ARc_FLUXNET2015_ERAI_HH_1989-2014_beta-5.csv: line 59000 [oneflux.pipeline.site_data_product]
2025-06-13 07:11:30.214 [DEBUG   ] Writing /global/home/users/sytoanngo/ONEFlux/data/US-ARc_sample_output/99_fluxnet2015/FLX_US-ARc_FLUXNET2015_ERAI_HH_1989-2014_beta-5.csv: line 60000 [oneflux.pipeline.site_data_product]
2025-06-13 07:11:30.229 [DEBUG   ] Writing /global/home/users/sytoanngo/ONEFlux/data/US-ARc_sample_output/99_fluxnet2015/FLX_US-ARc_FLUXNET2015_ERAI_HH_1989-2014_beta-5.csv: line 61000 [oneflux.pipeline.site_data_product]
2025-06-13 07:11:30.244 [DEBUG   ] Writing /global/home/users/sytoanngo/ONEFlux/data/US-ARc_sample_output/99_fluxnet2015/FLX_US-ARc_FLUXNET2015_ERAI_HH_1989-2014_beta-5.csv: line 62000 [oneflux.pipeline.site_data_product]
2025-06-13 07:11:30.259 [DEBUG   ] Writing /global/home/users/sytoanngo/ONEFlux/data/US-ARc_sample_output/99_fluxnet2015/FLX_US-ARc_FLUXNET2015_ERAI_HH_1989-2014_beta-5.csv: line 63000 [oneflux.pipeline.site_data_product]
2025-06-13 07:11:30.273 [DEBUG   ] Writing /global/home/users/sytoanngo/ONEFlux/data/US-ARc_sample_output/99_fluxnet2015/FLX_US-ARc_FLUXNET2015_ERAI_HH_1989-2014_beta-5.csv: line 64000 [oneflux.pipeline.site_data_product]
2025-06-13 07:11:30.288 [DEBUG   ] Writing /global/home/users/sytoanngo/ONEFlux/data/US-ARc_sample_output/99_fluxnet2015/FLX_US-ARc_FLUXNET2015_ERAI_HH_1989-2014_beta-5.csv: line 65000 [oneflux.pipeline.site_data_product]
2025-06-13 07:11:30.303 [DEBUG   ] Writing /global/home/users/sytoanngo/ONEFlux/data/US-ARc_sample_output/99_fluxnet2015/FLX_US-ARc_FLUXNET2015_ERAI_HH_1989-2014_beta-5.csv: line 66000 [oneflux.pipeline.site_data_product]
2025-06-13 07:11:30.317 [DEBUG   ] Writing /global/home/users/sytoanngo/ONEFlux/data/US-ARc_sample_output/99_fluxnet2015/FLX_US-ARc_FLUXNET2015_ERAI_HH_1989-2014_beta-5.csv: line 67000 [oneflux.pipeline.site_data_product]
2025-06-13 07:11:30.331 [DEBUG   ] Writing /global/home/users/sytoanngo/ONEFlux/data/US-ARc_sample_output/99_fluxnet2015/FLX_US-ARc_FLUXNET2015_ERAI_HH_1989-2014_beta-5.csv: line 68000 [oneflux.pipeline.site_data_product]
2025-06-13 07:11:30.345 [DEBUG   ] Writing /global/home/users/sytoanngo/ONEFlux/data/US-ARc_sample_output/99_fluxnet2015/FLX_US-ARc_FLUXNET2015_ERAI_HH_1989-2014_beta-5.csv: line 69000 [oneflux.pipeline.site_data_product]
2025-06-13 07:11:30.358 [DEBUG   ] Writing /global/home/users/sytoanngo/ONEFlux/data/US-ARc_sample_output/99_fluxnet2015/FLX_US-ARc_FLUXNET2015_ERAI_HH_1989-2014_beta-5.csv: line 70000 [oneflux.pipeline.site_data_product]
2025-06-13 07:11:30.372 [DEBUG   ] Writing /global/home/users/sytoanngo/ONEFlux/data/US-ARc_sample_output/99_fluxnet2015/FLX_US-ARc_FLUXNET2015_ERAI_HH_1989-2014_beta-5.csv: line 71000 [oneflux.pipeline.site_data_product]
2025-06-13 07:11:30.386 [DEBUG   ] Writing /global/home/users/sytoanngo/ONEFlux/data/US-ARc_sample_output/99_fluxnet2015/FLX_US-ARc_FLUXNET2015_ERAI_HH_1989-2014_beta-5.csv: line 72000 [oneflux.pipeline.site_data_product]
2025-06-13 07:11:30.400 [DEBUG   ] Writing /global/home/users/sytoanngo/ONEFlux/data/US-ARc_sample_output/99_fluxnet2015/FLX_US-ARc_FLUXNET2015_ERAI_HH_1989-2014_beta-5.csv: line 73000 [oneflux.pipeline.site_data_product]
2025-06-13 07:11:30.413 [DEBUG   ] Writing /global/home/users/sytoanngo/ONEFlux/data/US-ARc_sample_output/99_fluxnet2015/FLX_US-ARc_FLUXNET2015_ERAI_HH_1989-2014_beta-5.csv: line 74000 [oneflux.pipeline.site_data_product]
2025-06-13 07:11:30.427 [DEBUG   ] Writing /global/home/users/sytoanngo/ONEFlux/data/US-ARc_sample_output/99_fluxnet2015/FLX_US-ARc_FLUXNET2015_ERAI_HH_1989-2014_beta-5.csv: line 75000 [oneflux.pipeline.site_data_product]
2025-06-13 07:11:30.441 [DEBUG   ] Writing /global/home/users/sytoanngo/ONEFlux/data/US-ARc_sample_output/99_fluxnet2015/FLX_US-ARc_FLUXNET2015_ERAI_HH_1989-2014_beta-5.csv: line 76000 [oneflux.pipeline.site_data_product]
2025-06-13 07:11:30.455 [DEBUG   ] Writing /global/home/users/sytoanngo/ONEFlux/data/US-ARc_sample_output/99_fluxnet2015/FLX_US-ARc_FLUXNET2015_ERAI_HH_1989-2014_beta-5.csv: line 77000 [oneflux.pipeline.site_data_product]
2025-06-13 07:11:30.469 [DEBUG   ] Writing /global/home/users/sytoanngo/ONEFlux/data/US-ARc_sample_output/99_fluxnet2015/FLX_US-ARc_FLUXNET2015_ERAI_HH_1989-2014_beta-5.csv: line 78000 [oneflux.pipeline.site_data_product]
2025-06-13 07:11:30.483 [DEBUG   ] Writing /global/home/users/sytoanngo/ONEFlux/data/US-ARc_sample_output/99_fluxnet2015/FLX_US-ARc_FLUXNET2015_ERAI_HH_1989-2014_beta-5.csv: line 79000 [oneflux.pipeline.site_data_product]
2025-06-13 07:11:30.497 [DEBUG   ] Writing /global/home/users/sytoanngo/ONEFlux/data/US-ARc_sample_output/99_fluxnet2015/FLX_US-ARc_FLUXNET2015_ERAI_HH_1989-2014_beta-5.csv: line 80000 [oneflux.pipeline.site_data_product]
2025-06-13 07:11:30.511 [DEBUG   ] Writing /global/home/users/sytoanngo/ONEFlux/data/US-ARc_sample_output/99_fluxnet2015/FLX_US-ARc_FLUXNET2015_ERAI_HH_1989-2014_beta-5.csv: line 81000 [oneflux.pipeline.site_data_product]
2025-06-13 07:11:30.525 [DEBUG   ] Writing /global/home/users/sytoanngo/ONEFlux/data/US-ARc_sample_output/99_fluxnet2015/FLX_US-ARc_FLUXNET2015_ERAI_HH_1989-2014_beta-5.csv: line 82000 [oneflux.pipeline.site_data_product]
2025-06-13 07:11:30.539 [DEBUG   ] Writing /global/home/users/sytoanngo/ONEFlux/data/US-ARc_sample_output/99_fluxnet2015/FLX_US-ARc_FLUXNET2015_ERAI_HH_1989-2014_beta-5.csv: line 83000 [oneflux.pipeline.site_data_product]
2025-06-13 07:11:30.553 [DEBUG   ] Writing /global/home/users/sytoanngo/ONEFlux/data/US-ARc_sample_output/99_fluxnet2015/FLX_US-ARc_FLUXNET2015_ERAI_HH_1989-2014_beta-5.csv: line 84000 [oneflux.pipeline.site_data_product]
2025-06-13 07:11:30.567 [DEBUG   ] Writing /global/home/users/sytoanngo/ONEFlux/data/US-ARc_sample_output/99_fluxnet2015/FLX_US-ARc_FLUXNET2015_ERAI_HH_1989-2014_beta-5.csv: line 85000 [oneflux.pipeline.site_data_product]
2025-06-13 07:11:30.581 [DEBUG   ] Writing /global/home/users/sytoanngo/ONEFlux/data/US-ARc_sample_output/99_fluxnet2015/FLX_US-ARc_FLUXNET2015_ERAI_HH_1989-2014_beta-5.csv: line 86000 [oneflux.pipeline.site_data_product]
2025-06-13 07:11:30.595 [DEBUG   ] Writing /global/home/users/sytoanngo/ONEFlux/data/US-ARc_sample_output/99_fluxnet2015/FLX_US-ARc_FLUXNET2015_ERAI_HH_1989-2014_beta-5.csv: line 87000 [oneflux.pipeline.site_data_product]
2025-06-13 07:11:30.609 [DEBUG   ] Writing /global/home/users/sytoanngo/ONEFlux/data/US-ARc_sample_output/99_fluxnet2015/FLX_US-ARc_FLUXNET2015_ERAI_HH_1989-2014_beta-5.csv: line 88000 [oneflux.pipeline.site_data_product]
2025-06-13 07:11:30.622 [DEBUG   ] Writing /global/home/users/sytoanngo/ONEFlux/data/US-ARc_sample_output/99_fluxnet2015/FLX_US-ARc_FLUXNET2015_ERAI_HH_1989-2014_beta-5.csv: line 89000 [oneflux.pipeline.site_data_product]
2025-06-13 07:11:30.636 [DEBUG   ] Writing /global/home/users/sytoanngo/ONEFlux/data/US-ARc_sample_output/99_fluxnet2015/FLX_US-ARc_FLUXNET2015_ERAI_HH_1989-2014_beta-5.csv: line 90000 [oneflux.pipeline.site_data_product]
2025-06-13 07:11:30.650 [DEBUG   ] Writing /global/home/users/sytoanngo/ONEFlux/data/US-ARc_sample_output/99_fluxnet2015/FLX_US-ARc_FLUXNET2015_ERAI_HH_1989-2014_beta-5.csv: line 91000 [oneflux.pipeline.site_data_product]
2025-06-13 07:11:30.664 [DEBUG   ] Writing /global/home/users/sytoanngo/ONEFlux/data/US-ARc_sample_output/99_fluxnet2015/FLX_US-ARc_FLUXNET2015_ERAI_HH_1989-2014_beta-5.csv: line 92000 [oneflux.pipeline.site_data_product]
2025-06-13 07:11:30.678 [DEBUG   ] Writing /global/home/users/sytoanngo/ONEFlux/data/US-ARc_sample_output/99_fluxnet2015/FLX_US-ARc_FLUXNET2015_ERAI_HH_1989-2014_beta-5.csv: line 93000 [oneflux.pipeline.site_data_product]
2025-06-13 07:11:30.692 [DEBUG   ] Writing /global/home/users/sytoanngo/ONEFlux/data/US-ARc_sample_output/99_fluxnet2015/FLX_US-ARc_FLUXNET2015_ERAI_HH_1989-2014_beta-5.csv: line 94000 [oneflux.pipeline.site_data_product]
2025-06-13 07:11:30.706 [DEBUG   ] Writing /global/home/users/sytoanngo/ONEFlux/data/US-ARc_sample_output/99_fluxnet2015/FLX_US-ARc_FLUXNET2015_ERAI_HH_1989-2014_beta-5.csv: line 95000 [oneflux.pipeline.site_data_product]
2025-06-13 07:11:30.720 [DEBUG   ] Writing /global/home/users/sytoanngo/ONEFlux/data/US-ARc_sample_output/99_fluxnet2015/FLX_US-ARc_FLUXNET2015_ERAI_HH_1989-2014_beta-5.csv: line 96000 [oneflux.pipeline.site_data_product]
2025-06-13 07:11:30.734 [DEBUG   ] Writing /global/home/users/sytoanngo/ONEFlux/data/US-ARc_sample_output/99_fluxnet2015/FLX_US-ARc_FLUXNET2015_ERAI_HH_1989-2014_beta-5.csv: line 97000 [oneflux.pipeline.site_data_product]
2025-06-13 07:11:30.748 [DEBUG   ] Writing /global/home/users/sytoanngo/ONEFlux/data/US-ARc_sample_output/99_fluxnet2015/FLX_US-ARc_FLUXNET2015_ERAI_HH_1989-2014_beta-5.csv: line 98000 [oneflux.pipeline.site_data_product]
2025-06-13 07:11:30.762 [DEBUG   ] Writing /global/home/users/sytoanngo/ONEFlux/data/US-ARc_sample_output/99_fluxnet2015/FLX_US-ARc_FLUXNET2015_ERAI_HH_1989-2014_beta-5.csv: line 99000 [oneflux.pipeline.site_data_product]
2025-06-13 07:11:30.776 [DEBUG   ] Writing /global/home/users/sytoanngo/ONEFlux/data/US-ARc_sample_output/99_fluxnet2015/FLX_US-ARc_FLUXNET2015_ERAI_HH_1989-2014_beta-5.csv: line 100000 [oneflux.pipeline.site_data_product]
2025-06-13 07:11:30.790 [DEBUG   ] Writing /global/home/users/sytoanngo/ONEFlux/data/US-ARc_sample_output/99_fluxnet2015/FLX_US-ARc_FLUXNET2015_ERAI_HH_1989-2014_beta-5.csv: line 101000 [oneflux.pipeline.site_data_product]
2025-06-13 07:11:30.803 [DEBUG   ] Writing /global/home/users/sytoanngo/ONEFlux/data/US-ARc_sample_output/99_fluxnet2015/FLX_US-ARc_FLUXNET2015_ERAI_HH_1989-2014_beta-5.csv: line 102000 [oneflux.pipeline.site_data_product]
2025-06-13 07:11:30.817 [DEBUG   ] Writing /global/home/users/sytoanngo/ONEFlux/data/US-ARc_sample_output/99_fluxnet2015/FLX_US-ARc_FLUXNET2015_ERAI_HH_1989-2014_beta-5.csv: line 103000 [oneflux.pipeline.site_data_product]
2025-06-13 07:11:30.831 [DEBUG   ] Writing /global/home/users/sytoanngo/ONEFlux/data/US-ARc_sample_output/99_fluxnet2015/FLX_US-ARc_FLUXNET2015_ERAI_HH_1989-2014_beta-5.csv: line 104000 [oneflux.pipeline.site_data_product]
2025-06-13 07:11:30.845 [DEBUG   ] Writing /global/home/users/sytoanngo/ONEFlux/data/US-ARc_sample_output/99_fluxnet2015/FLX_US-ARc_FLUXNET2015_ERAI_HH_1989-2014_beta-5.csv: line 105000 [oneflux.pipeline.site_data_product]
2025-06-13 07:11:30.858 [DEBUG   ] Writing /global/home/users/sytoanngo/ONEFlux/data/US-ARc_sample_output/99_fluxnet2015/FLX_US-ARc_FLUXNET2015_ERAI_HH_1989-2014_beta-5.csv: line 106000 [oneflux.pipeline.site_data_product]
2025-06-13 07:11:30.872 [DEBUG   ] Writing /global/home/users/sytoanngo/ONEFlux/data/US-ARc_sample_output/99_fluxnet2015/FLX_US-ARc_FLUXNET2015_ERAI_HH_1989-2014_beta-5.csv: line 107000 [oneflux.pipeline.site_data_product]
2025-06-13 07:11:30.886 [DEBUG   ] Writing /global/home/users/sytoanngo/ONEFlux/data/US-ARc_sample_output/99_fluxnet2015/FLX_US-ARc_FLUXNET2015_ERAI_HH_1989-2014_beta-5.csv: line 108000 [oneflux.pipeline.site_data_product]
2025-06-13 07:11:30.900 [DEBUG   ] Writing /global/home/users/sytoanngo/ONEFlux/data/US-ARc_sample_output/99_fluxnet2015/FLX_US-ARc_FLUXNET2015_ERAI_HH_1989-2014_beta-5.csv: line 109000 [oneflux.pipeline.site_data_product]
2025-06-13 07:11:30.914 [DEBUG   ] Writing /global/home/users/sytoanngo/ONEFlux/data/US-ARc_sample_output/99_fluxnet2015/FLX_US-ARc_FLUXNET2015_ERAI_HH_1989-2014_beta-5.csv: line 110000 [oneflux.pipeline.site_data_product]
2025-06-13 07:11:30.928 [DEBUG   ] Writing /global/home/users/sytoanngo/ONEFlux/data/US-ARc_sample_output/99_fluxnet2015/FLX_US-ARc_FLUXNET2015_ERAI_HH_1989-2014_beta-5.csv: line 111000 [oneflux.pipeline.site_data_product]
2025-06-13 07:11:30.942 [DEBUG   ] Writing /global/home/users/sytoanngo/ONEFlux/data/US-ARc_sample_output/99_fluxnet2015/FLX_US-ARc_FLUXNET2015_ERAI_HH_1989-2014_beta-5.csv: line 112000 [oneflux.pipeline.site_data_product]
2025-06-13 07:11:30.956 [DEBUG   ] Writing /global/home/users/sytoanngo/ONEFlux/data/US-ARc_sample_output/99_fluxnet2015/FLX_US-ARc_FLUXNET2015_ERAI_HH_1989-2014_beta-5.csv: line 113000 [oneflux.pipeline.site_data_product]
2025-06-13 07:11:30.970 [DEBUG   ] Writing /global/home/users/sytoanngo/ONEFlux/data/US-ARc_sample_output/99_fluxnet2015/FLX_US-ARc_FLUXNET2015_ERAI_HH_1989-2014_beta-5.csv: line 114000 [oneflux.pipeline.site_data_product]
2025-06-13 07:11:30.981 [DEBUG   ] Writing /global/home/users/sytoanngo/ONEFlux/data/US-ARc_sample_output/99_fluxnet2015/FLX_US-ARc_FLUXNET2015_ERAI_HH_1989-2014_beta-5.csv: line 115000 [oneflux.pipeline.site_data_product]
2025-06-13 07:11:30.991 [DEBUG   ] Writing /global/home/users/sytoanngo/ONEFlux/data/US-ARc_sample_output/99_fluxnet2015/FLX_US-ARc_FLUXNET2015_ERAI_HH_1989-2014_beta-5.csv: line 116000 [oneflux.pipeline.site_data_product]
2025-06-13 07:11:31.002 [DEBUG   ] Writing /global/home/users/sytoanngo/ONEFlux/data/US-ARc_sample_output/99_fluxnet2015/FLX_US-ARc_FLUXNET2015_ERAI_HH_1989-2014_beta-5.csv: line 117000 [oneflux.pipeline.site_data_product]
2025-06-13 07:11:31.012 [DEBUG   ] Writing /global/home/users/sytoanngo/ONEFlux/data/US-ARc_sample_output/99_fluxnet2015/FLX_US-ARc_FLUXNET2015_ERAI_HH_1989-2014_beta-5.csv: line 118000 [oneflux.pipeline.site_data_product]
2025-06-13 07:11:31.022 [DEBUG   ] Writing /global/home/users/sytoanngo/ONEFlux/data/US-ARc_sample_output/99_fluxnet2015/FLX_US-ARc_FLUXNET2015_ERAI_HH_1989-2014_beta-5.csv: line 119000 [oneflux.pipeline.site_data_product]
2025-06-13 07:11:31.033 [DEBUG   ] Writing /global/home/users/sytoanngo/ONEFlux/data/US-ARc_sample_output/99_fluxnet2015/FLX_US-ARc_FLUXNET2015_ERAI_HH_1989-2014_beta-5.csv: line 120000 [oneflux.pipeline.site_data_product]
2025-06-13 07:11:31.043 [DEBUG   ] Writing /global/home/users/sytoanngo/ONEFlux/data/US-ARc_sample_output/99_fluxnet2015/FLX_US-ARc_FLUXNET2015_ERAI_HH_1989-2014_beta-5.csv: line 121000 [oneflux.pipeline.site_data_product]
2025-06-13 07:11:31.053 [DEBUG   ] Writing /global/home/users/sytoanngo/ONEFlux/data/US-ARc_sample_output/99_fluxnet2015/FLX_US-ARc_FLUXNET2015_ERAI_HH_1989-2014_beta-5.csv: line 122000 [oneflux.pipeline.site_data_product]
2025-06-13 07:11:31.064 [DEBUG   ] Writing /global/home/users/sytoanngo/ONEFlux/data/US-ARc_sample_output/99_fluxnet2015/FLX_US-ARc_FLUXNET2015_ERAI_HH_1989-2014_beta-5.csv: line 123000 [oneflux.pipeline.site_data_product]
2025-06-13 07:11:31.074 [DEBUG   ] Writing /global/home/users/sytoanngo/ONEFlux/data/US-ARc_sample_output/99_fluxnet2015/FLX_US-ARc_FLUXNET2015_ERAI_HH_1989-2014_beta-5.csv: line 124000 [oneflux.pipeline.site_data_product]
2025-06-13 07:11:31.084 [DEBUG   ] Writing /global/home/users/sytoanngo/ONEFlux/data/US-ARc_sample_output/99_fluxnet2015/FLX_US-ARc_FLUXNET2015_ERAI_HH_1989-2014_beta-5.csv: line 125000 [oneflux.pipeline.site_data_product]
2025-06-13 07:11:31.095 [DEBUG   ] Writing /global/home/users/sytoanngo/ONEFlux/data/US-ARc_sample_output/99_fluxnet2015/FLX_US-ARc_FLUXNET2015_ERAI_HH_1989-2014_beta-5.csv: line 126000 [oneflux.pipeline.site_data_product]
2025-06-13 07:11:31.105 [DEBUG   ] Writing /global/home/users/sytoanngo/ONEFlux/data/US-ARc_sample_output/99_fluxnet2015/FLX_US-ARc_FLUXNET2015_ERAI_HH_1989-2014_beta-5.csv: line 127000 [oneflux.pipeline.site_data_product]
2025-06-13 07:11:31.115 [DEBUG   ] Writing /global/home/users/sytoanngo/ONEFlux/data/US-ARc_sample_output/99_fluxnet2015/FLX_US-ARc_FLUXNET2015_ERAI_HH_1989-2014_beta-5.csv: line 128000 [oneflux.pipeline.site_data_product]
2025-06-13 07:11:31.126 [DEBUG   ] Writing /global/home/users/sytoanngo/ONEFlux/data/US-ARc_sample_output/99_fluxnet2015/FLX_US-ARc_FLUXNET2015_ERAI_HH_1989-2014_beta-5.csv: line 129000 [oneflux.pipeline.site_data_product]
2025-06-13 07:11:31.136 [DEBUG   ] Writing /global/home/users/sytoanngo/ONEFlux/data/US-ARc_sample_output/99_fluxnet2015/FLX_US-ARc_FLUXNET2015_ERAI_HH_1989-2014_beta-5.csv: line 130000 [oneflux.pipeline.site_data_product]
2025-06-13 07:11:31.146 [DEBUG   ] Writing /global/home/users/sytoanngo/ONEFlux/data/US-ARc_sample_output/99_fluxnet2015/FLX_US-ARc_FLUXNET2015_ERAI_HH_1989-2014_beta-5.csv: line 131000 [oneflux.pipeline.site_data_product]
2025-06-13 07:11:31.157 [DEBUG   ] Writing /global/home/users/sytoanngo/ONEFlux/data/US-ARc_sample_output/99_fluxnet2015/FLX_US-ARc_FLUXNET2015_ERAI_HH_1989-2014_beta-5.csv: line 132000 [oneflux.pipeline.site_data_product]
2025-06-13 07:11:31.167 [DEBUG   ] Writing /global/home/users/sytoanngo/ONEFlux/data/US-ARc_sample_output/99_fluxnet2015/FLX_US-ARc_FLUXNET2015_ERAI_HH_1989-2014_beta-5.csv: line 133000 [oneflux.pipeline.site_data_product]
2025-06-13 07:11:31.177 [DEBUG   ] Writing /global/home/users/sytoanngo/ONEFlux/data/US-ARc_sample_output/99_fluxnet2015/FLX_US-ARc_FLUXNET2015_ERAI_HH_1989-2014_beta-5.csv: line 134000 [oneflux.pipeline.site_data_product]
2025-06-13 07:11:31.187 [DEBUG   ] Writing /global/home/users/sytoanngo/ONEFlux/data/US-ARc_sample_output/99_fluxnet2015/FLX_US-ARc_FLUXNET2015_ERAI_HH_1989-2014_beta-5.csv: line 135000 [oneflux.pipeline.site_data_product]
2025-06-13 07:11:31.198 [DEBUG   ] Writing /global/home/users/sytoanngo/ONEFlux/data/US-ARc_sample_output/99_fluxnet2015/FLX_US-ARc_FLUXNET2015_ERAI_HH_1989-2014_beta-5.csv: line 136000 [oneflux.pipeline.site_data_product]
2025-06-13 07:11:31.208 [DEBUG   ] Writing /global/home/users/sytoanngo/ONEFlux/data/US-ARc_sample_output/99_fluxnet2015/FLX_US-ARc_FLUXNET2015_ERAI_HH_1989-2014_beta-5.csv: line 137000 [oneflux.pipeline.site_data_product]
2025-06-13 07:11:31.218 [DEBUG   ] Writing /global/home/users/sytoanngo/ONEFlux/data/US-ARc_sample_output/99_fluxnet2015/FLX_US-ARc_FLUXNET2015_ERAI_HH_1989-2014_beta-5.csv: line 138000 [oneflux.pipeline.site_data_product]
2025-06-13 07:11:31.228 [DEBUG   ] Writing /global/home/users/sytoanngo/ONEFlux/data/US-ARc_sample_output/99_fluxnet2015/FLX_US-ARc_FLUXNET2015_ERAI_HH_1989-2014_beta-5.csv: line 139000 [oneflux.pipeline.site_data_product]
2025-06-13 07:11:31.238 [DEBUG   ] Writing /global/home/users/sytoanngo/ONEFlux/data/US-ARc_sample_output/99_fluxnet2015/FLX_US-ARc_FLUXNET2015_ERAI_HH_1989-2014_beta-5.csv: line 140000 [oneflux.pipeline.site_data_product]
2025-06-13 07:11:31.248 [DEBUG   ] Writing /global/home/users/sytoanngo/ONEFlux/data/US-ARc_sample_output/99_fluxnet2015/FLX_US-ARc_FLUXNET2015_ERAI_HH_1989-2014_beta-5.csv: line 141000 [oneflux.pipeline.site_data_product]
2025-06-13 07:11:31.258 [DEBUG   ] Writing /global/home/users/sytoanngo/ONEFlux/data/US-ARc_sample_output/99_fluxnet2015/FLX_US-ARc_FLUXNET2015_ERAI_HH_1989-2014_beta-5.csv: line 142000 [oneflux.pipeline.site_data_product]
2025-06-13 07:11:31.269 [DEBUG   ] Writing /global/home/users/sytoanngo/ONEFlux/data/US-ARc_sample_output/99_fluxnet2015/FLX_US-ARc_FLUXNET2015_ERAI_HH_1989-2014_beta-5.csv: line 143000 [oneflux.pipeline.site_data_product]
2025-06-13 07:11:31.279 [DEBUG   ] Writing /global/home/users/sytoanngo/ONEFlux/data/US-ARc_sample_output/99_fluxnet2015/FLX_US-ARc_FLUXNET2015_ERAI_HH_1989-2014_beta-5.csv: line 144000 [oneflux.pipeline.site_data_product]
2025-06-13 07:11:31.289 [DEBUG   ] Writing /global/home/users/sytoanngo/ONEFlux/data/US-ARc_sample_output/99_fluxnet2015/FLX_US-ARc_FLUXNET2015_ERAI_HH_1989-2014_beta-5.csv: line 145000 [oneflux.pipeline.site_data_product]
2025-06-13 07:11:31.299 [DEBUG   ] Writing /global/home/users/sytoanngo/ONEFlux/data/US-ARc_sample_output/99_fluxnet2015/FLX_US-ARc_FLUXNET2015_ERAI_HH_1989-2014_beta-5.csv: line 146000 [oneflux.pipeline.site_data_product]
2025-06-13 07:11:31.309 [DEBUG   ] Writing /global/home/users/sytoanngo/ONEFlux/data/US-ARc_sample_output/99_fluxnet2015/FLX_US-ARc_FLUXNET2015_ERAI_HH_1989-2014_beta-5.csv: line 147000 [oneflux.pipeline.site_data_product]
2025-06-13 07:11:31.320 [DEBUG   ] Writing /global/home/users/sytoanngo/ONEFlux/data/US-ARc_sample_output/99_fluxnet2015/FLX_US-ARc_FLUXNET2015_ERAI_HH_1989-2014_beta-5.csv: line 148000 [oneflux.pipeline.site_data_product]
2025-06-13 07:11:31.330 [DEBUG   ] Writing /global/home/users/sytoanngo/ONEFlux/data/US-ARc_sample_output/99_fluxnet2015/FLX_US-ARc_FLUXNET2015_ERAI_HH_1989-2014_beta-5.csv: line 149000 [oneflux.pipeline.site_data_product]
2025-06-13 07:11:31.340 [DEBUG   ] Writing /global/home/users/sytoanngo/ONEFlux/data/US-ARc_sample_output/99_fluxnet2015/FLX_US-ARc_FLUXNET2015_ERAI_HH_1989-2014_beta-5.csv: line 150000 [oneflux.pipeline.site_data_product]
2025-06-13 07:11:31.351 [DEBUG   ] Writing /global/home/users/sytoanngo/ONEFlux/data/US-ARc_sample_output/99_fluxnet2015/FLX_US-ARc_FLUXNET2015_ERAI_HH_1989-2014_beta-5.csv: line 151000 [oneflux.pipeline.site_data_product]
2025-06-13 07:11:31.361 [DEBUG   ] Writing /global/home/users/sytoanngo/ONEFlux/data/US-ARc_sample_output/99_fluxnet2015/FLX_US-ARc_FLUXNET2015_ERAI_HH_1989-2014_beta-5.csv: line 152000 [oneflux.pipeline.site_data_product]
2025-06-13 07:11:31.371 [DEBUG   ] Writing /global/home/users/sytoanngo/ONEFlux/data/US-ARc_sample_output/99_fluxnet2015/FLX_US-ARc_FLUXNET2015_ERAI_HH_1989-2014_beta-5.csv: line 153000 [oneflux.pipeline.site_data_product]
2025-06-13 07:11:31.381 [DEBUG   ] Writing /global/home/users/sytoanngo/ONEFlux/data/US-ARc_sample_output/99_fluxnet2015/FLX_US-ARc_FLUXNET2015_ERAI_HH_1989-2014_beta-5.csv: line 154000 [oneflux.pipeline.site_data_product]
2025-06-13 07:11:31.391 [DEBUG   ] Writing /global/home/users/sytoanngo/ONEFlux/data/US-ARc_sample_output/99_fluxnet2015/FLX_US-ARc_FLUXNET2015_ERAI_HH_1989-2014_beta-5.csv: line 155000 [oneflux.pipeline.site_data_product]
2025-06-13 07:11:31.401 [DEBUG   ] Writing /global/home/users/sytoanngo/ONEFlux/data/US-ARc_sample_output/99_fluxnet2015/FLX_US-ARc_FLUXNET2015_ERAI_HH_1989-2014_beta-5.csv: line 156000 [oneflux.pipeline.site_data_product]
2025-06-13 07:11:31.412 [DEBUG   ] Writing /global/home/users/sytoanngo/ONEFlux/data/US-ARc_sample_output/99_fluxnet2015/FLX_US-ARc_FLUXNET2015_ERAI_HH_1989-2014_beta-5.csv: line 157000 [oneflux.pipeline.site_data_product]
2025-06-13 07:11:31.422 [DEBUG   ] Writing /global/home/users/sytoanngo/ONEFlux/data/US-ARc_sample_output/99_fluxnet2015/FLX_US-ARc_FLUXNET2015_ERAI_HH_1989-2014_beta-5.csv: line 158000 [oneflux.pipeline.site_data_product]
2025-06-13 07:11:31.432 [DEBUG   ] Writing /global/home/users/sytoanngo/ONEFlux/data/US-ARc_sample_output/99_fluxnet2015/FLX_US-ARc_FLUXNET2015_ERAI_HH_1989-2014_beta-5.csv: line 159000 [oneflux.pipeline.site_data_product]
2025-06-13 07:11:31.442 [DEBUG   ] Writing /global/home/users/sytoanngo/ONEFlux/data/US-ARc_sample_output/99_fluxnet2015/FLX_US-ARc_FLUXNET2015_ERAI_HH_1989-2014_beta-5.csv: line 160000 [oneflux.pipeline.site_data_product]
2025-06-13 07:11:31.452 [DEBUG   ] Writing /global/home/users/sytoanngo/ONEFlux/data/US-ARc_sample_output/99_fluxnet2015/FLX_US-ARc_FLUXNET2015_ERAI_HH_1989-2014_beta-5.csv: line 161000 [oneflux.pipeline.site_data_product]
2025-06-13 07:11:31.462 [DEBUG   ] Writing /global/home/users/sytoanngo/ONEFlux/data/US-ARc_sample_output/99_fluxnet2015/FLX_US-ARc_FLUXNET2015_ERAI_HH_1989-2014_beta-5.csv: line 162000 [oneflux.pipeline.site_data_product]
2025-06-13 07:11:31.473 [DEBUG   ] Writing /global/home/users/sytoanngo/ONEFlux/data/US-ARc_sample_output/99_fluxnet2015/FLX_US-ARc_FLUXNET2015_ERAI_HH_1989-2014_beta-5.csv: line 163000 [oneflux.pipeline.site_data_product]
2025-06-13 07:11:31.483 [DEBUG   ] Writing /global/home/users/sytoanngo/ONEFlux/data/US-ARc_sample_output/99_fluxnet2015/FLX_US-ARc_FLUXNET2015_ERAI_HH_1989-2014_beta-5.csv: line 164000 [oneflux.pipeline.site_data_product]
2025-06-13 07:11:31.493 [DEBUG   ] Writing /global/home/users/sytoanngo/ONEFlux/data/US-ARc_sample_output/99_fluxnet2015/FLX_US-ARc_FLUXNET2015_ERAI_HH_1989-2014_beta-5.csv: line 165000 [oneflux.pipeline.site_data_product]
2025-06-13 07:11:31.503 [DEBUG   ] Writing /global/home/users/sytoanngo/ONEFlux/data/US-ARc_sample_output/99_fluxnet2015/FLX_US-ARc_FLUXNET2015_ERAI_HH_1989-2014_beta-5.csv: line 166000 [oneflux.pipeline.site_data_product]
2025-06-13 07:11:31.514 [DEBUG   ] Writing /global/home/users/sytoanngo/ONEFlux/data/US-ARc_sample_output/99_fluxnet2015/FLX_US-ARc_FLUXNET2015_ERAI_HH_1989-2014_beta-5.csv: line 167000 [oneflux.pipeline.site_data_product]
2025-06-13 07:11:31.524 [DEBUG   ] Writing /global/home/users/sytoanngo/ONEFlux/data/US-ARc_sample_output/99_fluxnet2015/FLX_US-ARc_FLUXNET2015_ERAI_HH_1989-2014_beta-5.csv: line 168000 [oneflux.pipeline.site_data_product]
2025-06-13 07:11:31.534 [DEBUG   ] Writing /global/home/users/sytoanngo/ONEFlux/data/US-ARc_sample_output/99_fluxnet2015/FLX_US-ARc_FLUXNET2015_ERAI_HH_1989-2014_beta-5.csv: line 169000 [oneflux.pipeline.site_data_product]
2025-06-13 07:11:31.544 [DEBUG   ] Writing /global/home/users/sytoanngo/ONEFlux/data/US-ARc_sample_output/99_fluxnet2015/FLX_US-ARc_FLUXNET2015_ERAI_HH_1989-2014_beta-5.csv: line 170000 [oneflux.pipeline.site_data_product]
2025-06-13 07:11:31.555 [DEBUG   ] Writing /global/home/users/sytoanngo/ONEFlux/data/US-ARc_sample_output/99_fluxnet2015/FLX_US-ARc_FLUXNET2015_ERAI_HH_1989-2014_beta-5.csv: line 171000 [oneflux.pipeline.site_data_product]
2025-06-13 07:11:31.565 [DEBUG   ] Writing /global/home/users/sytoanngo/ONEFlux/data/US-ARc_sample_output/99_fluxnet2015/FLX_US-ARc_FLUXNET2015_ERAI_HH_1989-2014_beta-5.csv: line 172000 [oneflux.pipeline.site_data_product]
2025-06-13 07:11:31.575 [DEBUG   ] Writing /global/home/users/sytoanngo/ONEFlux/data/US-ARc_sample_output/99_fluxnet2015/FLX_US-ARc_FLUXNET2015_ERAI_HH_1989-2014_beta-5.csv: line 173000 [oneflux.pipeline.site_data_product]
2025-06-13 07:11:31.586 [DEBUG   ] Writing /global/home/users/sytoanngo/ONEFlux/data/US-ARc_sample_output/99_fluxnet2015/FLX_US-ARc_FLUXNET2015_ERAI_HH_1989-2014_beta-5.csv: line 174000 [oneflux.pipeline.site_data_product]
2025-06-13 07:11:31.596 [DEBUG   ] Writing /global/home/users/sytoanngo/ONEFlux/data/US-ARc_sample_output/99_fluxnet2015/FLX_US-ARc_FLUXNET2015_ERAI_HH_1989-2014_beta-5.csv: line 175000 [oneflux.pipeline.site_data_product]
2025-06-13 07:11:31.606 [DEBUG   ] Writing /global/home/users/sytoanngo/ONEFlux/data/US-ARc_sample_output/99_fluxnet2015/FLX_US-ARc_FLUXNET2015_ERAI_HH_1989-2014_beta-5.csv: line 176000 [oneflux.pipeline.site_data_product]
2025-06-13 07:11:31.616 [DEBUG   ] Writing /global/home/users/sytoanngo/ONEFlux/data/US-ARc_sample_output/99_fluxnet2015/FLX_US-ARc_FLUXNET2015_ERAI_HH_1989-2014_beta-5.csv: line 177000 [oneflux.pipeline.site_data_product]
2025-06-13 07:11:31.626 [DEBUG   ] Writing /global/home/users/sytoanngo/ONEFlux/data/US-ARc_sample_output/99_fluxnet2015/FLX_US-ARc_FLUXNET2015_ERAI_HH_1989-2014_beta-5.csv: line 178000 [oneflux.pipeline.site_data_product]
2025-06-13 07:11:31.636 [DEBUG   ] Writing /global/home/users/sytoanngo/ONEFlux/data/US-ARc_sample_output/99_fluxnet2015/FLX_US-ARc_FLUXNET2015_ERAI_HH_1989-2014_beta-5.csv: line 179000 [oneflux.pipeline.site_data_product]
2025-06-13 07:11:31.646 [DEBUG   ] Writing /global/home/users/sytoanngo/ONEFlux/data/US-ARc_sample_output/99_fluxnet2015/FLX_US-ARc_FLUXNET2015_ERAI_HH_1989-2014_beta-5.csv: line 180000 [oneflux.pipeline.site_data_product]
2025-06-13 07:11:31.657 [DEBUG   ] Writing /global/home/users/sytoanngo/ONEFlux/data/US-ARc_sample_output/99_fluxnet2015/FLX_US-ARc_FLUXNET2015_ERAI_HH_1989-2014_beta-5.csv: line 181000 [oneflux.pipeline.site_data_product]
2025-06-13 07:11:31.667 [DEBUG   ] Writing /global/home/users/sytoanngo/ONEFlux/data/US-ARc_sample_output/99_fluxnet2015/FLX_US-ARc_FLUXNET2015_ERAI_HH_1989-2014_beta-5.csv: line 182000 [oneflux.pipeline.site_data_product]
2025-06-13 07:11:31.677 [DEBUG   ] Writing /global/home/users/sytoanngo/ONEFlux/data/US-ARc_sample_output/99_fluxnet2015/FLX_US-ARc_FLUXNET2015_ERAI_HH_1989-2014_beta-5.csv: line 183000 [oneflux.pipeline.site_data_product]
2025-06-13 07:11:31.687 [DEBUG   ] Writing /global/home/users/sytoanngo/ONEFlux/data/US-ARc_sample_output/99_fluxnet2015/FLX_US-ARc_FLUXNET2015_ERAI_HH_1989-2014_beta-5.csv: line 184000 [oneflux.pipeline.site_data_product]
2025-06-13 07:11:31.698 [DEBUG   ] Writing /global/home/users/sytoanngo/ONEFlux/data/US-ARc_sample_output/99_fluxnet2015/FLX_US-ARc_FLUXNET2015_ERAI_HH_1989-2014_beta-5.csv: line 185000 [oneflux.pipeline.site_data_product]
2025-06-13 07:11:31.708 [DEBUG   ] Writing /global/home/users/sytoanngo/ONEFlux/data/US-ARc_sample_output/99_fluxnet2015/FLX_US-ARc_FLUXNET2015_ERAI_HH_1989-2014_beta-5.csv: line 186000 [oneflux.pipeline.site_data_product]
2025-06-13 07:11:31.718 [DEBUG   ] Writing /global/home/users/sytoanngo/ONEFlux/data/US-ARc_sample_output/99_fluxnet2015/FLX_US-ARc_FLUXNET2015_ERAI_HH_1989-2014_beta-5.csv: line 187000 [oneflux.pipeline.site_data_product]
2025-06-13 07:11:31.728 [DEBUG   ] Writing /global/home/users/sytoanngo/ONEFlux/data/US-ARc_sample_output/99_fluxnet2015/FLX_US-ARc_FLUXNET2015_ERAI_HH_1989-2014_beta-5.csv: line 188000 [oneflux.pipeline.site_data_product]
2025-06-13 07:11:31.739 [DEBUG   ] Writing /global/home/users/sytoanngo/ONEFlux/data/US-ARc_sample_output/99_fluxnet2015/FLX_US-ARc_FLUXNET2015_ERAI_HH_1989-2014_beta-5.csv: line 189000 [oneflux.pipeline.site_data_product]
2025-06-13 07:11:31.749 [DEBUG   ] Writing /global/home/users/sytoanngo/ONEFlux/data/US-ARc_sample_output/99_fluxnet2015/FLX_US-ARc_FLUXNET2015_ERAI_HH_1989-2014_beta-5.csv: line 190000 [oneflux.pipeline.site_data_product]
2025-06-13 07:11:31.759 [DEBUG   ] Writing /global/home/users/sytoanngo/ONEFlux/data/US-ARc_sample_output/99_fluxnet2015/FLX_US-ARc_FLUXNET2015_ERAI_HH_1989-2014_beta-5.csv: line 191000 [oneflux.pipeline.site_data_product]
2025-06-13 07:11:31.769 [DEBUG   ] Writing /global/home/users/sytoanngo/ONEFlux/data/US-ARc_sample_output/99_fluxnet2015/FLX_US-ARc_FLUXNET2015_ERAI_HH_1989-2014_beta-5.csv: line 192000 [oneflux.pipeline.site_data_product]
2025-06-13 07:11:31.779 [DEBUG   ] Writing /global/home/users/sytoanngo/ONEFlux/data/US-ARc_sample_output/99_fluxnet2015/FLX_US-ARc_FLUXNET2015_ERAI_HH_1989-2014_beta-5.csv: line 193000 [oneflux.pipeline.site_data_product]
2025-06-13 07:11:31.789 [DEBUG   ] Writing /global/home/users/sytoanngo/ONEFlux/data/US-ARc_sample_output/99_fluxnet2015/FLX_US-ARc_FLUXNET2015_ERAI_HH_1989-2014_beta-5.csv: line 194000 [oneflux.pipeline.site_data_product]
2025-06-13 07:11:31.799 [DEBUG   ] Writing /global/home/users/sytoanngo/ONEFlux/data/US-ARc_sample_output/99_fluxnet2015/FLX_US-ARc_FLUXNET2015_ERAI_HH_1989-2014_beta-5.csv: line 195000 [oneflux.pipeline.site_data_product]
2025-06-13 07:11:31.810 [DEBUG   ] Writing /global/home/users/sytoanngo/ONEFlux/data/US-ARc_sample_output/99_fluxnet2015/FLX_US-ARc_FLUXNET2015_ERAI_HH_1989-2014_beta-5.csv: line 196000 [oneflux.pipeline.site_data_product]
2025-06-13 07:11:31.820 [DEBUG   ] Writing /global/home/users/sytoanngo/ONEFlux/data/US-ARc_sample_output/99_fluxnet2015/FLX_US-ARc_FLUXNET2015_ERAI_HH_1989-2014_beta-5.csv: line 197000 [oneflux.pipeline.site_data_product]
2025-06-13 07:11:31.830 [DEBUG   ] Writing /global/home/users/sytoanngo/ONEFlux/data/US-ARc_sample_output/99_fluxnet2015/FLX_US-ARc_FLUXNET2015_ERAI_HH_1989-2014_beta-5.csv: line 198000 [oneflux.pipeline.site_data_product]
2025-06-13 07:11:31.840 [DEBUG   ] Writing /global/home/users/sytoanngo/ONEFlux/data/US-ARc_sample_output/99_fluxnet2015/FLX_US-ARc_FLUXNET2015_ERAI_HH_1989-2014_beta-5.csv: line 199000 [oneflux.pipeline.site_data_product]
2025-06-13 07:11:31.850 [DEBUG   ] Writing /global/home/users/sytoanngo/ONEFlux/data/US-ARc_sample_output/99_fluxnet2015/FLX_US-ARc_FLUXNET2015_ERAI_HH_1989-2014_beta-5.csv: line 200000 [oneflux.pipeline.site_data_product]
2025-06-13 07:11:31.861 [DEBUG   ] Writing /global/home/users/sytoanngo/ONEFlux/data/US-ARc_sample_output/99_fluxnet2015/FLX_US-ARc_FLUXNET2015_ERAI_HH_1989-2014_beta-5.csv: line 201000 [oneflux.pipeline.site_data_product]
2025-06-13 07:11:31.871 [DEBUG   ] Writing /global/home/users/sytoanngo/ONEFlux/data/US-ARc_sample_output/99_fluxnet2015/FLX_US-ARc_FLUXNET2015_ERAI_HH_1989-2014_beta-5.csv: line 202000 [oneflux.pipeline.site_data_product]
2025-06-13 07:11:31.881 [DEBUG   ] Writing /global/home/users/sytoanngo/ONEFlux/data/US-ARc_sample_output/99_fluxnet2015/FLX_US-ARc_FLUXNET2015_ERAI_HH_1989-2014_beta-5.csv: line 203000 [oneflux.pipeline.site_data_product]
2025-06-13 07:11:31.891 [DEBUG   ] Writing /global/home/users/sytoanngo/ONEFlux/data/US-ARc_sample_output/99_fluxnet2015/FLX_US-ARc_FLUXNET2015_ERAI_HH_1989-2014_beta-5.csv: line 204000 [oneflux.pipeline.site_data_product]
2025-06-13 07:11:31.902 [DEBUG   ] Writing /global/home/users/sytoanngo/ONEFlux/data/US-ARc_sample_output/99_fluxnet2015/FLX_US-ARc_FLUXNET2015_ERAI_HH_1989-2014_beta-5.csv: line 205000 [oneflux.pipeline.site_data_product]
2025-06-13 07:11:31.912 [DEBUG   ] Writing /global/home/users/sytoanngo/ONEFlux/data/US-ARc_sample_output/99_fluxnet2015/FLX_US-ARc_FLUXNET2015_ERAI_HH_1989-2014_beta-5.csv: line 206000 [oneflux.pipeline.site_data_product]
2025-06-13 07:11:31.922 [DEBUG   ] Writing /global/home/users/sytoanngo/ONEFlux/data/US-ARc_sample_output/99_fluxnet2015/FLX_US-ARc_FLUXNET2015_ERAI_HH_1989-2014_beta-5.csv: line 207000 [oneflux.pipeline.site_data_product]
2025-06-13 07:11:31.932 [DEBUG   ] Writing /global/home/users/sytoanngo/ONEFlux/data/US-ARc_sample_output/99_fluxnet2015/FLX_US-ARc_FLUXNET2015_ERAI_HH_1989-2014_beta-5.csv: line 208000 [oneflux.pipeline.site_data_product]
2025-06-13 07:11:31.942 [DEBUG   ] Writing /global/home/users/sytoanngo/ONEFlux/data/US-ARc_sample_output/99_fluxnet2015/FLX_US-ARc_FLUXNET2015_ERAI_HH_1989-2014_beta-5.csv: line 209000 [oneflux.pipeline.site_data_product]
2025-06-13 07:11:31.952 [DEBUG   ] Writing /global/home/users/sytoanngo/ONEFlux/data/US-ARc_sample_output/99_fluxnet2015/FLX_US-ARc_FLUXNET2015_ERAI_HH_1989-2014_beta-5.csv: line 210000 [oneflux.pipeline.site_data_product]
2025-06-13 07:11:31.963 [DEBUG   ] Writing /global/home/users/sytoanngo/ONEFlux/data/US-ARc_sample_output/99_fluxnet2015/FLX_US-ARc_FLUXNET2015_ERAI_HH_1989-2014_beta-5.csv: line 211000 [oneflux.pipeline.site_data_product]
2025-06-13 07:11:31.973 [DEBUG   ] Writing /global/home/users/sytoanngo/ONEFlux/data/US-ARc_sample_output/99_fluxnet2015/FLX_US-ARc_FLUXNET2015_ERAI_HH_1989-2014_beta-5.csv: line 212000 [oneflux.pipeline.site_data_product]
2025-06-13 07:11:31.983 [DEBUG   ] Writing /global/home/users/sytoanngo/ONEFlux/data/US-ARc_sample_output/99_fluxnet2015/FLX_US-ARc_FLUXNET2015_ERAI_HH_1989-2014_beta-5.csv: line 213000 [oneflux.pipeline.site_data_product]
2025-06-13 07:11:31.993 [DEBUG   ] Writing /global/home/users/sytoanngo/ONEFlux/data/US-ARc_sample_output/99_fluxnet2015/FLX_US-ARc_FLUXNET2015_ERAI_HH_1989-2014_beta-5.csv: line 214000 [oneflux.pipeline.site_data_product]
2025-06-13 07:11:32.003 [DEBUG   ] Writing /global/home/users/sytoanngo/ONEFlux/data/US-ARc_sample_output/99_fluxnet2015/FLX_US-ARc_FLUXNET2015_ERAI_HH_1989-2014_beta-5.csv: line 215000 [oneflux.pipeline.site_data_product]
2025-06-13 07:11:32.013 [DEBUG   ] Writing /global/home/users/sytoanngo/ONEFlux/data/US-ARc_sample_output/99_fluxnet2015/FLX_US-ARc_FLUXNET2015_ERAI_HH_1989-2014_beta-5.csv: line 216000 [oneflux.pipeline.site_data_product]
2025-06-13 07:11:32.024 [DEBUG   ] Writing /global/home/users/sytoanngo/ONEFlux/data/US-ARc_sample_output/99_fluxnet2015/FLX_US-ARc_FLUXNET2015_ERAI_HH_1989-2014_beta-5.csv: line 217000 [oneflux.pipeline.site_data_product]
2025-06-13 07:11:32.034 [DEBUG   ] Writing /global/home/users/sytoanngo/ONEFlux/data/US-ARc_sample_output/99_fluxnet2015/FLX_US-ARc_FLUXNET2015_ERAI_HH_1989-2014_beta-5.csv: line 218000 [oneflux.pipeline.site_data_product]
2025-06-13 07:11:32.044 [DEBUG   ] Writing /global/home/users/sytoanngo/ONEFlux/data/US-ARc_sample_output/99_fluxnet2015/FLX_US-ARc_FLUXNET2015_ERAI_HH_1989-2014_beta-5.csv: line 219000 [oneflux.pipeline.site_data_product]
2025-06-13 07:11:32.054 [DEBUG   ] Writing /global/home/users/sytoanngo/ONEFlux/data/US-ARc_sample_output/99_fluxnet2015/FLX_US-ARc_FLUXNET2015_ERAI_HH_1989-2014_beta-5.csv: line 220000 [oneflux.pipeline.site_data_product]
2025-06-13 07:11:32.065 [DEBUG   ] Writing /global/home/users/sytoanngo/ONEFlux/data/US-ARc_sample_output/99_fluxnet2015/FLX_US-ARc_FLUXNET2015_ERAI_HH_1989-2014_beta-5.csv: line 221000 [oneflux.pipeline.site_data_product]
2025-06-13 07:11:32.075 [DEBUG   ] Writing /global/home/users/sytoanngo/ONEFlux/data/US-ARc_sample_output/99_fluxnet2015/FLX_US-ARc_FLUXNET2015_ERAI_HH_1989-2014_beta-5.csv: line 222000 [oneflux.pipeline.site_data_product]
2025-06-13 07:11:32.086 [DEBUG   ] Writing /global/home/users/sytoanngo/ONEFlux/data/US-ARc_sample_output/99_fluxnet2015/FLX_US-ARc_FLUXNET2015_ERAI_HH_1989-2014_beta-5.csv: line 223000 [oneflux.pipeline.site_data_product]
2025-06-13 07:11:32.096 [DEBUG   ] Writing /global/home/users/sytoanngo/ONEFlux/data/US-ARc_sample_output/99_fluxnet2015/FLX_US-ARc_FLUXNET2015_ERAI_HH_1989-2014_beta-5.csv: line 224000 [oneflux.pipeline.site_data_product]
2025-06-13 07:11:32.106 [DEBUG   ] Writing /global/home/users/sytoanngo/ONEFlux/data/US-ARc_sample_output/99_fluxnet2015/FLX_US-ARc_FLUXNET2015_ERAI_HH_1989-2014_beta-5.csv: line 225000 [oneflux.pipeline.site_data_product]
2025-06-13 07:11:32.116 [DEBUG   ] Writing /global/home/users/sytoanngo/ONEFlux/data/US-ARc_sample_output/99_fluxnet2015/FLX_US-ARc_FLUXNET2015_ERAI_HH_1989-2014_beta-5.csv: line 226000 [oneflux.pipeline.site_data_product]
2025-06-13 07:11:32.126 [DEBUG   ] Writing /global/home/users/sytoanngo/ONEFlux/data/US-ARc_sample_output/99_fluxnet2015/FLX_US-ARc_FLUXNET2015_ERAI_HH_1989-2014_beta-5.csv: line 227000 [oneflux.pipeline.site_data_product]
2025-06-13 07:11:32.136 [DEBUG   ] Writing /global/home/users/sytoanngo/ONEFlux/data/US-ARc_sample_output/99_fluxnet2015/FLX_US-ARc_FLUXNET2015_ERAI_HH_1989-2014_beta-5.csv: line 228000 [oneflux.pipeline.site_data_product]
2025-06-13 07:11:32.147 [DEBUG   ] Writing /global/home/users/sytoanngo/ONEFlux/data/US-ARc_sample_output/99_fluxnet2015/FLX_US-ARc_FLUXNET2015_ERAI_HH_1989-2014_beta-5.csv: line 229000 [oneflux.pipeline.site_data_product]
2025-06-13 07:11:32.158 [DEBUG   ] Writing /global/home/users/sytoanngo/ONEFlux/data/US-ARc_sample_output/99_fluxnet2015/FLX_US-ARc_FLUXNET2015_ERAI_HH_1989-2014_beta-5.csv: line 230000 [oneflux.pipeline.site_data_product]
2025-06-13 07:11:32.170 [DEBUG   ] Writing /global/home/users/sytoanngo/ONEFlux/data/US-ARc_sample_output/99_fluxnet2015/FLX_US-ARc_FLUXNET2015_ERAI_HH_1989-2014_beta-5.csv: line 231000 [oneflux.pipeline.site_data_product]
2025-06-13 07:11:32.181 [DEBUG   ] Writing /global/home/users/sytoanngo/ONEFlux/data/US-ARc_sample_output/99_fluxnet2015/FLX_US-ARc_FLUXNET2015_ERAI_HH_1989-2014_beta-5.csv: line 232000 [oneflux.pipeline.site_data_product]
2025-06-13 07:11:32.192 [DEBUG   ] Writing /global/home/users/sytoanngo/ONEFlux/data/US-ARc_sample_output/99_fluxnet2015/FLX_US-ARc_FLUXNET2015_ERAI_HH_1989-2014_beta-5.csv: line 233000 [oneflux.pipeline.site_data_product]
2025-06-13 07:11:32.202 [DEBUG   ] Writing /global/home/users/sytoanngo/ONEFlux/data/US-ARc_sample_output/99_fluxnet2015/FLX_US-ARc_FLUXNET2015_ERAI_HH_1989-2014_beta-5.csv: line 234000 [oneflux.pipeline.site_data_product]
2025-06-13 07:11:32.212 [DEBUG   ] Writing /global/home/users/sytoanngo/ONEFlux/data/US-ARc_sample_output/99_fluxnet2015/FLX_US-ARc_FLUXNET2015_ERAI_HH_1989-2014_beta-5.csv: line 235000 [oneflux.pipeline.site_data_product]
2025-06-13 07:11:32.223 [DEBUG   ] Writing /global/home/users/sytoanngo/ONEFlux/data/US-ARc_sample_output/99_fluxnet2015/FLX_US-ARc_FLUXNET2015_ERAI_HH_1989-2014_beta-5.csv: line 236000 [oneflux.pipeline.site_data_product]
2025-06-13 07:11:32.233 [DEBUG   ] Writing /global/home/users/sytoanngo/ONEFlux/data/US-ARc_sample_output/99_fluxnet2015/FLX_US-ARc_FLUXNET2015_ERAI_HH_1989-2014_beta-5.csv: line 237000 [oneflux.pipeline.site_data_product]
2025-06-13 07:11:32.243 [DEBUG   ] Writing /global/home/users/sytoanngo/ONEFlux/data/US-ARc_sample_output/99_fluxnet2015/FLX_US-ARc_FLUXNET2015_ERAI_HH_1989-2014_beta-5.csv: line 238000 [oneflux.pipeline.site_data_product]
2025-06-13 07:11:32.254 [DEBUG   ] Writing /global/home/users/sytoanngo/ONEFlux/data/US-ARc_sample_output/99_fluxnet2015/FLX_US-ARc_FLUXNET2015_ERAI_HH_1989-2014_beta-5.csv: line 239000 [oneflux.pipeline.site_data_product]
2025-06-13 07:11:32.264 [DEBUG   ] Writing /global/home/users/sytoanngo/ONEFlux/data/US-ARc_sample_output/99_fluxnet2015/FLX_US-ARc_FLUXNET2015_ERAI_HH_1989-2014_beta-5.csv: line 240000 [oneflux.pipeline.site_data_product]
2025-06-13 07:11:32.274 [DEBUG   ] Writing /global/home/users/sytoanngo/ONEFlux/data/US-ARc_sample_output/99_fluxnet2015/FLX_US-ARc_FLUXNET2015_ERAI_HH_1989-2014_beta-5.csv: line 241000 [oneflux.pipeline.site_data_product]
2025-06-13 07:11:32.285 [DEBUG   ] Writing /global/home/users/sytoanngo/ONEFlux/data/US-ARc_sample_output/99_fluxnet2015/FLX_US-ARc_FLUXNET2015_ERAI_HH_1989-2014_beta-5.csv: line 242000 [oneflux.pipeline.site_data_product]
2025-06-13 07:11:32.295 [DEBUG   ] Writing /global/home/users/sytoanngo/ONEFlux/data/US-ARc_sample_output/99_fluxnet2015/FLX_US-ARc_FLUXNET2015_ERAI_HH_1989-2014_beta-5.csv: line 243000 [oneflux.pipeline.site_data_product]
2025-06-13 07:11:32.305 [DEBUG   ] Writing /global/home/users/sytoanngo/ONEFlux/data/US-ARc_sample_output/99_fluxnet2015/FLX_US-ARc_FLUXNET2015_ERAI_HH_1989-2014_beta-5.csv: line 244000 [oneflux.pipeline.site_data_product]
2025-06-13 07:11:32.315 [DEBUG   ] Writing /global/home/users/sytoanngo/ONEFlux/data/US-ARc_sample_output/99_fluxnet2015/FLX_US-ARc_FLUXNET2015_ERAI_HH_1989-2014_beta-5.csv: line 245000 [oneflux.pipeline.site_data_product]
2025-06-13 07:11:32.325 [DEBUG   ] Writing /global/home/users/sytoanngo/ONEFlux/data/US-ARc_sample_output/99_fluxnet2015/FLX_US-ARc_FLUXNET2015_ERAI_HH_1989-2014_beta-5.csv: line 246000 [oneflux.pipeline.site_data_product]
2025-06-13 07:11:32.336 [DEBUG   ] Writing /global/home/users/sytoanngo/ONEFlux/data/US-ARc_sample_output/99_fluxnet2015/FLX_US-ARc_FLUXNET2015_ERAI_HH_1989-2014_beta-5.csv: line 247000 [oneflux.pipeline.site_data_product]
2025-06-13 07:11:32.346 [DEBUG   ] Writing /global/home/users/sytoanngo/ONEFlux/data/US-ARc_sample_output/99_fluxnet2015/FLX_US-ARc_FLUXNET2015_ERAI_HH_1989-2014_beta-5.csv: line 248000 [oneflux.pipeline.site_data_product]
2025-06-13 07:11:32.356 [DEBUG   ] Writing /global/home/users/sytoanngo/ONEFlux/data/US-ARc_sample_output/99_fluxnet2015/FLX_US-ARc_FLUXNET2015_ERAI_HH_1989-2014_beta-5.csv: line 249000 [oneflux.pipeline.site_data_product]
2025-06-13 07:11:32.366 [DEBUG   ] Writing /global/home/users/sytoanngo/ONEFlux/data/US-ARc_sample_output/99_fluxnet2015/FLX_US-ARc_FLUXNET2015_ERAI_HH_1989-2014_beta-5.csv: line 250000 [oneflux.pipeline.site_data_product]
2025-06-13 07:11:32.377 [DEBUG   ] Writing /global/home/users/sytoanngo/ONEFlux/data/US-ARc_sample_output/99_fluxnet2015/FLX_US-ARc_FLUXNET2015_ERAI_HH_1989-2014_beta-5.csv: line 251000 [oneflux.pipeline.site_data_product]
2025-06-13 07:11:32.387 [DEBUG   ] Writing /global/home/users/sytoanngo/ONEFlux/data/US-ARc_sample_output/99_fluxnet2015/FLX_US-ARc_FLUXNET2015_ERAI_HH_1989-2014_beta-5.csv: line 252000 [oneflux.pipeline.site_data_product]
2025-06-13 07:11:32.397 [DEBUG   ] Writing /global/home/users/sytoanngo/ONEFlux/data/US-ARc_sample_output/99_fluxnet2015/FLX_US-ARc_FLUXNET2015_ERAI_HH_1989-2014_beta-5.csv: line 253000 [oneflux.pipeline.site_data_product]
2025-06-13 07:11:32.408 [DEBUG   ] Writing /global/home/users/sytoanngo/ONEFlux/data/US-ARc_sample_output/99_fluxnet2015/FLX_US-ARc_FLUXNET2015_ERAI_HH_1989-2014_beta-5.csv: line 254000 [oneflux.pipeline.site_data_product]
2025-06-13 07:11:32.418 [DEBUG   ] Writing /global/home/users/sytoanngo/ONEFlux/data/US-ARc_sample_output/99_fluxnet2015/FLX_US-ARc_FLUXNET2015_ERAI_HH_1989-2014_beta-5.csv: line 255000 [oneflux.pipeline.site_data_product]
2025-06-13 07:11:32.428 [DEBUG   ] Writing /global/home/users/sytoanngo/ONEFlux/data/US-ARc_sample_output/99_fluxnet2015/FLX_US-ARc_FLUXNET2015_ERAI_HH_1989-2014_beta-5.csv: line 256000 [oneflux.pipeline.site_data_product]
2025-06-13 07:11:32.439 [DEBUG   ] Writing /global/home/users/sytoanngo/ONEFlux/data/US-ARc_sample_output/99_fluxnet2015/FLX_US-ARc_FLUXNET2015_ERAI_HH_1989-2014_beta-5.csv: line 257000 [oneflux.pipeline.site_data_product]
2025-06-13 07:11:32.449 [DEBUG   ] Writing /global/home/users/sytoanngo/ONEFlux/data/US-ARc_sample_output/99_fluxnet2015/FLX_US-ARc_FLUXNET2015_ERAI_HH_1989-2014_beta-5.csv: line 258000 [oneflux.pipeline.site_data_product]
2025-06-13 07:11:32.459 [DEBUG   ] Writing /global/home/users/sytoanngo/ONEFlux/data/US-ARc_sample_output/99_fluxnet2015/FLX_US-ARc_FLUXNET2015_ERAI_HH_1989-2014_beta-5.csv: line 259000 [oneflux.pipeline.site_data_product]
2025-06-13 07:11:32.470 [DEBUG   ] Writing /global/home/users/sytoanngo/ONEFlux/data/US-ARc_sample_output/99_fluxnet2015/FLX_US-ARc_FLUXNET2015_ERAI_HH_1989-2014_beta-5.csv: line 260000 [oneflux.pipeline.site_data_product]
2025-06-13 07:11:32.480 [DEBUG   ] Writing /global/home/users/sytoanngo/ONEFlux/data/US-ARc_sample_output/99_fluxnet2015/FLX_US-ARc_FLUXNET2015_ERAI_HH_1989-2014_beta-5.csv: line 261000 [oneflux.pipeline.site_data_product]
2025-06-13 07:11:32.490 [DEBUG   ] Writing /global/home/users/sytoanngo/ONEFlux/data/US-ARc_sample_output/99_fluxnet2015/FLX_US-ARc_FLUXNET2015_ERAI_HH_1989-2014_beta-5.csv: line 262000 [oneflux.pipeline.site_data_product]
2025-06-13 07:11:32.500 [DEBUG   ] Writing /global/home/users/sytoanngo/ONEFlux/data/US-ARc_sample_output/99_fluxnet2015/FLX_US-ARc_FLUXNET2015_ERAI_HH_1989-2014_beta-5.csv: line 263000 [oneflux.pipeline.site_data_product]
2025-06-13 07:11:32.511 [DEBUG   ] Writing /global/home/users/sytoanngo/ONEFlux/data/US-ARc_sample_output/99_fluxnet2015/FLX_US-ARc_FLUXNET2015_ERAI_HH_1989-2014_beta-5.csv: line 264000 [oneflux.pipeline.site_data_product]
2025-06-13 07:11:32.522 [DEBUG   ] Writing /global/home/users/sytoanngo/ONEFlux/data/US-ARc_sample_output/99_fluxnet2015/FLX_US-ARc_FLUXNET2015_ERAI_HH_1989-2014_beta-5.csv: line 265000 [oneflux.pipeline.site_data_product]
2025-06-13 07:11:32.533 [DEBUG   ] Writing /global/home/users/sytoanngo/ONEFlux/data/US-ARc_sample_output/99_fluxnet2015/FLX_US-ARc_FLUXNET2015_ERAI_HH_1989-2014_beta-5.csv: line 266000 [oneflux.pipeline.site_data_product]
2025-06-13 07:11:32.544 [DEBUG   ] Writing /global/home/users/sytoanngo/ONEFlux/data/US-ARc_sample_output/99_fluxnet2015/FLX_US-ARc_FLUXNET2015_ERAI_HH_1989-2014_beta-5.csv: line 267000 [oneflux.pipeline.site_data_product]
2025-06-13 07:11:32.555 [DEBUG   ] Writing /global/home/users/sytoanngo/ONEFlux/data/US-ARc_sample_output/99_fluxnet2015/FLX_US-ARc_FLUXNET2015_ERAI_HH_1989-2014_beta-5.csv: line 268000 [oneflux.pipeline.site_data_product]
2025-06-13 07:11:32.566 [DEBUG   ] Writing /global/home/users/sytoanngo/ONEFlux/data/US-ARc_sample_output/99_fluxnet2015/FLX_US-ARc_FLUXNET2015_ERAI_HH_1989-2014_beta-5.csv: line 269000 [oneflux.pipeline.site_data_product]
2025-06-13 07:11:32.577 [DEBUG   ] Writing /global/home/users/sytoanngo/ONEFlux/data/US-ARc_sample_output/99_fluxnet2015/FLX_US-ARc_FLUXNET2015_ERAI_HH_1989-2014_beta-5.csv: line 270000 [oneflux.pipeline.site_data_product]
2025-06-13 07:11:32.587 [DEBUG   ] Writing /global/home/users/sytoanngo/ONEFlux/data/US-ARc_sample_output/99_fluxnet2015/FLX_US-ARc_FLUXNET2015_ERAI_HH_1989-2014_beta-5.csv: line 271000 [oneflux.pipeline.site_data_product]
2025-06-13 07:11:32.597 [DEBUG   ] Writing /global/home/users/sytoanngo/ONEFlux/data/US-ARc_sample_output/99_fluxnet2015/FLX_US-ARc_FLUXNET2015_ERAI_HH_1989-2014_beta-5.csv: line 272000 [oneflux.pipeline.site_data_product]
2025-06-13 07:11:32.608 [DEBUG   ] Writing /global/home/users/sytoanngo/ONEFlux/data/US-ARc_sample_output/99_fluxnet2015/FLX_US-ARc_FLUXNET2015_ERAI_HH_1989-2014_beta-5.csv: line 273000 [oneflux.pipeline.site_data_product]
2025-06-13 07:11:32.618 [DEBUG   ] Writing /global/home/users/sytoanngo/ONEFlux/data/US-ARc_sample_output/99_fluxnet2015/FLX_US-ARc_FLUXNET2015_ERAI_HH_1989-2014_beta-5.csv: line 274000 [oneflux.pipeline.site_data_product]
2025-06-13 07:11:32.628 [DEBUG   ] Writing /global/home/users/sytoanngo/ONEFlux/data/US-ARc_sample_output/99_fluxnet2015/FLX_US-ARc_FLUXNET2015_ERAI_HH_1989-2014_beta-5.csv: line 275000 [oneflux.pipeline.site_data_product]
2025-06-13 07:11:32.639 [DEBUG   ] Writing /global/home/users/sytoanngo/ONEFlux/data/US-ARc_sample_output/99_fluxnet2015/FLX_US-ARc_FLUXNET2015_ERAI_HH_1989-2014_beta-5.csv: line 276000 [oneflux.pipeline.site_data_product]
2025-06-13 07:11:32.649 [DEBUG   ] Writing /global/home/users/sytoanngo/ONEFlux/data/US-ARc_sample_output/99_fluxnet2015/FLX_US-ARc_FLUXNET2015_ERAI_HH_1989-2014_beta-5.csv: line 277000 [oneflux.pipeline.site_data_product]
2025-06-13 07:11:32.660 [DEBUG   ] Writing /global/home/users/sytoanngo/ONEFlux/data/US-ARc_sample_output/99_fluxnet2015/FLX_US-ARc_FLUXNET2015_ERAI_HH_1989-2014_beta-5.csv: line 278000 [oneflux.pipeline.site_data_product]
2025-06-13 07:11:32.671 [DEBUG   ] Writing /global/home/users/sytoanngo/ONEFlux/data/US-ARc_sample_output/99_fluxnet2015/FLX_US-ARc_FLUXNET2015_ERAI_HH_1989-2014_beta-5.csv: line 279000 [oneflux.pipeline.site_data_product]
2025-06-13 07:11:32.682 [DEBUG   ] Writing /global/home/users/sytoanngo/ONEFlux/data/US-ARc_sample_output/99_fluxnet2015/FLX_US-ARc_FLUXNET2015_ERAI_HH_1989-2014_beta-5.csv: line 280000 [oneflux.pipeline.site_data_product]
2025-06-13 07:11:32.692 [DEBUG   ] Writing /global/home/users/sytoanngo/ONEFlux/data/US-ARc_sample_output/99_fluxnet2015/FLX_US-ARc_FLUXNET2015_ERAI_HH_1989-2014_beta-5.csv: line 281000 [oneflux.pipeline.site_data_product]
2025-06-13 07:11:32.702 [DEBUG   ] Writing /global/home/users/sytoanngo/ONEFlux/data/US-ARc_sample_output/99_fluxnet2015/FLX_US-ARc_FLUXNET2015_ERAI_HH_1989-2014_beta-5.csv: line 282000 [oneflux.pipeline.site_data_product]
2025-06-13 07:11:32.712 [DEBUG   ] Writing /global/home/users/sytoanngo/ONEFlux/data/US-ARc_sample_output/99_fluxnet2015/FLX_US-ARc_FLUXNET2015_ERAI_HH_1989-2014_beta-5.csv: line 283000 [oneflux.pipeline.site_data_product]
2025-06-13 07:11:32.722 [DEBUG   ] Writing /global/home/users/sytoanngo/ONEFlux/data/US-ARc_sample_output/99_fluxnet2015/FLX_US-ARc_FLUXNET2015_ERAI_HH_1989-2014_beta-5.csv: line 284000 [oneflux.pipeline.site_data_product]
2025-06-13 07:11:32.733 [DEBUG   ] Writing /global/home/users/sytoanngo/ONEFlux/data/US-ARc_sample_output/99_fluxnet2015/FLX_US-ARc_FLUXNET2015_ERAI_HH_1989-2014_beta-5.csv: line 285000 [oneflux.pipeline.site_data_product]
2025-06-13 07:11:32.743 [DEBUG   ] Writing /global/home/users/sytoanngo/ONEFlux/data/US-ARc_sample_output/99_fluxnet2015/FLX_US-ARc_FLUXNET2015_ERAI_HH_1989-2014_beta-5.csv: line 286000 [oneflux.pipeline.site_data_product]
2025-06-13 07:11:32.753 [DEBUG   ] Writing /global/home/users/sytoanngo/ONEFlux/data/US-ARc_sample_output/99_fluxnet2015/FLX_US-ARc_FLUXNET2015_ERAI_HH_1989-2014_beta-5.csv: line 287000 [oneflux.pipeline.site_data_product]
2025-06-13 07:11:32.764 [DEBUG   ] Writing /global/home/users/sytoanngo/ONEFlux/data/US-ARc_sample_output/99_fluxnet2015/FLX_US-ARc_FLUXNET2015_ERAI_HH_1989-2014_beta-5.csv: line 288000 [oneflux.pipeline.site_data_product]
2025-06-13 07:11:32.774 [DEBUG   ] Writing /global/home/users/sytoanngo/ONEFlux/data/US-ARc_sample_output/99_fluxnet2015/FLX_US-ARc_FLUXNET2015_ERAI_HH_1989-2014_beta-5.csv: line 289000 [oneflux.pipeline.site_data_product]
2025-06-13 07:11:32.784 [DEBUG   ] Writing /global/home/users/sytoanngo/ONEFlux/data/US-ARc_sample_output/99_fluxnet2015/FLX_US-ARc_FLUXNET2015_ERAI_HH_1989-2014_beta-5.csv: line 290000 [oneflux.pipeline.site_data_product]
2025-06-13 07:11:32.795 [DEBUG   ] Writing /global/home/users/sytoanngo/ONEFlux/data/US-ARc_sample_output/99_fluxnet2015/FLX_US-ARc_FLUXNET2015_ERAI_HH_1989-2014_beta-5.csv: line 291000 [oneflux.pipeline.site_data_product]
2025-06-13 07:11:32.805 [DEBUG   ] Writing /global/home/users/sytoanngo/ONEFlux/data/US-ARc_sample_output/99_fluxnet2015/FLX_US-ARc_FLUXNET2015_ERAI_HH_1989-2014_beta-5.csv: line 292000 [oneflux.pipeline.site_data_product]
2025-06-13 07:11:32.815 [DEBUG   ] Writing /global/home/users/sytoanngo/ONEFlux/data/US-ARc_sample_output/99_fluxnet2015/FLX_US-ARc_FLUXNET2015_ERAI_HH_1989-2014_beta-5.csv: line 293000 [oneflux.pipeline.site_data_product]
2025-06-13 07:11:32.826 [DEBUG   ] Writing /global/home/users/sytoanngo/ONEFlux/data/US-ARc_sample_output/99_fluxnet2015/FLX_US-ARc_FLUXNET2015_ERAI_HH_1989-2014_beta-5.csv: line 294000 [oneflux.pipeline.site_data_product]
2025-06-13 07:11:32.836 [DEBUG   ] Writing /global/home/users/sytoanngo/ONEFlux/data/US-ARc_sample_output/99_fluxnet2015/FLX_US-ARc_FLUXNET2015_ERAI_HH_1989-2014_beta-5.csv: line 295000 [oneflux.pipeline.site_data_product]
2025-06-13 07:11:32.846 [DEBUG   ] Writing /global/home/users/sytoanngo/ONEFlux/data/US-ARc_sample_output/99_fluxnet2015/FLX_US-ARc_FLUXNET2015_ERAI_HH_1989-2014_beta-5.csv: line 296000 [oneflux.pipeline.site_data_product]
2025-06-13 07:11:32.857 [DEBUG   ] Writing /global/home/users/sytoanngo/ONEFlux/data/US-ARc_sample_output/99_fluxnet2015/FLX_US-ARc_FLUXNET2015_ERAI_HH_1989-2014_beta-5.csv: line 297000 [oneflux.pipeline.site_data_product]
2025-06-13 07:11:32.867 [DEBUG   ] Writing /global/home/users/sytoanngo/ONEFlux/data/US-ARc_sample_output/99_fluxnet2015/FLX_US-ARc_FLUXNET2015_ERAI_HH_1989-2014_beta-5.csv: line 298000 [oneflux.pipeline.site_data_product]
2025-06-13 07:11:32.877 [DEBUG   ] Writing /global/home/users/sytoanngo/ONEFlux/data/US-ARc_sample_output/99_fluxnet2015/FLX_US-ARc_FLUXNET2015_ERAI_HH_1989-2014_beta-5.csv: line 299000 [oneflux.pipeline.site_data_product]
2025-06-13 07:11:32.887 [DEBUG   ] Writing /global/home/users/sytoanngo/ONEFlux/data/US-ARc_sample_output/99_fluxnet2015/FLX_US-ARc_FLUXNET2015_ERAI_HH_1989-2014_beta-5.csv: line 300000 [oneflux.pipeline.site_data_product]
2025-06-13 07:11:32.897 [DEBUG   ] Writing /global/home/users/sytoanngo/ONEFlux/data/US-ARc_sample_output/99_fluxnet2015/FLX_US-ARc_FLUXNET2015_ERAI_HH_1989-2014_beta-5.csv: line 301000 [oneflux.pipeline.site_data_product]
2025-06-13 07:11:32.908 [DEBUG   ] Writing /global/home/users/sytoanngo/ONEFlux/data/US-ARc_sample_output/99_fluxnet2015/FLX_US-ARc_FLUXNET2015_ERAI_HH_1989-2014_beta-5.csv: line 302000 [oneflux.pipeline.site_data_product]
2025-06-13 07:11:32.918 [DEBUG   ] Writing /global/home/users/sytoanngo/ONEFlux/data/US-ARc_sample_output/99_fluxnet2015/FLX_US-ARc_FLUXNET2015_ERAI_HH_1989-2014_beta-5.csv: line 303000 [oneflux.pipeline.site_data_product]
2025-06-13 07:11:32.928 [DEBUG   ] Writing /global/home/users/sytoanngo/ONEFlux/data/US-ARc_sample_output/99_fluxnet2015/FLX_US-ARc_FLUXNET2015_ERAI_HH_1989-2014_beta-5.csv: line 304000 [oneflux.pipeline.site_data_product]
2025-06-13 07:11:32.939 [DEBUG   ] Writing /global/home/users/sytoanngo/ONEFlux/data/US-ARc_sample_output/99_fluxnet2015/FLX_US-ARc_FLUXNET2015_ERAI_HH_1989-2014_beta-5.csv: line 305000 [oneflux.pipeline.site_data_product]
2025-06-13 07:11:32.949 [DEBUG   ] Writing /global/home/users/sytoanngo/ONEFlux/data/US-ARc_sample_output/99_fluxnet2015/FLX_US-ARc_FLUXNET2015_ERAI_HH_1989-2014_beta-5.csv: line 306000 [oneflux.pipeline.site_data_product]
2025-06-13 07:11:32.960 [DEBUG   ] Writing /global/home/users/sytoanngo/ONEFlux/data/US-ARc_sample_output/99_fluxnet2015/FLX_US-ARc_FLUXNET2015_ERAI_HH_1989-2014_beta-5.csv: line 307000 [oneflux.pipeline.site_data_product]
2025-06-13 07:11:32.971 [DEBUG   ] Writing /global/home/users/sytoanngo/ONEFlux/data/US-ARc_sample_output/99_fluxnet2015/FLX_US-ARc_FLUXNET2015_ERAI_HH_1989-2014_beta-5.csv: line 308000 [oneflux.pipeline.site_data_product]
2025-06-13 07:11:32.982 [DEBUG   ] Writing /global/home/users/sytoanngo/ONEFlux/data/US-ARc_sample_output/99_fluxnet2015/FLX_US-ARc_FLUXNET2015_ERAI_HH_1989-2014_beta-5.csv: line 309000 [oneflux.pipeline.site_data_product]
2025-06-13 07:11:32.993 [DEBUG   ] Writing /global/home/users/sytoanngo/ONEFlux/data/US-ARc_sample_output/99_fluxnet2015/FLX_US-ARc_FLUXNET2015_ERAI_HH_1989-2014_beta-5.csv: line 310000 [oneflux.pipeline.site_data_product]
2025-06-13 07:11:33.004 [DEBUG   ] Writing /global/home/users/sytoanngo/ONEFlux/data/US-ARc_sample_output/99_fluxnet2015/FLX_US-ARc_FLUXNET2015_ERAI_HH_1989-2014_beta-5.csv: line 311000 [oneflux.pipeline.site_data_product]
2025-06-13 07:11:33.014 [DEBUG   ] Writing /global/home/users/sytoanngo/ONEFlux/data/US-ARc_sample_output/99_fluxnet2015/FLX_US-ARc_FLUXNET2015_ERAI_HH_1989-2014_beta-5.csv: line 312000 [oneflux.pipeline.site_data_product]
2025-06-13 07:11:33.024 [DEBUG   ] Writing /global/home/users/sytoanngo/ONEFlux/data/US-ARc_sample_output/99_fluxnet2015/FLX_US-ARc_FLUXNET2015_ERAI_HH_1989-2014_beta-5.csv: line 313000 [oneflux.pipeline.site_data_product]
2025-06-13 07:11:33.035 [DEBUG   ] Writing /global/home/users/sytoanngo/ONEFlux/data/US-ARc_sample_output/99_fluxnet2015/FLX_US-ARc_FLUXNET2015_ERAI_HH_1989-2014_beta-5.csv: line 314000 [oneflux.pipeline.site_data_product]
2025-06-13 07:11:33.045 [DEBUG   ] Writing /global/home/users/sytoanngo/ONEFlux/data/US-ARc_sample_output/99_fluxnet2015/FLX_US-ARc_FLUXNET2015_ERAI_HH_1989-2014_beta-5.csv: line 315000 [oneflux.pipeline.site_data_product]
2025-06-13 07:11:33.055 [DEBUG   ] Writing /global/home/users/sytoanngo/ONEFlux/data/US-ARc_sample_output/99_fluxnet2015/FLX_US-ARc_FLUXNET2015_ERAI_HH_1989-2014_beta-5.csv: line 316000 [oneflux.pipeline.site_data_product]
2025-06-13 07:11:33.065 [DEBUG   ] Writing /global/home/users/sytoanngo/ONEFlux/data/US-ARc_sample_output/99_fluxnet2015/FLX_US-ARc_FLUXNET2015_ERAI_HH_1989-2014_beta-5.csv: line 317000 [oneflux.pipeline.site_data_product]
2025-06-13 07:11:33.075 [DEBUG   ] Writing /global/home/users/sytoanngo/ONEFlux/data/US-ARc_sample_output/99_fluxnet2015/FLX_US-ARc_FLUXNET2015_ERAI_HH_1989-2014_beta-5.csv: line 318000 [oneflux.pipeline.site_data_product]
2025-06-13 07:11:33.086 [DEBUG   ] Writing /global/home/users/sytoanngo/ONEFlux/data/US-ARc_sample_output/99_fluxnet2015/FLX_US-ARc_FLUXNET2015_ERAI_HH_1989-2014_beta-5.csv: line 319000 [oneflux.pipeline.site_data_product]
2025-06-13 07:11:33.097 [DEBUG   ] Writing /global/home/users/sytoanngo/ONEFlux/data/US-ARc_sample_output/99_fluxnet2015/FLX_US-ARc_FLUXNET2015_ERAI_HH_1989-2014_beta-5.csv: line 320000 [oneflux.pipeline.site_data_product]
2025-06-13 07:11:33.107 [DEBUG   ] Writing /global/home/users/sytoanngo/ONEFlux/data/US-ARc_sample_output/99_fluxnet2015/FLX_US-ARc_FLUXNET2015_ERAI_HH_1989-2014_beta-5.csv: line 321000 [oneflux.pipeline.site_data_product]
2025-06-13 07:11:33.117 [DEBUG   ] Writing /global/home/users/sytoanngo/ONEFlux/data/US-ARc_sample_output/99_fluxnet2015/FLX_US-ARc_FLUXNET2015_ERAI_HH_1989-2014_beta-5.csv: line 322000 [oneflux.pipeline.site_data_product]
2025-06-13 07:11:33.128 [DEBUG   ] Writing /global/home/users/sytoanngo/ONEFlux/data/US-ARc_sample_output/99_fluxnet2015/FLX_US-ARc_FLUXNET2015_ERAI_HH_1989-2014_beta-5.csv: line 323000 [oneflux.pipeline.site_data_product]
2025-06-13 07:11:33.138 [DEBUG   ] Writing /global/home/users/sytoanngo/ONEFlux/data/US-ARc_sample_output/99_fluxnet2015/FLX_US-ARc_FLUXNET2015_ERAI_HH_1989-2014_beta-5.csv: line 324000 [oneflux.pipeline.site_data_product]
2025-06-13 07:11:33.148 [DEBUG   ] Writing /global/home/users/sytoanngo/ONEFlux/data/US-ARc_sample_output/99_fluxnet2015/FLX_US-ARc_FLUXNET2015_ERAI_HH_1989-2014_beta-5.csv: line 325000 [oneflux.pipeline.site_data_product]
2025-06-13 07:11:33.159 [DEBUG   ] Writing /global/home/users/sytoanngo/ONEFlux/data/US-ARc_sample_output/99_fluxnet2015/FLX_US-ARc_FLUXNET2015_ERAI_HH_1989-2014_beta-5.csv: line 326000 [oneflux.pipeline.site_data_product]
2025-06-13 07:11:33.169 [DEBUG   ] Writing /global/home/users/sytoanngo/ONEFlux/data/US-ARc_sample_output/99_fluxnet2015/FLX_US-ARc_FLUXNET2015_ERAI_HH_1989-2014_beta-5.csv: line 327000 [oneflux.pipeline.site_data_product]
2025-06-13 07:11:33.179 [DEBUG   ] Writing /global/home/users/sytoanngo/ONEFlux/data/US-ARc_sample_output/99_fluxnet2015/FLX_US-ARc_FLUXNET2015_ERAI_HH_1989-2014_beta-5.csv: line 328000 [oneflux.pipeline.site_data_product]
2025-06-13 07:11:33.190 [DEBUG   ] Writing /global/home/users/sytoanngo/ONEFlux/data/US-ARc_sample_output/99_fluxnet2015/FLX_US-ARc_FLUXNET2015_ERAI_HH_1989-2014_beta-5.csv: line 329000 [oneflux.pipeline.site_data_product]
2025-06-13 07:11:33.200 [DEBUG   ] Writing /global/home/users/sytoanngo/ONEFlux/data/US-ARc_sample_output/99_fluxnet2015/FLX_US-ARc_FLUXNET2015_ERAI_HH_1989-2014_beta-5.csv: line 330000 [oneflux.pipeline.site_data_product]
2025-06-13 07:11:33.210 [DEBUG   ] Writing /global/home/users/sytoanngo/ONEFlux/data/US-ARc_sample_output/99_fluxnet2015/FLX_US-ARc_FLUXNET2015_ERAI_HH_1989-2014_beta-5.csv: line 331000 [oneflux.pipeline.site_data_product]
2025-06-13 07:11:33.220 [DEBUG   ] Writing /global/home/users/sytoanngo/ONEFlux/data/US-ARc_sample_output/99_fluxnet2015/FLX_US-ARc_FLUXNET2015_ERAI_HH_1989-2014_beta-5.csv: line 332000 [oneflux.pipeline.site_data_product]
2025-06-13 07:11:33.231 [DEBUG   ] Writing /global/home/users/sytoanngo/ONEFlux/data/US-ARc_sample_output/99_fluxnet2015/FLX_US-ARc_FLUXNET2015_ERAI_HH_1989-2014_beta-5.csv: line 333000 [oneflux.pipeline.site_data_product]
2025-06-13 07:11:33.241 [DEBUG   ] Writing /global/home/users/sytoanngo/ONEFlux/data/US-ARc_sample_output/99_fluxnet2015/FLX_US-ARc_FLUXNET2015_ERAI_HH_1989-2014_beta-5.csv: line 334000 [oneflux.pipeline.site_data_product]
2025-06-13 07:11:33.251 [DEBUG   ] Writing /global/home/users/sytoanngo/ONEFlux/data/US-ARc_sample_output/99_fluxnet2015/FLX_US-ARc_FLUXNET2015_ERAI_HH_1989-2014_beta-5.csv: line 335000 [oneflux.pipeline.site_data_product]
2025-06-13 07:11:33.261 [DEBUG   ] Writing /global/home/users/sytoanngo/ONEFlux/data/US-ARc_sample_output/99_fluxnet2015/FLX_US-ARc_FLUXNET2015_ERAI_HH_1989-2014_beta-5.csv: line 336000 [oneflux.pipeline.site_data_product]
2025-06-13 07:11:33.271 [DEBUG   ] Writing /global/home/users/sytoanngo/ONEFlux/data/US-ARc_sample_output/99_fluxnet2015/FLX_US-ARc_FLUXNET2015_ERAI_HH_1989-2014_beta-5.csv: line 337000 [oneflux.pipeline.site_data_product]
2025-06-13 07:11:33.282 [DEBUG   ] Writing /global/home/users/sytoanngo/ONEFlux/data/US-ARc_sample_output/99_fluxnet2015/FLX_US-ARc_FLUXNET2015_ERAI_HH_1989-2014_beta-5.csv: line 338000 [oneflux.pipeline.site_data_product]
2025-06-13 07:11:33.292 [DEBUG   ] Writing /global/home/users/sytoanngo/ONEFlux/data/US-ARc_sample_output/99_fluxnet2015/FLX_US-ARc_FLUXNET2015_ERAI_HH_1989-2014_beta-5.csv: line 339000 [oneflux.pipeline.site_data_product]
2025-06-13 07:11:33.302 [DEBUG   ] Writing /global/home/users/sytoanngo/ONEFlux/data/US-ARc_sample_output/99_fluxnet2015/FLX_US-ARc_FLUXNET2015_ERAI_HH_1989-2014_beta-5.csv: line 340000 [oneflux.pipeline.site_data_product]
2025-06-13 07:11:33.313 [DEBUG   ] Writing /global/home/users/sytoanngo/ONEFlux/data/US-ARc_sample_output/99_fluxnet2015/FLX_US-ARc_FLUXNET2015_ERAI_HH_1989-2014_beta-5.csv: line 341000 [oneflux.pipeline.site_data_product]
2025-06-13 07:11:33.323 [DEBUG   ] Writing /global/home/users/sytoanngo/ONEFlux/data/US-ARc_sample_output/99_fluxnet2015/FLX_US-ARc_FLUXNET2015_ERAI_HH_1989-2014_beta-5.csv: line 342000 [oneflux.pipeline.site_data_product]
2025-06-13 07:11:33.333 [DEBUG   ] Writing /global/home/users/sytoanngo/ONEFlux/data/US-ARc_sample_output/99_fluxnet2015/FLX_US-ARc_FLUXNET2015_ERAI_HH_1989-2014_beta-5.csv: line 343000 [oneflux.pipeline.site_data_product]
2025-06-13 07:11:33.344 [DEBUG   ] Writing /global/home/users/sytoanngo/ONEFlux/data/US-ARc_sample_output/99_fluxnet2015/FLX_US-ARc_FLUXNET2015_ERAI_HH_1989-2014_beta-5.csv: line 344000 [oneflux.pipeline.site_data_product]
2025-06-13 07:11:33.354 [DEBUG   ] Writing /global/home/users/sytoanngo/ONEFlux/data/US-ARc_sample_output/99_fluxnet2015/FLX_US-ARc_FLUXNET2015_ERAI_HH_1989-2014_beta-5.csv: line 345000 [oneflux.pipeline.site_data_product]
2025-06-13 07:11:33.364 [DEBUG   ] Writing /global/home/users/sytoanngo/ONEFlux/data/US-ARc_sample_output/99_fluxnet2015/FLX_US-ARc_FLUXNET2015_ERAI_HH_1989-2014_beta-5.csv: line 346000 [oneflux.pipeline.site_data_product]
2025-06-13 07:11:33.375 [DEBUG   ] Writing /global/home/users/sytoanngo/ONEFlux/data/US-ARc_sample_output/99_fluxnet2015/FLX_US-ARc_FLUXNET2015_ERAI_HH_1989-2014_beta-5.csv: line 347000 [oneflux.pipeline.site_data_product]
2025-06-13 07:11:33.385 [DEBUG   ] Writing /global/home/users/sytoanngo/ONEFlux/data/US-ARc_sample_output/99_fluxnet2015/FLX_US-ARc_FLUXNET2015_ERAI_HH_1989-2014_beta-5.csv: line 348000 [oneflux.pipeline.site_data_product]
2025-06-13 07:11:33.395 [DEBUG   ] Writing /global/home/users/sytoanngo/ONEFlux/data/US-ARc_sample_output/99_fluxnet2015/FLX_US-ARc_FLUXNET2015_ERAI_HH_1989-2014_beta-5.csv: line 349000 [oneflux.pipeline.site_data_product]
2025-06-13 07:11:33.405 [DEBUG   ] Writing /global/home/users/sytoanngo/ONEFlux/data/US-ARc_sample_output/99_fluxnet2015/FLX_US-ARc_FLUXNET2015_ERAI_HH_1989-2014_beta-5.csv: line 350000 [oneflux.pipeline.site_data_product]
2025-06-13 07:11:33.415 [DEBUG   ] Writing /global/home/users/sytoanngo/ONEFlux/data/US-ARc_sample_output/99_fluxnet2015/FLX_US-ARc_FLUXNET2015_ERAI_HH_1989-2014_beta-5.csv: line 351000 [oneflux.pipeline.site_data_product]
2025-06-13 07:11:33.426 [DEBUG   ] Writing /global/home/users/sytoanngo/ONEFlux/data/US-ARc_sample_output/99_fluxnet2015/FLX_US-ARc_FLUXNET2015_ERAI_HH_1989-2014_beta-5.csv: line 352000 [oneflux.pipeline.site_data_product]
2025-06-13 07:11:33.436 [DEBUG   ] Writing /global/home/users/sytoanngo/ONEFlux/data/US-ARc_sample_output/99_fluxnet2015/FLX_US-ARc_FLUXNET2015_ERAI_HH_1989-2014_beta-5.csv: line 353000 [oneflux.pipeline.site_data_product]
2025-06-13 07:11:33.446 [DEBUG   ] Writing /global/home/users/sytoanngo/ONEFlux/data/US-ARc_sample_output/99_fluxnet2015/FLX_US-ARc_FLUXNET2015_ERAI_HH_1989-2014_beta-5.csv: line 354000 [oneflux.pipeline.site_data_product]
2025-06-13 07:11:33.457 [DEBUG   ] Writing /global/home/users/sytoanngo/ONEFlux/data/US-ARc_sample_output/99_fluxnet2015/FLX_US-ARc_FLUXNET2015_ERAI_HH_1989-2014_beta-5.csv: line 355000 [oneflux.pipeline.site_data_product]
2025-06-13 07:11:33.467 [DEBUG   ] Writing /global/home/users/sytoanngo/ONEFlux/data/US-ARc_sample_output/99_fluxnet2015/FLX_US-ARc_FLUXNET2015_ERAI_HH_1989-2014_beta-5.csv: line 356000 [oneflux.pipeline.site_data_product]
2025-06-13 07:11:33.477 [DEBUG   ] Writing /global/home/users/sytoanngo/ONEFlux/data/US-ARc_sample_output/99_fluxnet2015/FLX_US-ARc_FLUXNET2015_ERAI_HH_1989-2014_beta-5.csv: line 357000 [oneflux.pipeline.site_data_product]
2025-06-13 07:11:33.487 [DEBUG   ] Writing /global/home/users/sytoanngo/ONEFlux/data/US-ARc_sample_output/99_fluxnet2015/FLX_US-ARc_FLUXNET2015_ERAI_HH_1989-2014_beta-5.csv: line 358000 [oneflux.pipeline.site_data_product]
2025-06-13 07:11:33.498 [DEBUG   ] Writing /global/home/users/sytoanngo/ONEFlux/data/US-ARc_sample_output/99_fluxnet2015/FLX_US-ARc_FLUXNET2015_ERAI_HH_1989-2014_beta-5.csv: line 359000 [oneflux.pipeline.site_data_product]
2025-06-13 07:11:33.508 [DEBUG   ] Writing /global/home/users/sytoanngo/ONEFlux/data/US-ARc_sample_output/99_fluxnet2015/FLX_US-ARc_FLUXNET2015_ERAI_HH_1989-2014_beta-5.csv: line 360000 [oneflux.pipeline.site_data_product]
2025-06-13 07:11:33.518 [DEBUG   ] Writing /global/home/users/sytoanngo/ONEFlux/data/US-ARc_sample_output/99_fluxnet2015/FLX_US-ARc_FLUXNET2015_ERAI_HH_1989-2014_beta-5.csv: line 361000 [oneflux.pipeline.site_data_product]
2025-06-13 07:11:33.529 [DEBUG   ] Writing /global/home/users/sytoanngo/ONEFlux/data/US-ARc_sample_output/99_fluxnet2015/FLX_US-ARc_FLUXNET2015_ERAI_HH_1989-2014_beta-5.csv: line 362000 [oneflux.pipeline.site_data_product]
2025-06-13 07:11:33.539 [DEBUG   ] Writing /global/home/users/sytoanngo/ONEFlux/data/US-ARc_sample_output/99_fluxnet2015/FLX_US-ARc_FLUXNET2015_ERAI_HH_1989-2014_beta-5.csv: line 363000 [oneflux.pipeline.site_data_product]
2025-06-13 07:11:33.549 [DEBUG   ] Writing /global/home/users/sytoanngo/ONEFlux/data/US-ARc_sample_output/99_fluxnet2015/FLX_US-ARc_FLUXNET2015_ERAI_HH_1989-2014_beta-5.csv: line 364000 [oneflux.pipeline.site_data_product]
2025-06-13 07:11:33.560 [DEBUG   ] Writing /global/home/users/sytoanngo/ONEFlux/data/US-ARc_sample_output/99_fluxnet2015/FLX_US-ARc_FLUXNET2015_ERAI_HH_1989-2014_beta-5.csv: line 365000 [oneflux.pipeline.site_data_product]
2025-06-13 07:11:33.571 [DEBUG   ] Writing /global/home/users/sytoanngo/ONEFlux/data/US-ARc_sample_output/99_fluxnet2015/FLX_US-ARc_FLUXNET2015_ERAI_HH_1989-2014_beta-5.csv: line 366000 [oneflux.pipeline.site_data_product]
2025-06-13 07:11:33.582 [DEBUG   ] Writing /global/home/users/sytoanngo/ONEFlux/data/US-ARc_sample_output/99_fluxnet2015/FLX_US-ARc_FLUXNET2015_ERAI_HH_1989-2014_beta-5.csv: line 367000 [oneflux.pipeline.site_data_product]
2025-06-13 07:11:33.592 [DEBUG   ] Writing /global/home/users/sytoanngo/ONEFlux/data/US-ARc_sample_output/99_fluxnet2015/FLX_US-ARc_FLUXNET2015_ERAI_HH_1989-2014_beta-5.csv: line 368000 [oneflux.pipeline.site_data_product]
2025-06-13 07:11:33.603 [DEBUG   ] Writing /global/home/users/sytoanngo/ONEFlux/data/US-ARc_sample_output/99_fluxnet2015/FLX_US-ARc_FLUXNET2015_ERAI_HH_1989-2014_beta-5.csv: line 369000 [oneflux.pipeline.site_data_product]
2025-06-13 07:11:33.613 [DEBUG   ] Writing /global/home/users/sytoanngo/ONEFlux/data/US-ARc_sample_output/99_fluxnet2015/FLX_US-ARc_FLUXNET2015_ERAI_HH_1989-2014_beta-5.csv: line 370000 [oneflux.pipeline.site_data_product]
2025-06-13 07:11:33.623 [DEBUG   ] Writing /global/home/users/sytoanngo/ONEFlux/data/US-ARc_sample_output/99_fluxnet2015/FLX_US-ARc_FLUXNET2015_ERAI_HH_1989-2014_beta-5.csv: line 371000 [oneflux.pipeline.site_data_product]
2025-06-13 07:11:33.633 [DEBUG   ] Writing /global/home/users/sytoanngo/ONEFlux/data/US-ARc_sample_output/99_fluxnet2015/FLX_US-ARc_FLUXNET2015_ERAI_HH_1989-2014_beta-5.csv: line 372000 [oneflux.pipeline.site_data_product]
2025-06-13 07:11:33.644 [DEBUG   ] Writing /global/home/users/sytoanngo/ONEFlux/data/US-ARc_sample_output/99_fluxnet2015/FLX_US-ARc_FLUXNET2015_ERAI_HH_1989-2014_beta-5.csv: line 373000 [oneflux.pipeline.site_data_product]
2025-06-13 07:11:33.654 [DEBUG   ] Writing /global/home/users/sytoanngo/ONEFlux/data/US-ARc_sample_output/99_fluxnet2015/FLX_US-ARc_FLUXNET2015_ERAI_HH_1989-2014_beta-5.csv: line 374000 [oneflux.pipeline.site_data_product]
2025-06-13 07:11:33.664 [DEBUG   ] Writing /global/home/users/sytoanngo/ONEFlux/data/US-ARc_sample_output/99_fluxnet2015/FLX_US-ARc_FLUXNET2015_ERAI_HH_1989-2014_beta-5.csv: line 375000 [oneflux.pipeline.site_data_product]
2025-06-13 07:11:33.675 [DEBUG   ] Writing /global/home/users/sytoanngo/ONEFlux/data/US-ARc_sample_output/99_fluxnet2015/FLX_US-ARc_FLUXNET2015_ERAI_HH_1989-2014_beta-5.csv: line 376000 [oneflux.pipeline.site_data_product]
2025-06-13 07:11:33.685 [DEBUG   ] Writing /global/home/users/sytoanngo/ONEFlux/data/US-ARc_sample_output/99_fluxnet2015/FLX_US-ARc_FLUXNET2015_ERAI_HH_1989-2014_beta-5.csv: line 377000 [oneflux.pipeline.site_data_product]
2025-06-13 07:11:33.695 [DEBUG   ] Writing /global/home/users/sytoanngo/ONEFlux/data/US-ARc_sample_output/99_fluxnet2015/FLX_US-ARc_FLUXNET2015_ERAI_HH_1989-2014_beta-5.csv: line 378000 [oneflux.pipeline.site_data_product]
2025-06-13 07:11:33.706 [DEBUG   ] Writing /global/home/users/sytoanngo/ONEFlux/data/US-ARc_sample_output/99_fluxnet2015/FLX_US-ARc_FLUXNET2015_ERAI_HH_1989-2014_beta-5.csv: line 379000 [oneflux.pipeline.site_data_product]
2025-06-13 07:11:33.716 [DEBUG   ] Writing /global/home/users/sytoanngo/ONEFlux/data/US-ARc_sample_output/99_fluxnet2015/FLX_US-ARc_FLUXNET2015_ERAI_HH_1989-2014_beta-5.csv: line 380000 [oneflux.pipeline.site_data_product]
2025-06-13 07:11:33.726 [DEBUG   ] Writing /global/home/users/sytoanngo/ONEFlux/data/US-ARc_sample_output/99_fluxnet2015/FLX_US-ARc_FLUXNET2015_ERAI_HH_1989-2014_beta-5.csv: line 381000 [oneflux.pipeline.site_data_product]
2025-06-13 07:11:33.737 [DEBUG   ] Writing /global/home/users/sytoanngo/ONEFlux/data/US-ARc_sample_output/99_fluxnet2015/FLX_US-ARc_FLUXNET2015_ERAI_HH_1989-2014_beta-5.csv: line 382000 [oneflux.pipeline.site_data_product]
2025-06-13 07:11:33.747 [DEBUG   ] Writing /global/home/users/sytoanngo/ONEFlux/data/US-ARc_sample_output/99_fluxnet2015/FLX_US-ARc_FLUXNET2015_ERAI_HH_1989-2014_beta-5.csv: line 383000 [oneflux.pipeline.site_data_product]
2025-06-13 07:11:33.757 [DEBUG   ] Writing /global/home/users/sytoanngo/ONEFlux/data/US-ARc_sample_output/99_fluxnet2015/FLX_US-ARc_FLUXNET2015_ERAI_HH_1989-2014_beta-5.csv: line 384000 [oneflux.pipeline.site_data_product]
2025-06-13 07:11:33.767 [DEBUG   ] Writing /global/home/users/sytoanngo/ONEFlux/data/US-ARc_sample_output/99_fluxnet2015/FLX_US-ARc_FLUXNET2015_ERAI_HH_1989-2014_beta-5.csv: line 385000 [oneflux.pipeline.site_data_product]
2025-06-13 07:11:33.778 [DEBUG   ] Writing /global/home/users/sytoanngo/ONEFlux/data/US-ARc_sample_output/99_fluxnet2015/FLX_US-ARc_FLUXNET2015_ERAI_HH_1989-2014_beta-5.csv: line 386000 [oneflux.pipeline.site_data_product]
2025-06-13 07:11:33.789 [DEBUG   ] Writing /global/home/users/sytoanngo/ONEFlux/data/US-ARc_sample_output/99_fluxnet2015/FLX_US-ARc_FLUXNET2015_ERAI_HH_1989-2014_beta-5.csv: line 387000 [oneflux.pipeline.site_data_product]
2025-06-13 07:11:33.800 [DEBUG   ] Writing /global/home/users/sytoanngo/ONEFlux/data/US-ARc_sample_output/99_fluxnet2015/FLX_US-ARc_FLUXNET2015_ERAI_HH_1989-2014_beta-5.csv: line 388000 [oneflux.pipeline.site_data_product]
2025-06-13 07:11:33.811 [DEBUG   ] Writing /global/home/users/sytoanngo/ONEFlux/data/US-ARc_sample_output/99_fluxnet2015/FLX_US-ARc_FLUXNET2015_ERAI_HH_1989-2014_beta-5.csv: line 389000 [oneflux.pipeline.site_data_product]
2025-06-13 07:11:33.822 [DEBUG   ] Writing /global/home/users/sytoanngo/ONEFlux/data/US-ARc_sample_output/99_fluxnet2015/FLX_US-ARc_FLUXNET2015_ERAI_HH_1989-2014_beta-5.csv: line 390000 [oneflux.pipeline.site_data_product]
2025-06-13 07:11:33.833 [DEBUG   ] Writing /global/home/users/sytoanngo/ONEFlux/data/US-ARc_sample_output/99_fluxnet2015/FLX_US-ARc_FLUXNET2015_ERAI_HH_1989-2014_beta-5.csv: line 391000 [oneflux.pipeline.site_data_product]
2025-06-13 07:11:33.844 [DEBUG   ] Writing /global/home/users/sytoanngo/ONEFlux/data/US-ARc_sample_output/99_fluxnet2015/FLX_US-ARc_FLUXNET2015_ERAI_HH_1989-2014_beta-5.csv: line 392000 [oneflux.pipeline.site_data_product]
2025-06-13 07:11:33.855 [DEBUG   ] Writing /global/home/users/sytoanngo/ONEFlux/data/US-ARc_sample_output/99_fluxnet2015/FLX_US-ARc_FLUXNET2015_ERAI_HH_1989-2014_beta-5.csv: line 393000 [oneflux.pipeline.site_data_product]
2025-06-13 07:11:33.866 [DEBUG   ] Writing /global/home/users/sytoanngo/ONEFlux/data/US-ARc_sample_output/99_fluxnet2015/FLX_US-ARc_FLUXNET2015_ERAI_HH_1989-2014_beta-5.csv: line 394000 [oneflux.pipeline.site_data_product]
2025-06-13 07:11:33.877 [DEBUG   ] Writing /global/home/users/sytoanngo/ONEFlux/data/US-ARc_sample_output/99_fluxnet2015/FLX_US-ARc_FLUXNET2015_ERAI_HH_1989-2014_beta-5.csv: line 395000 [oneflux.pipeline.site_data_product]
2025-06-13 07:11:33.888 [DEBUG   ] Writing /global/home/users/sytoanngo/ONEFlux/data/US-ARc_sample_output/99_fluxnet2015/FLX_US-ARc_FLUXNET2015_ERAI_HH_1989-2014_beta-5.csv: line 396000 [oneflux.pipeline.site_data_product]
2025-06-13 07:11:33.899 [DEBUG   ] Writing /global/home/users/sytoanngo/ONEFlux/data/US-ARc_sample_output/99_fluxnet2015/FLX_US-ARc_FLUXNET2015_ERAI_HH_1989-2014_beta-5.csv: line 397000 [oneflux.pipeline.site_data_product]
2025-06-13 07:11:33.910 [DEBUG   ] Writing /global/home/users/sytoanngo/ONEFlux/data/US-ARc_sample_output/99_fluxnet2015/FLX_US-ARc_FLUXNET2015_ERAI_HH_1989-2014_beta-5.csv: line 398000 [oneflux.pipeline.site_data_product]
2025-06-13 07:11:33.921 [DEBUG   ] Writing /global/home/users/sytoanngo/ONEFlux/data/US-ARc_sample_output/99_fluxnet2015/FLX_US-ARc_FLUXNET2015_ERAI_HH_1989-2014_beta-5.csv: line 399000 [oneflux.pipeline.site_data_product]
2025-06-13 07:11:33.932 [DEBUG   ] Writing /global/home/users/sytoanngo/ONEFlux/data/US-ARc_sample_output/99_fluxnet2015/FLX_US-ARc_FLUXNET2015_ERAI_HH_1989-2014_beta-5.csv: line 400000 [oneflux.pipeline.site_data_product]
2025-06-13 07:11:33.943 [DEBUG   ] Writing /global/home/users/sytoanngo/ONEFlux/data/US-ARc_sample_output/99_fluxnet2015/FLX_US-ARc_FLUXNET2015_ERAI_HH_1989-2014_beta-5.csv: line 401000 [oneflux.pipeline.site_data_product]
2025-06-13 07:11:33.954 [DEBUG   ] Writing /global/home/users/sytoanngo/ONEFlux/data/US-ARc_sample_output/99_fluxnet2015/FLX_US-ARc_FLUXNET2015_ERAI_HH_1989-2014_beta-5.csv: line 402000 [oneflux.pipeline.site_data_product]
2025-06-13 07:11:33.965 [DEBUG   ] Writing /global/home/users/sytoanngo/ONEFlux/data/US-ARc_sample_output/99_fluxnet2015/FLX_US-ARc_FLUXNET2015_ERAI_HH_1989-2014_beta-5.csv: line 403000 [oneflux.pipeline.site_data_product]
2025-06-13 07:11:33.976 [DEBUG   ] Writing /global/home/users/sytoanngo/ONEFlux/data/US-ARc_sample_output/99_fluxnet2015/FLX_US-ARc_FLUXNET2015_ERAI_HH_1989-2014_beta-5.csv: line 404000 [oneflux.pipeline.site_data_product]
2025-06-13 07:11:33.986 [DEBUG   ] Writing /global/home/users/sytoanngo/ONEFlux/data/US-ARc_sample_output/99_fluxnet2015/FLX_US-ARc_FLUXNET2015_ERAI_HH_1989-2014_beta-5.csv: line 405000 [oneflux.pipeline.site_data_product]
2025-06-13 07:11:33.997 [DEBUG   ] Writing /global/home/users/sytoanngo/ONEFlux/data/US-ARc_sample_output/99_fluxnet2015/FLX_US-ARc_FLUXNET2015_ERAI_HH_1989-2014_beta-5.csv: line 406000 [oneflux.pipeline.site_data_product]
2025-06-13 07:11:34.008 [DEBUG   ] Writing /global/home/users/sytoanngo/ONEFlux/data/US-ARc_sample_output/99_fluxnet2015/FLX_US-ARc_FLUXNET2015_ERAI_HH_1989-2014_beta-5.csv: line 407000 [oneflux.pipeline.site_data_product]
2025-06-13 07:11:34.019 [DEBUG   ] Writing /global/home/users/sytoanngo/ONEFlux/data/US-ARc_sample_output/99_fluxnet2015/FLX_US-ARc_FLUXNET2015_ERAI_HH_1989-2014_beta-5.csv: line 408000 [oneflux.pipeline.site_data_product]
2025-06-13 07:11:34.030 [DEBUG   ] Writing /global/home/users/sytoanngo/ONEFlux/data/US-ARc_sample_output/99_fluxnet2015/FLX_US-ARc_FLUXNET2015_ERAI_HH_1989-2014_beta-5.csv: line 409000 [oneflux.pipeline.site_data_product]
2025-06-13 07:11:34.041 [DEBUG   ] Writing /global/home/users/sytoanngo/ONEFlux/data/US-ARc_sample_output/99_fluxnet2015/FLX_US-ARc_FLUXNET2015_ERAI_HH_1989-2014_beta-5.csv: line 410000 [oneflux.pipeline.site_data_product]
2025-06-13 07:11:34.052 [DEBUG   ] Writing /global/home/users/sytoanngo/ONEFlux/data/US-ARc_sample_output/99_fluxnet2015/FLX_US-ARc_FLUXNET2015_ERAI_HH_1989-2014_beta-5.csv: line 411000 [oneflux.pipeline.site_data_product]
2025-06-13 07:11:34.063 [DEBUG   ] Writing /global/home/users/sytoanngo/ONEFlux/data/US-ARc_sample_output/99_fluxnet2015/FLX_US-ARc_FLUXNET2015_ERAI_HH_1989-2014_beta-5.csv: line 412000 [oneflux.pipeline.site_data_product]
2025-06-13 07:11:34.075 [DEBUG   ] Writing /global/home/users/sytoanngo/ONEFlux/data/US-ARc_sample_output/99_fluxnet2015/FLX_US-ARc_FLUXNET2015_ERAI_HH_1989-2014_beta-5.csv: line 413000 [oneflux.pipeline.site_data_product]
2025-06-13 07:11:34.085 [DEBUG   ] Writing /global/home/users/sytoanngo/ONEFlux/data/US-ARc_sample_output/99_fluxnet2015/FLX_US-ARc_FLUXNET2015_ERAI_HH_1989-2014_beta-5.csv: line 414000 [oneflux.pipeline.site_data_product]
2025-06-13 07:11:34.096 [DEBUG   ] Writing /global/home/users/sytoanngo/ONEFlux/data/US-ARc_sample_output/99_fluxnet2015/FLX_US-ARc_FLUXNET2015_ERAI_HH_1989-2014_beta-5.csv: line 415000 [oneflux.pipeline.site_data_product]
2025-06-13 07:11:34.106 [DEBUG   ] Writing /global/home/users/sytoanngo/ONEFlux/data/US-ARc_sample_output/99_fluxnet2015/FLX_US-ARc_FLUXNET2015_ERAI_HH_1989-2014_beta-5.csv: line 416000 [oneflux.pipeline.site_data_product]
2025-06-13 07:11:34.116 [DEBUG   ] Writing /global/home/users/sytoanngo/ONEFlux/data/US-ARc_sample_output/99_fluxnet2015/FLX_US-ARc_FLUXNET2015_ERAI_HH_1989-2014_beta-5.csv: line 417000 [oneflux.pipeline.site_data_product]
2025-06-13 07:11:34.127 [DEBUG   ] Writing /global/home/users/sytoanngo/ONEFlux/data/US-ARc_sample_output/99_fluxnet2015/FLX_US-ARc_FLUXNET2015_ERAI_HH_1989-2014_beta-5.csv: line 418000 [oneflux.pipeline.site_data_product]
2025-06-13 07:11:34.137 [DEBUG   ] Writing /global/home/users/sytoanngo/ONEFlux/data/US-ARc_sample_output/99_fluxnet2015/FLX_US-ARc_FLUXNET2015_ERAI_HH_1989-2014_beta-5.csv: line 419000 [oneflux.pipeline.site_data_product]
2025-06-13 07:11:34.147 [DEBUG   ] Writing /global/home/users/sytoanngo/ONEFlux/data/US-ARc_sample_output/99_fluxnet2015/FLX_US-ARc_FLUXNET2015_ERAI_HH_1989-2014_beta-5.csv: line 420000 [oneflux.pipeline.site_data_product]
2025-06-13 07:11:34.157 [DEBUG   ] Writing /global/home/users/sytoanngo/ONEFlux/data/US-ARc_sample_output/99_fluxnet2015/FLX_US-ARc_FLUXNET2015_ERAI_HH_1989-2014_beta-5.csv: line 421000 [oneflux.pipeline.site_data_product]
2025-06-13 07:11:34.168 [DEBUG   ] Writing /global/home/users/sytoanngo/ONEFlux/data/US-ARc_sample_output/99_fluxnet2015/FLX_US-ARc_FLUXNET2015_ERAI_HH_1989-2014_beta-5.csv: line 422000 [oneflux.pipeline.site_data_product]
2025-06-13 07:11:34.178 [DEBUG   ] Writing /global/home/users/sytoanngo/ONEFlux/data/US-ARc_sample_output/99_fluxnet2015/FLX_US-ARc_FLUXNET2015_ERAI_HH_1989-2014_beta-5.csv: line 423000 [oneflux.pipeline.site_data_product]
2025-06-13 07:11:34.188 [DEBUG   ] Writing /global/home/users/sytoanngo/ONEFlux/data/US-ARc_sample_output/99_fluxnet2015/FLX_US-ARc_FLUXNET2015_ERAI_HH_1989-2014_beta-5.csv: line 424000 [oneflux.pipeline.site_data_product]
2025-06-13 07:11:34.198 [DEBUG   ] Writing /global/home/users/sytoanngo/ONEFlux/data/US-ARc_sample_output/99_fluxnet2015/FLX_US-ARc_FLUXNET2015_ERAI_HH_1989-2014_beta-5.csv: line 425000 [oneflux.pipeline.site_data_product]
2025-06-13 07:11:34.209 [DEBUG   ] Writing /global/home/users/sytoanngo/ONEFlux/data/US-ARc_sample_output/99_fluxnet2015/FLX_US-ARc_FLUXNET2015_ERAI_HH_1989-2014_beta-5.csv: line 426000 [oneflux.pipeline.site_data_product]
2025-06-13 07:11:34.219 [DEBUG   ] Writing /global/home/users/sytoanngo/ONEFlux/data/US-ARc_sample_output/99_fluxnet2015/FLX_US-ARc_FLUXNET2015_ERAI_HH_1989-2014_beta-5.csv: line 427000 [oneflux.pipeline.site_data_product]
2025-06-13 07:11:34.229 [DEBUG   ] Writing /global/home/users/sytoanngo/ONEFlux/data/US-ARc_sample_output/99_fluxnet2015/FLX_US-ARc_FLUXNET2015_ERAI_HH_1989-2014_beta-5.csv: line 428000 [oneflux.pipeline.site_data_product]
2025-06-13 07:11:34.240 [DEBUG   ] Writing /global/home/users/sytoanngo/ONEFlux/data/US-ARc_sample_output/99_fluxnet2015/FLX_US-ARc_FLUXNET2015_ERAI_HH_1989-2014_beta-5.csv: line 429000 [oneflux.pipeline.site_data_product]
2025-06-13 07:11:34.250 [DEBUG   ] Writing /global/home/users/sytoanngo/ONEFlux/data/US-ARc_sample_output/99_fluxnet2015/FLX_US-ARc_FLUXNET2015_ERAI_HH_1989-2014_beta-5.csv: line 430000 [oneflux.pipeline.site_data_product]
2025-06-13 07:11:34.260 [DEBUG   ] Writing /global/home/users/sytoanngo/ONEFlux/data/US-ARc_sample_output/99_fluxnet2015/FLX_US-ARc_FLUXNET2015_ERAI_HH_1989-2014_beta-5.csv: line 431000 [oneflux.pipeline.site_data_product]
2025-06-13 07:11:34.271 [DEBUG   ] Writing /global/home/users/sytoanngo/ONEFlux/data/US-ARc_sample_output/99_fluxnet2015/FLX_US-ARc_FLUXNET2015_ERAI_HH_1989-2014_beta-5.csv: line 432000 [oneflux.pipeline.site_data_product]
2025-06-13 07:11:34.281 [DEBUG   ] Writing /global/home/users/sytoanngo/ONEFlux/data/US-ARc_sample_output/99_fluxnet2015/FLX_US-ARc_FLUXNET2015_ERAI_HH_1989-2014_beta-5.csv: line 433000 [oneflux.pipeline.site_data_product]
2025-06-13 07:11:34.291 [DEBUG   ] Writing /global/home/users/sytoanngo/ONEFlux/data/US-ARc_sample_output/99_fluxnet2015/FLX_US-ARc_FLUXNET2015_ERAI_HH_1989-2014_beta-5.csv: line 434000 [oneflux.pipeline.site_data_product]
2025-06-13 07:11:34.302 [DEBUG   ] Writing /global/home/users/sytoanngo/ONEFlux/data/US-ARc_sample_output/99_fluxnet2015/FLX_US-ARc_FLUXNET2015_ERAI_HH_1989-2014_beta-5.csv: line 435000 [oneflux.pipeline.site_data_product]
2025-06-13 07:11:34.316 [DEBUG   ] Writing /global/home/users/sytoanngo/ONEFlux/data/US-ARc_sample_output/99_fluxnet2015/FLX_US-ARc_FLUXNET2015_ERAI_HH_1989-2014_beta-5.csv: line 436000 [oneflux.pipeline.site_data_product]
2025-06-13 07:11:34.326 [DEBUG   ] Writing /global/home/users/sytoanngo/ONEFlux/data/US-ARc_sample_output/99_fluxnet2015/FLX_US-ARc_FLUXNET2015_ERAI_HH_1989-2014_beta-5.csv: line 437000 [oneflux.pipeline.site_data_product]
2025-06-13 07:11:34.336 [DEBUG   ] Writing /global/home/users/sytoanngo/ONEFlux/data/US-ARc_sample_output/99_fluxnet2015/FLX_US-ARc_FLUXNET2015_ERAI_HH_1989-2014_beta-5.csv: line 438000 [oneflux.pipeline.site_data_product]
2025-06-13 07:11:34.346 [DEBUG   ] Writing /global/home/users/sytoanngo/ONEFlux/data/US-ARc_sample_output/99_fluxnet2015/FLX_US-ARc_FLUXNET2015_ERAI_HH_1989-2014_beta-5.csv: line 439000 [oneflux.pipeline.site_data_product]
2025-06-13 07:11:34.356 [DEBUG   ] Writing /global/home/users/sytoanngo/ONEFlux/data/US-ARc_sample_output/99_fluxnet2015/FLX_US-ARc_FLUXNET2015_ERAI_HH_1989-2014_beta-5.csv: line 440000 [oneflux.pipeline.site_data_product]
2025-06-13 07:11:34.366 [DEBUG   ] Writing /global/home/users/sytoanngo/ONEFlux/data/US-ARc_sample_output/99_fluxnet2015/FLX_US-ARc_FLUXNET2015_ERAI_HH_1989-2014_beta-5.csv: line 441000 [oneflux.pipeline.site_data_product]
2025-06-13 07:11:34.377 [DEBUG   ] Writing /global/home/users/sytoanngo/ONEFlux/data/US-ARc_sample_output/99_fluxnet2015/FLX_US-ARc_FLUXNET2015_ERAI_HH_1989-2014_beta-5.csv: line 442000 [oneflux.pipeline.site_data_product]
2025-06-13 07:11:34.387 [DEBUG   ] Writing /global/home/users/sytoanngo/ONEFlux/data/US-ARc_sample_output/99_fluxnet2015/FLX_US-ARc_FLUXNET2015_ERAI_HH_1989-2014_beta-5.csv: line 443000 [oneflux.pipeline.site_data_product]
2025-06-13 07:11:34.397 [DEBUG   ] Writing /global/home/users/sytoanngo/ONEFlux/data/US-ARc_sample_output/99_fluxnet2015/FLX_US-ARc_FLUXNET2015_ERAI_HH_1989-2014_beta-5.csv: line 444000 [oneflux.pipeline.site_data_product]
2025-06-13 07:11:34.407 [DEBUG   ] Writing /global/home/users/sytoanngo/ONEFlux/data/US-ARc_sample_output/99_fluxnet2015/FLX_US-ARc_FLUXNET2015_ERAI_HH_1989-2014_beta-5.csv: line 445000 [oneflux.pipeline.site_data_product]
2025-06-13 07:11:34.418 [DEBUG   ] Writing /global/home/users/sytoanngo/ONEFlux/data/US-ARc_sample_output/99_fluxnet2015/FLX_US-ARc_FLUXNET2015_ERAI_HH_1989-2014_beta-5.csv: line 446000 [oneflux.pipeline.site_data_product]
2025-06-13 07:11:34.428 [DEBUG   ] Writing /global/home/users/sytoanngo/ONEFlux/data/US-ARc_sample_output/99_fluxnet2015/FLX_US-ARc_FLUXNET2015_ERAI_HH_1989-2014_beta-5.csv: line 447000 [oneflux.pipeline.site_data_product]
2025-06-13 07:11:34.438 [DEBUG   ] Writing /global/home/users/sytoanngo/ONEFlux/data/US-ARc_sample_output/99_fluxnet2015/FLX_US-ARc_FLUXNET2015_ERAI_HH_1989-2014_beta-5.csv: line 448000 [oneflux.pipeline.site_data_product]
2025-06-13 07:11:34.449 [DEBUG   ] Writing /global/home/users/sytoanngo/ONEFlux/data/US-ARc_sample_output/99_fluxnet2015/FLX_US-ARc_FLUXNET2015_ERAI_HH_1989-2014_beta-5.csv: line 449000 [oneflux.pipeline.site_data_product]
2025-06-13 07:11:34.459 [DEBUG   ] Writing /global/home/users/sytoanngo/ONEFlux/data/US-ARc_sample_output/99_fluxnet2015/FLX_US-ARc_FLUXNET2015_ERAI_HH_1989-2014_beta-5.csv: line 450000 [oneflux.pipeline.site_data_product]
2025-06-13 07:11:34.469 [DEBUG   ] Writing /global/home/users/sytoanngo/ONEFlux/data/US-ARc_sample_output/99_fluxnet2015/FLX_US-ARc_FLUXNET2015_ERAI_HH_1989-2014_beta-5.csv: line 451000 [oneflux.pipeline.site_data_product]
2025-06-13 07:11:34.480 [DEBUG   ] Writing /global/home/users/sytoanngo/ONEFlux/data/US-ARc_sample_output/99_fluxnet2015/FLX_US-ARc_FLUXNET2015_ERAI_HH_1989-2014_beta-5.csv: line 452000 [oneflux.pipeline.site_data_product]
2025-06-13 07:11:34.490 [DEBUG   ] Writing /global/home/users/sytoanngo/ONEFlux/data/US-ARc_sample_output/99_fluxnet2015/FLX_US-ARc_FLUXNET2015_ERAI_HH_1989-2014_beta-5.csv: line 453000 [oneflux.pipeline.site_data_product]
2025-06-13 07:11:34.500 [DEBUG   ] Writing /global/home/users/sytoanngo/ONEFlux/data/US-ARc_sample_output/99_fluxnet2015/FLX_US-ARc_FLUXNET2015_ERAI_HH_1989-2014_beta-5.csv: line 454000 [oneflux.pipeline.site_data_product]
2025-06-13 07:11:34.510 [DEBUG   ] Writing /global/home/users/sytoanngo/ONEFlux/data/US-ARc_sample_output/99_fluxnet2015/FLX_US-ARc_FLUXNET2015_ERAI_HH_1989-2014_beta-5.csv: line 455000 [oneflux.pipeline.site_data_product]
2025-06-13 07:11:34.790 [INFO    ] Saving Tier 2 SUBSET CSV file: /global/home/users/sytoanngo/ONEFlux/data/US-ARc_sample_output/99_fluxnet2015/FLX_US-ARc_FLUXNET2015_SUBSET_HH_2005-2006_beta-5.csv [oneflux.pipeline.site_data_product]
2025-06-13 07:11:34.849 [DEBUG   ] Writing /global/home/users/sytoanngo/ONEFlux/data/US-ARc_sample_output/99_fluxnet2015/FLX_US-ARc_FLUXNET2015_SUBSET_HH_2005-2006_beta-5.csv: line 0 [oneflux.pipeline.site_data_product]
2025-06-13 07:11:34.957 [DEBUG   ] Writing /global/home/users/sytoanngo/ONEFlux/data/US-ARc_sample_output/99_fluxnet2015/FLX_US-ARc_FLUXNET2015_SUBSET_HH_2005-2006_beta-5.csv: line 1000 [oneflux.pipeline.site_data_product]
2025-06-13 07:11:35.060 [DEBUG   ] Writing /global/home/users/sytoanngo/ONEFlux/data/US-ARc_sample_output/99_fluxnet2015/FLX_US-ARc_FLUXNET2015_SUBSET_HH_2005-2006_beta-5.csv: line 2000 [oneflux.pipeline.site_data_product]
2025-06-13 07:11:35.201 [DEBUG   ] Writing /global/home/users/sytoanngo/ONEFlux/data/US-ARc_sample_output/99_fluxnet2015/FLX_US-ARc_FLUXNET2015_SUBSET_HH_2005-2006_beta-5.csv: line 3000 [oneflux.pipeline.site_data_product]
2025-06-13 07:11:35.359 [DEBUG   ] Writing /global/home/users/sytoanngo/ONEFlux/data/US-ARc_sample_output/99_fluxnet2015/FLX_US-ARc_FLUXNET2015_SUBSET_HH_2005-2006_beta-5.csv: line 4000 [oneflux.pipeline.site_data_product]
2025-06-13 07:11:35.520 [DEBUG   ] Writing /global/home/users/sytoanngo/ONEFlux/data/US-ARc_sample_output/99_fluxnet2015/FLX_US-ARc_FLUXNET2015_SUBSET_HH_2005-2006_beta-5.csv: line 5000 [oneflux.pipeline.site_data_product]
2025-06-13 07:11:35.679 [DEBUG   ] Writing /global/home/users/sytoanngo/ONEFlux/data/US-ARc_sample_output/99_fluxnet2015/FLX_US-ARc_FLUXNET2015_SUBSET_HH_2005-2006_beta-5.csv: line 6000 [oneflux.pipeline.site_data_product]
2025-06-13 07:11:35.839 [DEBUG   ] Writing /global/home/users/sytoanngo/ONEFlux/data/US-ARc_sample_output/99_fluxnet2015/FLX_US-ARc_FLUXNET2015_SUBSET_HH_2005-2006_beta-5.csv: line 7000 [oneflux.pipeline.site_data_product]
2025-06-13 07:11:35.999 [DEBUG   ] Writing /global/home/users/sytoanngo/ONEFlux/data/US-ARc_sample_output/99_fluxnet2015/FLX_US-ARc_FLUXNET2015_SUBSET_HH_2005-2006_beta-5.csv: line 8000 [oneflux.pipeline.site_data_product]
2025-06-13 07:11:36.160 [DEBUG   ] Writing /global/home/users/sytoanngo/ONEFlux/data/US-ARc_sample_output/99_fluxnet2015/FLX_US-ARc_FLUXNET2015_SUBSET_HH_2005-2006_beta-5.csv: line 9000 [oneflux.pipeline.site_data_product]
2025-06-13 07:11:36.320 [DEBUG   ] Writing /global/home/users/sytoanngo/ONEFlux/data/US-ARc_sample_output/99_fluxnet2015/FLX_US-ARc_FLUXNET2015_SUBSET_HH_2005-2006_beta-5.csv: line 10000 [oneflux.pipeline.site_data_product]
2025-06-13 07:11:36.479 [DEBUG   ] Writing /global/home/users/sytoanngo/ONEFlux/data/US-ARc_sample_output/99_fluxnet2015/FLX_US-ARc_FLUXNET2015_SUBSET_HH_2005-2006_beta-5.csv: line 11000 [oneflux.pipeline.site_data_product]
2025-06-13 07:11:36.598 [DEBUG   ] Writing /global/home/users/sytoanngo/ONEFlux/data/US-ARc_sample_output/99_fluxnet2015/FLX_US-ARc_FLUXNET2015_SUBSET_HH_2005-2006_beta-5.csv: line 12000 [oneflux.pipeline.site_data_product]
2025-06-13 07:11:36.718 [DEBUG   ] Writing /global/home/users/sytoanngo/ONEFlux/data/US-ARc_sample_output/99_fluxnet2015/FLX_US-ARc_FLUXNET2015_SUBSET_HH_2005-2006_beta-5.csv: line 13000 [oneflux.pipeline.site_data_product]
2025-06-13 07:11:36.837 [DEBUG   ] Writing /global/home/users/sytoanngo/ONEFlux/data/US-ARc_sample_output/99_fluxnet2015/FLX_US-ARc_FLUXNET2015_SUBSET_HH_2005-2006_beta-5.csv: line 14000 [oneflux.pipeline.site_data_product]
2025-06-13 07:11:36.957 [DEBUG   ] Writing /global/home/users/sytoanngo/ONEFlux/data/US-ARc_sample_output/99_fluxnet2015/FLX_US-ARc_FLUXNET2015_SUBSET_HH_2005-2006_beta-5.csv: line 15000 [oneflux.pipeline.site_data_product]
2025-06-13 07:11:37.077 [DEBUG   ] Writing /global/home/users/sytoanngo/ONEFlux/data/US-ARc_sample_output/99_fluxnet2015/FLX_US-ARc_FLUXNET2015_SUBSET_HH_2005-2006_beta-5.csv: line 16000 [oneflux.pipeline.site_data_product]
2025-06-13 07:11:37.196 [DEBUG   ] Writing /global/home/users/sytoanngo/ONEFlux/data/US-ARc_sample_output/99_fluxnet2015/FLX_US-ARc_FLUXNET2015_SUBSET_HH_2005-2006_beta-5.csv: line 17000 [oneflux.pipeline.site_data_product]
2025-06-13 07:11:37.315 [DEBUG   ] Writing /global/home/users/sytoanngo/ONEFlux/data/US-ARc_sample_output/99_fluxnet2015/FLX_US-ARc_FLUXNET2015_SUBSET_HH_2005-2006_beta-5.csv: line 18000 [oneflux.pipeline.site_data_product]
2025-06-13 07:11:37.435 [DEBUG   ] Writing /global/home/users/sytoanngo/ONEFlux/data/US-ARc_sample_output/99_fluxnet2015/FLX_US-ARc_FLUXNET2015_SUBSET_HH_2005-2006_beta-5.csv: line 19000 [oneflux.pipeline.site_data_product]
2025-06-13 07:11:37.554 [DEBUG   ] Writing /global/home/users/sytoanngo/ONEFlux/data/US-ARc_sample_output/99_fluxnet2015/FLX_US-ARc_FLUXNET2015_SUBSET_HH_2005-2006_beta-5.csv: line 20000 [oneflux.pipeline.site_data_product]
2025-06-13 07:11:37.673 [DEBUG   ] Writing /global/home/users/sytoanngo/ONEFlux/data/US-ARc_sample_output/99_fluxnet2015/FLX_US-ARc_FLUXNET2015_SUBSET_HH_2005-2006_beta-5.csv: line 21000 [oneflux.pipeline.site_data_product]
2025-06-13 07:11:37.791 [DEBUG   ] Writing /global/home/users/sytoanngo/ONEFlux/data/US-ARc_sample_output/99_fluxnet2015/FLX_US-ARc_FLUXNET2015_SUBSET_HH_2005-2006_beta-5.csv: line 22000 [oneflux.pipeline.site_data_product]
2025-06-13 07:11:37.911 [DEBUG   ] Writing /global/home/users/sytoanngo/ONEFlux/data/US-ARc_sample_output/99_fluxnet2015/FLX_US-ARc_FLUXNET2015_SUBSET_HH_2005-2006_beta-5.csv: line 23000 [oneflux.pipeline.site_data_product]
2025-06-13 07:11:38.030 [DEBUG   ] Writing /global/home/users/sytoanngo/ONEFlux/data/US-ARc_sample_output/99_fluxnet2015/FLX_US-ARc_FLUXNET2015_SUBSET_HH_2005-2006_beta-5.csv: line 24000 [oneflux.pipeline.site_data_product]
2025-06-13 07:11:38.149 [DEBUG   ] Writing /global/home/users/sytoanngo/ONEFlux/data/US-ARc_sample_output/99_fluxnet2015/FLX_US-ARc_FLUXNET2015_SUBSET_HH_2005-2006_beta-5.csv: line 25000 [oneflux.pipeline.site_data_product]
2025-06-13 07:11:38.269 [DEBUG   ] Writing /global/home/users/sytoanngo/ONEFlux/data/US-ARc_sample_output/99_fluxnet2015/FLX_US-ARc_FLUXNET2015_SUBSET_HH_2005-2006_beta-5.csv: line 26000 [oneflux.pipeline.site_data_product]
2025-06-13 07:11:38.388 [DEBUG   ] Writing /global/home/users/sytoanngo/ONEFlux/data/US-ARc_sample_output/99_fluxnet2015/FLX_US-ARc_FLUXNET2015_SUBSET_HH_2005-2006_beta-5.csv: line 27000 [oneflux.pipeline.site_data_product]
2025-06-13 07:11:38.513 [DEBUG   ] Writing /global/home/users/sytoanngo/ONEFlux/data/US-ARc_sample_output/99_fluxnet2015/FLX_US-ARc_FLUXNET2015_SUBSET_HH_2005-2006_beta-5.csv: line 28000 [oneflux.pipeline.site_data_product]
2025-06-13 07:11:38.636 [DEBUG   ] Writing /global/home/users/sytoanngo/ONEFlux/data/US-ARc_sample_output/99_fluxnet2015/FLX_US-ARc_FLUXNET2015_SUBSET_HH_2005-2006_beta-5.csv: line 29000 [oneflux.pipeline.site_data_product]
2025-06-13 07:11:38.756 [DEBUG   ] Writing /global/home/users/sytoanngo/ONEFlux/data/US-ARc_sample_output/99_fluxnet2015/FLX_US-ARc_FLUXNET2015_SUBSET_HH_2005-2006_beta-5.csv: line 30000 [oneflux.pipeline.site_data_product]
2025-06-13 07:11:38.876 [DEBUG   ] Writing /global/home/users/sytoanngo/ONEFlux/data/US-ARc_sample_output/99_fluxnet2015/FLX_US-ARc_FLUXNET2015_SUBSET_HH_2005-2006_beta-5.csv: line 31000 [oneflux.pipeline.site_data_product]
2025-06-13 07:11:38.995 [DEBUG   ] Writing /global/home/users/sytoanngo/ONEFlux/data/US-ARc_sample_output/99_fluxnet2015/FLX_US-ARc_FLUXNET2015_SUBSET_HH_2005-2006_beta-5.csv: line 32000 [oneflux.pipeline.site_data_product]
2025-06-13 07:11:39.109 [DEBUG   ] Writing /global/home/users/sytoanngo/ONEFlux/data/US-ARc_sample_output/99_fluxnet2015/FLX_US-ARc_FLUXNET2015_SUBSET_HH_2005-2006_beta-5.csv: line 33000 [oneflux.pipeline.site_data_product]
2025-06-13 07:11:39.213 [DEBUG   ] Writing /global/home/users/sytoanngo/ONEFlux/data/US-ARc_sample_output/99_fluxnet2015/FLX_US-ARc_FLUXNET2015_SUBSET_HH_2005-2006_beta-5.csv: line 34000 [oneflux.pipeline.site_data_product]
2025-06-13 07:11:39.316 [DEBUG   ] Writing /global/home/users/sytoanngo/ONEFlux/data/US-ARc_sample_output/99_fluxnet2015/FLX_US-ARc_FLUXNET2015_SUBSET_HH_2005-2006_beta-5.csv: line 35000 [oneflux.pipeline.site_data_product]
2025-06-13 07:11:39.451 [INFO    ] Tier 1 SUBSET CSV same as Tier 2 (all), reusing file: /global/home/users/sytoanngo/ONEFlux/data/US-ARc_sample_output/99_fluxnet2015/FLX_US-ARc_FLUXNET2015_SUBSET_HH_2005-2006_beta-5.csv [oneflux.pipeline.site_data_product]
2025-06-13 07:11:39.451 [DEBUG   ] Processing 'dd' resolution [oneflux.pipeline.site_data_product]
2025-06-13 07:11:39.452 [DEBUG   ] Loading meteo/dd file: /global/home/users/sytoanngo/ONEFlux/data/US-ARc_sample_output/07_meteo_proc/US-ARc_meteo_dd.csv [oneflux.pipeline.site_data_product]
2025-06-13 07:11:40.188 [INFO    ] Checking range of values for SWC (US-ARc) [oneflux.pipeline.site_data_product]
2025-06-13 07:11:40.188 [DEBUG   ] Found 1 SWC variables (['SWC_1_f']) for US-ARc, checking ranges [oneflux.pipeline.site_data_product]
2025-06-13 07:11:40.254 [DEBUG   ] SWC variable 'SWC_1_f' stats (US-ARc, 2005): negative_count=0  min=11.63  max=34.318 [oneflux.pipeline.site_data_product]
2025-06-13 07:11:40.258 [DEBUG   ] SWC variable 'SWC_1_f' stats (US-ARc, 2006): negative_count=0  min=11.023  max=31.567 [oneflux.pipeline.site_data_product]
2025-06-13 07:11:40.289 [DEBUG   ] Done with checking SWC vars for US-ARc [oneflux.pipeline.site_data_product]
2025-06-13 07:11:40.290 [DEBUG   ] Loading nee/dd file: /global/home/users/sytoanngo/ONEFlux/data/US-ARc_sample_output/08_nee_proc/US-ARc_NEE_dd.csv [oneflux.pipeline.site_data_product]
2025-06-13 07:11:40.379 [DEBUG   ] Loading energy/dd file: /global/home/users/sytoanngo/ONEFlux/data/US-ARc_sample_output/09_energy_proc/US-ARc_energy_dd.csv [oneflux.pipeline.site_data_product]
2025-06-13 07:11:40.403 [INFO    ] Skipping SR_RECO, file not found: /global/home/users/sytoanngo/ONEFlux/data/US-ARc_sample_output/12_ure/US-ARc_SR_RECO_dd.csv [oneflux.pipeline.site_data_product]
2025-06-13 07:11:40.403 [DEBUG   ] Loading partitioning/dd file: /global/home/users/sytoanngo/ONEFlux/data/US-ARc_sample_output/12_ure/US-ARc_DT_RECO_dd.csv [oneflux.pipeline.site_data_product]
2025-06-13 07:11:40.420 [DEBUG   ] Loading partitioning/dd file: /global/home/users/sytoanngo/ONEFlux/data/US-ARc_sample_output/12_ure/US-ARc_DT_GPP_dd.csv [oneflux.pipeline.site_data_product]
2025-06-13 07:11:40.435 [DEBUG   ] Loading partitioning/dd file: /global/home/users/sytoanngo/ONEFlux/data/US-ARc_sample_output/12_ure/US-ARc_NT_RECO_dd.csv [oneflux.pipeline.site_data_product]
2025-06-13 07:11:40.451 [DEBUG   ] Loading partitioning/dd file: /global/home/users/sytoanngo/ONEFlux/data/US-ARc_sample_output/12_ure/US-ARc_NT_GPP_dd.csv [oneflux.pipeline.site_data_product]
2025-06-13 07:11:40.467 [DEBUG   ] US-ARc: SR RECO file headers: ('TIMESTAMP', 'DOY', 'RECO', 'RECO_n') [oneflux.pipeline.site_data_product]
2025-06-13 07:11:40.468 [DEBUG   ] Merged UNC headers: ('TIMESTAMP', 'DT_RECO_ref_y', 'DT_RECO_ust50_y', 'DT_RECO_mean_y', 'DT_RECO_SE_y', 'DT_RECO_05_y', 'DT_RECO_16_y', 'DT_RECO_25_y', 'DT_RECO_50_y', 'DT_RECO_75_y', 'DT_RECO_84_y', 'DT_RECO_95_y', 'DT_GPP_ref_y', 'DT_GPP_ust50_y', 'DT_GPP_mean_y', 'DT_GPP_SE_y', 'DT_GPP_05_y', 'DT_GPP_16_y', 'DT_GPP_25_y', 'DT_GPP_50_y', 'DT_GPP_75_y', 'DT_GPP_84_y', 'DT_GPP_95_y', 'NT_RECO_ref_y', 'NT_RECO_ust50_y', 'NT_RECO_mean_y', 'NT_RECO_SE_y', 'NT_RECO_05_y', 'NT_RECO_16_y', 'NT_RECO_25_y', 'NT_RECO_50_y', 'NT_RECO_75_y', 'NT_RECO_84_y', 'NT_RECO_95_y', 'NT_GPP_ref_y', 'NT_GPP_ust50_y', 'NT_GPP_mean_y', 'NT_GPP_SE_y', 'NT_GPP_05_y', 'NT_GPP_16_y', 'NT_GPP_25_y', 'NT_GPP_50_y', 'NT_GPP_75_y', 'NT_GPP_84_y', 'NT_GPP_95_y', 'SR_RECO', 'SR_RECO_n') [oneflux.pipeline.site_data_product]
2025-06-13 07:11:40.470 [INFO    ] METEO number of records differs from ENERGY, assuming complete meteo and removing extra records [oneflux.pipeline.site_data_product]
2025-06-13 07:11:40.496 [DEBUG   ] Time slice results for 2005-2006: a[5844]=20050101  a[6573]=20061231 [oneflux.pipeline.site_data_product]
2025-06-13 07:11:40.496 [DEBUG   ] US-ARc: updating names for meteo data [oneflux.pipeline.site_data_product]
2025-06-13 07:11:40.496 [DEBUG   ] US-ARc: updating names for full meteo data [oneflux.pipeline.site_data_product]
2025-06-13 07:11:40.497 [DEBUG   ] US-ARc: updating names for energy data [oneflux.pipeline.site_data_product]
2025-06-13 07:11:40.497 [WARNING ] Unknown variable removed: 'DOY' [oneflux.pipeline.site_data_product]
2025-06-13 07:11:40.497 [DEBUG   ] US-ARc: updating names for nee data [oneflux.pipeline.site_data_product]
2025-06-13 07:11:40.497 [WARNING ] Unknown variable removed: 'DOY' [oneflux.pipeline.site_data_product]
2025-06-13 07:11:40.498 [DEBUG   ] US-ARc: updating names for unc data [oneflux.pipeline.site_data_product]
2025-06-13 07:11:40.499 [DEBUG   ] Skip duplicate header: NIGHT_D [oneflux.pipeline.site_data_product]
2025-06-13 07:11:40.499 [DEBUG   ] Skip duplicate header: DAY_D [oneflux.pipeline.site_data_product]
2025-06-13 07:11:40.509 [INFO    ] Saving Tier 2 FULLSET CSV file: /global/home/users/sytoanngo/ONEFlux/data/US-ARc_sample_output/99_fluxnet2015/FLX_US-ARc_FLUXNET2015_FULLSET_DD_2005-2006_beta-5.csv [oneflux.pipeline.site_data_product]
2025-06-13 07:11:40.516 [DEBUG   ] Writing /global/home/users/sytoanngo/ONEFlux/data/US-ARc_sample_output/99_fluxnet2015/FLX_US-ARc_FLUXNET2015_FULLSET_DD_2005-2006_beta-5.csv: line 0 [oneflux.pipeline.site_data_product]
2025-06-13 07:11:40.749 [INFO    ] Tier 1 FULLSET CSV same as Tier 2 (all), reusing file: /global/home/users/sytoanngo/ONEFlux/data/US-ARc_sample_output/99_fluxnet2015/FLX_US-ARc_FLUXNET2015_FULLSET_DD_2005-2006_beta-5.csv [oneflux.pipeline.site_data_product]
2025-06-13 07:11:40.750 [INFO    ] Saving ERA-Interim CSV file: /global/home/users/sytoanngo/ONEFlux/data/US-ARc_sample_output/99_fluxnet2015/FLX_US-ARc_FLUXNET2015_ERAI_DD_1989-2014_beta-5.csv [oneflux.pipeline.site_data_product]
2025-06-13 07:11:40.753 [DEBUG   ] Writing /global/home/users/sytoanngo/ONEFlux/data/US-ARc_sample_output/99_fluxnet2015/FLX_US-ARc_FLUXNET2015_ERAI_DD_1989-2014_beta-5.csv: line 0 [oneflux.pipeline.site_data_product]
2025-06-13 07:11:40.771 [DEBUG   ] Writing /global/home/users/sytoanngo/ONEFlux/data/US-ARc_sample_output/99_fluxnet2015/FLX_US-ARc_FLUXNET2015_ERAI_DD_1989-2014_beta-5.csv: line 1000 [oneflux.pipeline.site_data_product]
2025-06-13 07:11:40.790 [DEBUG   ] Writing /global/home/users/sytoanngo/ONEFlux/data/US-ARc_sample_output/99_fluxnet2015/FLX_US-ARc_FLUXNET2015_ERAI_DD_1989-2014_beta-5.csv: line 2000 [oneflux.pipeline.site_data_product]
2025-06-13 07:11:40.808 [DEBUG   ] Writing /global/home/users/sytoanngo/ONEFlux/data/US-ARc_sample_output/99_fluxnet2015/FLX_US-ARc_FLUXNET2015_ERAI_DD_1989-2014_beta-5.csv: line 3000 [oneflux.pipeline.site_data_product]
2025-06-13 07:11:40.826 [DEBUG   ] Writing /global/home/users/sytoanngo/ONEFlux/data/US-ARc_sample_output/99_fluxnet2015/FLX_US-ARc_FLUXNET2015_ERAI_DD_1989-2014_beta-5.csv: line 4000 [oneflux.pipeline.site_data_product]
2025-06-13 07:11:40.845 [DEBUG   ] Writing /global/home/users/sytoanngo/ONEFlux/data/US-ARc_sample_output/99_fluxnet2015/FLX_US-ARc_FLUXNET2015_ERAI_DD_1989-2014_beta-5.csv: line 5000 [oneflux.pipeline.site_data_product]
2025-06-13 07:11:40.863 [DEBUG   ] Writing /global/home/users/sytoanngo/ONEFlux/data/US-ARc_sample_output/99_fluxnet2015/FLX_US-ARc_FLUXNET2015_ERAI_DD_1989-2014_beta-5.csv: line 6000 [oneflux.pipeline.site_data_product]
2025-06-13 07:11:40.881 [DEBUG   ] Writing /global/home/users/sytoanngo/ONEFlux/data/US-ARc_sample_output/99_fluxnet2015/FLX_US-ARc_FLUXNET2015_ERAI_DD_1989-2014_beta-5.csv: line 7000 [oneflux.pipeline.site_data_product]
2025-06-13 07:11:40.899 [DEBUG   ] Writing /global/home/users/sytoanngo/ONEFlux/data/US-ARc_sample_output/99_fluxnet2015/FLX_US-ARc_FLUXNET2015_ERAI_DD_1989-2014_beta-5.csv: line 8000 [oneflux.pipeline.site_data_product]
2025-06-13 07:11:40.917 [DEBUG   ] Writing /global/home/users/sytoanngo/ONEFlux/data/US-ARc_sample_output/99_fluxnet2015/FLX_US-ARc_FLUXNET2015_ERAI_DD_1989-2014_beta-5.csv: line 9000 [oneflux.pipeline.site_data_product]
2025-06-13 07:11:40.936 [INFO    ] Saving Tier 2 SUBSET CSV file: /global/home/users/sytoanngo/ONEFlux/data/US-ARc_sample_output/99_fluxnet2015/FLX_US-ARc_FLUXNET2015_SUBSET_DD_2005-2006_beta-5.csv [oneflux.pipeline.site_data_product]
2025-06-13 07:11:40.940 [DEBUG   ] Writing /global/home/users/sytoanngo/ONEFlux/data/US-ARc_sample_output/99_fluxnet2015/FLX_US-ARc_FLUXNET2015_SUBSET_DD_2005-2006_beta-5.csv: line 0 [oneflux.pipeline.site_data_product]
2025-06-13 07:11:41.014 [INFO    ] Tier 1 SUBSET CSV same as Tier 2 (all), reusing file: /global/home/users/sytoanngo/ONEFlux/data/US-ARc_sample_output/99_fluxnet2015/FLX_US-ARc_FLUXNET2015_SUBSET_DD_2005-2006_beta-5.csv [oneflux.pipeline.site_data_product]
2025-06-13 07:11:41.014 [DEBUG   ] Processing 'ww' resolution [oneflux.pipeline.site_data_product]
2025-06-13 07:11:41.014 [DEBUG   ] Loading meteo/ww file: /global/home/users/sytoanngo/ONEFlux/data/US-ARc_sample_output/07_meteo_proc/US-ARc_meteo_ww.csv [oneflux.pipeline.site_data_product]
2025-06-13 07:11:41.119 [INFO    ] Checking range of values for SWC (US-ARc) [oneflux.pipeline.site_data_product]
2025-06-13 07:11:41.120 [DEBUG   ] Found 1 SWC variables (['SWC_1_f']) for US-ARc, checking ranges [oneflux.pipeline.site_data_product]
2025-06-13 07:11:41.129 [DEBUG   ] SWC variable 'SWC_1_f' stats (US-ARc, 2005): negative_count=0  min=12.09  max=31.573 [oneflux.pipeline.site_data_product]
2025-06-13 07:11:41.130 [DEBUG   ] SWC variable 'SWC_1_f' stats (US-ARc, 2006): negative_count=0  min=11.225  max=29.882 [oneflux.pipeline.site_data_product]
2025-06-13 07:11:41.135 [DEBUG   ] Done with checking SWC vars for US-ARc [oneflux.pipeline.site_data_product]
2025-06-13 07:11:41.135 [DEBUG   ] Loading nee/ww file: /global/home/users/sytoanngo/ONEFlux/data/US-ARc_sample_output/08_nee_proc/US-ARc_NEE_ww.csv [oneflux.pipeline.site_data_product]
2025-06-13 07:11:41.151 [DEBUG   ] Loading energy/ww file: /global/home/users/sytoanngo/ONEFlux/data/US-ARc_sample_output/09_energy_proc/US-ARc_energy_ww.csv [oneflux.pipeline.site_data_product]
2025-06-13 07:11:41.158 [INFO    ] Skipping SR_RECO, file not found: /global/home/users/sytoanngo/ONEFlux/data/US-ARc_sample_output/12_ure/US-ARc_SR_RECO_ww.csv [oneflux.pipeline.site_data_product]
2025-06-13 07:11:41.158 [DEBUG   ] Loading partitioning/ww file: /global/home/users/sytoanngo/ONEFlux/data/US-ARc_sample_output/12_ure/US-ARc_DT_RECO_ww.csv [oneflux.pipeline.site_data_product]
2025-06-13 07:11:41.163 [DEBUG   ] Loading partitioning/ww file: /global/home/users/sytoanngo/ONEFlux/data/US-ARc_sample_output/12_ure/US-ARc_DT_GPP_ww.csv [oneflux.pipeline.site_data_product]
2025-06-13 07:11:41.168 [DEBUG   ] Loading partitioning/ww file: /global/home/users/sytoanngo/ONEFlux/data/US-ARc_sample_output/12_ure/US-ARc_NT_RECO_ww.csv [oneflux.pipeline.site_data_product]
2025-06-13 07:11:41.173 [DEBUG   ] Loading partitioning/ww file: /global/home/users/sytoanngo/ONEFlux/data/US-ARc_sample_output/12_ure/US-ARc_NT_GPP_ww.csv [oneflux.pipeline.site_data_product]
2025-06-13 07:11:41.178 [DEBUG   ] US-ARc: SR RECO file headers: ('TIMESTAMP_START', 'TIMESTAMP_END', 'RECO', 'RECO_n') [oneflux.pipeline.site_data_product]
2025-06-13 07:11:41.179 [DEBUG   ] Merged UNC headers: ('TIMESTAMP_START', 'TIMESTAMP_END', 'DT_RECO_ref_y', 'DT_RECO_ust50_y', 'DT_RECO_mean_y', 'DT_RECO_SE_y', 'DT_RECO_05_y', 'DT_RECO_16_y', 'DT_RECO_25_y', 'DT_RECO_50_y', 'DT_RECO_75_y', 'DT_RECO_84_y', 'DT_RECO_95_y', 'DT_GPP_ref_y', 'DT_GPP_ust50_y', 'DT_GPP_mean_y', 'DT_GPP_SE_y', 'DT_GPP_05_y', 'DT_GPP_16_y', 'DT_GPP_25_y', 'DT_GPP_50_y', 'DT_GPP_75_y', 'DT_GPP_84_y', 'DT_GPP_95_y', 'NT_RECO_ref_y', 'NT_RECO_ust50_y', 'NT_RECO_mean_y', 'NT_RECO_SE_y', 'NT_RECO_05_y', 'NT_RECO_16_y', 'NT_RECO_25_y', 'NT_RECO_50_y', 'NT_RECO_75_y', 'NT_RECO_84_y', 'NT_RECO_95_y', 'NT_GPP_ref_y', 'NT_GPP_ust50_y', 'NT_GPP_mean_y', 'NT_GPP_SE_y', 'NT_GPP_05_y', 'NT_GPP_16_y', 'NT_GPP_25_y', 'NT_GPP_50_y', 'NT_GPP_75_y', 'NT_GPP_84_y', 'NT_GPP_95_y', 'SR_RECO', 'SR_RECO_n') [oneflux.pipeline.site_data_product]
2025-06-13 07:11:41.179 [INFO    ] METEO number of records differs from ENERGY, assuming complete meteo and removing extra records [oneflux.pipeline.site_data_product]
2025-06-13 07:11:41.183 [DEBUG   ] Time slice results for 2005-2006: a[832]=20050101  a[935]=20061224 [oneflux.pipeline.site_data_product]
2025-06-13 07:11:41.183 [DEBUG   ] US-ARc: updating names for meteo data [oneflux.pipeline.site_data_product]
2025-06-13 07:11:41.184 [WARNING ] Unknown variable removed: 'WEEK' [oneflux.pipeline.site_data_product]
2025-06-13 07:11:41.184 [DEBUG   ] US-ARc: updating names for full meteo data [oneflux.pipeline.site_data_product]
2025-06-13 07:11:41.184 [WARNING ] Unknown variable removed: 'WEEK' [oneflux.pipeline.site_data_product]
2025-06-13 07:11:41.185 [DEBUG   ] US-ARc: updating names for energy data [oneflux.pipeline.site_data_product]
2025-06-13 07:11:41.185 [WARNING ] Unknown variable removed: 'WEEK' [oneflux.pipeline.site_data_product]
2025-06-13 07:11:41.185 [DEBUG   ] US-ARc: updating names for nee data [oneflux.pipeline.site_data_product]
2025-06-13 07:11:41.185 [WARNING ] Unknown variable removed: 'WEEK' [oneflux.pipeline.site_data_product]
2025-06-13 07:11:41.186 [DEBUG   ] US-ARc: updating names for unc data [oneflux.pipeline.site_data_product]
2025-06-13 07:11:41.186 [DEBUG   ] Skip duplicate header: NIGHT_D [oneflux.pipeline.site_data_product]
2025-06-13 07:11:41.186 [DEBUG   ] Skip duplicate header: DAY_D [oneflux.pipeline.site_data_product]
2025-06-13 07:11:41.189 [INFO    ] Saving Tier 2 FULLSET CSV file: /global/home/users/sytoanngo/ONEFlux/data/US-ARc_sample_output/99_fluxnet2015/FLX_US-ARc_FLUXNET2015_FULLSET_WW_2005-2006_beta-5.csv [oneflux.pipeline.site_data_product]
2025-06-13 07:11:41.193 [DEBUG   ] Writing /global/home/users/sytoanngo/ONEFlux/data/US-ARc_sample_output/99_fluxnet2015/FLX_US-ARc_FLUXNET2015_FULLSET_WW_2005-2006_beta-5.csv: line 0 [oneflux.pipeline.site_data_product]
2025-06-13 07:11:41.226 [INFO    ] Tier 1 FULLSET CSV same as Tier 2 (all), reusing file: /global/home/users/sytoanngo/ONEFlux/data/US-ARc_sample_output/99_fluxnet2015/FLX_US-ARc_FLUXNET2015_FULLSET_WW_2005-2006_beta-5.csv [oneflux.pipeline.site_data_product]
2025-06-13 07:11:41.226 [INFO    ] Saving ERA-Interim CSV file: /global/home/users/sytoanngo/ONEFlux/data/US-ARc_sample_output/99_fluxnet2015/FLX_US-ARc_FLUXNET2015_ERAI_WW_1989-2014_beta-5.csv [oneflux.pipeline.site_data_product]
2025-06-13 07:11:41.229 [DEBUG   ] Writing /global/home/users/sytoanngo/ONEFlux/data/US-ARc_sample_output/99_fluxnet2015/FLX_US-ARc_FLUXNET2015_ERAI_WW_1989-2014_beta-5.csv: line 0 [oneflux.pipeline.site_data_product]
2025-06-13 07:11:41.249 [DEBUG   ] Writing /global/home/users/sytoanngo/ONEFlux/data/US-ARc_sample_output/99_fluxnet2015/FLX_US-ARc_FLUXNET2015_ERAI_WW_1989-2014_beta-5.csv: line 1000 [oneflux.pipeline.site_data_product]
2025-06-13 07:11:41.258 [INFO    ] Saving Tier 2 SUBSET CSV file: /global/home/users/sytoanngo/ONEFlux/data/US-ARc_sample_output/99_fluxnet2015/FLX_US-ARc_FLUXNET2015_SUBSET_WW_2005-2006_beta-5.csv [oneflux.pipeline.site_data_product]
2025-06-13 07:11:41.261 [DEBUG   ] Writing /global/home/users/sytoanngo/ONEFlux/data/US-ARc_sample_output/99_fluxnet2015/FLX_US-ARc_FLUXNET2015_SUBSET_WW_2005-2006_beta-5.csv: line 0 [oneflux.pipeline.site_data_product]
2025-06-13 07:11:41.273 [INFO    ] Tier 1 SUBSET CSV same as Tier 2 (all), reusing file: /global/home/users/sytoanngo/ONEFlux/data/US-ARc_sample_output/99_fluxnet2015/FLX_US-ARc_FLUXNET2015_SUBSET_WW_2005-2006_beta-5.csv [oneflux.pipeline.site_data_product]
2025-06-13 07:11:41.273 [DEBUG   ] Processing 'mm' resolution [oneflux.pipeline.site_data_product]
2025-06-13 07:11:41.274 [DEBUG   ] Loading meteo/mm file: /global/home/users/sytoanngo/ONEFlux/data/US-ARc_sample_output/07_meteo_proc/US-ARc_meteo_mm.csv [oneflux.pipeline.site_data_product]
2025-06-13 07:11:41.301 [INFO    ] Checking range of values for SWC (US-ARc) [oneflux.pipeline.site_data_product]
2025-06-13 07:11:41.301 [DEBUG   ] Found 1 SWC variables (['SWC_1_f']) for US-ARc, checking ranges [oneflux.pipeline.site_data_product]
2025-06-13 07:11:41.303 [DEBUG   ] SWC variable 'SWC_1_f' stats (US-ARc, 2005): negative_count=0  min=14.501  max=28.344 [oneflux.pipeline.site_data_product]
2025-06-13 07:11:41.304 [DEBUG   ] SWC variable 'SWC_1_f' stats (US-ARc, 2006): negative_count=0  min=15.076  max=24.945 [oneflux.pipeline.site_data_product]
2025-06-13 07:11:41.305 [DEBUG   ] Done with checking SWC vars for US-ARc [oneflux.pipeline.site_data_product]
2025-06-13 07:11:41.306 [DEBUG   ] Loading nee/mm file: /global/home/users/sytoanngo/ONEFlux/data/US-ARc_sample_output/08_nee_proc/US-ARc_NEE_mm.csv [oneflux.pipeline.site_data_product]
2025-06-13 07:11:41.315 [DEBUG   ] Loading energy/mm file: /global/home/users/sytoanngo/ONEFlux/data/US-ARc_sample_output/09_energy_proc/US-ARc_energy_mm.csv [oneflux.pipeline.site_data_product]
2025-06-13 07:11:41.320 [INFO    ] Skipping SR_RECO, file not found: /global/home/users/sytoanngo/ONEFlux/data/US-ARc_sample_output/12_ure/US-ARc_SR_RECO_mm.csv [oneflux.pipeline.site_data_product]
2025-06-13 07:11:41.320 [DEBUG   ] Loading partitioning/mm file: /global/home/users/sytoanngo/ONEFlux/data/US-ARc_sample_output/12_ure/US-ARc_DT_RECO_mm.csv [oneflux.pipeline.site_data_product]
2025-06-13 07:11:41.323 [DEBUG   ] Loading partitioning/mm file: /global/home/users/sytoanngo/ONEFlux/data/US-ARc_sample_output/12_ure/US-ARc_DT_GPP_mm.csv [oneflux.pipeline.site_data_product]
2025-06-13 07:11:41.327 [DEBUG   ] Loading partitioning/mm file: /global/home/users/sytoanngo/ONEFlux/data/US-ARc_sample_output/12_ure/US-ARc_NT_RECO_mm.csv [oneflux.pipeline.site_data_product]
2025-06-13 07:11:41.330 [DEBUG   ] Loading partitioning/mm file: /global/home/users/sytoanngo/ONEFlux/data/US-ARc_sample_output/12_ure/US-ARc_NT_GPP_mm.csv [oneflux.pipeline.site_data_product]
2025-06-13 07:11:41.334 [DEBUG   ] US-ARc: SR RECO file headers: ('TIMESTAMP', 'RECO', 'RECO_n') [oneflux.pipeline.site_data_product]
2025-06-13 07:11:41.335 [DEBUG   ] Merged UNC headers: ('TIMESTAMP', 'DT_RECO_ref_y', 'DT_RECO_ust50_y', 'DT_RECO_mean_y', 'DT_RECO_SE_y', 'DT_RECO_05_y', 'DT_RECO_16_y', 'DT_RECO_25_y', 'DT_RECO_50_y', 'DT_RECO_75_y', 'DT_RECO_84_y', 'DT_RECO_95_y', 'DT_GPP_ref_y', 'DT_GPP_ust50_y', 'DT_GPP_mean_y', 'DT_GPP_SE_y', 'DT_GPP_05_y', 'DT_GPP_16_y', 'DT_GPP_25_y', 'DT_GPP_50_y', 'DT_GPP_75_y', 'DT_GPP_84_y', 'DT_GPP_95_y', 'NT_RECO_ref_y', 'NT_RECO_ust50_y', 'NT_RECO_mean_y', 'NT_RECO_SE_y', 'NT_RECO_05_y', 'NT_RECO_16_y', 'NT_RECO_25_y', 'NT_RECO_50_y', 'NT_RECO_75_y', 'NT_RECO_84_y', 'NT_RECO_95_y', 'NT_GPP_ref_y', 'NT_GPP_ust50_y', 'NT_GPP_mean_y', 'NT_GPP_SE_y', 'NT_GPP_05_y', 'NT_GPP_16_y', 'NT_GPP_25_y', 'NT_GPP_50_y', 'NT_GPP_75_y', 'NT_GPP_84_y', 'NT_GPP_95_y', 'SR_RECO', 'SR_RECO_n') [oneflux.pipeline.site_data_product]
2025-06-13 07:11:41.336 [INFO    ] METEO number of records differs from ENERGY, assuming complete meteo and removing extra records [oneflux.pipeline.site_data_product]
2025-06-13 07:11:41.337 [DEBUG   ] Time slice results for 2005-2006: a[192]=200501  a[215]=200612 [oneflux.pipeline.site_data_product]
2025-06-13 07:11:41.337 [DEBUG   ] US-ARc: updating names for meteo data [oneflux.pipeline.site_data_product]
2025-06-13 07:11:41.337 [DEBUG   ] US-ARc: updating names for full meteo data [oneflux.pipeline.site_data_product]
2025-06-13 07:11:41.337 [DEBUG   ] US-ARc: updating names for energy data [oneflux.pipeline.site_data_product]
2025-06-13 07:11:41.337 [DEBUG   ] US-ARc: updating names for nee data [oneflux.pipeline.site_data_product]
2025-06-13 07:11:41.337 [DEBUG   ] US-ARc: updating names for unc data [oneflux.pipeline.site_data_product]
2025-06-13 07:11:41.338 [DEBUG   ] Skip duplicate header: NIGHT_D [oneflux.pipeline.site_data_product]
2025-06-13 07:11:41.338 [DEBUG   ] Skip duplicate header: DAY_D [oneflux.pipeline.site_data_product]
2025-06-13 07:11:41.340 [INFO    ] Saving Tier 2 FULLSET CSV file: /global/home/users/sytoanngo/ONEFlux/data/US-ARc_sample_output/99_fluxnet2015/FLX_US-ARc_FLUXNET2015_FULLSET_MM_2005-2006_beta-5.csv [oneflux.pipeline.site_data_product]
2025-06-13 07:11:41.344 [DEBUG   ] Writing /global/home/users/sytoanngo/ONEFlux/data/US-ARc_sample_output/99_fluxnet2015/FLX_US-ARc_FLUXNET2015_FULLSET_MM_2005-2006_beta-5.csv: line 0 [oneflux.pipeline.site_data_product]
2025-06-13 07:11:41.353 [INFO    ] Tier 1 FULLSET CSV same as Tier 2 (all), reusing file: /global/home/users/sytoanngo/ONEFlux/data/US-ARc_sample_output/99_fluxnet2015/FLX_US-ARc_FLUXNET2015_FULLSET_MM_2005-2006_beta-5.csv [oneflux.pipeline.site_data_product]
2025-06-13 07:11:41.353 [INFO    ] Saving ERA-Interim CSV file: /global/home/users/sytoanngo/ONEFlux/data/US-ARc_sample_output/99_fluxnet2015/FLX_US-ARc_FLUXNET2015_ERAI_MM_1989-2014_beta-5.csv [oneflux.pipeline.site_data_product]
2025-06-13 07:11:41.356 [DEBUG   ] Writing /global/home/users/sytoanngo/ONEFlux/data/US-ARc_sample_output/99_fluxnet2015/FLX_US-ARc_FLUXNET2015_ERAI_MM_1989-2014_beta-5.csv: line 0 [oneflux.pipeline.site_data_product]
2025-06-13 07:11:41.363 [INFO    ] Saving Tier 2 SUBSET CSV file: /global/home/users/sytoanngo/ONEFlux/data/US-ARc_sample_output/99_fluxnet2015/FLX_US-ARc_FLUXNET2015_SUBSET_MM_2005-2006_beta-5.csv [oneflux.pipeline.site_data_product]
2025-06-13 07:11:41.366 [DEBUG   ] Writing /global/home/users/sytoanngo/ONEFlux/data/US-ARc_sample_output/99_fluxnet2015/FLX_US-ARc_FLUXNET2015_SUBSET_MM_2005-2006_beta-5.csv: line 0 [oneflux.pipeline.site_data_product]
2025-06-13 07:11:41.370 [INFO    ] Tier 1 SUBSET CSV same as Tier 2 (all), reusing file: /global/home/users/sytoanngo/ONEFlux/data/US-ARc_sample_output/99_fluxnet2015/FLX_US-ARc_FLUXNET2015_SUBSET_MM_2005-2006_beta-5.csv [oneflux.pipeline.site_data_product]
2025-06-13 07:11:41.370 [DEBUG   ] Processing 'yy' resolution [oneflux.pipeline.site_data_product]
2025-06-13 07:11:41.370 [DEBUG   ] Loading meteo/yy file: /global/home/users/sytoanngo/ONEFlux/data/US-ARc_sample_output/07_meteo_proc/US-ARc_meteo_yy.csv [oneflux.pipeline.site_data_product]
2025-06-13 07:11:41.377 [INFO    ] Checking range of values for SWC (US-ARc) [oneflux.pipeline.site_data_product]
2025-06-13 07:11:41.377 [DEBUG   ] Found 1 SWC variables (['SWC_1_f']) for US-ARc, checking ranges [oneflux.pipeline.site_data_product]
2025-06-13 07:11:41.378 [DEBUG   ] Done with checking SWC vars for US-ARc [oneflux.pipeline.site_data_product]
2025-06-13 07:11:41.378 [DEBUG   ] Loading nee/yy file: /global/home/users/sytoanngo/ONEFlux/data/US-ARc_sample_output/08_nee_proc/US-ARc_NEE_yy.csv [oneflux.pipeline.site_data_product]
2025-06-13 07:11:41.384 [DEBUG   ] Loading energy/yy file: /global/home/users/sytoanngo/ONEFlux/data/US-ARc_sample_output/09_energy_proc/US-ARc_energy_yy.csv [oneflux.pipeline.site_data_product]
2025-06-13 07:11:41.389 [INFO    ] Skipping SR_RECO, file not found: /global/home/users/sytoanngo/ONEFlux/data/US-ARc_sample_output/12_ure/US-ARc_SR_RECO_yy.csv [oneflux.pipeline.site_data_product]
2025-06-13 07:11:41.389 [DEBUG   ] Loading partitioning/yy file: /global/home/users/sytoanngo/ONEFlux/data/US-ARc_sample_output/12_ure/US-ARc_DT_RECO_yy.csv [oneflux.pipeline.site_data_product]
2025-06-13 07:11:41.392 [DEBUG   ] Loading partitioning/yy file: /global/home/users/sytoanngo/ONEFlux/data/US-ARc_sample_output/12_ure/US-ARc_DT_GPP_yy.csv [oneflux.pipeline.site_data_product]
2025-06-13 07:11:41.395 [DEBUG   ] Loading partitioning/yy file: /global/home/users/sytoanngo/ONEFlux/data/US-ARc_sample_output/12_ure/US-ARc_NT_RECO_yy.csv [oneflux.pipeline.site_data_product]
2025-06-13 07:11:41.398 [DEBUG   ] Loading partitioning/yy file: /global/home/users/sytoanngo/ONEFlux/data/US-ARc_sample_output/12_ure/US-ARc_NT_GPP_yy.csv [oneflux.pipeline.site_data_product]
2025-06-13 07:11:41.401 [DEBUG   ] US-ARc: SR RECO file headers: ('TIMESTAMP', 'RECO', 'RECO_n') [oneflux.pipeline.site_data_product]
2025-06-13 07:11:41.401 [DEBUG   ] Merged UNC headers: ('TIMESTAMP', 'DT_RECO_ref_y', 'DT_RECO_ust50_y', 'DT_RECO_mean_y', 'DT_RECO_SE_y', 'DT_RECO_05_y', 'DT_RECO_16_y', 'DT_RECO_25_y', 'DT_RECO_50_y', 'DT_RECO_75_y', 'DT_RECO_84_y', 'DT_RECO_95_y', 'DT_GPP_ref_y', 'DT_GPP_ust50_y', 'DT_GPP_mean_y', 'DT_GPP_SE_y', 'DT_GPP_05_y', 'DT_GPP_16_y', 'DT_GPP_25_y', 'DT_GPP_50_y', 'DT_GPP_75_y', 'DT_GPP_84_y', 'DT_GPP_95_y', 'NT_RECO_ref_y', 'NT_RECO_ust50_y', 'NT_RECO_mean_y', 'NT_RECO_SE_y', 'NT_RECO_05_y', 'NT_RECO_16_y', 'NT_RECO_25_y', 'NT_RECO_50_y', 'NT_RECO_75_y', 'NT_RECO_84_y', 'NT_RECO_95_y', 'NT_GPP_ref_y', 'NT_GPP_ust50_y', 'NT_GPP_mean_y', 'NT_GPP_SE_y', 'NT_GPP_05_y', 'NT_GPP_16_y', 'NT_GPP_25_y', 'NT_GPP_50_y', 'NT_GPP_75_y', 'NT_GPP_84_y', 'NT_GPP_95_y', 'SR_RECO', 'SR_RECO_n') [oneflux.pipeline.site_data_product]
2025-06-13 07:11:41.402 [INFO    ] METEO number of records differs from ENERGY, assuming complete meteo and removing extra records [oneflux.pipeline.site_data_product]
2025-06-13 07:11:41.402 [DEBUG   ] Time slice results for 2005-2006: a[16]=2005  a[17]=2006 [oneflux.pipeline.site_data_product]
2025-06-13 07:11:41.402 [DEBUG   ] US-ARc: updating names for meteo data [oneflux.pipeline.site_data_product]
2025-06-13 07:11:41.403 [DEBUG   ] US-ARc: updating names for full meteo data [oneflux.pipeline.site_data_product]
2025-06-13 07:11:41.403 [DEBUG   ] US-ARc: updating names for energy data [oneflux.pipeline.site_data_product]
2025-06-13 07:11:41.403 [DEBUG   ] US-ARc: updating names for nee data [oneflux.pipeline.site_data_product]
2025-06-13 07:11:41.403 [DEBUG   ] US-ARc: updating names for unc data [oneflux.pipeline.site_data_product]
2025-06-13 07:11:41.406 [INFO    ] Saving Tier 2 FULLSET CSV file: /global/home/users/sytoanngo/ONEFlux/data/US-ARc_sample_output/99_fluxnet2015/FLX_US-ARc_FLUXNET2015_FULLSET_YY_2005-2006_beta-5.csv [oneflux.pipeline.site_data_product]
2025-06-13 07:11:41.409 [DEBUG   ] Writing /global/home/users/sytoanngo/ONEFlux/data/US-ARc_sample_output/99_fluxnet2015/FLX_US-ARc_FLUXNET2015_FULLSET_YY_2005-2006_beta-5.csv: line 0 [oneflux.pipeline.site_data_product]
2025-06-13 07:11:41.411 [INFO    ] Tier 1 FULLSET CSV same as Tier 2 (all), reusing file: /global/home/users/sytoanngo/ONEFlux/data/US-ARc_sample_output/99_fluxnet2015/FLX_US-ARc_FLUXNET2015_FULLSET_YY_2005-2006_beta-5.csv [oneflux.pipeline.site_data_product]
2025-06-13 07:11:41.411 [INFO    ] Saving ERA-Interim CSV file: /global/home/users/sytoanngo/ONEFlux/data/US-ARc_sample_output/99_fluxnet2015/FLX_US-ARc_FLUXNET2015_ERAI_YY_1989-2014_beta-5.csv [oneflux.pipeline.site_data_product]
2025-06-13 07:11:41.413 [DEBUG   ] Writing /global/home/users/sytoanngo/ONEFlux/data/US-ARc_sample_output/99_fluxnet2015/FLX_US-ARc_FLUXNET2015_ERAI_YY_1989-2014_beta-5.csv: line 0 [oneflux.pipeline.site_data_product]
2025-06-13 07:11:41.415 [INFO    ] Saving Tier 2 SUBSET CSV file: /global/home/users/sytoanngo/ONEFlux/data/US-ARc_sample_output/99_fluxnet2015/FLX_US-ARc_FLUXNET2015_SUBSET_YY_2005-2006_beta-5.csv [oneflux.pipeline.site_data_product]
2025-06-13 07:11:41.418 [DEBUG   ] Writing /global/home/users/sytoanngo/ONEFlux/data/US-ARc_sample_output/99_fluxnet2015/FLX_US-ARc_FLUXNET2015_SUBSET_YY_2005-2006_beta-5.csv: line 0 [oneflux.pipeline.site_data_product]
2025-06-13 07:11:41.420 [INFO    ] Tier 1 SUBSET CSV same as Tier 2 (all), reusing file: /global/home/users/sytoanngo/ONEFlux/data/US-ARc_sample_output/99_fluxnet2015/FLX_US-ARc_FLUXNET2015_SUBSET_YY_2005-2006_beta-5.csv [oneflux.pipeline.site_data_product]
2025-06-13 07:11:41.423 [DEBUG   ] US-ARc: wrote years metadata file: /global/home/users/sytoanngo/ONEFlux/data/US-ARc_sample_output/99_fluxnet2015/FLX_US-ARc_FLUXNET2015_YEARS_beta-5.csv [oneflux.pipeline.site_data_product]
2025-06-13 07:11:41.423 [INFO    ] Starting generation of AUX-INFO files for US-ARc [oneflux.pipeline.aux_info_files]
2025-06-13 07:11:41.423 [DEBUG   ] US-ARc: starting generation of AUXMETEO file [oneflux.pipeline.aux_info_files]
2025-06-13 07:11:41.426 [INFO    ] US-ARc: writing auxiliary METEO file: /global/home/users/sytoanngo/ONEFlux/data/US-ARc_sample_output/99_fluxnet2015/FLX_US-ARc_FLUXNET2015_AUXMETEO_2005-2006_beta-5.csv [oneflux.pipeline.aux_info_files]
2025-06-13 07:11:41.429 [DEBUG   ] US-ARc: finished generation of AUXMETEO file: /global/home/users/sytoanngo/ONEFlux/data/US-ARc_sample_output/99_fluxnet2015/FLX_US-ARc_FLUXNET2015_AUXMETEO_2005-2006_beta-5.csv [oneflux.pipeline.aux_info_files]
2025-06-13 07:11:41.429 [DEBUG   ] US-ARc: starting generation of AUXNEE file [oneflux.pipeline.aux_info_files]
2025-06-13 07:11:41.430 [WARNING ] US-ARc: looking for alternate USTAR CUT percentiles file, NOT found: /global/home/users/sytoanngo/ONEFlux/data/US-ARc_sample_output/08_nee_proc/US-ARc_2005_2006_USTAR_percentiles_c.csv [oneflux.pipeline.aux_info_files]
2025-06-13 07:11:41.430 [DEBUG   ] Pipeline aux_info_files directory is '/global/home/users/sytoanngo/ONEFlux/data/US-ARc_sample_output/08_nee_proc' [oneflux.pipeline.common]
2025-06-13 07:11:41.431 [WARNING ] Pipeline aux_info_files file with pattern 'US-ARc_????_????_USTAR_percentiles_c.csv' not found in '/global/home/users/sytoanngo/ONEFlux/data/US-ARc_sample_output/08_nee_proc' [oneflux.pipeline.common]
2025-06-13 07:11:41.431 [WARNING ] US-ARc: incorrect number of alternate NEE_PERC_USTAR_CUT files found (1-2 years record?): [] [oneflux.pipeline.aux_info_files]
2025-06-13 07:11:41.431 [DEBUG   ] US-ARc: processing file: /global/home/users/sytoanngo/ONEFlux/data/US-ARc_sample_output/08_nee_proc/US-ARc_2005_2006_USTAR_percentiles_c.csv [oneflux.pipeline.aux_info_files]
2025-06-13 07:11:41.432 [WARNING ] US-ARc: too few years, NEE CUT USTAR percentiles file not created: /global/home/users/sytoanngo/ONEFlux/data/US-ARc_sample_output/08_nee_proc/US-ARc_2005_2006_USTAR_percentiles_c.csv [oneflux.pipeline.aux_info_files]
2025-06-13 07:11:41.432 [DEBUG   ] US-ARc: processing file: /global/home/users/sytoanngo/ONEFlux/data/US-ARc_sample_output/08_nee_proc/US-ARc_USTAR_percentiles_y.csv [oneflux.pipeline.aux_info_files]
2025-06-13 07:11:41.442 [DEBUG   ] US-ARc: processing file: /global/home/users/sytoanngo/ONEFlux/data/US-ARc_sample_output/12_ure/US-ARc_NT_RECO_hh_info.txt [oneflux.pipeline.aux_info_files]
2025-06-13 07:11:41.445 [DEBUG   ] US-ARc: processing file: /global/home/users/sytoanngo/ONEFlux/data/US-ARc_sample_output/12_ure/US-ARc_NT_GPP_hh_info.txt [oneflux.pipeline.aux_info_files]
2025-06-13 07:11:41.448 [DEBUG   ] US-ARc: processing file: /global/home/users/sytoanngo/ONEFlux/data/US-ARc_sample_output/12_ure/US-ARc_DT_RECO_hh_info.txt [oneflux.pipeline.aux_info_files]
2025-06-13 07:11:41.450 [DEBUG   ] US-ARc: processing file: /global/home/users/sytoanngo/ONEFlux/data/US-ARc_sample_output/12_ure/US-ARc_DT_GPP_hh_info.txt [oneflux.pipeline.aux_info_files]
2025-06-13 07:11:41.457 [DEBUG   ] US-ARc: processing file: /global/home/users/sytoanngo/ONEFlux/data/US-ARc_sample_output/12_ure/US-ARc_NT_RECO_dd_info.txt [oneflux.pipeline.aux_info_files]
2025-06-13 07:11:41.460 [DEBUG   ] US-ARc: processing file: /global/home/users/sytoanngo/ONEFlux/data/US-ARc_sample_output/12_ure/US-ARc_NT_GPP_dd_info.txt [oneflux.pipeline.aux_info_files]
2025-06-13 07:11:41.463 [DEBUG   ] US-ARc: processing file: /global/home/users/sytoanngo/ONEFlux/data/US-ARc_sample_output/12_ure/US-ARc_DT_RECO_dd_info.txt [oneflux.pipeline.aux_info_files]
2025-06-13 07:11:41.465 [DEBUG   ] US-ARc: processing file: /global/home/users/sytoanngo/ONEFlux/data/US-ARc_sample_output/12_ure/US-ARc_DT_GPP_dd_info.txt [oneflux.pipeline.aux_info_files]
2025-06-13 07:11:41.472 [DEBUG   ] US-ARc: processing file: /global/home/users/sytoanngo/ONEFlux/data/US-ARc_sample_output/12_ure/US-ARc_NT_RECO_ww_info.txt [oneflux.pipeline.aux_info_files]
2025-06-13 07:11:41.474 [DEBUG   ] US-ARc: processing file: /global/home/users/sytoanngo/ONEFlux/data/US-ARc_sample_output/12_ure/US-ARc_NT_GPP_ww_info.txt [oneflux.pipeline.aux_info_files]
2025-06-13 07:11:41.477 [DEBUG   ] US-ARc: processing file: /global/home/users/sytoanngo/ONEFlux/data/US-ARc_sample_output/12_ure/US-ARc_DT_RECO_ww_info.txt [oneflux.pipeline.aux_info_files]
2025-06-13 07:11:41.480 [DEBUG   ] US-ARc: processing file: /global/home/users/sytoanngo/ONEFlux/data/US-ARc_sample_output/12_ure/US-ARc_DT_GPP_ww_info.txt [oneflux.pipeline.aux_info_files]
2025-06-13 07:11:41.486 [DEBUG   ] US-ARc: processing file: /global/home/users/sytoanngo/ONEFlux/data/US-ARc_sample_output/12_ure/US-ARc_NT_RECO_mm_info.txt [oneflux.pipeline.aux_info_files]
2025-06-13 07:11:41.489 [DEBUG   ] US-ARc: processing file: /global/home/users/sytoanngo/ONEFlux/data/US-ARc_sample_output/12_ure/US-ARc_NT_GPP_mm_info.txt [oneflux.pipeline.aux_info_files]
2025-06-13 07:11:41.492 [DEBUG   ] US-ARc: processing file: /global/home/users/sytoanngo/ONEFlux/data/US-ARc_sample_output/12_ure/US-ARc_DT_RECO_mm_info.txt [oneflux.pipeline.aux_info_files]
2025-06-13 07:11:41.494 [DEBUG   ] US-ARc: processing file: /global/home/users/sytoanngo/ONEFlux/data/US-ARc_sample_output/12_ure/US-ARc_DT_GPP_mm_info.txt [oneflux.pipeline.aux_info_files]
2025-06-13 07:11:41.502 [DEBUG   ] US-ARc: processing file: /global/home/users/sytoanngo/ONEFlux/data/US-ARc_sample_output/12_ure/US-ARc_NT_RECO_yy_info.txt [oneflux.pipeline.aux_info_files]
2025-06-13 07:11:41.504 [DEBUG   ] US-ARc: processing file: /global/home/users/sytoanngo/ONEFlux/data/US-ARc_sample_output/12_ure/US-ARc_NT_GPP_yy_info.txt [oneflux.pipeline.aux_info_files]
2025-06-13 07:11:41.507 [DEBUG   ] US-ARc: processing file: /global/home/users/sytoanngo/ONEFlux/data/US-ARc_sample_output/12_ure/US-ARc_DT_RECO_yy_info.txt [oneflux.pipeline.aux_info_files]
2025-06-13 07:11:41.510 [DEBUG   ] US-ARc: processing file: /global/home/users/sytoanngo/ONEFlux/data/US-ARc_sample_output/12_ure/US-ARc_DT_GPP_yy_info.txt [oneflux.pipeline.aux_info_files]
2025-06-13 07:11:41.512 [INFO    ] US-ARc: writing auxiliary NEE file: /global/home/users/sytoanngo/ONEFlux/data/US-ARc_sample_output/99_fluxnet2015/FLX_US-ARc_FLUXNET2015_AUXNEE_2005-2006_beta-5.csv [oneflux.pipeline.aux_info_files]
2025-06-13 07:11:41.516 [DEBUG   ] US-ARc: finished generation of AUXNEE file: /global/home/users/sytoanngo/ONEFlux/data/US-ARc_sample_output/99_fluxnet2015/FLX_US-ARc_FLUXNET2015_AUXNEE_2005-2006_beta-5.csv [oneflux.pipeline.aux_info_files]
2025-06-13 07:11:41.516 [INFO    ] Finished generation of AUX-INFO files for US-ARc [oneflux.pipeline.aux_info_files]
2025-06-13 07:11:41.516 [INFO    ] Generating ZIP and stats for: /global/home/users/sytoanngo/ONEFlux/data/US-ARc_sample_output/99_fluxnet2015/FLX_US-ARc_FLUXNET2015_FULLSET_2005-2006_beta-5.zip [oneflux.pipeline.site_data_product]
2025-06-13 07:11:41.518 [DEBUG   ] Compressing files into '/global/home/users/sytoanngo/ONEFlux/data/US-ARc_sample_output/99_fluxnet2015/FLX_US-ARc_FLUXNET2015_FULLSET_2005-2006_beta-5.zip' using zip option w [oneflux.utils.files]
2025-06-13 07:11:41.518 [DEBUG   ] Adding '/global/home/users/sytoanngo/ONEFlux/data/US-ARc_sample_output/99_fluxnet2015/FLX_US-ARc_FLUXNET2015_FULLSET_HH_2005-2006_beta-5.csv' [oneflux.utils.files]
2025-06-13 07:11:43.830 [DEBUG   ] Adding '/global/home/users/sytoanngo/ONEFlux/data/US-ARc_sample_output/99_fluxnet2015/FLX_US-ARc_FLUXNET2015_FULLSET_DD_2005-2006_beta-5.csv' [oneflux.utils.files]
2025-06-13 07:11:43.897 [DEBUG   ] Adding '/global/home/users/sytoanngo/ONEFlux/data/US-ARc_sample_output/99_fluxnet2015/FLX_US-ARc_FLUXNET2015_FULLSET_WW_2005-2006_beta-5.csv' [oneflux.utils.files]
2025-06-13 07:11:43.907 [DEBUG   ] Adding '/global/home/users/sytoanngo/ONEFlux/data/US-ARc_sample_output/99_fluxnet2015/FLX_US-ARc_FLUXNET2015_FULLSET_MM_2005-2006_beta-5.csv' [oneflux.utils.files]
2025-06-13 07:11:43.911 [DEBUG   ] Adding '/global/home/users/sytoanngo/ONEFlux/data/US-ARc_sample_output/99_fluxnet2015/FLX_US-ARc_FLUXNET2015_FULLSET_YY_2005-2006_beta-5.csv' [oneflux.utils.files]
2025-06-13 07:11:43.912 [DEBUG   ] Adding '/global/home/users/sytoanngo/ONEFlux/data/US-ARc_sample_output/99_fluxnet2015/FLX_US-ARc_FLUXNET2015_AUXMETEO_2005-2006_beta-5.csv' [oneflux.utils.files]
2025-06-13 07:11:43.913 [DEBUG   ] Adding '/global/home/users/sytoanngo/ONEFlux/data/US-ARc_sample_output/99_fluxnet2015/FLX_US-ARc_FLUXNET2015_AUXNEE_2005-2006_beta-5.csv' [oneflux.utils.files]
2025-06-13 07:11:43.914 [DEBUG   ] Adding '/global/home/users/sytoanngo/ONEFlux/data/US-ARc_sample_output/99_fluxnet2015/FLX_US-ARc_FLUXNET2015_ERAI_HH_1989-2014_beta-5.csv' [oneflux.utils.files]
2025-06-13 07:11:45.758 [DEBUG   ] Adding '/global/home/users/sytoanngo/ONEFlux/data/US-ARc_sample_output/99_fluxnet2015/FLX_US-ARc_FLUXNET2015_ERAI_DD_1989-2014_beta-5.csv' [oneflux.utils.files]
2025-06-13 07:11:45.832 [DEBUG   ] Adding '/global/home/users/sytoanngo/ONEFlux/data/US-ARc_sample_output/99_fluxnet2015/FLX_US-ARc_FLUXNET2015_ERAI_WW_1989-2014_beta-5.csv' [oneflux.utils.files]
2025-06-13 07:11:45.844 [DEBUG   ] Adding '/global/home/users/sytoanngo/ONEFlux/data/US-ARc_sample_output/99_fluxnet2015/FLX_US-ARc_FLUXNET2015_ERAI_MM_1989-2014_beta-5.csv' [oneflux.utils.files]
2025-06-13 07:11:45.846 [DEBUG   ] Adding '/global/home/users/sytoanngo/ONEFlux/data/US-ARc_sample_output/99_fluxnet2015/FLX_US-ARc_FLUXNET2015_ERAI_YY_1989-2014_beta-5.csv' [oneflux.utils.files]
2025-06-13 07:11:46.223 [INFO    ] Generating ZIP and stats for: /global/home/users/sytoanngo/ONEFlux/data/US-ARc_sample_output/99_fluxnet2015/FLX_US-ARc_FLUXNET2015_SUBSET_2005-2006_beta-5.zip [oneflux.pipeline.site_data_product]
2025-06-13 07:11:46.226 [DEBUG   ] Compressing files into '/global/home/users/sytoanngo/ONEFlux/data/US-ARc_sample_output/99_fluxnet2015/FLX_US-ARc_FLUXNET2015_SUBSET_2005-2006_beta-5.zip' using zip option w [oneflux.utils.files]
2025-06-13 07:11:46.226 [DEBUG   ] Adding '/global/home/users/sytoanngo/ONEFlux/data/US-ARc_sample_output/99_fluxnet2015/FLX_US-ARc_FLUXNET2015_SUBSET_HH_2005-2006_beta-5.csv' [oneflux.utils.files]
2025-06-13 07:11:47.531 [DEBUG   ] Adding '/global/home/users/sytoanngo/ONEFlux/data/US-ARc_sample_output/99_fluxnet2015/FLX_US-ARc_FLUXNET2015_SUBSET_DD_2005-2006_beta-5.csv' [oneflux.utils.files]
2025-06-13 07:11:47.562 [DEBUG   ] Adding '/global/home/users/sytoanngo/ONEFlux/data/US-ARc_sample_output/99_fluxnet2015/FLX_US-ARc_FLUXNET2015_SUBSET_WW_2005-2006_beta-5.csv' [oneflux.utils.files]
2025-06-13 07:11:47.567 [DEBUG   ] Adding '/global/home/users/sytoanngo/ONEFlux/data/US-ARc_sample_output/99_fluxnet2015/FLX_US-ARc_FLUXNET2015_SUBSET_MM_2005-2006_beta-5.csv' [oneflux.utils.files]
2025-06-13 07:11:47.569 [DEBUG   ] Adding '/global/home/users/sytoanngo/ONEFlux/data/US-ARc_sample_output/99_fluxnet2015/FLX_US-ARc_FLUXNET2015_SUBSET_YY_2005-2006_beta-5.csv' [oneflux.utils.files]
2025-06-13 07:11:47.570 [DEBUG   ] Adding '/global/home/users/sytoanngo/ONEFlux/data/US-ARc_sample_output/99_fluxnet2015/FLX_US-ARc_FLUXNET2015_AUXMETEO_2005-2006_beta-5.csv' [oneflux.utils.files]
2025-06-13 07:11:47.571 [DEBUG   ] Adding '/global/home/users/sytoanngo/ONEFlux/data/US-ARc_sample_output/99_fluxnet2015/FLX_US-ARc_FLUXNET2015_AUXNEE_2005-2006_beta-5.csv' [oneflux.utils.files]
2025-06-13 07:11:47.721 [INFO    ] Generation of plots for site US-ARc started [oneflux.pipeline.site_plots]
2025-06-13 07:11:47.722 [DEBUG   ] Loading: /global/home/users/sytoanngo/ONEFlux/data/US-ARc_sample_output/99_fluxnet2015/FLX_US-ARc_FLUXNET2015_FULLSET_HH_2005-2006_beta-5.csv [oneflux.pipeline.site_plots]
2025-06-13 07:11:56.703 [DEBUG   ] Loading: /global/home/users/sytoanngo/ONEFlux/data/US-ARc_sample_output/99_fluxnet2015/FLX_US-ARc_FLUXNET2015_FULLSET_DD_2005-2006_beta-5.csv [oneflux.pipeline.site_plots]
2025-06-13 07:11:56.921 [DEBUG   ] Loading: /global/home/users/sytoanngo/ONEFlux/data/US-ARc_sample_output/99_fluxnet2015/FLX_US-ARc_FLUXNET2015_FULLSET_WW_2005-2006_beta-5.csv [oneflux.pipeline.site_plots]
2025-06-13 07:11:56.958 [DEBUG   ] Loading: /global/home/users/sytoanngo/ONEFlux/data/US-ARc_sample_output/99_fluxnet2015/FLX_US-ARc_FLUXNET2015_FULLSET_MM_2005-2006_beta-5.csv [oneflux.pipeline.site_plots]
2025-06-13 07:11:56.976 [DEBUG   ] Loading: /global/home/users/sytoanngo/ONEFlux/data/US-ARc_sample_output/99_fluxnet2015/FLX_US-ARc_FLUXNET2015_FULLSET_YY_2005-2006_beta-5.csv [oneflux.pipeline.site_plots]
2025-06-13 07:11:57.002 [DEBUG   ] Plotting HH for '/global/home/users/sytoanngo/ONEFlux/data/US-ARc_sample_output/99_fluxnet2015/FLX_US-ARc_FLUXNET2015_FIG-NEE_2005-2006_beta-5.png' [oneflux.pipeline.site_plots]
2025-06-13 07:11:57.018 [WARNING ] /global/home/users/sytoanngo/.conda/envs/fluxcode/lib/python2.7/site-packages/pandas/plotting/_converter.py:129: FutureWarning: Using an implicitly registered datetime converter for a matplotlib plotting method. The converter was registered by pandas on import. Future versions of pandas will require you to explicitly register matplotlib converters.  To register the converters: 	>>> from pandas.plotting import register_matplotlib_converters 	>>> register_matplotlib_converters()   warnings.warn(msg, FutureWarning)  [py.warnings]
2025-06-13 07:11:57.240 [DEBUG   ] Plotting DD for '/global/home/users/sytoanngo/ONEFlux/data/US-ARc_sample_output/99_fluxnet2015/FLX_US-ARc_FLUXNET2015_FIG-NEE_2005-2006_beta-5.png' [oneflux.pipeline.site_plots]
2025-06-13 07:11:57.284 [DEBUG   ] Plotting WW for '/global/home/users/sytoanngo/ONEFlux/data/US-ARc_sample_output/99_fluxnet2015/FLX_US-ARc_FLUXNET2015_FIG-NEE_2005-2006_beta-5.png' [oneflux.pipeline.site_plots]
2025-06-13 07:11:57.325 [DEBUG   ] Plotting MM for '/global/home/users/sytoanngo/ONEFlux/data/US-ARc_sample_output/99_fluxnet2015/FLX_US-ARc_FLUXNET2015_FIG-NEE_2005-2006_beta-5.png' [oneflux.pipeline.site_plots]
2025-06-13 07:11:57.369 [DEBUG   ] Plotting YY for '/global/home/users/sytoanngo/ONEFlux/data/US-ARc_sample_output/99_fluxnet2015/FLX_US-ARc_FLUXNET2015_FIG-NEE_2005-2006_beta-5.png' [oneflux.pipeline.site_plots]
2025-06-13 07:11:58.060 [DEBUG   ] findfont: Matching :family=sans-serif:style=normal:variant=normal:weight=normal:stretch=normal:size=10.0 to DejaVu Sans (u'/global/home/users/sytoanngo/.conda/envs/fluxcode/lib/python2.7/site-packages/matplotlib/mpl-data/fonts/ttf/DejaVuSans.ttf') with score of 0.050000 [matplotlib.font_manager]
2025-06-13 07:11:58.160 [DEBUG   ] findfont: Matching :family=sans-serif:style=normal:variant=normal:weight=normal:stretch=normal:size=8.0 to DejaVu Sans (u'/global/home/users/sytoanngo/.conda/envs/fluxcode/lib/python2.7/site-packages/matplotlib/mpl-data/fonts/ttf/DejaVuSans.ttf') with score of 0.050000 [matplotlib.font_manager]
2025-06-13 07:11:58.412 [DEBUG   ] findfont: Matching :family=sans-serif:style=normal:variant=normal:weight=normal:stretch=normal:size=14.4 to DejaVu Sans (u'/global/home/users/sytoanngo/.conda/envs/fluxcode/lib/python2.7/site-packages/matplotlib/mpl-data/fonts/ttf/DejaVuSans.ttf') with score of 0.050000 [matplotlib.font_manager]
2025-06-13 07:11:58.583 [DEBUG   ] Saved '/global/home/users/sytoanngo/ONEFlux/data/US-ARc_sample_output/99_fluxnet2015/FLX_US-ARc_FLUXNET2015_FIG-NEE_2005-2006_beta-5.png' [oneflux.pipeline.site_plots]
2025-06-13 07:11:58.584 [DEBUG   ] Plotting HH for '/global/home/users/sytoanngo/ONEFlux/data/US-ARc_sample_output/99_fluxnet2015/FLX_US-ARc_FLUXNET2015_FIG-RECO_2005-2006_beta-5.png' [oneflux.pipeline.site_plots]
2025-06-13 07:11:58.969 [DEBUG   ] Plotting DD for '/global/home/users/sytoanngo/ONEFlux/data/US-ARc_sample_output/99_fluxnet2015/FLX_US-ARc_FLUXNET2015_FIG-RECO_2005-2006_beta-5.png' [oneflux.pipeline.site_plots]
2025-06-13 07:11:59.026 [DEBUG   ] Plotting WW for '/global/home/users/sytoanngo/ONEFlux/data/US-ARc_sample_output/99_fluxnet2015/FLX_US-ARc_FLUXNET2015_FIG-RECO_2005-2006_beta-5.png' [oneflux.pipeline.site_plots]
2025-06-13 07:11:59.076 [DEBUG   ] Plotting MM for '/global/home/users/sytoanngo/ONEFlux/data/US-ARc_sample_output/99_fluxnet2015/FLX_US-ARc_FLUXNET2015_FIG-RECO_2005-2006_beta-5.png' [oneflux.pipeline.site_plots]
2025-06-13 07:11:59.126 [DEBUG   ] Plotting YY for '/global/home/users/sytoanngo/ONEFlux/data/US-ARc_sample_output/99_fluxnet2015/FLX_US-ARc_FLUXNET2015_FIG-RECO_2005-2006_beta-5.png' [oneflux.pipeline.site_plots]
2025-06-13 07:11:59.984 [DEBUG   ] Saved '/global/home/users/sytoanngo/ONEFlux/data/US-ARc_sample_output/99_fluxnet2015/FLX_US-ARc_FLUXNET2015_FIG-RECO_2005-2006_beta-5.png' [oneflux.pipeline.site_plots]
2025-06-13 07:11:59.987 [DEBUG   ] Plotting HH for '/global/home/users/sytoanngo/ONEFlux/data/US-ARc_sample_output/99_fluxnet2015/FLX_US-ARc_FLUXNET2015_FIG-GPP_2005-2006_beta-5.png' [oneflux.pipeline.site_plots]
2025-06-13 07:12:00.376 [DEBUG   ] Plotting DD for '/global/home/users/sytoanngo/ONEFlux/data/US-ARc_sample_output/99_fluxnet2015/FLX_US-ARc_FLUXNET2015_FIG-GPP_2005-2006_beta-5.png' [oneflux.pipeline.site_plots]
2025-06-13 07:12:00.435 [DEBUG   ] Plotting WW for '/global/home/users/sytoanngo/ONEFlux/data/US-ARc_sample_output/99_fluxnet2015/FLX_US-ARc_FLUXNET2015_FIG-GPP_2005-2006_beta-5.png' [oneflux.pipeline.site_plots]
2025-06-13 07:12:00.485 [DEBUG   ] Plotting MM for '/global/home/users/sytoanngo/ONEFlux/data/US-ARc_sample_output/99_fluxnet2015/FLX_US-ARc_FLUXNET2015_FIG-GPP_2005-2006_beta-5.png' [oneflux.pipeline.site_plots]
2025-06-13 07:12:00.535 [DEBUG   ] Plotting YY for '/global/home/users/sytoanngo/ONEFlux/data/US-ARc_sample_output/99_fluxnet2015/FLX_US-ARc_FLUXNET2015_FIG-GPP_2005-2006_beta-5.png' [oneflux.pipeline.site_plots]
2025-06-13 07:12:01.545 [DEBUG   ] Saved '/global/home/users/sytoanngo/ONEFlux/data/US-ARc_sample_output/99_fluxnet2015/FLX_US-ARc_FLUXNET2015_FIG-GPP_2005-2006_beta-5.png' [oneflux.pipeline.site_plots]
2025-06-13 07:12:01.548 [DEBUG   ] Plotting HH for '/global/home/users/sytoanngo/ONEFlux/data/US-ARc_sample_output/99_fluxnet2015/FLX_US-ARc_FLUXNET2015_FIG-LE_2005-2006_beta-5.png' [oneflux.pipeline.site_plots]
2025-06-13 07:12:01.698 [DEBUG   ] Plotting DD for '/global/home/users/sytoanngo/ONEFlux/data/US-ARc_sample_output/99_fluxnet2015/FLX_US-ARc_FLUXNET2015_FIG-LE_2005-2006_beta-5.png' [oneflux.pipeline.site_plots]
2025-06-13 07:12:01.741 [DEBUG   ] Plotting WW for '/global/home/users/sytoanngo/ONEFlux/data/US-ARc_sample_output/99_fluxnet2015/FLX_US-ARc_FLUXNET2015_FIG-LE_2005-2006_beta-5.png' [oneflux.pipeline.site_plots]
2025-06-13 07:12:01.870 [DEBUG   ] Plotting MM for '/global/home/users/sytoanngo/ONEFlux/data/US-ARc_sample_output/99_fluxnet2015/FLX_US-ARc_FLUXNET2015_FIG-LE_2005-2006_beta-5.png' [oneflux.pipeline.site_plots]
2025-06-13 07:12:01.904 [DEBUG   ] Plotting YY for '/global/home/users/sytoanngo/ONEFlux/data/US-ARc_sample_output/99_fluxnet2015/FLX_US-ARc_FLUXNET2015_FIG-LE_2005-2006_beta-5.png' [oneflux.pipeline.site_plots]
2025-06-13 07:12:02.491 [DEBUG   ] Saved '/global/home/users/sytoanngo/ONEFlux/data/US-ARc_sample_output/99_fluxnet2015/FLX_US-ARc_FLUXNET2015_FIG-LE_2005-2006_beta-5.png' [oneflux.pipeline.site_plots]
2025-06-13 07:12:02.493 [DEBUG   ] Plotting HH for '/global/home/users/sytoanngo/ONEFlux/data/US-ARc_sample_output/99_fluxnet2015/FLX_US-ARc_FLUXNET2015_FIG-H_2005-2006_beta-5.png' [oneflux.pipeline.site_plots]
2025-06-13 07:12:02.642 [DEBUG   ] Plotting DD for '/global/home/users/sytoanngo/ONEFlux/data/US-ARc_sample_output/99_fluxnet2015/FLX_US-ARc_FLUXNET2015_FIG-H_2005-2006_beta-5.png' [oneflux.pipeline.site_plots]
2025-06-13 07:12:02.682 [DEBUG   ] Plotting WW for '/global/home/users/sytoanngo/ONEFlux/data/US-ARc_sample_output/99_fluxnet2015/FLX_US-ARc_FLUXNET2015_FIG-H_2005-2006_beta-5.png' [oneflux.pipeline.site_plots]
2025-06-13 07:12:02.717 [DEBUG   ] Plotting MM for '/global/home/users/sytoanngo/ONEFlux/data/US-ARc_sample_output/99_fluxnet2015/FLX_US-ARc_FLUXNET2015_FIG-H_2005-2006_beta-5.png' [oneflux.pipeline.site_plots]
2025-06-13 07:12:02.753 [DEBUG   ] Plotting YY for '/global/home/users/sytoanngo/ONEFlux/data/US-ARc_sample_output/99_fluxnet2015/FLX_US-ARc_FLUXNET2015_FIG-H_2005-2006_beta-5.png' [oneflux.pipeline.site_plots]
2025-06-13 07:12:03.435 [DEBUG   ] Saved '/global/home/users/sytoanngo/ONEFlux/data/US-ARc_sample_output/99_fluxnet2015/FLX_US-ARc_FLUXNET2015_FIG-H_2005-2006_beta-5.png' [oneflux.pipeline.site_plots]
2025-06-13 07:12:03.436 [INFO    ] Generation of plots for site US-ARc finished [oneflux.pipeline.site_plots]
2025-06-13 07:12:03.437 [DEBUG   ] Pipeline fluxnet2015 writing site CSV manifest file: /global/home/users/sytoanngo/ONEFlux/data/US-ARc_sample_output/99_fluxnet2015/report_CSV_n0004.dirac1_run20250613T071032.csv [oneflux.pipeline.wrappers]
2025-06-13 07:12:03.440 [DEBUG   ] Pipeline fluxnet2015 writing site ZIP manifest file: /global/home/users/sytoanngo/ONEFlux/data/US-ARc_sample_output/99_fluxnet2015/report_ZIP_n0004.dirac1_run20250613T071032.csv [oneflux.pipeline.wrappers]
2025-06-13 07:12:03.443 [DEBUG   ] Pipeline fluxnet2015.post_validate directory is '/global/home/users/sytoanngo/ONEFlux/data/US-ARc_sample_output/99_fluxnet2015' [oneflux.pipeline.common]
2025-06-13 07:12:03.444 [DEBUG   ] Pipeline fluxnet2015.post_validate directory is '/global/home/users/sytoanngo/ONEFlux/data/US-ARc_sample_output/99_fluxnet2015' [oneflux.pipeline.common]
2025-06-13 07:12:03.447 [DEBUG   ] Pipeline fluxnet2015.post_validate in '/global/home/users/sytoanngo/ONEFlux/data/US-ARc_sample_output/99_fluxnet2015' found file pattern 'FLX_US-ARc_FLUXNET2015_AUXMETEO_????-????_*-*.csv' (1 occurrences): ['FLX_US-ARc_FLUXNET2015_AUXMETEO_2005-2006_beta-5.csv'] [oneflux.pipeline.common]
2025-06-13 07:12:03.447 [DEBUG   ] Pipeline fluxnet2015.post_validate directory is '/global/home/users/sytoanngo/ONEFlux/data/US-ARc_sample_output/99_fluxnet2015' [oneflux.pipeline.common]
2025-06-13 07:12:03.448 [DEBUG   ] Pipeline fluxnet2015.post_validate in '/global/home/users/sytoanngo/ONEFlux/data/US-ARc_sample_output/99_fluxnet2015' found file pattern 'FLX_US-ARc_FLUXNET2015_AUXNEE_????-????_*-*.csv' (1 occurrences): ['FLX_US-ARc_FLUXNET2015_AUXNEE_2005-2006_beta-5.csv'] [oneflux.pipeline.common]
2025-06-13 07:12:03.448 [DEBUG   ] Pipeline fluxnet2015.post_validate directory is '/global/home/users/sytoanngo/ONEFlux/data/US-ARc_sample_output/99_fluxnet2015' [oneflux.pipeline.common]
2025-06-13 07:12:03.449 [DEBUG   ] Pipeline fluxnet2015.post_validate in '/global/home/users/sytoanngo/ONEFlux/data/US-ARc_sample_output/99_fluxnet2015' found file pattern 'FLX_US-ARc_FLUXNET2015_FULLSET_DD_????-????_*-*.csv' (1 occurrences): ['FLX_US-ARc_FLUXNET2015_FULLSET_DD_2005-2006_beta-5.csv'] [oneflux.pipeline.common]
2025-06-13 07:12:03.449 [DEBUG   ] Pipeline fluxnet2015.post_validate directory is '/global/home/users/sytoanngo/ONEFlux/data/US-ARc_sample_output/99_fluxnet2015' [oneflux.pipeline.common]
2025-06-13 07:12:03.451 [DEBUG   ] Pipeline fluxnet2015.post_validate in '/global/home/users/sytoanngo/ONEFlux/data/US-ARc_sample_output/99_fluxnet2015' found file pattern 'FLX_US-ARc_FLUXNET2015_FULLSET_HH_????-????_*-*.csv' (1 occurrences): ['FLX_US-ARc_FLUXNET2015_FULLSET_HH_2005-2006_beta-5.csv'] [oneflux.pipeline.common]
2025-06-13 07:12:03.451 [DEBUG   ] Pipeline fluxnet2015.post_validate directory is '/global/home/users/sytoanngo/ONEFlux/data/US-ARc_sample_output/99_fluxnet2015' [oneflux.pipeline.common]
2025-06-13 07:12:03.452 [DEBUG   ] Pipeline fluxnet2015.post_validate in '/global/home/users/sytoanngo/ONEFlux/data/US-ARc_sample_output/99_fluxnet2015' found file pattern 'FLX_US-ARc_FLUXNET2015_FULLSET_MM_????-????_*-*.csv' (1 occurrences): ['FLX_US-ARc_FLUXNET2015_FULLSET_MM_2005-2006_beta-5.csv'] [oneflux.pipeline.common]
2025-06-13 07:12:03.452 [DEBUG   ] Pipeline fluxnet2015.post_validate directory is '/global/home/users/sytoanngo/ONEFlux/data/US-ARc_sample_output/99_fluxnet2015' [oneflux.pipeline.common]
2025-06-13 07:12:03.453 [DEBUG   ] Pipeline fluxnet2015.post_validate in '/global/home/users/sytoanngo/ONEFlux/data/US-ARc_sample_output/99_fluxnet2015' found file pattern 'FLX_US-ARc_FLUXNET2015_FULLSET_WW_????-????_*-*.csv' (1 occurrences): ['FLX_US-ARc_FLUXNET2015_FULLSET_WW_2005-2006_beta-5.csv'] [oneflux.pipeline.common]
2025-06-13 07:12:03.453 [DEBUG   ] Pipeline fluxnet2015.post_validate directory is '/global/home/users/sytoanngo/ONEFlux/data/US-ARc_sample_output/99_fluxnet2015' [oneflux.pipeline.common]
2025-06-13 07:12:03.454 [DEBUG   ] Pipeline fluxnet2015.post_validate in '/global/home/users/sytoanngo/ONEFlux/data/US-ARc_sample_output/99_fluxnet2015' found file pattern 'FLX_US-ARc_FLUXNET2015_FULLSET_YY_????-????_*-*.csv' (1 occurrences): ['FLX_US-ARc_FLUXNET2015_FULLSET_YY_2005-2006_beta-5.csv'] [oneflux.pipeline.common]
2025-06-13 07:12:03.455 [DEBUG   ] Pipeline fluxnet2015.post_validate directory is '/global/home/users/sytoanngo/ONEFlux/data/US-ARc_sample_output/99_fluxnet2015' [oneflux.pipeline.common]
2025-06-13 07:12:03.456 [DEBUG   ] Pipeline fluxnet2015.post_validate in '/global/home/users/sytoanngo/ONEFlux/data/US-ARc_sample_output/99_fluxnet2015' found file pattern 'FLX_US-ARc_FLUXNET2015_SUBSET_DD_????-????_*-*.csv' (1 occurrences): ['FLX_US-ARc_FLUXNET2015_SUBSET_DD_2005-2006_beta-5.csv'] [oneflux.pipeline.common]
2025-06-13 07:12:03.456 [DEBUG   ] Pipeline fluxnet2015.post_validate directory is '/global/home/users/sytoanngo/ONEFlux/data/US-ARc_sample_output/99_fluxnet2015' [oneflux.pipeline.common]
2025-06-13 07:12:03.457 [DEBUG   ] Pipeline fluxnet2015.post_validate in '/global/home/users/sytoanngo/ONEFlux/data/US-ARc_sample_output/99_fluxnet2015' found file pattern 'FLX_US-ARc_FLUXNET2015_SUBSET_HH_????-????_*-*.csv' (1 occurrences): ['FLX_US-ARc_FLUXNET2015_SUBSET_HH_2005-2006_beta-5.csv'] [oneflux.pipeline.common]
2025-06-13 07:12:03.457 [DEBUG   ] Pipeline fluxnet2015.post_validate directory is '/global/home/users/sytoanngo/ONEFlux/data/US-ARc_sample_output/99_fluxnet2015' [oneflux.pipeline.common]
2025-06-13 07:12:03.458 [DEBUG   ] Pipeline fluxnet2015.post_validate in '/global/home/users/sytoanngo/ONEFlux/data/US-ARc_sample_output/99_fluxnet2015' found file pattern 'FLX_US-ARc_FLUXNET2015_SUBSET_MM_????-????_*-*.csv' (1 occurrences): ['FLX_US-ARc_FLUXNET2015_SUBSET_MM_2005-2006_beta-5.csv'] [oneflux.pipeline.common]
2025-06-13 07:12:03.458 [DEBUG   ] Pipeline fluxnet2015.post_validate directory is '/global/home/users/sytoanngo/ONEFlux/data/US-ARc_sample_output/99_fluxnet2015' [oneflux.pipeline.common]
2025-06-13 07:12:03.459 [DEBUG   ] Pipeline fluxnet2015.post_validate in '/global/home/users/sytoanngo/ONEFlux/data/US-ARc_sample_output/99_fluxnet2015' found file pattern 'FLX_US-ARc_FLUXNET2015_SUBSET_WW_????-????_*-*.csv' (1 occurrences): ['FLX_US-ARc_FLUXNET2015_SUBSET_WW_2005-2006_beta-5.csv'] [oneflux.pipeline.common]
2025-06-13 07:12:03.459 [DEBUG   ] Pipeline fluxnet2015.post_validate directory is '/global/home/users/sytoanngo/ONEFlux/data/US-ARc_sample_output/99_fluxnet2015' [oneflux.pipeline.common]
2025-06-13 07:12:03.460 [DEBUG   ] Pipeline fluxnet2015.post_validate in '/global/home/users/sytoanngo/ONEFlux/data/US-ARc_sample_output/99_fluxnet2015' found file pattern 'FLX_US-ARc_FLUXNET2015_SUBSET_YY_????-????_*-*.csv' (1 occurrences): ['FLX_US-ARc_FLUXNET2015_SUBSET_YY_2005-2006_beta-5.csv'] [oneflux.pipeline.common]
2025-06-13 07:12:03.460 [DEBUG   ] Pipeline fluxnet2015.post_validate directory is '/global/home/users/sytoanngo/ONEFlux/data/US-ARc_sample_output/99_fluxnet2015' [oneflux.pipeline.common]
2025-06-13 07:12:03.461 [DEBUG   ] Pipeline fluxnet2015.post_validate in '/global/home/users/sytoanngo/ONEFlux/data/US-ARc_sample_output/99_fluxnet2015' found file pattern 'FLX_US-ARc_FLUXNET2015_FULLSET_????-????_*-*.zip' (1 occurrences): ['FLX_US-ARc_FLUXNET2015_FULLSET_2005-2006_beta-5.zip'] [oneflux.pipeline.common]
2025-06-13 07:12:03.461 [DEBUG   ] Pipeline fluxnet2015.post_validate directory is '/global/home/users/sytoanngo/ONEFlux/data/US-ARc_sample_output/99_fluxnet2015' [oneflux.pipeline.common]
2025-06-13 07:12:03.462 [DEBUG   ] Pipeline fluxnet2015.post_validate in '/global/home/users/sytoanngo/ONEFlux/data/US-ARc_sample_output/99_fluxnet2015' found file pattern 'FLX_US-ARc_FLUXNET2015_SUBSET_????-????_*-*.zip' (1 occurrences): ['FLX_US-ARc_FLUXNET2015_SUBSET_2005-2006_beta-5.zip'] [oneflux.pipeline.common]
2025-06-13 07:12:03.462 [INFO    ] Checking FLUXNET2015 FULLSET data product files for variables (US-ARc) [oneflux.pipeline.wrappers]
2025-06-13 07:12:03.464 [INFO    ] Variable 'PPFD_DIF' might be missing from headers of file: /global/home/users/sytoanngo/ONEFlux/data/US-ARc_sample_output/99_fluxnet2015/FLX_US-ARc_FLUXNET2015_FULLSET_DD_2005-2006_beta-5.csv [oneflux.pipeline.common]
2025-06-13 07:12:03.464 [INFO    ] Variable 'PPFD_DIF_QC' might be missing from headers of file: /global/home/users/sytoanngo/ONEFlux/data/US-ARc_sample_output/99_fluxnet2015/FLX_US-ARc_FLUXNET2015_FULLSET_DD_2005-2006_beta-5.csv [oneflux.pipeline.common]
2025-06-13 07:12:03.464 [INFO    ] Variable 'PPFD_OUT' might be missing from headers of file: /global/home/users/sytoanngo/ONEFlux/data/US-ARc_sample_output/99_fluxnet2015/FLX_US-ARc_FLUXNET2015_FULLSET_DD_2005-2006_beta-5.csv [oneflux.pipeline.common]
2025-06-13 07:12:03.464 [INFO    ] Variable 'PPFD_OUT_QC' might be missing from headers of file: /global/home/users/sytoanngo/ONEFlux/data/US-ARc_sample_output/99_fluxnet2015/FLX_US-ARc_FLUXNET2015_FULLSET_DD_2005-2006_beta-5.csv [oneflux.pipeline.common]
2025-06-13 07:12:03.464 [INFO    ] Variable 'SW_DIF' might be missing from headers of file: /global/home/users/sytoanngo/ONEFlux/data/US-ARc_sample_output/99_fluxnet2015/FLX_US-ARc_FLUXNET2015_FULLSET_DD_2005-2006_beta-5.csv [oneflux.pipeline.common]
2025-06-13 07:12:03.464 [INFO    ] Variable 'SW_DIF_QC' might be missing from headers of file: /global/home/users/sytoanngo/ONEFlux/data/US-ARc_sample_output/99_fluxnet2015/FLX_US-ARc_FLUXNET2015_FULLSET_DD_2005-2006_beta-5.csv [oneflux.pipeline.common]
2025-06-13 07:12:03.464 [INFO    ] Variable 'SW_OUT' might be missing from headers of file: /global/home/users/sytoanngo/ONEFlux/data/US-ARc_sample_output/99_fluxnet2015/FLX_US-ARc_FLUXNET2015_FULLSET_DD_2005-2006_beta-5.csv [oneflux.pipeline.common]
2025-06-13 07:12:03.464 [INFO    ] Variable 'SW_OUT_QC' might be missing from headers of file: /global/home/users/sytoanngo/ONEFlux/data/US-ARc_sample_output/99_fluxnet2015/FLX_US-ARc_FLUXNET2015_FULLSET_DD_2005-2006_beta-5.csv [oneflux.pipeline.common]
2025-06-13 07:12:03.464 [INFO    ] Variable 'LW_OUT' might be missing from headers of file: /global/home/users/sytoanngo/ONEFlux/data/US-ARc_sample_output/99_fluxnet2015/FLX_US-ARc_FLUXNET2015_FULLSET_DD_2005-2006_beta-5.csv [oneflux.pipeline.common]
2025-06-13 07:12:03.464 [INFO    ] Variable 'LW_OUT_QC' might be missing from headers of file: /global/home/users/sytoanngo/ONEFlux/data/US-ARc_sample_output/99_fluxnet2015/FLX_US-ARc_FLUXNET2015_FULLSET_DD_2005-2006_beta-5.csv [oneflux.pipeline.common]
2025-06-13 07:12:03.464 [INFO    ] Variable 'PA' might be missing from headers of file: /global/home/users/sytoanngo/ONEFlux/data/US-ARc_sample_output/99_fluxnet2015/FLX_US-ARc_FLUXNET2015_FULLSET_DD_2005-2006_beta-5.csv [oneflux.pipeline.common]
2025-06-13 07:12:03.464 [INFO    ] Variable 'P' might be missing from headers of file: /global/home/users/sytoanngo/ONEFlux/data/US-ARc_sample_output/99_fluxnet2015/FLX_US-ARc_FLUXNET2015_FULLSET_DD_2005-2006_beta-5.csv [oneflux.pipeline.common]
2025-06-13 07:12:03.465 [INFO    ] Variable 'WS' might be missing from headers of file: /global/home/users/sytoanngo/ONEFlux/data/US-ARc_sample_output/99_fluxnet2015/FLX_US-ARc_FLUXNET2015_FULLSET_DD_2005-2006_beta-5.csv [oneflux.pipeline.common]
2025-06-13 07:12:03.465 [INFO    ] Variable 'WD' might be missing from headers of file: /global/home/users/sytoanngo/ONEFlux/data/US-ARc_sample_output/99_fluxnet2015/FLX_US-ARc_FLUXNET2015_FULLSET_DD_2005-2006_beta-5.csv [oneflux.pipeline.common]
2025-06-13 07:12:03.465 [INFO    ] Variable 'RH' might be missing from headers of file: /global/home/users/sytoanngo/ONEFlux/data/US-ARc_sample_output/99_fluxnet2015/FLX_US-ARc_FLUXNET2015_FULLSET_DD_2005-2006_beta-5.csv [oneflux.pipeline.common]
2025-06-13 07:12:03.465 [INFO    ] Variable 'LE_RANDUNC_METHOD' might be missing from headers of file: /global/home/users/sytoanngo/ONEFlux/data/US-ARc_sample_output/99_fluxnet2015/FLX_US-ARc_FLUXNET2015_FULLSET_DD_2005-2006_beta-5.csv [oneflux.pipeline.common]
2025-06-13 07:12:03.465 [INFO    ] Variable 'LE_RANDUNC_N' might be missing from headers of file: /global/home/users/sytoanngo/ONEFlux/data/US-ARc_sample_output/99_fluxnet2015/FLX_US-ARc_FLUXNET2015_FULLSET_DD_2005-2006_beta-5.csv [oneflux.pipeline.common]
2025-06-13 07:12:03.465 [INFO    ] Variable 'H_RANDUNC_METHOD' might be missing from headers of file: /global/home/users/sytoanngo/ONEFlux/data/US-ARc_sample_output/99_fluxnet2015/FLX_US-ARc_FLUXNET2015_FULLSET_DD_2005-2006_beta-5.csv [oneflux.pipeline.common]
2025-06-13 07:12:03.465 [INFO    ] Variable 'H_RANDUNC_N' might be missing from headers of file: /global/home/users/sytoanngo/ONEFlux/data/US-ARc_sample_output/99_fluxnet2015/FLX_US-ARc_FLUXNET2015_FULLSET_DD_2005-2006_beta-5.csv [oneflux.pipeline.common]
2025-06-13 07:12:03.465 [INFO    ] Variable 'NEE_CUT_REF' might be missing from headers of file: /global/home/users/sytoanngo/ONEFlux/data/US-ARc_sample_output/99_fluxnet2015/FLX_US-ARc_FLUXNET2015_FULLSET_DD_2005-2006_beta-5.csv [oneflux.pipeline.common]
2025-06-13 07:12:03.465 [INFO    ] Variable 'NEE_CUT_REF_QC' might be missing from headers of file: /global/home/users/sytoanngo/ONEFlux/data/US-ARc_sample_output/99_fluxnet2015/FLX_US-ARc_FLUXNET2015_FULLSET_DD_2005-2006_beta-5.csv [oneflux.pipeline.common]
2025-06-13 07:12:03.465 [INFO    ] Variable 'NEE_CUT_REF_RANDUNC' might be missing from headers of file: /global/home/users/sytoanngo/ONEFlux/data/US-ARc_sample_output/99_fluxnet2015/FLX_US-ARc_FLUXNET2015_FULLSET_DD_2005-2006_beta-5.csv [oneflux.pipeline.common]
2025-06-13 07:12:03.465 [INFO    ] Variable 'RECO_NT_CUT_REF' might be missing from headers of file: /global/home/users/sytoanngo/ONEFlux/data/US-ARc_sample_output/99_fluxnet2015/FLX_US-ARc_FLUXNET2015_FULLSET_DD_2005-2006_beta-5.csv [oneflux.pipeline.common]
2025-06-13 07:12:03.465 [INFO    ] Variable 'GPP_NT_CUT_REF' might be missing from headers of file: /global/home/users/sytoanngo/ONEFlux/data/US-ARc_sample_output/99_fluxnet2015/FLX_US-ARc_FLUXNET2015_FULLSET_DD_2005-2006_beta-5.csv [oneflux.pipeline.common]
2025-06-13 07:12:03.465 [INFO    ] Variable 'RECO_DT_CUT_REF' might be missing from headers of file: /global/home/users/sytoanngo/ONEFlux/data/US-ARc_sample_output/99_fluxnet2015/FLX_US-ARc_FLUXNET2015_FULLSET_DD_2005-2006_beta-5.csv [oneflux.pipeline.common]
2025-06-13 07:12:03.465 [INFO    ] Variable 'GPP_DT_CUT_REF' might be missing from headers of file: /global/home/users/sytoanngo/ONEFlux/data/US-ARc_sample_output/99_fluxnet2015/FLX_US-ARc_FLUXNET2015_FULLSET_DD_2005-2006_beta-5.csv [oneflux.pipeline.common]
2025-06-13 07:12:03.466 [INFO    ] Variable 'TS_F_MDS_2' might be missing from headers of file: /global/home/users/sytoanngo/ONEFlux/data/US-ARc_sample_output/99_fluxnet2015/FLX_US-ARc_FLUXNET2015_FULLSET_DD_2005-2006_beta-5.csv [oneflux.pipeline.common]
2025-06-13 07:12:03.466 [INFO    ] Variable 'TS_F_MDS_3' might be missing from headers of file: /global/home/users/sytoanngo/ONEFlux/data/US-ARc_sample_output/99_fluxnet2015/FLX_US-ARc_FLUXNET2015_FULLSET_DD_2005-2006_beta-5.csv [oneflux.pipeline.common]
2025-06-13 07:12:03.466 [INFO    ] Variable 'TS_F_MDS_4' might be missing from headers of file: /global/home/users/sytoanngo/ONEFlux/data/US-ARc_sample_output/99_fluxnet2015/FLX_US-ARc_FLUXNET2015_FULLSET_DD_2005-2006_beta-5.csv [oneflux.pipeline.common]
2025-06-13 07:12:03.466 [INFO    ] Variable 'TS_F_MDS_5' might be missing from headers of file: /global/home/users/sytoanngo/ONEFlux/data/US-ARc_sample_output/99_fluxnet2015/FLX_US-ARc_FLUXNET2015_FULLSET_DD_2005-2006_beta-5.csv [oneflux.pipeline.common]
2025-06-13 07:12:03.466 [INFO    ] Variable 'TS_F_MDS_6' might be missing from headers of file: /global/home/users/sytoanngo/ONEFlux/data/US-ARc_sample_output/99_fluxnet2015/FLX_US-ARc_FLUXNET2015_FULLSET_DD_2005-2006_beta-5.csv [oneflux.pipeline.common]
2025-06-13 07:12:03.466 [INFO    ] Variable 'TS_F_MDS_7' might be missing from headers of file: /global/home/users/sytoanngo/ONEFlux/data/US-ARc_sample_output/99_fluxnet2015/FLX_US-ARc_FLUXNET2015_FULLSET_DD_2005-2006_beta-5.csv [oneflux.pipeline.common]
2025-06-13 07:12:03.466 [INFO    ] Variable 'TS_F_MDS_8' might be missing from headers of file: /global/home/users/sytoanngo/ONEFlux/data/US-ARc_sample_output/99_fluxnet2015/FLX_US-ARc_FLUXNET2015_FULLSET_DD_2005-2006_beta-5.csv [oneflux.pipeline.common]
2025-06-13 07:12:03.466 [INFO    ] Variable 'TS_F_MDS_9' might be missing from headers of file: /global/home/users/sytoanngo/ONEFlux/data/US-ARc_sample_output/99_fluxnet2015/FLX_US-ARc_FLUXNET2015_FULLSET_DD_2005-2006_beta-5.csv [oneflux.pipeline.common]
2025-06-13 07:12:03.466 [INFO    ] Variable 'TS_F_MDS_10' might be missing from headers of file: /global/home/users/sytoanngo/ONEFlux/data/US-ARc_sample_output/99_fluxnet2015/FLX_US-ARc_FLUXNET2015_FULLSET_DD_2005-2006_beta-5.csv [oneflux.pipeline.common]
2025-06-13 07:12:03.466 [INFO    ] Variable 'TS_F_MDS_11' might be missing from headers of file: /global/home/users/sytoanngo/ONEFlux/data/US-ARc_sample_output/99_fluxnet2015/FLX_US-ARc_FLUXNET2015_FULLSET_DD_2005-2006_beta-5.csv [oneflux.pipeline.common]
2025-06-13 07:12:03.466 [INFO    ] Variable 'TS_F_MDS_12' might be missing from headers of file: /global/home/users/sytoanngo/ONEFlux/data/US-ARc_sample_output/99_fluxnet2015/FLX_US-ARc_FLUXNET2015_FULLSET_DD_2005-2006_beta-5.csv [oneflux.pipeline.common]
2025-06-13 07:12:03.466 [INFO    ] Variable 'TS_F_MDS_13' might be missing from headers of file: /global/home/users/sytoanngo/ONEFlux/data/US-ARc_sample_output/99_fluxnet2015/FLX_US-ARc_FLUXNET2015_FULLSET_DD_2005-2006_beta-5.csv [oneflux.pipeline.common]
2025-06-13 07:12:03.466 [INFO    ] Variable 'TS_F_MDS_14' might be missing from headers of file: /global/home/users/sytoanngo/ONEFlux/data/US-ARc_sample_output/99_fluxnet2015/FLX_US-ARc_FLUXNET2015_FULLSET_DD_2005-2006_beta-5.csv [oneflux.pipeline.common]
2025-06-13 07:12:03.466 [INFO    ] Variable 'TS_F_MDS_15' might be missing from headers of file: /global/home/users/sytoanngo/ONEFlux/data/US-ARc_sample_output/99_fluxnet2015/FLX_US-ARc_FLUXNET2015_FULLSET_DD_2005-2006_beta-5.csv [oneflux.pipeline.common]
2025-06-13 07:12:03.467 [INFO    ] Variable 'TS_F_MDS_16' might be missing from headers of file: /global/home/users/sytoanngo/ONEFlux/data/US-ARc_sample_output/99_fluxnet2015/FLX_US-ARc_FLUXNET2015_FULLSET_DD_2005-2006_beta-5.csv [oneflux.pipeline.common]
2025-06-13 07:12:03.467 [INFO    ] Variable 'TS_F_MDS_17' might be missing from headers of file: /global/home/users/sytoanngo/ONEFlux/data/US-ARc_sample_output/99_fluxnet2015/FLX_US-ARc_FLUXNET2015_FULLSET_DD_2005-2006_beta-5.csv [oneflux.pipeline.common]
2025-06-13 07:12:03.467 [INFO    ] Variable 'TS_F_MDS_18' might be missing from headers of file: /global/home/users/sytoanngo/ONEFlux/data/US-ARc_sample_output/99_fluxnet2015/FLX_US-ARc_FLUXNET2015_FULLSET_DD_2005-2006_beta-5.csv [oneflux.pipeline.common]
2025-06-13 07:12:03.467 [INFO    ] Variable 'TS_F_MDS_19' might be missing from headers of file: /global/home/users/sytoanngo/ONEFlux/data/US-ARc_sample_output/99_fluxnet2015/FLX_US-ARc_FLUXNET2015_FULLSET_DD_2005-2006_beta-5.csv [oneflux.pipeline.common]
2025-06-13 07:12:03.467 [INFO    ] Variable 'TS_F_MDS_2_QC' might be missing from headers of file: /global/home/users/sytoanngo/ONEFlux/data/US-ARc_sample_output/99_fluxnet2015/FLX_US-ARc_FLUXNET2015_FULLSET_DD_2005-2006_beta-5.csv [oneflux.pipeline.common]
2025-06-13 07:12:03.467 [INFO    ] Variable 'TS_F_MDS_3_QC' might be missing from headers of file: /global/home/users/sytoanngo/ONEFlux/data/US-ARc_sample_output/99_fluxnet2015/FLX_US-ARc_FLUXNET2015_FULLSET_DD_2005-2006_beta-5.csv [oneflux.pipeline.common]
2025-06-13 07:12:03.467 [INFO    ] Variable 'TS_F_MDS_4_QC' might be missing from headers of file: /global/home/users/sytoanngo/ONEFlux/data/US-ARc_sample_output/99_fluxnet2015/FLX_US-ARc_FLUXNET2015_FULLSET_DD_2005-2006_beta-5.csv [oneflux.pipeline.common]
2025-06-13 07:12:03.467 [INFO    ] Variable 'TS_F_MDS_5_QC' might be missing from headers of file: /global/home/users/sytoanngo/ONEFlux/data/US-ARc_sample_output/99_fluxnet2015/FLX_US-ARc_FLUXNET2015_FULLSET_DD_2005-2006_beta-5.csv [oneflux.pipeline.common]
2025-06-13 07:12:03.467 [INFO    ] Variable 'TS_F_MDS_6_QC' might be missing from headers of file: /global/home/users/sytoanngo/ONEFlux/data/US-ARc_sample_output/99_fluxnet2015/FLX_US-ARc_FLUXNET2015_FULLSET_DD_2005-2006_beta-5.csv [oneflux.pipeline.common]
2025-06-13 07:12:03.467 [INFO    ] Variable 'TS_F_MDS_7_QC' might be missing from headers of file: /global/home/users/sytoanngo/ONEFlux/data/US-ARc_sample_output/99_fluxnet2015/FLX_US-ARc_FLUXNET2015_FULLSET_DD_2005-2006_beta-5.csv [oneflux.pipeline.common]
2025-06-13 07:12:03.467 [INFO    ] Variable 'TS_F_MDS_8_QC' might be missing from headers of file: /global/home/users/sytoanngo/ONEFlux/data/US-ARc_sample_output/99_fluxnet2015/FLX_US-ARc_FLUXNET2015_FULLSET_DD_2005-2006_beta-5.csv [oneflux.pipeline.common]
2025-06-13 07:12:03.467 [INFO    ] Variable 'TS_F_MDS_9_QC' might be missing from headers of file: /global/home/users/sytoanngo/ONEFlux/data/US-ARc_sample_output/99_fluxnet2015/FLX_US-ARc_FLUXNET2015_FULLSET_DD_2005-2006_beta-5.csv [oneflux.pipeline.common]
2025-06-13 07:12:03.467 [INFO    ] Variable 'TS_F_MDS_10_QC' might be missing from headers of file: /global/home/users/sytoanngo/ONEFlux/data/US-ARc_sample_output/99_fluxnet2015/FLX_US-ARc_FLUXNET2015_FULLSET_DD_2005-2006_beta-5.csv [oneflux.pipeline.common]
2025-06-13 07:12:03.468 [INFO    ] Variable 'TS_F_MDS_11_QC' might be missing from headers of file: /global/home/users/sytoanngo/ONEFlux/data/US-ARc_sample_output/99_fluxnet2015/FLX_US-ARc_FLUXNET2015_FULLSET_DD_2005-2006_beta-5.csv [oneflux.pipeline.common]
2025-06-13 07:12:03.468 [INFO    ] Variable 'TS_F_MDS_12_QC' might be missing from headers of file: /global/home/users/sytoanngo/ONEFlux/data/US-ARc_sample_output/99_fluxnet2015/FLX_US-ARc_FLUXNET2015_FULLSET_DD_2005-2006_beta-5.csv [oneflux.pipeline.common]
2025-06-13 07:12:03.468 [INFO    ] Variable 'TS_F_MDS_13_QC' might be missing from headers of file: /global/home/users/sytoanngo/ONEFlux/data/US-ARc_sample_output/99_fluxnet2015/FLX_US-ARc_FLUXNET2015_FULLSET_DD_2005-2006_beta-5.csv [oneflux.pipeline.common]
2025-06-13 07:12:03.468 [INFO    ] Variable 'TS_F_MDS_14_QC' might be missing from headers of file: /global/home/users/sytoanngo/ONEFlux/data/US-ARc_sample_output/99_fluxnet2015/FLX_US-ARc_FLUXNET2015_FULLSET_DD_2005-2006_beta-5.csv [oneflux.pipeline.common]
2025-06-13 07:12:03.468 [INFO    ] Variable 'TS_F_MDS_15_QC' might be missing from headers of file: /global/home/users/sytoanngo/ONEFlux/data/US-ARc_sample_output/99_fluxnet2015/FLX_US-ARc_FLUXNET2015_FULLSET_DD_2005-2006_beta-5.csv [oneflux.pipeline.common]
2025-06-13 07:12:03.468 [INFO    ] Variable 'TS_F_MDS_16_QC' might be missing from headers of file: /global/home/users/sytoanngo/ONEFlux/data/US-ARc_sample_output/99_fluxnet2015/FLX_US-ARc_FLUXNET2015_FULLSET_DD_2005-2006_beta-5.csv [oneflux.pipeline.common]
2025-06-13 07:12:03.468 [INFO    ] Variable 'TS_F_MDS_17_QC' might be missing from headers of file: /global/home/users/sytoanngo/ONEFlux/data/US-ARc_sample_output/99_fluxnet2015/FLX_US-ARc_FLUXNET2015_FULLSET_DD_2005-2006_beta-5.csv [oneflux.pipeline.common]
2025-06-13 07:12:03.468 [INFO    ] Variable 'TS_F_MDS_18_QC' might be missing from headers of file: /global/home/users/sytoanngo/ONEFlux/data/US-ARc_sample_output/99_fluxnet2015/FLX_US-ARc_FLUXNET2015_FULLSET_DD_2005-2006_beta-5.csv [oneflux.pipeline.common]
2025-06-13 07:12:03.468 [INFO    ] Variable 'TS_F_MDS_19_QC' might be missing from headers of file: /global/home/users/sytoanngo/ONEFlux/data/US-ARc_sample_output/99_fluxnet2015/FLX_US-ARc_FLUXNET2015_FULLSET_DD_2005-2006_beta-5.csv [oneflux.pipeline.common]
2025-06-13 07:12:03.468 [INFO    ] Variable 'SWC_F_MDS_2' might be missing from headers of file: /global/home/users/sytoanngo/ONEFlux/data/US-ARc_sample_output/99_fluxnet2015/FLX_US-ARc_FLUXNET2015_FULLSET_DD_2005-2006_beta-5.csv [oneflux.pipeline.common]
2025-06-13 07:12:03.468 [INFO    ] Variable 'SWC_F_MDS_3' might be missing from headers of file: /global/home/users/sytoanngo/ONEFlux/data/US-ARc_sample_output/99_fluxnet2015/FLX_US-ARc_FLUXNET2015_FULLSET_DD_2005-2006_beta-5.csv [oneflux.pipeline.common]
2025-06-13 07:12:03.468 [INFO    ] Variable 'SWC_F_MDS_4' might be missing from headers of file: /global/home/users/sytoanngo/ONEFlux/data/US-ARc_sample_output/99_fluxnet2015/FLX_US-ARc_FLUXNET2015_FULLSET_DD_2005-2006_beta-5.csv [oneflux.pipeline.common]
2025-06-13 07:12:03.468 [INFO    ] Variable 'SWC_F_MDS_5' might be missing from headers of file: /global/home/users/sytoanngo/ONEFlux/data/US-ARc_sample_output/99_fluxnet2015/FLX_US-ARc_FLUXNET2015_FULLSET_DD_2005-2006_beta-5.csv [oneflux.pipeline.common]
2025-06-13 07:12:03.469 [INFO    ] Variable 'SWC_F_MDS_6' might be missing from headers of file: /global/home/users/sytoanngo/ONEFlux/data/US-ARc_sample_output/99_fluxnet2015/FLX_US-ARc_FLUXNET2015_FULLSET_DD_2005-2006_beta-5.csv [oneflux.pipeline.common]
2025-06-13 07:12:03.469 [INFO    ] Variable 'SWC_F_MDS_7' might be missing from headers of file: /global/home/users/sytoanngo/ONEFlux/data/US-ARc_sample_output/99_fluxnet2015/FLX_US-ARc_FLUXNET2015_FULLSET_DD_2005-2006_beta-5.csv [oneflux.pipeline.common]
2025-06-13 07:12:03.469 [INFO    ] Variable 'SWC_F_MDS_8' might be missing from headers of file: /global/home/users/sytoanngo/ONEFlux/data/US-ARc_sample_output/99_fluxnet2015/FLX_US-ARc_FLUXNET2015_FULLSET_DD_2005-2006_beta-5.csv [oneflux.pipeline.common]
2025-06-13 07:12:03.469 [INFO    ] Variable 'SWC_F_MDS_9' might be missing from headers of file: /global/home/users/sytoanngo/ONEFlux/data/US-ARc_sample_output/99_fluxnet2015/FLX_US-ARc_FLUXNET2015_FULLSET_DD_2005-2006_beta-5.csv [oneflux.pipeline.common]
2025-06-13 07:12:03.469 [INFO    ] Variable 'SWC_F_MDS_10' might be missing from headers of file: /global/home/users/sytoanngo/ONEFlux/data/US-ARc_sample_output/99_fluxnet2015/FLX_US-ARc_FLUXNET2015_FULLSET_DD_2005-2006_beta-5.csv [oneflux.pipeline.common]
2025-06-13 07:12:03.469 [INFO    ] Variable 'SWC_F_MDS_11' might be missing from headers of file: /global/home/users/sytoanngo/ONEFlux/data/US-ARc_sample_output/99_fluxnet2015/FLX_US-ARc_FLUXNET2015_FULLSET_DD_2005-2006_beta-5.csv [oneflux.pipeline.common]
2025-06-13 07:12:03.469 [INFO    ] Variable 'SWC_F_MDS_12' might be missing from headers of file: /global/home/users/sytoanngo/ONEFlux/data/US-ARc_sample_output/99_fluxnet2015/FLX_US-ARc_FLUXNET2015_FULLSET_DD_2005-2006_beta-5.csv [oneflux.pipeline.common]
2025-06-13 07:12:03.469 [INFO    ] Variable 'SWC_F_MDS_13' might be missing from headers of file: /global/home/users/sytoanngo/ONEFlux/data/US-ARc_sample_output/99_fluxnet2015/FLX_US-ARc_FLUXNET2015_FULLSET_DD_2005-2006_beta-5.csv [oneflux.pipeline.common]
2025-06-13 07:12:03.469 [INFO    ] Variable 'SWC_F_MDS_14' might be missing from headers of file: /global/home/users/sytoanngo/ONEFlux/data/US-ARc_sample_output/99_fluxnet2015/FLX_US-ARc_FLUXNET2015_FULLSET_DD_2005-2006_beta-5.csv [oneflux.pipeline.common]
2025-06-13 07:12:03.469 [INFO    ] Variable 'SWC_F_MDS_15' might be missing from headers of file: /global/home/users/sytoanngo/ONEFlux/data/US-ARc_sample_output/99_fluxnet2015/FLX_US-ARc_FLUXNET2015_FULLSET_DD_2005-2006_beta-5.csv [oneflux.pipeline.common]
2025-06-13 07:12:03.469 [INFO    ] Variable 'SWC_F_MDS_16' might be missing from headers of file: /global/home/users/sytoanngo/ONEFlux/data/US-ARc_sample_output/99_fluxnet2015/FLX_US-ARc_FLUXNET2015_FULLSET_DD_2005-2006_beta-5.csv [oneflux.pipeline.common]
2025-06-13 07:12:03.469 [INFO    ] Variable 'SWC_F_MDS_17' might be missing from headers of file: /global/home/users/sytoanngo/ONEFlux/data/US-ARc_sample_output/99_fluxnet2015/FLX_US-ARc_FLUXNET2015_FULLSET_DD_2005-2006_beta-5.csv [oneflux.pipeline.common]
2025-06-13 07:12:03.470 [INFO    ] Variable 'SWC_F_MDS_18' might be missing from headers of file: /global/home/users/sytoanngo/ONEFlux/data/US-ARc_sample_output/99_fluxnet2015/FLX_US-ARc_FLUXNET2015_FULLSET_DD_2005-2006_beta-5.csv [oneflux.pipeline.common]
2025-06-13 07:12:03.470 [INFO    ] Variable 'SWC_F_MDS_19' might be missing from headers of file: /global/home/users/sytoanngo/ONEFlux/data/US-ARc_sample_output/99_fluxnet2015/FLX_US-ARc_FLUXNET2015_FULLSET_DD_2005-2006_beta-5.csv [oneflux.pipeline.common]
2025-06-13 07:12:03.470 [INFO    ] Variable 'SWC_F_MDS_2_QC' might be missing from headers of file: /global/home/users/sytoanngo/ONEFlux/data/US-ARc_sample_output/99_fluxnet2015/FLX_US-ARc_FLUXNET2015_FULLSET_DD_2005-2006_beta-5.csv [oneflux.pipeline.common]
2025-06-13 07:12:03.470 [INFO    ] Variable 'SWC_F_MDS_3_QC' might be missing from headers of file: /global/home/users/sytoanngo/ONEFlux/data/US-ARc_sample_output/99_fluxnet2015/FLX_US-ARc_FLUXNET2015_FULLSET_DD_2005-2006_beta-5.csv [oneflux.pipeline.common]
2025-06-13 07:12:03.470 [INFO    ] Variable 'SWC_F_MDS_4_QC' might be missing from headers of file: /global/home/users/sytoanngo/ONEFlux/data/US-ARc_sample_output/99_fluxnet2015/FLX_US-ARc_FLUXNET2015_FULLSET_DD_2005-2006_beta-5.csv [oneflux.pipeline.common]
2025-06-13 07:12:03.470 [INFO    ] Variable 'SWC_F_MDS_5_QC' might be missing from headers of file: /global/home/users/sytoanngo/ONEFlux/data/US-ARc_sample_output/99_fluxnet2015/FLX_US-ARc_FLUXNET2015_FULLSET_DD_2005-2006_beta-5.csv [oneflux.pipeline.common]
2025-06-13 07:12:03.470 [INFO    ] Variable 'SWC_F_MDS_6_QC' might be missing from headers of file: /global/home/users/sytoanngo/ONEFlux/data/US-ARc_sample_output/99_fluxnet2015/FLX_US-ARc_FLUXNET2015_FULLSET_DD_2005-2006_beta-5.csv [oneflux.pipeline.common]
2025-06-13 07:12:03.470 [INFO    ] Variable 'SWC_F_MDS_7_QC' might be missing from headers of file: /global/home/users/sytoanngo/ONEFlux/data/US-ARc_sample_output/99_fluxnet2015/FLX_US-ARc_FLUXNET2015_FULLSET_DD_2005-2006_beta-5.csv [oneflux.pipeline.common]
2025-06-13 07:12:03.470 [INFO    ] Variable 'SWC_F_MDS_8_QC' might be missing from headers of file: /global/home/users/sytoanngo/ONEFlux/data/US-ARc_sample_output/99_fluxnet2015/FLX_US-ARc_FLUXNET2015_FULLSET_DD_2005-2006_beta-5.csv [oneflux.pipeline.common]
2025-06-13 07:12:03.470 [INFO    ] Variable 'SWC_F_MDS_9_QC' might be missing from headers of file: /global/home/users/sytoanngo/ONEFlux/data/US-ARc_sample_output/99_fluxnet2015/FLX_US-ARc_FLUXNET2015_FULLSET_DD_2005-2006_beta-5.csv [oneflux.pipeline.common]
2025-06-13 07:12:03.470 [INFO    ] Variable 'SWC_F_MDS_10_QC' might be missing from headers of file: /global/home/users/sytoanngo/ONEFlux/data/US-ARc_sample_output/99_fluxnet2015/FLX_US-ARc_FLUXNET2015_FULLSET_DD_2005-2006_beta-5.csv [oneflux.pipeline.common]
2025-06-13 07:12:03.470 [INFO    ] Variable 'SWC_F_MDS_11_QC' might be missing from headers of file: /global/home/users/sytoanngo/ONEFlux/data/US-ARc_sample_output/99_fluxnet2015/FLX_US-ARc_FLUXNET2015_FULLSET_DD_2005-2006_beta-5.csv [oneflux.pipeline.common]
2025-06-13 07:12:03.471 [INFO    ] Variable 'SWC_F_MDS_12_QC' might be missing from headers of file: /global/home/users/sytoanngo/ONEFlux/data/US-ARc_sample_output/99_fluxnet2015/FLX_US-ARc_FLUXNET2015_FULLSET_DD_2005-2006_beta-5.csv [oneflux.pipeline.common]
2025-06-13 07:12:03.471 [INFO    ] Variable 'SWC_F_MDS_13_QC' might be missing from headers of file: /global/home/users/sytoanngo/ONEFlux/data/US-ARc_sample_output/99_fluxnet2015/FLX_US-ARc_FLUXNET2015_FULLSET_DD_2005-2006_beta-5.csv [oneflux.pipeline.common]
2025-06-13 07:12:03.471 [INFO    ] Variable 'SWC_F_MDS_14_QC' might be missing from headers of file: /global/home/users/sytoanngo/ONEFlux/data/US-ARc_sample_output/99_fluxnet2015/FLX_US-ARc_FLUXNET2015_FULLSET_DD_2005-2006_beta-5.csv [oneflux.pipeline.common]
2025-06-13 07:12:03.471 [INFO    ] Variable 'SWC_F_MDS_15_QC' might be missing from headers of file: /global/home/users/sytoanngo/ONEFlux/data/US-ARc_sample_output/99_fluxnet2015/FLX_US-ARc_FLUXNET2015_FULLSET_DD_2005-2006_beta-5.csv [oneflux.pipeline.common]
2025-06-13 07:12:03.471 [INFO    ] Variable 'SWC_F_MDS_16_QC' might be missing from headers of file: /global/home/users/sytoanngo/ONEFlux/data/US-ARc_sample_output/99_fluxnet2015/FLX_US-ARc_FLUXNET2015_FULLSET_DD_2005-2006_beta-5.csv [oneflux.pipeline.common]
2025-06-13 07:12:03.471 [INFO    ] Variable 'SWC_F_MDS_17_QC' might be missing from headers of file: /global/home/users/sytoanngo/ONEFlux/data/US-ARc_sample_output/99_fluxnet2015/FLX_US-ARc_FLUXNET2015_FULLSET_DD_2005-2006_beta-5.csv [oneflux.pipeline.common]
2025-06-13 07:12:03.471 [INFO    ] Variable 'SWC_F_MDS_18_QC' might be missing from headers of file: /global/home/users/sytoanngo/ONEFlux/data/US-ARc_sample_output/99_fluxnet2015/FLX_US-ARc_FLUXNET2015_FULLSET_DD_2005-2006_beta-5.csv [oneflux.pipeline.common]
2025-06-13 07:12:03.471 [INFO    ] Variable 'SWC_F_MDS_19_QC' might be missing from headers of file: /global/home/users/sytoanngo/ONEFlux/data/US-ARc_sample_output/99_fluxnet2015/FLX_US-ARc_FLUXNET2015_FULLSET_DD_2005-2006_beta-5.csv [oneflux.pipeline.common]
2025-06-13 07:12:03.471 [INFO    ] Variable 'NEE_CUT_05' might be missing from headers of file: /global/home/users/sytoanngo/ONEFlux/data/US-ARc_sample_output/99_fluxnet2015/FLX_US-ARc_FLUXNET2015_FULLSET_DD_2005-2006_beta-5.csv [oneflux.pipeline.common]
2025-06-13 07:12:03.471 [INFO    ] Variable 'NEE_CUT_16' might be missing from headers of file: /global/home/users/sytoanngo/ONEFlux/data/US-ARc_sample_output/99_fluxnet2015/FLX_US-ARc_FLUXNET2015_FULLSET_DD_2005-2006_beta-5.csv [oneflux.pipeline.common]
2025-06-13 07:12:03.471 [INFO    ] Variable 'NEE_CUT_25' might be missing from headers of file: /global/home/users/sytoanngo/ONEFlux/data/US-ARc_sample_output/99_fluxnet2015/FLX_US-ARc_FLUXNET2015_FULLSET_DD_2005-2006_beta-5.csv [oneflux.pipeline.common]
2025-06-13 07:12:03.471 [INFO    ] Variable 'NEE_CUT_50' might be missing from headers of file: /global/home/users/sytoanngo/ONEFlux/data/US-ARc_sample_output/99_fluxnet2015/FLX_US-ARc_FLUXNET2015_FULLSET_DD_2005-2006_beta-5.csv [oneflux.pipeline.common]
2025-06-13 07:12:03.471 [INFO    ] Variable 'NEE_CUT_75' might be missing from headers of file: /global/home/users/sytoanngo/ONEFlux/data/US-ARc_sample_output/99_fluxnet2015/FLX_US-ARc_FLUXNET2015_FULLSET_DD_2005-2006_beta-5.csv [oneflux.pipeline.common]
2025-06-13 07:12:03.472 [INFO    ] Variable 'NEE_CUT_84' might be missing from headers of file: /global/home/users/sytoanngo/ONEFlux/data/US-ARc_sample_output/99_fluxnet2015/FLX_US-ARc_FLUXNET2015_FULLSET_DD_2005-2006_beta-5.csv [oneflux.pipeline.common]
2025-06-13 07:12:03.472 [INFO    ] Variable 'NEE_CUT_95' might be missing from headers of file: /global/home/users/sytoanngo/ONEFlux/data/US-ARc_sample_output/99_fluxnet2015/FLX_US-ARc_FLUXNET2015_FULLSET_DD_2005-2006_beta-5.csv [oneflux.pipeline.common]
2025-06-13 07:12:03.472 [INFO    ] Variable 'NEE_CUT_05_QC' might be missing from headers of file: /global/home/users/sytoanngo/ONEFlux/data/US-ARc_sample_output/99_fluxnet2015/FLX_US-ARc_FLUXNET2015_FULLSET_DD_2005-2006_beta-5.csv [oneflux.pipeline.common]
2025-06-13 07:12:03.472 [INFO    ] Variable 'NEE_CUT_16_QC' might be missing from headers of file: /global/home/users/sytoanngo/ONEFlux/data/US-ARc_sample_output/99_fluxnet2015/FLX_US-ARc_FLUXNET2015_FULLSET_DD_2005-2006_beta-5.csv [oneflux.pipeline.common]
2025-06-13 07:12:03.472 [INFO    ] Variable 'NEE_CUT_25_QC' might be missing from headers of file: /global/home/users/sytoanngo/ONEFlux/data/US-ARc_sample_output/99_fluxnet2015/FLX_US-ARc_FLUXNET2015_FULLSET_DD_2005-2006_beta-5.csv [oneflux.pipeline.common]
2025-06-13 07:12:03.472 [INFO    ] Variable 'NEE_CUT_50_QC' might be missing from headers of file: /global/home/users/sytoanngo/ONEFlux/data/US-ARc_sample_output/99_fluxnet2015/FLX_US-ARc_FLUXNET2015_FULLSET_DD_2005-2006_beta-5.csv [oneflux.pipeline.common]
2025-06-13 07:12:03.472 [INFO    ] Variable 'NEE_CUT_75_QC' might be missing from headers of file: /global/home/users/sytoanngo/ONEFlux/data/US-ARc_sample_output/99_fluxnet2015/FLX_US-ARc_FLUXNET2015_FULLSET_DD_2005-2006_beta-5.csv [oneflux.pipeline.common]
2025-06-13 07:12:03.472 [INFO    ] Variable 'NEE_CUT_84_QC' might be missing from headers of file: /global/home/users/sytoanngo/ONEFlux/data/US-ARc_sample_output/99_fluxnet2015/FLX_US-ARc_FLUXNET2015_FULLSET_DD_2005-2006_beta-5.csv [oneflux.pipeline.common]
2025-06-13 07:12:03.472 [INFO    ] Variable 'NEE_CUT_95_QC' might be missing from headers of file: /global/home/users/sytoanngo/ONEFlux/data/US-ARc_sample_output/99_fluxnet2015/FLX_US-ARc_FLUXNET2015_FULLSET_DD_2005-2006_beta-5.csv [oneflux.pipeline.common]
2025-06-13 07:12:03.472 [INFO    ] Variable 'RECO_NT_CUT_05' might be missing from headers of file: /global/home/users/sytoanngo/ONEFlux/data/US-ARc_sample_output/99_fluxnet2015/FLX_US-ARc_FLUXNET2015_FULLSET_DD_2005-2006_beta-5.csv [oneflux.pipeline.common]
2025-06-13 07:12:03.472 [INFO    ] Variable 'RECO_NT_CUT_16' might be missing from headers of file: /global/home/users/sytoanngo/ONEFlux/data/US-ARc_sample_output/99_fluxnet2015/FLX_US-ARc_FLUXNET2015_FULLSET_DD_2005-2006_beta-5.csv [oneflux.pipeline.common]
2025-06-13 07:12:03.472 [INFO    ] Variable 'RECO_NT_CUT_25' might be missing from headers of file: /global/home/users/sytoanngo/ONEFlux/data/US-ARc_sample_output/99_fluxnet2015/FLX_US-ARc_FLUXNET2015_FULLSET_DD_2005-2006_beta-5.csv [oneflux.pipeline.common]
2025-06-13 07:12:03.473 [INFO    ] Variable 'RECO_NT_CUT_50' might be missing from headers of file: /global/home/users/sytoanngo/ONEFlux/data/US-ARc_sample_output/99_fluxnet2015/FLX_US-ARc_FLUXNET2015_FULLSET_DD_2005-2006_beta-5.csv [oneflux.pipeline.common]
2025-06-13 07:12:03.473 [INFO    ] Variable 'RECO_NT_CUT_75' might be missing from headers of file: /global/home/users/sytoanngo/ONEFlux/data/US-ARc_sample_output/99_fluxnet2015/FLX_US-ARc_FLUXNET2015_FULLSET_DD_2005-2006_beta-5.csv [oneflux.pipeline.common]
2025-06-13 07:12:03.473 [INFO    ] Variable 'RECO_NT_CUT_84' might be missing from headers of file: /global/home/users/sytoanngo/ONEFlux/data/US-ARc_sample_output/99_fluxnet2015/FLX_US-ARc_FLUXNET2015_FULLSET_DD_2005-2006_beta-5.csv [oneflux.pipeline.common]
2025-06-13 07:12:03.473 [INFO    ] Variable 'RECO_NT_CUT_95' might be missing from headers of file: /global/home/users/sytoanngo/ONEFlux/data/US-ARc_sample_output/99_fluxnet2015/FLX_US-ARc_FLUXNET2015_FULLSET_DD_2005-2006_beta-5.csv [oneflux.pipeline.common]
2025-06-13 07:12:03.473 [INFO    ] Variable 'GPP_NT_CUT_05' might be missing from headers of file: /global/home/users/sytoanngo/ONEFlux/data/US-ARc_sample_output/99_fluxnet2015/FLX_US-ARc_FLUXNET2015_FULLSET_DD_2005-2006_beta-5.csv [oneflux.pipeline.common]
2025-06-13 07:12:03.473 [INFO    ] Variable 'GPP_NT_CUT_16' might be missing from headers of file: /global/home/users/sytoanngo/ONEFlux/data/US-ARc_sample_output/99_fluxnet2015/FLX_US-ARc_FLUXNET2015_FULLSET_DD_2005-2006_beta-5.csv [oneflux.pipeline.common]
2025-06-13 07:12:03.473 [INFO    ] Variable 'GPP_NT_CUT_25' might be missing from headers of file: /global/home/users/sytoanngo/ONEFlux/data/US-ARc_sample_output/99_fluxnet2015/FLX_US-ARc_FLUXNET2015_FULLSET_DD_2005-2006_beta-5.csv [oneflux.pipeline.common]
2025-06-13 07:12:03.473 [INFO    ] Variable 'GPP_NT_CUT_50' might be missing from headers of file: /global/home/users/sytoanngo/ONEFlux/data/US-ARc_sample_output/99_fluxnet2015/FLX_US-ARc_FLUXNET2015_FULLSET_DD_2005-2006_beta-5.csv [oneflux.pipeline.common]
2025-06-13 07:12:03.473 [INFO    ] Variable 'GPP_NT_CUT_75' might be missing from headers of file: /global/home/users/sytoanngo/ONEFlux/data/US-ARc_sample_output/99_fluxnet2015/FLX_US-ARc_FLUXNET2015_FULLSET_DD_2005-2006_beta-5.csv [oneflux.pipeline.common]
2025-06-13 07:12:03.473 [INFO    ] Variable 'GPP_NT_CUT_84' might be missing from headers of file: /global/home/users/sytoanngo/ONEFlux/data/US-ARc_sample_output/99_fluxnet2015/FLX_US-ARc_FLUXNET2015_FULLSET_DD_2005-2006_beta-5.csv [oneflux.pipeline.common]
2025-06-13 07:12:03.473 [INFO    ] Variable 'GPP_NT_CUT_95' might be missing from headers of file: /global/home/users/sytoanngo/ONEFlux/data/US-ARc_sample_output/99_fluxnet2015/FLX_US-ARc_FLUXNET2015_FULLSET_DD_2005-2006_beta-5.csv [oneflux.pipeline.common]
2025-06-13 07:12:03.473 [INFO    ] Variable 'RECO_DT_CUT_05' might be missing from headers of file: /global/home/users/sytoanngo/ONEFlux/data/US-ARc_sample_output/99_fluxnet2015/FLX_US-ARc_FLUXNET2015_FULLSET_DD_2005-2006_beta-5.csv [oneflux.pipeline.common]
2025-06-13 07:12:03.474 [INFO    ] Variable 'RECO_DT_CUT_16' might be missing from headers of file: /global/home/users/sytoanngo/ONEFlux/data/US-ARc_sample_output/99_fluxnet2015/FLX_US-ARc_FLUXNET2015_FULLSET_DD_2005-2006_beta-5.csv [oneflux.pipeline.common]
2025-06-13 07:12:03.474 [INFO    ] Variable 'RECO_DT_CUT_25' might be missing from headers of file: /global/home/users/sytoanngo/ONEFlux/data/US-ARc_sample_output/99_fluxnet2015/FLX_US-ARc_FLUXNET2015_FULLSET_DD_2005-2006_beta-5.csv [oneflux.pipeline.common]
2025-06-13 07:12:03.474 [INFO    ] Variable 'RECO_DT_CUT_50' might be missing from headers of file: /global/home/users/sytoanngo/ONEFlux/data/US-ARc_sample_output/99_fluxnet2015/FLX_US-ARc_FLUXNET2015_FULLSET_DD_2005-2006_beta-5.csv [oneflux.pipeline.common]
2025-06-13 07:12:03.474 [INFO    ] Variable 'RECO_DT_CUT_75' might be missing from headers of file: /global/home/users/sytoanngo/ONEFlux/data/US-ARc_sample_output/99_fluxnet2015/FLX_US-ARc_FLUXNET2015_FULLSET_DD_2005-2006_beta-5.csv [oneflux.pipeline.common]
2025-06-13 07:12:03.474 [INFO    ] Variable 'RECO_DT_CUT_84' might be missing from headers of file: /global/home/users/sytoanngo/ONEFlux/data/US-ARc_sample_output/99_fluxnet2015/FLX_US-ARc_FLUXNET2015_FULLSET_DD_2005-2006_beta-5.csv [oneflux.pipeline.common]
2025-06-13 07:12:03.474 [INFO    ] Variable 'RECO_DT_CUT_95' might be missing from headers of file: /global/home/users/sytoanngo/ONEFlux/data/US-ARc_sample_output/99_fluxnet2015/FLX_US-ARc_FLUXNET2015_FULLSET_DD_2005-2006_beta-5.csv [oneflux.pipeline.common]
2025-06-13 07:12:03.474 [INFO    ] Variable 'GPP_DT_CUT_05' might be missing from headers of file: /global/home/users/sytoanngo/ONEFlux/data/US-ARc_sample_output/99_fluxnet2015/FLX_US-ARc_FLUXNET2015_FULLSET_DD_2005-2006_beta-5.csv [oneflux.pipeline.common]
2025-06-13 07:12:03.474 [INFO    ] Variable 'GPP_DT_CUT_16' might be missing from headers of file: /global/home/users/sytoanngo/ONEFlux/data/US-ARc_sample_output/99_fluxnet2015/FLX_US-ARc_FLUXNET2015_FULLSET_DD_2005-2006_beta-5.csv [oneflux.pipeline.common]
2025-06-13 07:12:03.474 [INFO    ] Variable 'GPP_DT_CUT_25' might be missing from headers of file: /global/home/users/sytoanngo/ONEFlux/data/US-ARc_sample_output/99_fluxnet2015/FLX_US-ARc_FLUXNET2015_FULLSET_DD_2005-2006_beta-5.csv [oneflux.pipeline.common]
2025-06-13 07:12:03.474 [INFO    ] Variable 'GPP_DT_CUT_50' might be missing from headers of file: /global/home/users/sytoanngo/ONEFlux/data/US-ARc_sample_output/99_fluxnet2015/FLX_US-ARc_FLUXNET2015_FULLSET_DD_2005-2006_beta-5.csv [oneflux.pipeline.common]
2025-06-13 07:12:03.474 [INFO    ] Variable 'GPP_DT_CUT_75' might be missing from headers of file: /global/home/users/sytoanngo/ONEFlux/data/US-ARc_sample_output/99_fluxnet2015/FLX_US-ARc_FLUXNET2015_FULLSET_DD_2005-2006_beta-5.csv [oneflux.pipeline.common]
2025-06-13 07:12:03.474 [INFO    ] Variable 'GPP_DT_CUT_84' might be missing from headers of file: /global/home/users/sytoanngo/ONEFlux/data/US-ARc_sample_output/99_fluxnet2015/FLX_US-ARc_FLUXNET2015_FULLSET_DD_2005-2006_beta-5.csv [oneflux.pipeline.common]
2025-06-13 07:12:03.475 [INFO    ] Variable 'GPP_DT_CUT_95' might be missing from headers of file: /global/home/users/sytoanngo/ONEFlux/data/US-ARc_sample_output/99_fluxnet2015/FLX_US-ARc_FLUXNET2015_FULLSET_DD_2005-2006_beta-5.csv [oneflux.pipeline.common]
2025-06-13 07:12:03.475 [INFO    ] Variable 'PPFD_DIF' might be missing from headers of file: /global/home/users/sytoanngo/ONEFlux/data/US-ARc_sample_output/99_fluxnet2015/FLX_US-ARc_FLUXNET2015_FULLSET_DD_2005-2006_beta-5.csv [oneflux.pipeline.common]
2025-06-13 07:12:03.475 [INFO    ] Variable 'PPFD_DIF_QC' might be missing from headers of file: /global/home/users/sytoanngo/ONEFlux/data/US-ARc_sample_output/99_fluxnet2015/FLX_US-ARc_FLUXNET2015_FULLSET_DD_2005-2006_beta-5.csv [oneflux.pipeline.common]
2025-06-13 07:12:03.475 [INFO    ] Variable 'PPFD_OUT' might be missing from headers of file: /global/home/users/sytoanngo/ONEFlux/data/US-ARc_sample_output/99_fluxnet2015/FLX_US-ARc_FLUXNET2015_FULLSET_DD_2005-2006_beta-5.csv [oneflux.pipeline.common]
2025-06-13 07:12:03.475 [INFO    ] Variable 'PPFD_OUT_QC' might be missing from headers of file: /global/home/users/sytoanngo/ONEFlux/data/US-ARc_sample_output/99_fluxnet2015/FLX_US-ARc_FLUXNET2015_FULLSET_DD_2005-2006_beta-5.csv [oneflux.pipeline.common]
2025-06-13 07:12:03.475 [INFO    ] Variable 'SW_DIF' might be missing from headers of file: /global/home/users/sytoanngo/ONEFlux/data/US-ARc_sample_output/99_fluxnet2015/FLX_US-ARc_FLUXNET2015_FULLSET_DD_2005-2006_beta-5.csv [oneflux.pipeline.common]
2025-06-13 07:12:03.475 [INFO    ] Variable 'SW_DIF_QC' might be missing from headers of file: /global/home/users/sytoanngo/ONEFlux/data/US-ARc_sample_output/99_fluxnet2015/FLX_US-ARc_FLUXNET2015_FULLSET_DD_2005-2006_beta-5.csv [oneflux.pipeline.common]
2025-06-13 07:12:03.476 [INFO    ] Variable 'SW_OUT' might be missing from headers of file: /global/home/users/sytoanngo/ONEFlux/data/US-ARc_sample_output/99_fluxnet2015/FLX_US-ARc_FLUXNET2015_FULLSET_DD_2005-2006_beta-5.csv [oneflux.pipeline.common]
2025-06-13 07:12:03.476 [INFO    ] Variable 'SW_OUT_QC' might be missing from headers of file: /global/home/users/sytoanngo/ONEFlux/data/US-ARc_sample_output/99_fluxnet2015/FLX_US-ARc_FLUXNET2015_FULLSET_DD_2005-2006_beta-5.csv [oneflux.pipeline.common]
2025-06-13 07:12:03.476 [INFO    ] Variable 'LW_OUT' might be missing from headers of file: /global/home/users/sytoanngo/ONEFlux/data/US-ARc_sample_output/99_fluxnet2015/FLX_US-ARc_FLUXNET2015_FULLSET_DD_2005-2006_beta-5.csv [oneflux.pipeline.common]
2025-06-13 07:12:03.476 [INFO    ] Variable 'LW_OUT_QC' might be missing from headers of file: /global/home/users/sytoanngo/ONEFlux/data/US-ARc_sample_output/99_fluxnet2015/FLX_US-ARc_FLUXNET2015_FULLSET_DD_2005-2006_beta-5.csv [oneflux.pipeline.common]
2025-06-13 07:12:03.476 [INFO    ] Variable 'PA' might be missing from headers of file: /global/home/users/sytoanngo/ONEFlux/data/US-ARc_sample_output/99_fluxnet2015/FLX_US-ARc_FLUXNET2015_FULLSET_DD_2005-2006_beta-5.csv [oneflux.pipeline.common]
2025-06-13 07:12:03.476 [INFO    ] Variable 'P' might be missing from headers of file: /global/home/users/sytoanngo/ONEFlux/data/US-ARc_sample_output/99_fluxnet2015/FLX_US-ARc_FLUXNET2015_FULLSET_DD_2005-2006_beta-5.csv [oneflux.pipeline.common]
2025-06-13 07:12:03.476 [INFO    ] Variable 'WS' might be missing from headers of file: /global/home/users/sytoanngo/ONEFlux/data/US-ARc_sample_output/99_fluxnet2015/FLX_US-ARc_FLUXNET2015_FULLSET_DD_2005-2006_beta-5.csv [oneflux.pipeline.common]
2025-06-13 07:12:03.476 [INFO    ] Variable 'WD' might be missing from headers of file: /global/home/users/sytoanngo/ONEFlux/data/US-ARc_sample_output/99_fluxnet2015/FLX_US-ARc_FLUXNET2015_FULLSET_DD_2005-2006_beta-5.csv [oneflux.pipeline.common]
2025-06-13 07:12:03.476 [INFO    ] Variable 'RH' might be missing from headers of file: /global/home/users/sytoanngo/ONEFlux/data/US-ARc_sample_output/99_fluxnet2015/FLX_US-ARc_FLUXNET2015_FULLSET_DD_2005-2006_beta-5.csv [oneflux.pipeline.common]
2025-06-13 07:12:03.476 [INFO    ] Variable 'LE_RANDUNC_METHOD' might be missing from headers of file: /global/home/users/sytoanngo/ONEFlux/data/US-ARc_sample_output/99_fluxnet2015/FLX_US-ARc_FLUXNET2015_FULLSET_DD_2005-2006_beta-5.csv [oneflux.pipeline.common]
2025-06-13 07:12:03.476 [INFO    ] Variable 'LE_RANDUNC_N' might be missing from headers of file: /global/home/users/sytoanngo/ONEFlux/data/US-ARc_sample_output/99_fluxnet2015/FLX_US-ARc_FLUXNET2015_FULLSET_DD_2005-2006_beta-5.csv [oneflux.pipeline.common]
2025-06-13 07:12:03.476 [INFO    ] Variable 'H_RANDUNC_METHOD' might be missing from headers of file: /global/home/users/sytoanngo/ONEFlux/data/US-ARc_sample_output/99_fluxnet2015/FLX_US-ARc_FLUXNET2015_FULLSET_DD_2005-2006_beta-5.csv [oneflux.pipeline.common]
2025-06-13 07:12:03.476 [INFO    ] Variable 'H_RANDUNC_N' might be missing from headers of file: /global/home/users/sytoanngo/ONEFlux/data/US-ARc_sample_output/99_fluxnet2015/FLX_US-ARc_FLUXNET2015_FULLSET_DD_2005-2006_beta-5.csv [oneflux.pipeline.common]
2025-06-13 07:12:03.476 [INFO    ] Variable 'NEE_CUT_REF' might be missing from headers of file: /global/home/users/sytoanngo/ONEFlux/data/US-ARc_sample_output/99_fluxnet2015/FLX_US-ARc_FLUXNET2015_FULLSET_DD_2005-2006_beta-5.csv [oneflux.pipeline.common]
2025-06-13 07:12:03.477 [INFO    ] Variable 'NEE_CUT_REF_QC' might be missing from headers of file: /global/home/users/sytoanngo/ONEFlux/data/US-ARc_sample_output/99_fluxnet2015/FLX_US-ARc_FLUXNET2015_FULLSET_DD_2005-2006_beta-5.csv [oneflux.pipeline.common]
2025-06-13 07:12:03.477 [INFO    ] Variable 'NEE_CUT_REF_RANDUNC' might be missing from headers of file: /global/home/users/sytoanngo/ONEFlux/data/US-ARc_sample_output/99_fluxnet2015/FLX_US-ARc_FLUXNET2015_FULLSET_DD_2005-2006_beta-5.csv [oneflux.pipeline.common]
2025-06-13 07:12:03.477 [INFO    ] Variable 'RECO_NT_CUT_REF' might be missing from headers of file: /global/home/users/sytoanngo/ONEFlux/data/US-ARc_sample_output/99_fluxnet2015/FLX_US-ARc_FLUXNET2015_FULLSET_DD_2005-2006_beta-5.csv [oneflux.pipeline.common]
2025-06-13 07:12:03.477 [INFO    ] Variable 'GPP_NT_CUT_REF' might be missing from headers of file: /global/home/users/sytoanngo/ONEFlux/data/US-ARc_sample_output/99_fluxnet2015/FLX_US-ARc_FLUXNET2015_FULLSET_DD_2005-2006_beta-5.csv [oneflux.pipeline.common]
2025-06-13 07:12:03.477 [INFO    ] Variable 'RECO_DT_CUT_REF' might be missing from headers of file: /global/home/users/sytoanngo/ONEFlux/data/US-ARc_sample_output/99_fluxnet2015/FLX_US-ARc_FLUXNET2015_FULLSET_DD_2005-2006_beta-5.csv [oneflux.pipeline.common]
2025-06-13 07:12:03.477 [INFO    ] Variable 'GPP_DT_CUT_REF' might be missing from headers of file: /global/home/users/sytoanngo/ONEFlux/data/US-ARc_sample_output/99_fluxnet2015/FLX_US-ARc_FLUXNET2015_FULLSET_DD_2005-2006_beta-5.csv [oneflux.pipeline.common]
2025-06-13 07:12:03.477 [INFO    ] Variable 'TS_F_MDS_2' might be missing from headers of file: /global/home/users/sytoanngo/ONEFlux/data/US-ARc_sample_output/99_fluxnet2015/FLX_US-ARc_FLUXNET2015_FULLSET_DD_2005-2006_beta-5.csv [oneflux.pipeline.common]
2025-06-13 07:12:03.477 [INFO    ] Variable 'TS_F_MDS_3' might be missing from headers of file: /global/home/users/sytoanngo/ONEFlux/data/US-ARc_sample_output/99_fluxnet2015/FLX_US-ARc_FLUXNET2015_FULLSET_DD_2005-2006_beta-5.csv [oneflux.pipeline.common]
2025-06-13 07:12:03.477 [INFO    ] Variable 'TS_F_MDS_4' might be missing from headers of file: /global/home/users/sytoanngo/ONEFlux/data/US-ARc_sample_output/99_fluxnet2015/FLX_US-ARc_FLUXNET2015_FULLSET_DD_2005-2006_beta-5.csv [oneflux.pipeline.common]
2025-06-13 07:12:03.477 [INFO    ] Variable 'TS_F_MDS_5' might be missing from headers of file: /global/home/users/sytoanngo/ONEFlux/data/US-ARc_sample_output/99_fluxnet2015/FLX_US-ARc_FLUXNET2015_FULLSET_DD_2005-2006_beta-5.csv [oneflux.pipeline.common]
2025-06-13 07:12:03.477 [INFO    ] Variable 'TS_F_MDS_6' might be missing from headers of file: /global/home/users/sytoanngo/ONEFlux/data/US-ARc_sample_output/99_fluxnet2015/FLX_US-ARc_FLUXNET2015_FULLSET_DD_2005-2006_beta-5.csv [oneflux.pipeline.common]
2025-06-13 07:12:03.477 [INFO    ] Variable 'TS_F_MDS_7' might be missing from headers of file: /global/home/users/sytoanngo/ONEFlux/data/US-ARc_sample_output/99_fluxnet2015/FLX_US-ARc_FLUXNET2015_FULLSET_DD_2005-2006_beta-5.csv [oneflux.pipeline.common]
2025-06-13 07:12:03.477 [INFO    ] Variable 'TS_F_MDS_8' might be missing from headers of file: /global/home/users/sytoanngo/ONEFlux/data/US-ARc_sample_output/99_fluxnet2015/FLX_US-ARc_FLUXNET2015_FULLSET_DD_2005-2006_beta-5.csv [oneflux.pipeline.common]
2025-06-13 07:12:03.477 [INFO    ] Variable 'TS_F_MDS_9' might be missing from headers of file: /global/home/users/sytoanngo/ONEFlux/data/US-ARc_sample_output/99_fluxnet2015/FLX_US-ARc_FLUXNET2015_FULLSET_DD_2005-2006_beta-5.csv [oneflux.pipeline.common]
2025-06-13 07:12:03.478 [INFO    ] Variable 'TS_F_MDS_10' might be missing from headers of file: /global/home/users/sytoanngo/ONEFlux/data/US-ARc_sample_output/99_fluxnet2015/FLX_US-ARc_FLUXNET2015_FULLSET_DD_2005-2006_beta-5.csv [oneflux.pipeline.common]
2025-06-13 07:12:03.478 [INFO    ] Variable 'TS_F_MDS_11' might be missing from headers of file: /global/home/users/sytoanngo/ONEFlux/data/US-ARc_sample_output/99_fluxnet2015/FLX_US-ARc_FLUXNET2015_FULLSET_DD_2005-2006_beta-5.csv [oneflux.pipeline.common]
2025-06-13 07:12:03.478 [INFO    ] Variable 'TS_F_MDS_12' might be missing from headers of file: /global/home/users/sytoanngo/ONEFlux/data/US-ARc_sample_output/99_fluxnet2015/FLX_US-ARc_FLUXNET2015_FULLSET_DD_2005-2006_beta-5.csv [oneflux.pipeline.common]
2025-06-13 07:12:03.478 [INFO    ] Variable 'TS_F_MDS_13' might be missing from headers of file: /global/home/users/sytoanngo/ONEFlux/data/US-ARc_sample_output/99_fluxnet2015/FLX_US-ARc_FLUXNET2015_FULLSET_DD_2005-2006_beta-5.csv [oneflux.pipeline.common]
2025-06-13 07:12:03.478 [INFO    ] Variable 'TS_F_MDS_14' might be missing from headers of file: /global/home/users/sytoanngo/ONEFlux/data/US-ARc_sample_output/99_fluxnet2015/FLX_US-ARc_FLUXNET2015_FULLSET_DD_2005-2006_beta-5.csv [oneflux.pipeline.common]
2025-06-13 07:12:03.478 [INFO    ] Variable 'TS_F_MDS_15' might be missing from headers of file: /global/home/users/sytoanngo/ONEFlux/data/US-ARc_sample_output/99_fluxnet2015/FLX_US-ARc_FLUXNET2015_FULLSET_DD_2005-2006_beta-5.csv [oneflux.pipeline.common]
2025-06-13 07:12:03.478 [INFO    ] Variable 'TS_F_MDS_16' might be missing from headers of file: /global/home/users/sytoanngo/ONEFlux/data/US-ARc_sample_output/99_fluxnet2015/FLX_US-ARc_FLUXNET2015_FULLSET_DD_2005-2006_beta-5.csv [oneflux.pipeline.common]
2025-06-13 07:12:03.478 [INFO    ] Variable 'TS_F_MDS_17' might be missing from headers of file: /global/home/users/sytoanngo/ONEFlux/data/US-ARc_sample_output/99_fluxnet2015/FLX_US-ARc_FLUXNET2015_FULLSET_DD_2005-2006_beta-5.csv [oneflux.pipeline.common]
2025-06-13 07:12:03.478 [INFO    ] Variable 'TS_F_MDS_18' might be missing from headers of file: /global/home/users/sytoanngo/ONEFlux/data/US-ARc_sample_output/99_fluxnet2015/FLX_US-ARc_FLUXNET2015_FULLSET_DD_2005-2006_beta-5.csv [oneflux.pipeline.common]
2025-06-13 07:12:03.478 [INFO    ] Variable 'TS_F_MDS_19' might be missing from headers of file: /global/home/users/sytoanngo/ONEFlux/data/US-ARc_sample_output/99_fluxnet2015/FLX_US-ARc_FLUXNET2015_FULLSET_DD_2005-2006_beta-5.csv [oneflux.pipeline.common]
2025-06-13 07:12:03.478 [INFO    ] Variable 'TS_F_MDS_2_QC' might be missing from headers of file: /global/home/users/sytoanngo/ONEFlux/data/US-ARc_sample_output/99_fluxnet2015/FLX_US-ARc_FLUXNET2015_FULLSET_DD_2005-2006_beta-5.csv [oneflux.pipeline.common]
2025-06-13 07:12:03.478 [INFO    ] Variable 'TS_F_MDS_3_QC' might be missing from headers of file: /global/home/users/sytoanngo/ONEFlux/data/US-ARc_sample_output/99_fluxnet2015/FLX_US-ARc_FLUXNET2015_FULLSET_DD_2005-2006_beta-5.csv [oneflux.pipeline.common]
2025-06-13 07:12:03.478 [INFO    ] Variable 'TS_F_MDS_4_QC' might be missing from headers of file: /global/home/users/sytoanngo/ONEFlux/data/US-ARc_sample_output/99_fluxnet2015/FLX_US-ARc_FLUXNET2015_FULLSET_DD_2005-2006_beta-5.csv [oneflux.pipeline.common]
2025-06-13 07:12:03.478 [INFO    ] Variable 'TS_F_MDS_5_QC' might be missing from headers of file: /global/home/users/sytoanngo/ONEFlux/data/US-ARc_sample_output/99_fluxnet2015/FLX_US-ARc_FLUXNET2015_FULLSET_DD_2005-2006_beta-5.csv [oneflux.pipeline.common]
2025-06-13 07:12:03.478 [INFO    ] Variable 'TS_F_MDS_6_QC' might be missing from headers of file: /global/home/users/sytoanngo/ONEFlux/data/US-ARc_sample_output/99_fluxnet2015/FLX_US-ARc_FLUXNET2015_FULLSET_DD_2005-2006_beta-5.csv [oneflux.pipeline.common]
2025-06-13 07:12:03.479 [INFO    ] Variable 'TS_F_MDS_7_QC' might be missing from headers of file: /global/home/users/sytoanngo/ONEFlux/data/US-ARc_sample_output/99_fluxnet2015/FLX_US-ARc_FLUXNET2015_FULLSET_DD_2005-2006_beta-5.csv [oneflux.pipeline.common]
2025-06-13 07:12:03.479 [INFO    ] Variable 'TS_F_MDS_8_QC' might be missing from headers of file: /global/home/users/sytoanngo/ONEFlux/data/US-ARc_sample_output/99_fluxnet2015/FLX_US-ARc_FLUXNET2015_FULLSET_DD_2005-2006_beta-5.csv [oneflux.pipeline.common]
2025-06-13 07:12:03.479 [INFO    ] Variable 'TS_F_MDS_9_QC' might be missing from headers of file: /global/home/users/sytoanngo/ONEFlux/data/US-ARc_sample_output/99_fluxnet2015/FLX_US-ARc_FLUXNET2015_FULLSET_DD_2005-2006_beta-5.csv [oneflux.pipeline.common]
2025-06-13 07:12:03.479 [INFO    ] Variable 'TS_F_MDS_10_QC' might be missing from headers of file: /global/home/users/sytoanngo/ONEFlux/data/US-ARc_sample_output/99_fluxnet2015/FLX_US-ARc_FLUXNET2015_FULLSET_DD_2005-2006_beta-5.csv [oneflux.pipeline.common]
2025-06-13 07:12:03.479 [INFO    ] Variable 'TS_F_MDS_11_QC' might be missing from headers of file: /global/home/users/sytoanngo/ONEFlux/data/US-ARc_sample_output/99_fluxnet2015/FLX_US-ARc_FLUXNET2015_FULLSET_DD_2005-2006_beta-5.csv [oneflux.pipeline.common]
2025-06-13 07:12:03.479 [INFO    ] Variable 'TS_F_MDS_12_QC' might be missing from headers of file: /global/home/users/sytoanngo/ONEFlux/data/US-ARc_sample_output/99_fluxnet2015/FLX_US-ARc_FLUXNET2015_FULLSET_DD_2005-2006_beta-5.csv [oneflux.pipeline.common]
2025-06-13 07:12:03.479 [INFO    ] Variable 'TS_F_MDS_13_QC' might be missing from headers of file: /global/home/users/sytoanngo/ONEFlux/data/US-ARc_sample_output/99_fluxnet2015/FLX_US-ARc_FLUXNET2015_FULLSET_DD_2005-2006_beta-5.csv [oneflux.pipeline.common]
2025-06-13 07:12:03.479 [INFO    ] Variable 'TS_F_MDS_14_QC' might be missing from headers of file: /global/home/users/sytoanngo/ONEFlux/data/US-ARc_sample_output/99_fluxnet2015/FLX_US-ARc_FLUXNET2015_FULLSET_DD_2005-2006_beta-5.csv [oneflux.pipeline.common]
2025-06-13 07:12:03.479 [INFO    ] Variable 'TS_F_MDS_15_QC' might be missing from headers of file: /global/home/users/sytoanngo/ONEFlux/data/US-ARc_sample_output/99_fluxnet2015/FLX_US-ARc_FLUXNET2015_FULLSET_DD_2005-2006_beta-5.csv [oneflux.pipeline.common]
2025-06-13 07:12:03.479 [INFO    ] Variable 'TS_F_MDS_16_QC' might be missing from headers of file: /global/home/users/sytoanngo/ONEFlux/data/US-ARc_sample_output/99_fluxnet2015/FLX_US-ARc_FLUXNET2015_FULLSET_DD_2005-2006_beta-5.csv [oneflux.pipeline.common]
2025-06-13 07:12:03.479 [INFO    ] Variable 'TS_F_MDS_17_QC' might be missing from headers of file: /global/home/users/sytoanngo/ONEFlux/data/US-ARc_sample_output/99_fluxnet2015/FLX_US-ARc_FLUXNET2015_FULLSET_DD_2005-2006_beta-5.csv [oneflux.pipeline.common]
2025-06-13 07:12:03.479 [INFO    ] Variable 'TS_F_MDS_18_QC' might be missing from headers of file: /global/home/users/sytoanngo/ONEFlux/data/US-ARc_sample_output/99_fluxnet2015/FLX_US-ARc_FLUXNET2015_FULLSET_DD_2005-2006_beta-5.csv [oneflux.pipeline.common]
2025-06-13 07:12:03.480 [INFO    ] Variable 'TS_F_MDS_19_QC' might be missing from headers of file: /global/home/users/sytoanngo/ONEFlux/data/US-ARc_sample_output/99_fluxnet2015/FLX_US-ARc_FLUXNET2015_FULLSET_DD_2005-2006_beta-5.csv [oneflux.pipeline.common]
2025-06-13 07:12:03.480 [INFO    ] Variable 'SWC_F_MDS_2' might be missing from headers of file: /global/home/users/sytoanngo/ONEFlux/data/US-ARc_sample_output/99_fluxnet2015/FLX_US-ARc_FLUXNET2015_FULLSET_DD_2005-2006_beta-5.csv [oneflux.pipeline.common]
2025-06-13 07:12:03.480 [INFO    ] Variable 'SWC_F_MDS_3' might be missing from headers of file: /global/home/users/sytoanngo/ONEFlux/data/US-ARc_sample_output/99_fluxnet2015/FLX_US-ARc_FLUXNET2015_FULLSET_DD_2005-2006_beta-5.csv [oneflux.pipeline.common]
2025-06-13 07:12:03.480 [INFO    ] Variable 'SWC_F_MDS_4' might be missing from headers of file: /global/home/users/sytoanngo/ONEFlux/data/US-ARc_sample_output/99_fluxnet2015/FLX_US-ARc_FLUXNET2015_FULLSET_DD_2005-2006_beta-5.csv [oneflux.pipeline.common]
2025-06-13 07:12:03.480 [INFO    ] Variable 'SWC_F_MDS_5' might be missing from headers of file: /global/home/users/sytoanngo/ONEFlux/data/US-ARc_sample_output/99_fluxnet2015/FLX_US-ARc_FLUXNET2015_FULLSET_DD_2005-2006_beta-5.csv [oneflux.pipeline.common]
2025-06-13 07:12:03.480 [INFO    ] Variable 'SWC_F_MDS_6' might be missing from headers of file: /global/home/users/sytoanngo/ONEFlux/data/US-ARc_sample_output/99_fluxnet2015/FLX_US-ARc_FLUXNET2015_FULLSET_DD_2005-2006_beta-5.csv [oneflux.pipeline.common]
2025-06-13 07:12:03.480 [INFO    ] Variable 'SWC_F_MDS_7' might be missing from headers of file: /global/home/users/sytoanngo/ONEFlux/data/US-ARc_sample_output/99_fluxnet2015/FLX_US-ARc_FLUXNET2015_FULLSET_DD_2005-2006_beta-5.csv [oneflux.pipeline.common]
2025-06-13 07:12:03.480 [INFO    ] Variable 'SWC_F_MDS_8' might be missing from headers of file: /global/home/users/sytoanngo/ONEFlux/data/US-ARc_sample_output/99_fluxnet2015/FLX_US-ARc_FLUXNET2015_FULLSET_DD_2005-2006_beta-5.csv [oneflux.pipeline.common]
2025-06-13 07:12:03.480 [INFO    ] Variable 'SWC_F_MDS_9' might be missing from headers of file: /global/home/users/sytoanngo/ONEFlux/data/US-ARc_sample_output/99_fluxnet2015/FLX_US-ARc_FLUXNET2015_FULLSET_DD_2005-2006_beta-5.csv [oneflux.pipeline.common]
2025-06-13 07:12:03.480 [INFO    ] Variable 'SWC_F_MDS_10' might be missing from headers of file: /global/home/users/sytoanngo/ONEFlux/data/US-ARc_sample_output/99_fluxnet2015/FLX_US-ARc_FLUXNET2015_FULLSET_DD_2005-2006_beta-5.csv [oneflux.pipeline.common]
2025-06-13 07:12:03.480 [INFO    ] Variable 'SWC_F_MDS_11' might be missing from headers of file: /global/home/users/sytoanngo/ONEFlux/data/US-ARc_sample_output/99_fluxnet2015/FLX_US-ARc_FLUXNET2015_FULLSET_DD_2005-2006_beta-5.csv [oneflux.pipeline.common]
2025-06-13 07:12:03.480 [INFO    ] Variable 'SWC_F_MDS_12' might be missing from headers of file: /global/home/users/sytoanngo/ONEFlux/data/US-ARc_sample_output/99_fluxnet2015/FLX_US-ARc_FLUXNET2015_FULLSET_DD_2005-2006_beta-5.csv [oneflux.pipeline.common]
2025-06-13 07:12:03.480 [INFO    ] Variable 'SWC_F_MDS_13' might be missing from headers of file: /global/home/users/sytoanngo/ONEFlux/data/US-ARc_sample_output/99_fluxnet2015/FLX_US-ARc_FLUXNET2015_FULLSET_DD_2005-2006_beta-5.csv [oneflux.pipeline.common]
2025-06-13 07:12:03.481 [INFO    ] Variable 'SWC_F_MDS_14' might be missing from headers of file: /global/home/users/sytoanngo/ONEFlux/data/US-ARc_sample_output/99_fluxnet2015/FLX_US-ARc_FLUXNET2015_FULLSET_DD_2005-2006_beta-5.csv [oneflux.pipeline.common]
2025-06-13 07:12:03.481 [INFO    ] Variable 'SWC_F_MDS_15' might be missing from headers of file: /global/home/users/sytoanngo/ONEFlux/data/US-ARc_sample_output/99_fluxnet2015/FLX_US-ARc_FLUXNET2015_FULLSET_DD_2005-2006_beta-5.csv [oneflux.pipeline.common]
2025-06-13 07:12:03.481 [INFO    ] Variable 'SWC_F_MDS_16' might be missing from headers of file: /global/home/users/sytoanngo/ONEFlux/data/US-ARc_sample_output/99_fluxnet2015/FLX_US-ARc_FLUXNET2015_FULLSET_DD_2005-2006_beta-5.csv [oneflux.pipeline.common]
2025-06-13 07:12:03.481 [INFO    ] Variable 'SWC_F_MDS_17' might be missing from headers of file: /global/home/users/sytoanngo/ONEFlux/data/US-ARc_sample_output/99_fluxnet2015/FLX_US-ARc_FLUXNET2015_FULLSET_DD_2005-2006_beta-5.csv [oneflux.pipeline.common]
2025-06-13 07:12:03.481 [INFO    ] Variable 'SWC_F_MDS_18' might be missing from headers of file: /global/home/users/sytoanngo/ONEFlux/data/US-ARc_sample_output/99_fluxnet2015/FLX_US-ARc_FLUXNET2015_FULLSET_DD_2005-2006_beta-5.csv [oneflux.pipeline.common]
2025-06-13 07:12:03.481 [INFO    ] Variable 'SWC_F_MDS_19' might be missing from headers of file: /global/home/users/sytoanngo/ONEFlux/data/US-ARc_sample_output/99_fluxnet2015/FLX_US-ARc_FLUXNET2015_FULLSET_DD_2005-2006_beta-5.csv [oneflux.pipeline.common]
2025-06-13 07:12:03.481 [INFO    ] Variable 'SWC_F_MDS_2_QC' might be missing from headers of file: /global/home/users/sytoanngo/ONEFlux/data/US-ARc_sample_output/99_fluxnet2015/FLX_US-ARc_FLUXNET2015_FULLSET_DD_2005-2006_beta-5.csv [oneflux.pipeline.common]
2025-06-13 07:12:03.481 [INFO    ] Variable 'SWC_F_MDS_3_QC' might be missing from headers of file: /global/home/users/sytoanngo/ONEFlux/data/US-ARc_sample_output/99_fluxnet2015/FLX_US-ARc_FLUXNET2015_FULLSET_DD_2005-2006_beta-5.csv [oneflux.pipeline.common]
2025-06-13 07:12:03.481 [INFO    ] Variable 'SWC_F_MDS_4_QC' might be missing from headers of file: /global/home/users/sytoanngo/ONEFlux/data/US-ARc_sample_output/99_fluxnet2015/FLX_US-ARc_FLUXNET2015_FULLSET_DD_2005-2006_beta-5.csv [oneflux.pipeline.common]
2025-06-13 07:12:03.481 [INFO    ] Variable 'SWC_F_MDS_5_QC' might be missing from headers of file: /global/home/users/sytoanngo/ONEFlux/data/US-ARc_sample_output/99_fluxnet2015/FLX_US-ARc_FLUXNET2015_FULLSET_DD_2005-2006_beta-5.csv [oneflux.pipeline.common]
2025-06-13 07:12:03.481 [INFO    ] Variable 'SWC_F_MDS_6_QC' might be missing from headers of file: /global/home/users/sytoanngo/ONEFlux/data/US-ARc_sample_output/99_fluxnet2015/FLX_US-ARc_FLUXNET2015_FULLSET_DD_2005-2006_beta-5.csv [oneflux.pipeline.common]
2025-06-13 07:12:03.481 [INFO    ] Variable 'SWC_F_MDS_7_QC' might be missing from headers of file: /global/home/users/sytoanngo/ONEFlux/data/US-ARc_sample_output/99_fluxnet2015/FLX_US-ARc_FLUXNET2015_FULLSET_DD_2005-2006_beta-5.csv [oneflux.pipeline.common]
2025-06-13 07:12:03.482 [INFO    ] Variable 'SWC_F_MDS_8_QC' might be missing from headers of file: /global/home/users/sytoanngo/ONEFlux/data/US-ARc_sample_output/99_fluxnet2015/FLX_US-ARc_FLUXNET2015_FULLSET_DD_2005-2006_beta-5.csv [oneflux.pipeline.common]
2025-06-13 07:12:03.482 [INFO    ] Variable 'SWC_F_MDS_9_QC' might be missing from headers of file: /global/home/users/sytoanngo/ONEFlux/data/US-ARc_sample_output/99_fluxnet2015/FLX_US-ARc_FLUXNET2015_FULLSET_DD_2005-2006_beta-5.csv [oneflux.pipeline.common]
2025-06-13 07:12:03.482 [INFO    ] Variable 'SWC_F_MDS_10_QC' might be missing from headers of file: /global/home/users/sytoanngo/ONEFlux/data/US-ARc_sample_output/99_fluxnet2015/FLX_US-ARc_FLUXNET2015_FULLSET_DD_2005-2006_beta-5.csv [oneflux.pipeline.common]
2025-06-13 07:12:03.482 [INFO    ] Variable 'SWC_F_MDS_11_QC' might be missing from headers of file: /global/home/users/sytoanngo/ONEFlux/data/US-ARc_sample_output/99_fluxnet2015/FLX_US-ARc_FLUXNET2015_FULLSET_DD_2005-2006_beta-5.csv [oneflux.pipeline.common]
2025-06-13 07:12:03.482 [INFO    ] Variable 'SWC_F_MDS_12_QC' might be missing from headers of file: /global/home/users/sytoanngo/ONEFlux/data/US-ARc_sample_output/99_fluxnet2015/FLX_US-ARc_FLUXNET2015_FULLSET_DD_2005-2006_beta-5.csv [oneflux.pipeline.common]
2025-06-13 07:12:03.482 [INFO    ] Variable 'SWC_F_MDS_13_QC' might be missing from headers of file: /global/home/users/sytoanngo/ONEFlux/data/US-ARc_sample_output/99_fluxnet2015/FLX_US-ARc_FLUXNET2015_FULLSET_DD_2005-2006_beta-5.csv [oneflux.pipeline.common]
2025-06-13 07:12:03.482 [INFO    ] Variable 'SWC_F_MDS_14_QC' might be missing from headers of file: /global/home/users/sytoanngo/ONEFlux/data/US-ARc_sample_output/99_fluxnet2015/FLX_US-ARc_FLUXNET2015_FULLSET_DD_2005-2006_beta-5.csv [oneflux.pipeline.common]
2025-06-13 07:12:03.482 [INFO    ] Variable 'SWC_F_MDS_15_QC' might be missing from headers of file: /global/home/users/sytoanngo/ONEFlux/data/US-ARc_sample_output/99_fluxnet2015/FLX_US-ARc_FLUXNET2015_FULLSET_DD_2005-2006_beta-5.csv [oneflux.pipeline.common]
2025-06-13 07:12:03.482 [INFO    ] Variable 'SWC_F_MDS_16_QC' might be missing from headers of file: /global/home/users/sytoanngo/ONEFlux/data/US-ARc_sample_output/99_fluxnet2015/FLX_US-ARc_FLUXNET2015_FULLSET_DD_2005-2006_beta-5.csv [oneflux.pipeline.common]
2025-06-13 07:12:03.482 [INFO    ] Variable 'SWC_F_MDS_17_QC' might be missing from headers of file: /global/home/users/sytoanngo/ONEFlux/data/US-ARc_sample_output/99_fluxnet2015/FLX_US-ARc_FLUXNET2015_FULLSET_DD_2005-2006_beta-5.csv [oneflux.pipeline.common]
2025-06-13 07:12:03.482 [INFO    ] Variable 'SWC_F_MDS_18_QC' might be missing from headers of file: /global/home/users/sytoanngo/ONEFlux/data/US-ARc_sample_output/99_fluxnet2015/FLX_US-ARc_FLUXNET2015_FULLSET_DD_2005-2006_beta-5.csv [oneflux.pipeline.common]
2025-06-13 07:12:03.482 [INFO    ] Variable 'SWC_F_MDS_19_QC' might be missing from headers of file: /global/home/users/sytoanngo/ONEFlux/data/US-ARc_sample_output/99_fluxnet2015/FLX_US-ARc_FLUXNET2015_FULLSET_DD_2005-2006_beta-5.csv [oneflux.pipeline.common]
2025-06-13 07:12:03.483 [INFO    ] Variable 'NEE_CUT_05' might be missing from headers of file: /global/home/users/sytoanngo/ONEFlux/data/US-ARc_sample_output/99_fluxnet2015/FLX_US-ARc_FLUXNET2015_FULLSET_DD_2005-2006_beta-5.csv [oneflux.pipeline.common]
2025-06-13 07:12:03.483 [INFO    ] Variable 'NEE_CUT_16' might be missing from headers of file: /global/home/users/sytoanngo/ONEFlux/data/US-ARc_sample_output/99_fluxnet2015/FLX_US-ARc_FLUXNET2015_FULLSET_DD_2005-2006_beta-5.csv [oneflux.pipeline.common]
2025-06-13 07:12:03.483 [INFO    ] Variable 'NEE_CUT_25' might be missing from headers of file: /global/home/users/sytoanngo/ONEFlux/data/US-ARc_sample_output/99_fluxnet2015/FLX_US-ARc_FLUXNET2015_FULLSET_DD_2005-2006_beta-5.csv [oneflux.pipeline.common]
2025-06-13 07:12:03.483 [INFO    ] Variable 'NEE_CUT_50' might be missing from headers of file: /global/home/users/sytoanngo/ONEFlux/data/US-ARc_sample_output/99_fluxnet2015/FLX_US-ARc_FLUXNET2015_FULLSET_DD_2005-2006_beta-5.csv [oneflux.pipeline.common]
2025-06-13 07:12:03.483 [INFO    ] Variable 'NEE_CUT_75' might be missing from headers of file: /global/home/users/sytoanngo/ONEFlux/data/US-ARc_sample_output/99_fluxnet2015/FLX_US-ARc_FLUXNET2015_FULLSET_DD_2005-2006_beta-5.csv [oneflux.pipeline.common]
2025-06-13 07:12:03.483 [INFO    ] Variable 'NEE_CUT_84' might be missing from headers of file: /global/home/users/sytoanngo/ONEFlux/data/US-ARc_sample_output/99_fluxnet2015/FLX_US-ARc_FLUXNET2015_FULLSET_DD_2005-2006_beta-5.csv [oneflux.pipeline.common]
2025-06-13 07:12:03.483 [INFO    ] Variable 'NEE_CUT_95' might be missing from headers of file: /global/home/users/sytoanngo/ONEFlux/data/US-ARc_sample_output/99_fluxnet2015/FLX_US-ARc_FLUXNET2015_FULLSET_DD_2005-2006_beta-5.csv [oneflux.pipeline.common]
2025-06-13 07:12:03.483 [INFO    ] Variable 'NEE_CUT_05_QC' might be missing from headers of file: /global/home/users/sytoanngo/ONEFlux/data/US-ARc_sample_output/99_fluxnet2015/FLX_US-ARc_FLUXNET2015_FULLSET_DD_2005-2006_beta-5.csv [oneflux.pipeline.common]
2025-06-13 07:12:03.483 [INFO    ] Variable 'NEE_CUT_16_QC' might be missing from headers of file: /global/home/users/sytoanngo/ONEFlux/data/US-ARc_sample_output/99_fluxnet2015/FLX_US-ARc_FLUXNET2015_FULLSET_DD_2005-2006_beta-5.csv [oneflux.pipeline.common]
2025-06-13 07:12:03.483 [INFO    ] Variable 'NEE_CUT_25_QC' might be missing from headers of file: /global/home/users/sytoanngo/ONEFlux/data/US-ARc_sample_output/99_fluxnet2015/FLX_US-ARc_FLUXNET2015_FULLSET_DD_2005-2006_beta-5.csv [oneflux.pipeline.common]
2025-06-13 07:12:03.483 [INFO    ] Variable 'NEE_CUT_50_QC' might be missing from headers of file: /global/home/users/sytoanngo/ONEFlux/data/US-ARc_sample_output/99_fluxnet2015/FLX_US-ARc_FLUXNET2015_FULLSET_DD_2005-2006_beta-5.csv [oneflux.pipeline.common]
2025-06-13 07:12:03.483 [INFO    ] Variable 'NEE_CUT_75_QC' might be missing from headers of file: /global/home/users/sytoanngo/ONEFlux/data/US-ARc_sample_output/99_fluxnet2015/FLX_US-ARc_FLUXNET2015_FULLSET_DD_2005-2006_beta-5.csv [oneflux.pipeline.common]
2025-06-13 07:12:03.483 [INFO    ] Variable 'NEE_CUT_84_QC' might be missing from headers of file: /global/home/users/sytoanngo/ONEFlux/data/US-ARc_sample_output/99_fluxnet2015/FLX_US-ARc_FLUXNET2015_FULLSET_DD_2005-2006_beta-5.csv [oneflux.pipeline.common]
2025-06-13 07:12:03.484 [INFO    ] Variable 'NEE_CUT_95_QC' might be missing from headers of file: /global/home/users/sytoanngo/ONEFlux/data/US-ARc_sample_output/99_fluxnet2015/FLX_US-ARc_FLUXNET2015_FULLSET_DD_2005-2006_beta-5.csv [oneflux.pipeline.common]
2025-06-13 07:12:03.484 [INFO    ] Variable 'RECO_NT_CUT_05' might be missing from headers of file: /global/home/users/sytoanngo/ONEFlux/data/US-ARc_sample_output/99_fluxnet2015/FLX_US-ARc_FLUXNET2015_FULLSET_DD_2005-2006_beta-5.csv [oneflux.pipeline.common]
2025-06-13 07:12:03.484 [INFO    ] Variable 'RECO_NT_CUT_16' might be missing from headers of file: /global/home/users/sytoanngo/ONEFlux/data/US-ARc_sample_output/99_fluxnet2015/FLX_US-ARc_FLUXNET2015_FULLSET_DD_2005-2006_beta-5.csv [oneflux.pipeline.common]
2025-06-13 07:12:03.484 [INFO    ] Variable 'RECO_NT_CUT_25' might be missing from headers of file: /global/home/users/sytoanngo/ONEFlux/data/US-ARc_sample_output/99_fluxnet2015/FLX_US-ARc_FLUXNET2015_FULLSET_DD_2005-2006_beta-5.csv [oneflux.pipeline.common]
2025-06-13 07:12:03.484 [INFO    ] Variable 'RECO_NT_CUT_50' might be missing from headers of file: /global/home/users/sytoanngo/ONEFlux/data/US-ARc_sample_output/99_fluxnet2015/FLX_US-ARc_FLUXNET2015_FULLSET_DD_2005-2006_beta-5.csv [oneflux.pipeline.common]
2025-06-13 07:12:03.484 [INFO    ] Variable 'RECO_NT_CUT_75' might be missing from headers of file: /global/home/users/sytoanngo/ONEFlux/data/US-ARc_sample_output/99_fluxnet2015/FLX_US-ARc_FLUXNET2015_FULLSET_DD_2005-2006_beta-5.csv [oneflux.pipeline.common]
2025-06-13 07:12:03.484 [INFO    ] Variable 'RECO_NT_CUT_84' might be missing from headers of file: /global/home/users/sytoanngo/ONEFlux/data/US-ARc_sample_output/99_fluxnet2015/FLX_US-ARc_FLUXNET2015_FULLSET_DD_2005-2006_beta-5.csv [oneflux.pipeline.common]
2025-06-13 07:12:03.484 [INFO    ] Variable 'RECO_NT_CUT_95' might be missing from headers of file: /global/home/users/sytoanngo/ONEFlux/data/US-ARc_sample_output/99_fluxnet2015/FLX_US-ARc_FLUXNET2015_FULLSET_DD_2005-2006_beta-5.csv [oneflux.pipeline.common]
2025-06-13 07:12:03.484 [INFO    ] Variable 'GPP_NT_CUT_05' might be missing from headers of file: /global/home/users/sytoanngo/ONEFlux/data/US-ARc_sample_output/99_fluxnet2015/FLX_US-ARc_FLUXNET2015_FULLSET_DD_2005-2006_beta-5.csv [oneflux.pipeline.common]
2025-06-13 07:12:03.484 [INFO    ] Variable 'GPP_NT_CUT_16' might be missing from headers of file: /global/home/users/sytoanngo/ONEFlux/data/US-ARc_sample_output/99_fluxnet2015/FLX_US-ARc_FLUXNET2015_FULLSET_DD_2005-2006_beta-5.csv [oneflux.pipeline.common]
2025-06-13 07:12:03.484 [INFO    ] Variable 'GPP_NT_CUT_25' might be missing from headers of file: /global/home/users/sytoanngo/ONEFlux/data/US-ARc_sample_output/99_fluxnet2015/FLX_US-ARc_FLUXNET2015_FULLSET_DD_2005-2006_beta-5.csv [oneflux.pipeline.common]
2025-06-13 07:12:03.484 [INFO    ] Variable 'GPP_NT_CUT_50' might be missing from headers of file: /global/home/users/sytoanngo/ONEFlux/data/US-ARc_sample_output/99_fluxnet2015/FLX_US-ARc_FLUXNET2015_FULLSET_DD_2005-2006_beta-5.csv [oneflux.pipeline.common]
2025-06-13 07:12:03.485 [INFO    ] Variable 'GPP_NT_CUT_75' might be missing from headers of file: /global/home/users/sytoanngo/ONEFlux/data/US-ARc_sample_output/99_fluxnet2015/FLX_US-ARc_FLUXNET2015_FULLSET_DD_2005-2006_beta-5.csv [oneflux.pipeline.common]
2025-06-13 07:12:03.485 [INFO    ] Variable 'GPP_NT_CUT_84' might be missing from headers of file: /global/home/users/sytoanngo/ONEFlux/data/US-ARc_sample_output/99_fluxnet2015/FLX_US-ARc_FLUXNET2015_FULLSET_DD_2005-2006_beta-5.csv [oneflux.pipeline.common]
2025-06-13 07:12:03.485 [INFO    ] Variable 'GPP_NT_CUT_95' might be missing from headers of file: /global/home/users/sytoanngo/ONEFlux/data/US-ARc_sample_output/99_fluxnet2015/FLX_US-ARc_FLUXNET2015_FULLSET_DD_2005-2006_beta-5.csv [oneflux.pipeline.common]
2025-06-13 07:12:03.485 [INFO    ] Variable 'RECO_DT_CUT_05' might be missing from headers of file: /global/home/users/sytoanngo/ONEFlux/data/US-ARc_sample_output/99_fluxnet2015/FLX_US-ARc_FLUXNET2015_FULLSET_DD_2005-2006_beta-5.csv [oneflux.pipeline.common]
2025-06-13 07:12:03.485 [INFO    ] Variable 'RECO_DT_CUT_16' might be missing from headers of file: /global/home/users/sytoanngo/ONEFlux/data/US-ARc_sample_output/99_fluxnet2015/FLX_US-ARc_FLUXNET2015_FULLSET_DD_2005-2006_beta-5.csv [oneflux.pipeline.common]
2025-06-13 07:12:03.485 [INFO    ] Variable 'RECO_DT_CUT_25' might be missing from headers of file: /global/home/users/sytoanngo/ONEFlux/data/US-ARc_sample_output/99_fluxnet2015/FLX_US-ARc_FLUXNET2015_FULLSET_DD_2005-2006_beta-5.csv [oneflux.pipeline.common]
2025-06-13 07:12:03.485 [INFO    ] Variable 'RECO_DT_CUT_50' might be missing from headers of file: /global/home/users/sytoanngo/ONEFlux/data/US-ARc_sample_output/99_fluxnet2015/FLX_US-ARc_FLUXNET2015_FULLSET_DD_2005-2006_beta-5.csv [oneflux.pipeline.common]
2025-06-13 07:12:03.485 [INFO    ] Variable 'RECO_DT_CUT_75' might be missing from headers of file: /global/home/users/sytoanngo/ONEFlux/data/US-ARc_sample_output/99_fluxnet2015/FLX_US-ARc_FLUXNET2015_FULLSET_DD_2005-2006_beta-5.csv [oneflux.pipeline.common]
2025-06-13 07:12:03.485 [INFO    ] Variable 'RECO_DT_CUT_84' might be missing from headers of file: /global/home/users/sytoanngo/ONEFlux/data/US-ARc_sample_output/99_fluxnet2015/FLX_US-ARc_FLUXNET2015_FULLSET_DD_2005-2006_beta-5.csv [oneflux.pipeline.common]
2025-06-13 07:12:03.485 [INFO    ] Variable 'RECO_DT_CUT_95' might be missing from headers of file: /global/home/users/sytoanngo/ONEFlux/data/US-ARc_sample_output/99_fluxnet2015/FLX_US-ARc_FLUXNET2015_FULLSET_DD_2005-2006_beta-5.csv [oneflux.pipeline.common]
2025-06-13 07:12:03.485 [INFO    ] Variable 'GPP_DT_CUT_05' might be missing from headers of file: /global/home/users/sytoanngo/ONEFlux/data/US-ARc_sample_output/99_fluxnet2015/FLX_US-ARc_FLUXNET2015_FULLSET_DD_2005-2006_beta-5.csv [oneflux.pipeline.common]
2025-06-13 07:12:03.485 [INFO    ] Variable 'GPP_DT_CUT_16' might be missing from headers of file: /global/home/users/sytoanngo/ONEFlux/data/US-ARc_sample_output/99_fluxnet2015/FLX_US-ARc_FLUXNET2015_FULLSET_DD_2005-2006_beta-5.csv [oneflux.pipeline.common]
2025-06-13 07:12:03.486 [INFO    ] Variable 'GPP_DT_CUT_25' might be missing from headers of file: /global/home/users/sytoanngo/ONEFlux/data/US-ARc_sample_output/99_fluxnet2015/FLX_US-ARc_FLUXNET2015_FULLSET_DD_2005-2006_beta-5.csv [oneflux.pipeline.common]
2025-06-13 07:12:03.486 [INFO    ] Variable 'GPP_DT_CUT_50' might be missing from headers of file: /global/home/users/sytoanngo/ONEFlux/data/US-ARc_sample_output/99_fluxnet2015/FLX_US-ARc_FLUXNET2015_FULLSET_DD_2005-2006_beta-5.csv [oneflux.pipeline.common]
2025-06-13 07:12:03.486 [INFO    ] Variable 'GPP_DT_CUT_75' might be missing from headers of file: /global/home/users/sytoanngo/ONEFlux/data/US-ARc_sample_output/99_fluxnet2015/FLX_US-ARc_FLUXNET2015_FULLSET_DD_2005-2006_beta-5.csv [oneflux.pipeline.common]
2025-06-13 07:12:03.486 [INFO    ] Variable 'GPP_DT_CUT_84' might be missing from headers of file: /global/home/users/sytoanngo/ONEFlux/data/US-ARc_sample_output/99_fluxnet2015/FLX_US-ARc_FLUXNET2015_FULLSET_DD_2005-2006_beta-5.csv [oneflux.pipeline.common]
2025-06-13 07:12:03.486 [INFO    ] Variable 'GPP_DT_CUT_95' might be missing from headers of file: /global/home/users/sytoanngo/ONEFlux/data/US-ARc_sample_output/99_fluxnet2015/FLX_US-ARc_FLUXNET2015_FULLSET_DD_2005-2006_beta-5.csv [oneflux.pipeline.common]
2025-06-13 07:12:03.487 [INFO    ] Variable 'USTAR_QC' might be missing from headers of file: /global/home/users/sytoanngo/ONEFlux/data/US-ARc_sample_output/99_fluxnet2015/FLX_US-ARc_FLUXNET2015_FULLSET_HH_2005-2006_beta-5.csv [oneflux.pipeline.common]
2025-06-13 07:12:03.487 [INFO    ] Variable 'NETRAD_QC' might be missing from headers of file: /global/home/users/sytoanngo/ONEFlux/data/US-ARc_sample_output/99_fluxnet2015/FLX_US-ARc_FLUXNET2015_FULLSET_HH_2005-2006_beta-5.csv [oneflux.pipeline.common]
2025-06-13 07:12:03.487 [INFO    ] Variable 'PPFD_IN_QC' might be missing from headers of file: /global/home/users/sytoanngo/ONEFlux/data/US-ARc_sample_output/99_fluxnet2015/FLX_US-ARc_FLUXNET2015_FULLSET_HH_2005-2006_beta-5.csv [oneflux.pipeline.common]
2025-06-13 07:12:03.487 [INFO    ] Variable 'PPFD_DIF' might be missing from headers of file: /global/home/users/sytoanngo/ONEFlux/data/US-ARc_sample_output/99_fluxnet2015/FLX_US-ARc_FLUXNET2015_FULLSET_HH_2005-2006_beta-5.csv [oneflux.pipeline.common]
2025-06-13 07:12:03.487 [INFO    ] Variable 'PPFD_DIF_QC' might be missing from headers of file: /global/home/users/sytoanngo/ONEFlux/data/US-ARc_sample_output/99_fluxnet2015/FLX_US-ARc_FLUXNET2015_FULLSET_HH_2005-2006_beta-5.csv [oneflux.pipeline.common]
2025-06-13 07:12:03.488 [INFO    ] Variable 'PPFD_OUT' might be missing from headers of file: /global/home/users/sytoanngo/ONEFlux/data/US-ARc_sample_output/99_fluxnet2015/FLX_US-ARc_FLUXNET2015_FULLSET_HH_2005-2006_beta-5.csv [oneflux.pipeline.common]
2025-06-13 07:12:03.488 [INFO    ] Variable 'PPFD_OUT_QC' might be missing from headers of file: /global/home/users/sytoanngo/ONEFlux/data/US-ARc_sample_output/99_fluxnet2015/FLX_US-ARc_FLUXNET2015_FULLSET_HH_2005-2006_beta-5.csv [oneflux.pipeline.common]
2025-06-13 07:12:03.488 [INFO    ] Variable 'SW_DIF' might be missing from headers of file: /global/home/users/sytoanngo/ONEFlux/data/US-ARc_sample_output/99_fluxnet2015/FLX_US-ARc_FLUXNET2015_FULLSET_HH_2005-2006_beta-5.csv [oneflux.pipeline.common]
2025-06-13 07:12:03.488 [INFO    ] Variable 'SW_DIF_QC' might be missing from headers of file: /global/home/users/sytoanngo/ONEFlux/data/US-ARc_sample_output/99_fluxnet2015/FLX_US-ARc_FLUXNET2015_FULLSET_HH_2005-2006_beta-5.csv [oneflux.pipeline.common]
2025-06-13 07:12:03.488 [INFO    ] Variable 'SW_OUT' might be missing from headers of file: /global/home/users/sytoanngo/ONEFlux/data/US-ARc_sample_output/99_fluxnet2015/FLX_US-ARc_FLUXNET2015_FULLSET_HH_2005-2006_beta-5.csv [oneflux.pipeline.common]
2025-06-13 07:12:03.488 [INFO    ] Variable 'SW_OUT_QC' might be missing from headers of file: /global/home/users/sytoanngo/ONEFlux/data/US-ARc_sample_output/99_fluxnet2015/FLX_US-ARc_FLUXNET2015_FULLSET_HH_2005-2006_beta-5.csv [oneflux.pipeline.common]
2025-06-13 07:12:03.488 [INFO    ] Variable 'LW_OUT' might be missing from headers of file: /global/home/users/sytoanngo/ONEFlux/data/US-ARc_sample_output/99_fluxnet2015/FLX_US-ARc_FLUXNET2015_FULLSET_HH_2005-2006_beta-5.csv [oneflux.pipeline.common]
2025-06-13 07:12:03.488 [INFO    ] Variable 'LW_OUT_QC' might be missing from headers of file: /global/home/users/sytoanngo/ONEFlux/data/US-ARc_sample_output/99_fluxnet2015/FLX_US-ARc_FLUXNET2015_FULLSET_HH_2005-2006_beta-5.csv [oneflux.pipeline.common]
2025-06-13 07:12:03.488 [INFO    ] Variable 'NEE_CUT_REF' might be missing from headers of file: /global/home/users/sytoanngo/ONEFlux/data/US-ARc_sample_output/99_fluxnet2015/FLX_US-ARc_FLUXNET2015_FULLSET_HH_2005-2006_beta-5.csv [oneflux.pipeline.common]
2025-06-13 07:12:03.488 [INFO    ] Variable 'NEE_CUT_REF_QC' might be missing from headers of file: /global/home/users/sytoanngo/ONEFlux/data/US-ARc_sample_output/99_fluxnet2015/FLX_US-ARc_FLUXNET2015_FULLSET_HH_2005-2006_beta-5.csv [oneflux.pipeline.common]
2025-06-13 07:12:03.488 [INFO    ] Variable 'NEE_CUT_REF_RANDUNC' might be missing from headers of file: /global/home/users/sytoanngo/ONEFlux/data/US-ARc_sample_output/99_fluxnet2015/FLX_US-ARc_FLUXNET2015_FULLSET_HH_2005-2006_beta-5.csv [oneflux.pipeline.common]
2025-06-13 07:12:03.488 [INFO    ] Variable 'RECO_NT_CUT_REF' might be missing from headers of file: /global/home/users/sytoanngo/ONEFlux/data/US-ARc_sample_output/99_fluxnet2015/FLX_US-ARc_FLUXNET2015_FULLSET_HH_2005-2006_beta-5.csv [oneflux.pipeline.common]
2025-06-13 07:12:03.488 [INFO    ] Variable 'GPP_NT_CUT_REF' might be missing from headers of file: /global/home/users/sytoanngo/ONEFlux/data/US-ARc_sample_output/99_fluxnet2015/FLX_US-ARc_FLUXNET2015_FULLSET_HH_2005-2006_beta-5.csv [oneflux.pipeline.common]
2025-06-13 07:12:03.488 [INFO    ] Variable 'RECO_DT_CUT_REF' might be missing from headers of file: /global/home/users/sytoanngo/ONEFlux/data/US-ARc_sample_output/99_fluxnet2015/FLX_US-ARc_FLUXNET2015_FULLSET_HH_2005-2006_beta-5.csv [oneflux.pipeline.common]
2025-06-13 07:12:03.489 [INFO    ] Variable 'GPP_DT_CUT_REF' might be missing from headers of file: /global/home/users/sytoanngo/ONEFlux/data/US-ARc_sample_output/99_fluxnet2015/FLX_US-ARc_FLUXNET2015_FULLSET_HH_2005-2006_beta-5.csv [oneflux.pipeline.common]
2025-06-13 07:12:03.489 [INFO    ] Variable 'TS_F_MDS_2' might be missing from headers of file: /global/home/users/sytoanngo/ONEFlux/data/US-ARc_sample_output/99_fluxnet2015/FLX_US-ARc_FLUXNET2015_FULLSET_HH_2005-2006_beta-5.csv [oneflux.pipeline.common]
2025-06-13 07:12:03.489 [INFO    ] Variable 'TS_F_MDS_3' might be missing from headers of file: /global/home/users/sytoanngo/ONEFlux/data/US-ARc_sample_output/99_fluxnet2015/FLX_US-ARc_FLUXNET2015_FULLSET_HH_2005-2006_beta-5.csv [oneflux.pipeline.common]
2025-06-13 07:12:03.489 [INFO    ] Variable 'TS_F_MDS_4' might be missing from headers of file: /global/home/users/sytoanngo/ONEFlux/data/US-ARc_sample_output/99_fluxnet2015/FLX_US-ARc_FLUXNET2015_FULLSET_HH_2005-2006_beta-5.csv [oneflux.pipeline.common]
2025-06-13 07:12:03.489 [INFO    ] Variable 'TS_F_MDS_5' might be missing from headers of file: /global/home/users/sytoanngo/ONEFlux/data/US-ARc_sample_output/99_fluxnet2015/FLX_US-ARc_FLUXNET2015_FULLSET_HH_2005-2006_beta-5.csv [oneflux.pipeline.common]
2025-06-13 07:12:03.489 [INFO    ] Variable 'TS_F_MDS_6' might be missing from headers of file: /global/home/users/sytoanngo/ONEFlux/data/US-ARc_sample_output/99_fluxnet2015/FLX_US-ARc_FLUXNET2015_FULLSET_HH_2005-2006_beta-5.csv [oneflux.pipeline.common]
2025-06-13 07:12:03.489 [INFO    ] Variable 'TS_F_MDS_7' might be missing from headers of file: /global/home/users/sytoanngo/ONEFlux/data/US-ARc_sample_output/99_fluxnet2015/FLX_US-ARc_FLUXNET2015_FULLSET_HH_2005-2006_beta-5.csv [oneflux.pipeline.common]
2025-06-13 07:12:03.489 [INFO    ] Variable 'TS_F_MDS_8' might be missing from headers of file: /global/home/users/sytoanngo/ONEFlux/data/US-ARc_sample_output/99_fluxnet2015/FLX_US-ARc_FLUXNET2015_FULLSET_HH_2005-2006_beta-5.csv [oneflux.pipeline.common]
2025-06-13 07:12:03.489 [INFO    ] Variable 'TS_F_MDS_9' might be missing from headers of file: /global/home/users/sytoanngo/ONEFlux/data/US-ARc_sample_output/99_fluxnet2015/FLX_US-ARc_FLUXNET2015_FULLSET_HH_2005-2006_beta-5.csv [oneflux.pipeline.common]
2025-06-13 07:12:03.489 [INFO    ] Variable 'TS_F_MDS_10' might be missing from headers of file: /global/home/users/sytoanngo/ONEFlux/data/US-ARc_sample_output/99_fluxnet2015/FLX_US-ARc_FLUXNET2015_FULLSET_HH_2005-2006_beta-5.csv [oneflux.pipeline.common]
2025-06-13 07:12:03.489 [INFO    ] Variable 'TS_F_MDS_11' might be missing from headers of file: /global/home/users/sytoanngo/ONEFlux/data/US-ARc_sample_output/99_fluxnet2015/FLX_US-ARc_FLUXNET2015_FULLSET_HH_2005-2006_beta-5.csv [oneflux.pipeline.common]
2025-06-13 07:12:03.489 [INFO    ] Variable 'TS_F_MDS_12' might be missing from headers of file: /global/home/users/sytoanngo/ONEFlux/data/US-ARc_sample_output/99_fluxnet2015/FLX_US-ARc_FLUXNET2015_FULLSET_HH_2005-2006_beta-5.csv [oneflux.pipeline.common]
2025-06-13 07:12:03.489 [INFO    ] Variable 'TS_F_MDS_13' might be missing from headers of file: /global/home/users/sytoanngo/ONEFlux/data/US-ARc_sample_output/99_fluxnet2015/FLX_US-ARc_FLUXNET2015_FULLSET_HH_2005-2006_beta-5.csv [oneflux.pipeline.common]
2025-06-13 07:12:03.489 [INFO    ] Variable 'TS_F_MDS_14' might be missing from headers of file: /global/home/users/sytoanngo/ONEFlux/data/US-ARc_sample_output/99_fluxnet2015/FLX_US-ARc_FLUXNET2015_FULLSET_HH_2005-2006_beta-5.csv [oneflux.pipeline.common]
2025-06-13 07:12:03.490 [INFO    ] Variable 'TS_F_MDS_15' might be missing from headers of file: /global/home/users/sytoanngo/ONEFlux/data/US-ARc_sample_output/99_fluxnet2015/FLX_US-ARc_FLUXNET2015_FULLSET_HH_2005-2006_beta-5.csv [oneflux.pipeline.common]
2025-06-13 07:12:03.490 [INFO    ] Variable 'TS_F_MDS_16' might be missing from headers of file: /global/home/users/sytoanngo/ONEFlux/data/US-ARc_sample_output/99_fluxnet2015/FLX_US-ARc_FLUXNET2015_FULLSET_HH_2005-2006_beta-5.csv [oneflux.pipeline.common]
2025-06-13 07:12:03.490 [INFO    ] Variable 'TS_F_MDS_17' might be missing from headers of file: /global/home/users/sytoanngo/ONEFlux/data/US-ARc_sample_output/99_fluxnet2015/FLX_US-ARc_FLUXNET2015_FULLSET_HH_2005-2006_beta-5.csv [oneflux.pipeline.common]
2025-06-13 07:12:03.490 [INFO    ] Variable 'TS_F_MDS_18' might be missing from headers of file: /global/home/users/sytoanngo/ONEFlux/data/US-ARc_sample_output/99_fluxnet2015/FLX_US-ARc_FLUXNET2015_FULLSET_HH_2005-2006_beta-5.csv [oneflux.pipeline.common]
2025-06-13 07:12:03.490 [INFO    ] Variable 'TS_F_MDS_19' might be missing from headers of file: /global/home/users/sytoanngo/ONEFlux/data/US-ARc_sample_output/99_fluxnet2015/FLX_US-ARc_FLUXNET2015_FULLSET_HH_2005-2006_beta-5.csv [oneflux.pipeline.common]
2025-06-13 07:12:03.490 [INFO    ] Variable 'TS_F_MDS_2_QC' might be missing from headers of file: /global/home/users/sytoanngo/ONEFlux/data/US-ARc_sample_output/99_fluxnet2015/FLX_US-ARc_FLUXNET2015_FULLSET_HH_2005-2006_beta-5.csv [oneflux.pipeline.common]
2025-06-13 07:12:03.490 [INFO    ] Variable 'TS_F_MDS_3_QC' might be missing from headers of file: /global/home/users/sytoanngo/ONEFlux/data/US-ARc_sample_output/99_fluxnet2015/FLX_US-ARc_FLUXNET2015_FULLSET_HH_2005-2006_beta-5.csv [oneflux.pipeline.common]
2025-06-13 07:12:03.490 [INFO    ] Variable 'TS_F_MDS_4_QC' might be missing from headers of file: /global/home/users/sytoanngo/ONEFlux/data/US-ARc_sample_output/99_fluxnet2015/FLX_US-ARc_FLUXNET2015_FULLSET_HH_2005-2006_beta-5.csv [oneflux.pipeline.common]
2025-06-13 07:12:03.490 [INFO    ] Variable 'TS_F_MDS_5_QC' might be missing from headers of file: /global/home/users/sytoanngo/ONEFlux/data/US-ARc_sample_output/99_fluxnet2015/FLX_US-ARc_FLUXNET2015_FULLSET_HH_2005-2006_beta-5.csv [oneflux.pipeline.common]
2025-06-13 07:12:03.490 [INFO    ] Variable 'TS_F_MDS_6_QC' might be missing from headers of file: /global/home/users/sytoanngo/ONEFlux/data/US-ARc_sample_output/99_fluxnet2015/FLX_US-ARc_FLUXNET2015_FULLSET_HH_2005-2006_beta-5.csv [oneflux.pipeline.common]
2025-06-13 07:12:03.490 [INFO    ] Variable 'TS_F_MDS_7_QC' might be missing from headers of file: /global/home/users/sytoanngo/ONEFlux/data/US-ARc_sample_output/99_fluxnet2015/FLX_US-ARc_FLUXNET2015_FULLSET_HH_2005-2006_beta-5.csv [oneflux.pipeline.common]
2025-06-13 07:12:03.490 [INFO    ] Variable 'TS_F_MDS_8_QC' might be missing from headers of file: /global/home/users/sytoanngo/ONEFlux/data/US-ARc_sample_output/99_fluxnet2015/FLX_US-ARc_FLUXNET2015_FULLSET_HH_2005-2006_beta-5.csv [oneflux.pipeline.common]
2025-06-13 07:12:03.490 [INFO    ] Variable 'TS_F_MDS_9_QC' might be missing from headers of file: /global/home/users/sytoanngo/ONEFlux/data/US-ARc_sample_output/99_fluxnet2015/FLX_US-ARc_FLUXNET2015_FULLSET_HH_2005-2006_beta-5.csv [oneflux.pipeline.common]
2025-06-13 07:12:03.491 [INFO    ] Variable 'TS_F_MDS_10_QC' might be missing from headers of file: /global/home/users/sytoanngo/ONEFlux/data/US-ARc_sample_output/99_fluxnet2015/FLX_US-ARc_FLUXNET2015_FULLSET_HH_2005-2006_beta-5.csv [oneflux.pipeline.common]
2025-06-13 07:12:03.491 [INFO    ] Variable 'TS_F_MDS_11_QC' might be missing from headers of file: /global/home/users/sytoanngo/ONEFlux/data/US-ARc_sample_output/99_fluxnet2015/FLX_US-ARc_FLUXNET2015_FULLSET_HH_2005-2006_beta-5.csv [oneflux.pipeline.common]
2025-06-13 07:12:03.491 [INFO    ] Variable 'TS_F_MDS_12_QC' might be missing from headers of file: /global/home/users/sytoanngo/ONEFlux/data/US-ARc_sample_output/99_fluxnet2015/FLX_US-ARc_FLUXNET2015_FULLSET_HH_2005-2006_beta-5.csv [oneflux.pipeline.common]
2025-06-13 07:12:03.491 [INFO    ] Variable 'TS_F_MDS_13_QC' might be missing from headers of file: /global/home/users/sytoanngo/ONEFlux/data/US-ARc_sample_output/99_fluxnet2015/FLX_US-ARc_FLUXNET2015_FULLSET_HH_2005-2006_beta-5.csv [oneflux.pipeline.common]
2025-06-13 07:12:03.491 [INFO    ] Variable 'TS_F_MDS_14_QC' might be missing from headers of file: /global/home/users/sytoanngo/ONEFlux/data/US-ARc_sample_output/99_fluxnet2015/FLX_US-ARc_FLUXNET2015_FULLSET_HH_2005-2006_beta-5.csv [oneflux.pipeline.common]
2025-06-13 07:12:03.491 [INFO    ] Variable 'TS_F_MDS_15_QC' might be missing from headers of file: /global/home/users/sytoanngo/ONEFlux/data/US-ARc_sample_output/99_fluxnet2015/FLX_US-ARc_FLUXNET2015_FULLSET_HH_2005-2006_beta-5.csv [oneflux.pipeline.common]
2025-06-13 07:12:03.491 [INFO    ] Variable 'TS_F_MDS_16_QC' might be missing from headers of file: /global/home/users/sytoanngo/ONEFlux/data/US-ARc_sample_output/99_fluxnet2015/FLX_US-ARc_FLUXNET2015_FULLSET_HH_2005-2006_beta-5.csv [oneflux.pipeline.common]
2025-06-13 07:12:03.491 [INFO    ] Variable 'TS_F_MDS_17_QC' might be missing from headers of file: /global/home/users/sytoanngo/ONEFlux/data/US-ARc_sample_output/99_fluxnet2015/FLX_US-ARc_FLUXNET2015_FULLSET_HH_2005-2006_beta-5.csv [oneflux.pipeline.common]
2025-06-13 07:12:03.491 [INFO    ] Variable 'TS_F_MDS_18_QC' might be missing from headers of file: /global/home/users/sytoanngo/ONEFlux/data/US-ARc_sample_output/99_fluxnet2015/FLX_US-ARc_FLUXNET2015_FULLSET_HH_2005-2006_beta-5.csv [oneflux.pipeline.common]
2025-06-13 07:12:03.491 [INFO    ] Variable 'TS_F_MDS_19_QC' might be missing from headers of file: /global/home/users/sytoanngo/ONEFlux/data/US-ARc_sample_output/99_fluxnet2015/FLX_US-ARc_FLUXNET2015_FULLSET_HH_2005-2006_beta-5.csv [oneflux.pipeline.common]
2025-06-13 07:12:03.491 [INFO    ] Variable 'SWC_F_MDS_2' might be missing from headers of file: /global/home/users/sytoanngo/ONEFlux/data/US-ARc_sample_output/99_fluxnet2015/FLX_US-ARc_FLUXNET2015_FULLSET_HH_2005-2006_beta-5.csv [oneflux.pipeline.common]
2025-06-13 07:12:03.491 [INFO    ] Variable 'SWC_F_MDS_3' might be missing from headers of file: /global/home/users/sytoanngo/ONEFlux/data/US-ARc_sample_output/99_fluxnet2015/FLX_US-ARc_FLUXNET2015_FULLSET_HH_2005-2006_beta-5.csv [oneflux.pipeline.common]
2025-06-13 07:12:03.492 [INFO    ] Variable 'SWC_F_MDS_4' might be missing from headers of file: /global/home/users/sytoanngo/ONEFlux/data/US-ARc_sample_output/99_fluxnet2015/FLX_US-ARc_FLUXNET2015_FULLSET_HH_2005-2006_beta-5.csv [oneflux.pipeline.common]
2025-06-13 07:12:03.492 [INFO    ] Variable 'SWC_F_MDS_5' might be missing from headers of file: /global/home/users/sytoanngo/ONEFlux/data/US-ARc_sample_output/99_fluxnet2015/FLX_US-ARc_FLUXNET2015_FULLSET_HH_2005-2006_beta-5.csv [oneflux.pipeline.common]
2025-06-13 07:12:03.492 [INFO    ] Variable 'SWC_F_MDS_6' might be missing from headers of file: /global/home/users/sytoanngo/ONEFlux/data/US-ARc_sample_output/99_fluxnet2015/FLX_US-ARc_FLUXNET2015_FULLSET_HH_2005-2006_beta-5.csv [oneflux.pipeline.common]
2025-06-13 07:12:03.492 [INFO    ] Variable 'SWC_F_MDS_7' might be missing from headers of file: /global/home/users/sytoanngo/ONEFlux/data/US-ARc_sample_output/99_fluxnet2015/FLX_US-ARc_FLUXNET2015_FULLSET_HH_2005-2006_beta-5.csv [oneflux.pipeline.common]
2025-06-13 07:12:03.492 [INFO    ] Variable 'SWC_F_MDS_8' might be missing from headers of file: /global/home/users/sytoanngo/ONEFlux/data/US-ARc_sample_output/99_fluxnet2015/FLX_US-ARc_FLUXNET2015_FULLSET_HH_2005-2006_beta-5.csv [oneflux.pipeline.common]
2025-06-13 07:12:03.492 [INFO    ] Variable 'SWC_F_MDS_9' might be missing from headers of file: /global/home/users/sytoanngo/ONEFlux/data/US-ARc_sample_output/99_fluxnet2015/FLX_US-ARc_FLUXNET2015_FULLSET_HH_2005-2006_beta-5.csv [oneflux.pipeline.common]
2025-06-13 07:12:03.492 [INFO    ] Variable 'SWC_F_MDS_10' might be missing from headers of file: /global/home/users/sytoanngo/ONEFlux/data/US-ARc_sample_output/99_fluxnet2015/FLX_US-ARc_FLUXNET2015_FULLSET_HH_2005-2006_beta-5.csv [oneflux.pipeline.common]
2025-06-13 07:12:03.492 [INFO    ] Variable 'SWC_F_MDS_11' might be missing from headers of file: /global/home/users/sytoanngo/ONEFlux/data/US-ARc_sample_output/99_fluxnet2015/FLX_US-ARc_FLUXNET2015_FULLSET_HH_2005-2006_beta-5.csv [oneflux.pipeline.common]
2025-06-13 07:12:03.492 [INFO    ] Variable 'SWC_F_MDS_12' might be missing from headers of file: /global/home/users/sytoanngo/ONEFlux/data/US-ARc_sample_output/99_fluxnet2015/FLX_US-ARc_FLUXNET2015_FULLSET_HH_2005-2006_beta-5.csv [oneflux.pipeline.common]
2025-06-13 07:12:03.492 [INFO    ] Variable 'SWC_F_MDS_13' might be missing from headers of file: /global/home/users/sytoanngo/ONEFlux/data/US-ARc_sample_output/99_fluxnet2015/FLX_US-ARc_FLUXNET2015_FULLSET_HH_2005-2006_beta-5.csv [oneflux.pipeline.common]
2025-06-13 07:12:03.492 [INFO    ] Variable 'SWC_F_MDS_14' might be missing from headers of file: /global/home/users/sytoanngo/ONEFlux/data/US-ARc_sample_output/99_fluxnet2015/FLX_US-ARc_FLUXNET2015_FULLSET_HH_2005-2006_beta-5.csv [oneflux.pipeline.common]
2025-06-13 07:12:03.492 [INFO    ] Variable 'SWC_F_MDS_15' might be missing from headers of file: /global/home/users/sytoanngo/ONEFlux/data/US-ARc_sample_output/99_fluxnet2015/FLX_US-ARc_FLUXNET2015_FULLSET_HH_2005-2006_beta-5.csv [oneflux.pipeline.common]
2025-06-13 07:12:03.492 [INFO    ] Variable 'SWC_F_MDS_16' might be missing from headers of file: /global/home/users/sytoanngo/ONEFlux/data/US-ARc_sample_output/99_fluxnet2015/FLX_US-ARc_FLUXNET2015_FULLSET_HH_2005-2006_beta-5.csv [oneflux.pipeline.common]
2025-06-13 07:12:03.493 [INFO    ] Variable 'SWC_F_MDS_17' might be missing from headers of file: /global/home/users/sytoanngo/ONEFlux/data/US-ARc_sample_output/99_fluxnet2015/FLX_US-ARc_FLUXNET2015_FULLSET_HH_2005-2006_beta-5.csv [oneflux.pipeline.common]
2025-06-13 07:12:03.493 [INFO    ] Variable 'SWC_F_MDS_18' might be missing from headers of file: /global/home/users/sytoanngo/ONEFlux/data/US-ARc_sample_output/99_fluxnet2015/FLX_US-ARc_FLUXNET2015_FULLSET_HH_2005-2006_beta-5.csv [oneflux.pipeline.common]
2025-06-13 07:12:03.493 [INFO    ] Variable 'SWC_F_MDS_19' might be missing from headers of file: /global/home/users/sytoanngo/ONEFlux/data/US-ARc_sample_output/99_fluxnet2015/FLX_US-ARc_FLUXNET2015_FULLSET_HH_2005-2006_beta-5.csv [oneflux.pipeline.common]
2025-06-13 07:12:03.493 [INFO    ] Variable 'SWC_F_MDS_2_QC' might be missing from headers of file: /global/home/users/sytoanngo/ONEFlux/data/US-ARc_sample_output/99_fluxnet2015/FLX_US-ARc_FLUXNET2015_FULLSET_HH_2005-2006_beta-5.csv [oneflux.pipeline.common]
2025-06-13 07:12:03.493 [INFO    ] Variable 'SWC_F_MDS_3_QC' might be missing from headers of file: /global/home/users/sytoanngo/ONEFlux/data/US-ARc_sample_output/99_fluxnet2015/FLX_US-ARc_FLUXNET2015_FULLSET_HH_2005-2006_beta-5.csv [oneflux.pipeline.common]
2025-06-13 07:12:03.493 [INFO    ] Variable 'SWC_F_MDS_4_QC' might be missing from headers of file: /global/home/users/sytoanngo/ONEFlux/data/US-ARc_sample_output/99_fluxnet2015/FLX_US-ARc_FLUXNET2015_FULLSET_HH_2005-2006_beta-5.csv [oneflux.pipeline.common]
2025-06-13 07:12:03.493 [INFO    ] Variable 'SWC_F_MDS_5_QC' might be missing from headers of file: /global/home/users/sytoanngo/ONEFlux/data/US-ARc_sample_output/99_fluxnet2015/FLX_US-ARc_FLUXNET2015_FULLSET_HH_2005-2006_beta-5.csv [oneflux.pipeline.common]
2025-06-13 07:12:03.493 [INFO    ] Variable 'SWC_F_MDS_6_QC' might be missing from headers of file: /global/home/users/sytoanngo/ONEFlux/data/US-ARc_sample_output/99_fluxnet2015/FLX_US-ARc_FLUXNET2015_FULLSET_HH_2005-2006_beta-5.csv [oneflux.pipeline.common]
2025-06-13 07:12:03.493 [INFO    ] Variable 'SWC_F_MDS_7_QC' might be missing from headers of file: /global/home/users/sytoanngo/ONEFlux/data/US-ARc_sample_output/99_fluxnet2015/FLX_US-ARc_FLUXNET2015_FULLSET_HH_2005-2006_beta-5.csv [oneflux.pipeline.common]
2025-06-13 07:12:03.493 [INFO    ] Variable 'SWC_F_MDS_8_QC' might be missing from headers of file: /global/home/users/sytoanngo/ONEFlux/data/US-ARc_sample_output/99_fluxnet2015/FLX_US-ARc_FLUXNET2015_FULLSET_HH_2005-2006_beta-5.csv [oneflux.pipeline.common]
2025-06-13 07:12:03.493 [INFO    ] Variable 'SWC_F_MDS_9_QC' might be missing from headers of file: /global/home/users/sytoanngo/ONEFlux/data/US-ARc_sample_output/99_fluxnet2015/FLX_US-ARc_FLUXNET2015_FULLSET_HH_2005-2006_beta-5.csv [oneflux.pipeline.common]
2025-06-13 07:12:03.493 [INFO    ] Variable 'SWC_F_MDS_10_QC' might be missing from headers of file: /global/home/users/sytoanngo/ONEFlux/data/US-ARc_sample_output/99_fluxnet2015/FLX_US-ARc_FLUXNET2015_FULLSET_HH_2005-2006_beta-5.csv [oneflux.pipeline.common]
2025-06-13 07:12:03.494 [INFO    ] Variable 'SWC_F_MDS_11_QC' might be missing from headers of file: /global/home/users/sytoanngo/ONEFlux/data/US-ARc_sample_output/99_fluxnet2015/FLX_US-ARc_FLUXNET2015_FULLSET_HH_2005-2006_beta-5.csv [oneflux.pipeline.common]
2025-06-13 07:12:03.494 [INFO    ] Variable 'SWC_F_MDS_12_QC' might be missing from headers of file: /global/home/users/sytoanngo/ONEFlux/data/US-ARc_sample_output/99_fluxnet2015/FLX_US-ARc_FLUXNET2015_FULLSET_HH_2005-2006_beta-5.csv [oneflux.pipeline.common]
2025-06-13 07:12:03.494 [INFO    ] Variable 'SWC_F_MDS_13_QC' might be missing from headers of file: /global/home/users/sytoanngo/ONEFlux/data/US-ARc_sample_output/99_fluxnet2015/FLX_US-ARc_FLUXNET2015_FULLSET_HH_2005-2006_beta-5.csv [oneflux.pipeline.common]
2025-06-13 07:12:03.494 [INFO    ] Variable 'SWC_F_MDS_14_QC' might be missing from headers of file: /global/home/users/sytoanngo/ONEFlux/data/US-ARc_sample_output/99_fluxnet2015/FLX_US-ARc_FLUXNET2015_FULLSET_HH_2005-2006_beta-5.csv [oneflux.pipeline.common]
2025-06-13 07:12:03.494 [INFO    ] Variable 'SWC_F_MDS_15_QC' might be missing from headers of file: /global/home/users/sytoanngo/ONEFlux/data/US-ARc_sample_output/99_fluxnet2015/FLX_US-ARc_FLUXNET2015_FULLSET_HH_2005-2006_beta-5.csv [oneflux.pipeline.common]
2025-06-13 07:12:03.494 [INFO    ] Variable 'SWC_F_MDS_16_QC' might be missing from headers of file: /global/home/users/sytoanngo/ONEFlux/data/US-ARc_sample_output/99_fluxnet2015/FLX_US-ARc_FLUXNET2015_FULLSET_HH_2005-2006_beta-5.csv [oneflux.pipeline.common]
2025-06-13 07:12:03.494 [INFO    ] Variable 'SWC_F_MDS_17_QC' might be missing from headers of file: /global/home/users/sytoanngo/ONEFlux/data/US-ARc_sample_output/99_fluxnet2015/FLX_US-ARc_FLUXNET2015_FULLSET_HH_2005-2006_beta-5.csv [oneflux.pipeline.common]
2025-06-13 07:12:03.494 [INFO    ] Variable 'SWC_F_MDS_18_QC' might be missing from headers of file: /global/home/users/sytoanngo/ONEFlux/data/US-ARc_sample_output/99_fluxnet2015/FLX_US-ARc_FLUXNET2015_FULLSET_HH_2005-2006_beta-5.csv [oneflux.pipeline.common]
2025-06-13 07:12:03.494 [INFO    ] Variable 'SWC_F_MDS_19_QC' might be missing from headers of file: /global/home/users/sytoanngo/ONEFlux/data/US-ARc_sample_output/99_fluxnet2015/FLX_US-ARc_FLUXNET2015_FULLSET_HH_2005-2006_beta-5.csv [oneflux.pipeline.common]
2025-06-13 07:12:03.494 [INFO    ] Variable 'NEE_CUT_05' might be missing from headers of file: /global/home/users/sytoanngo/ONEFlux/data/US-ARc_sample_output/99_fluxnet2015/FLX_US-ARc_FLUXNET2015_FULLSET_HH_2005-2006_beta-5.csv [oneflux.pipeline.common]
2025-06-13 07:12:03.494 [INFO    ] Variable 'NEE_CUT_16' might be missing from headers of file: /global/home/users/sytoanngo/ONEFlux/data/US-ARc_sample_output/99_fluxnet2015/FLX_US-ARc_FLUXNET2015_FULLSET_HH_2005-2006_beta-5.csv [oneflux.pipeline.common]
2025-06-13 07:12:03.494 [INFO    ] Variable 'NEE_CUT_25' might be missing from headers of file: /global/home/users/sytoanngo/ONEFlux/data/US-ARc_sample_output/99_fluxnet2015/FLX_US-ARc_FLUXNET2015_FULLSET_HH_2005-2006_beta-5.csv [oneflux.pipeline.common]
2025-06-13 07:12:03.495 [INFO    ] Variable 'NEE_CUT_50' might be missing from headers of file: /global/home/users/sytoanngo/ONEFlux/data/US-ARc_sample_output/99_fluxnet2015/FLX_US-ARc_FLUXNET2015_FULLSET_HH_2005-2006_beta-5.csv [oneflux.pipeline.common]
2025-06-13 07:12:03.495 [INFO    ] Variable 'NEE_CUT_75' might be missing from headers of file: /global/home/users/sytoanngo/ONEFlux/data/US-ARc_sample_output/99_fluxnet2015/FLX_US-ARc_FLUXNET2015_FULLSET_HH_2005-2006_beta-5.csv [oneflux.pipeline.common]
2025-06-13 07:12:03.495 [INFO    ] Variable 'NEE_CUT_84' might be missing from headers of file: /global/home/users/sytoanngo/ONEFlux/data/US-ARc_sample_output/99_fluxnet2015/FLX_US-ARc_FLUXNET2015_FULLSET_HH_2005-2006_beta-5.csv [oneflux.pipeline.common]
2025-06-13 07:12:03.495 [INFO    ] Variable 'NEE_CUT_95' might be missing from headers of file: /global/home/users/sytoanngo/ONEFlux/data/US-ARc_sample_output/99_fluxnet2015/FLX_US-ARc_FLUXNET2015_FULLSET_HH_2005-2006_beta-5.csv [oneflux.pipeline.common]
2025-06-13 07:12:03.495 [INFO    ] Variable 'NEE_CUT_05_QC' might be missing from headers of file: /global/home/users/sytoanngo/ONEFlux/data/US-ARc_sample_output/99_fluxnet2015/FLX_US-ARc_FLUXNET2015_FULLSET_HH_2005-2006_beta-5.csv [oneflux.pipeline.common]
2025-06-13 07:12:03.495 [INFO    ] Variable 'NEE_CUT_16_QC' might be missing from headers of file: /global/home/users/sytoanngo/ONEFlux/data/US-ARc_sample_output/99_fluxnet2015/FLX_US-ARc_FLUXNET2015_FULLSET_HH_2005-2006_beta-5.csv [oneflux.pipeline.common]
2025-06-13 07:12:03.495 [INFO    ] Variable 'NEE_CUT_25_QC' might be missing from headers of file: /global/home/users/sytoanngo/ONEFlux/data/US-ARc_sample_output/99_fluxnet2015/FLX_US-ARc_FLUXNET2015_FULLSET_HH_2005-2006_beta-5.csv [oneflux.pipeline.common]
2025-06-13 07:12:03.495 [INFO    ] Variable 'NEE_CUT_50_QC' might be missing from headers of file: /global/home/users/sytoanngo/ONEFlux/data/US-ARc_sample_output/99_fluxnet2015/FLX_US-ARc_FLUXNET2015_FULLSET_HH_2005-2006_beta-5.csv [oneflux.pipeline.common]
2025-06-13 07:12:03.495 [INFO    ] Variable 'NEE_CUT_75_QC' might be missing from headers of file: /global/home/users/sytoanngo/ONEFlux/data/US-ARc_sample_output/99_fluxnet2015/FLX_US-ARc_FLUXNET2015_FULLSET_HH_2005-2006_beta-5.csv [oneflux.pipeline.common]
2025-06-13 07:12:03.495 [INFO    ] Variable 'NEE_CUT_84_QC' might be missing from headers of file: /global/home/users/sytoanngo/ONEFlux/data/US-ARc_sample_output/99_fluxnet2015/FLX_US-ARc_FLUXNET2015_FULLSET_HH_2005-2006_beta-5.csv [oneflux.pipeline.common]
2025-06-13 07:12:03.495 [INFO    ] Variable 'NEE_CUT_95_QC' might be missing from headers of file: /global/home/users/sytoanngo/ONEFlux/data/US-ARc_sample_output/99_fluxnet2015/FLX_US-ARc_FLUXNET2015_FULLSET_HH_2005-2006_beta-5.csv [oneflux.pipeline.common]
2025-06-13 07:12:03.495 [INFO    ] Variable 'RECO_NT_CUT_05' might be missing from headers of file: /global/home/users/sytoanngo/ONEFlux/data/US-ARc_sample_output/99_fluxnet2015/FLX_US-ARc_FLUXNET2015_FULLSET_HH_2005-2006_beta-5.csv [oneflux.pipeline.common]
2025-06-13 07:12:03.495 [INFO    ] Variable 'RECO_NT_CUT_16' might be missing from headers of file: /global/home/users/sytoanngo/ONEFlux/data/US-ARc_sample_output/99_fluxnet2015/FLX_US-ARc_FLUXNET2015_FULLSET_HH_2005-2006_beta-5.csv [oneflux.pipeline.common]
2025-06-13 07:12:03.496 [INFO    ] Variable 'RECO_NT_CUT_25' might be missing from headers of file: /global/home/users/sytoanngo/ONEFlux/data/US-ARc_sample_output/99_fluxnet2015/FLX_US-ARc_FLUXNET2015_FULLSET_HH_2005-2006_beta-5.csv [oneflux.pipeline.common]
2025-06-13 07:12:03.496 [INFO    ] Variable 'RECO_NT_CUT_50' might be missing from headers of file: /global/home/users/sytoanngo/ONEFlux/data/US-ARc_sample_output/99_fluxnet2015/FLX_US-ARc_FLUXNET2015_FULLSET_HH_2005-2006_beta-5.csv [oneflux.pipeline.common]
2025-06-13 07:12:03.496 [INFO    ] Variable 'RECO_NT_CUT_75' might be missing from headers of file: /global/home/users/sytoanngo/ONEFlux/data/US-ARc_sample_output/99_fluxnet2015/FLX_US-ARc_FLUXNET2015_FULLSET_HH_2005-2006_beta-5.csv [oneflux.pipeline.common]
2025-06-13 07:12:03.496 [INFO    ] Variable 'RECO_NT_CUT_84' might be missing from headers of file: /global/home/users/sytoanngo/ONEFlux/data/US-ARc_sample_output/99_fluxnet2015/FLX_US-ARc_FLUXNET2015_FULLSET_HH_2005-2006_beta-5.csv [oneflux.pipeline.common]
2025-06-13 07:12:03.496 [INFO    ] Variable 'RECO_NT_CUT_95' might be missing from headers of file: /global/home/users/sytoanngo/ONEFlux/data/US-ARc_sample_output/99_fluxnet2015/FLX_US-ARc_FLUXNET2015_FULLSET_HH_2005-2006_beta-5.csv [oneflux.pipeline.common]
2025-06-13 07:12:03.496 [INFO    ] Variable 'GPP_NT_CUT_05' might be missing from headers of file: /global/home/users/sytoanngo/ONEFlux/data/US-ARc_sample_output/99_fluxnet2015/FLX_US-ARc_FLUXNET2015_FULLSET_HH_2005-2006_beta-5.csv [oneflux.pipeline.common]
2025-06-13 07:12:03.496 [INFO    ] Variable 'GPP_NT_CUT_16' might be missing from headers of file: /global/home/users/sytoanngo/ONEFlux/data/US-ARc_sample_output/99_fluxnet2015/FLX_US-ARc_FLUXNET2015_FULLSET_HH_2005-2006_beta-5.csv [oneflux.pipeline.common]
2025-06-13 07:12:03.496 [INFO    ] Variable 'GPP_NT_CUT_25' might be missing from headers of file: /global/home/users/sytoanngo/ONEFlux/data/US-ARc_sample_output/99_fluxnet2015/FLX_US-ARc_FLUXNET2015_FULLSET_HH_2005-2006_beta-5.csv [oneflux.pipeline.common]
2025-06-13 07:12:03.496 [INFO    ] Variable 'GPP_NT_CUT_50' might be missing from headers of file: /global/home/users/sytoanngo/ONEFlux/data/US-ARc_sample_output/99_fluxnet2015/FLX_US-ARc_FLUXNET2015_FULLSET_HH_2005-2006_beta-5.csv [oneflux.pipeline.common]
2025-06-13 07:12:03.496 [INFO    ] Variable 'GPP_NT_CUT_75' might be missing from headers of file: /global/home/users/sytoanngo/ONEFlux/data/US-ARc_sample_output/99_fluxnet2015/FLX_US-ARc_FLUXNET2015_FULLSET_HH_2005-2006_beta-5.csv [oneflux.pipeline.common]
2025-06-13 07:12:03.496 [INFO    ] Variable 'GPP_NT_CUT_84' might be missing from headers of file: /global/home/users/sytoanngo/ONEFlux/data/US-ARc_sample_output/99_fluxnet2015/FLX_US-ARc_FLUXNET2015_FULLSET_HH_2005-2006_beta-5.csv [oneflux.pipeline.common]
2025-06-13 07:12:03.496 [INFO    ] Variable 'GPP_NT_CUT_95' might be missing from headers of file: /global/home/users/sytoanngo/ONEFlux/data/US-ARc_sample_output/99_fluxnet2015/FLX_US-ARc_FLUXNET2015_FULLSET_HH_2005-2006_beta-5.csv [oneflux.pipeline.common]
2025-06-13 07:12:03.497 [INFO    ] Variable 'RECO_DT_CUT_05' might be missing from headers of file: /global/home/users/sytoanngo/ONEFlux/data/US-ARc_sample_output/99_fluxnet2015/FLX_US-ARc_FLUXNET2015_FULLSET_HH_2005-2006_beta-5.csv [oneflux.pipeline.common]
2025-06-13 07:12:03.497 [INFO    ] Variable 'RECO_DT_CUT_16' might be missing from headers of file: /global/home/users/sytoanngo/ONEFlux/data/US-ARc_sample_output/99_fluxnet2015/FLX_US-ARc_FLUXNET2015_FULLSET_HH_2005-2006_beta-5.csv [oneflux.pipeline.common]
2025-06-13 07:12:03.497 [INFO    ] Variable 'RECO_DT_CUT_25' might be missing from headers of file: /global/home/users/sytoanngo/ONEFlux/data/US-ARc_sample_output/99_fluxnet2015/FLX_US-ARc_FLUXNET2015_FULLSET_HH_2005-2006_beta-5.csv [oneflux.pipeline.common]
2025-06-13 07:12:03.497 [INFO    ] Variable 'RECO_DT_CUT_50' might be missing from headers of file: /global/home/users/sytoanngo/ONEFlux/data/US-ARc_sample_output/99_fluxnet2015/FLX_US-ARc_FLUXNET2015_FULLSET_HH_2005-2006_beta-5.csv [oneflux.pipeline.common]
2025-06-13 07:12:03.497 [INFO    ] Variable 'RECO_DT_CUT_75' might be missing from headers of file: /global/home/users/sytoanngo/ONEFlux/data/US-ARc_sample_output/99_fluxnet2015/FLX_US-ARc_FLUXNET2015_FULLSET_HH_2005-2006_beta-5.csv [oneflux.pipeline.common]
2025-06-13 07:12:03.497 [INFO    ] Variable 'RECO_DT_CUT_84' might be missing from headers of file: /global/home/users/sytoanngo/ONEFlux/data/US-ARc_sample_output/99_fluxnet2015/FLX_US-ARc_FLUXNET2015_FULLSET_HH_2005-2006_beta-5.csv [oneflux.pipeline.common]
2025-06-13 07:12:03.497 [INFO    ] Variable 'RECO_DT_CUT_95' might be missing from headers of file: /global/home/users/sytoanngo/ONEFlux/data/US-ARc_sample_output/99_fluxnet2015/FLX_US-ARc_FLUXNET2015_FULLSET_HH_2005-2006_beta-5.csv [oneflux.pipeline.common]
2025-06-13 07:12:03.497 [INFO    ] Variable 'GPP_DT_CUT_05' might be missing from headers of file: /global/home/users/sytoanngo/ONEFlux/data/US-ARc_sample_output/99_fluxnet2015/FLX_US-ARc_FLUXNET2015_FULLSET_HH_2005-2006_beta-5.csv [oneflux.pipeline.common]
2025-06-13 07:12:03.497 [INFO    ] Variable 'GPP_DT_CUT_16' might be missing from headers of file: /global/home/users/sytoanngo/ONEFlux/data/US-ARc_sample_output/99_fluxnet2015/FLX_US-ARc_FLUXNET2015_FULLSET_HH_2005-2006_beta-5.csv [oneflux.pipeline.common]
2025-06-13 07:12:03.497 [INFO    ] Variable 'GPP_DT_CUT_25' might be missing from headers of file: /global/home/users/sytoanngo/ONEFlux/data/US-ARc_sample_output/99_fluxnet2015/FLX_US-ARc_FLUXNET2015_FULLSET_HH_2005-2006_beta-5.csv [oneflux.pipeline.common]
2025-06-13 07:12:03.497 [INFO    ] Variable 'GPP_DT_CUT_50' might be missing from headers of file: /global/home/users/sytoanngo/ONEFlux/data/US-ARc_sample_output/99_fluxnet2015/FLX_US-ARc_FLUXNET2015_FULLSET_HH_2005-2006_beta-5.csv [oneflux.pipeline.common]
2025-06-13 07:12:03.497 [INFO    ] Variable 'GPP_DT_CUT_75' might be missing from headers of file: /global/home/users/sytoanngo/ONEFlux/data/US-ARc_sample_output/99_fluxnet2015/FLX_US-ARc_FLUXNET2015_FULLSET_HH_2005-2006_beta-5.csv [oneflux.pipeline.common]
2025-06-13 07:12:03.497 [INFO    ] Variable 'GPP_DT_CUT_84' might be missing from headers of file: /global/home/users/sytoanngo/ONEFlux/data/US-ARc_sample_output/99_fluxnet2015/FLX_US-ARc_FLUXNET2015_FULLSET_HH_2005-2006_beta-5.csv [oneflux.pipeline.common]
2025-06-13 07:12:03.498 [INFO    ] Variable 'GPP_DT_CUT_95' might be missing from headers of file: /global/home/users/sytoanngo/ONEFlux/data/US-ARc_sample_output/99_fluxnet2015/FLX_US-ARc_FLUXNET2015_FULLSET_HH_2005-2006_beta-5.csv [oneflux.pipeline.common]
2025-06-13 07:12:03.499 [INFO    ] Variable 'PPFD_DIF' might be missing from headers of file: /global/home/users/sytoanngo/ONEFlux/data/US-ARc_sample_output/99_fluxnet2015/FLX_US-ARc_FLUXNET2015_FULLSET_MM_2005-2006_beta-5.csv [oneflux.pipeline.common]
2025-06-13 07:12:03.499 [INFO    ] Variable 'PPFD_DIF_QC' might be missing from headers of file: /global/home/users/sytoanngo/ONEFlux/data/US-ARc_sample_output/99_fluxnet2015/FLX_US-ARc_FLUXNET2015_FULLSET_MM_2005-2006_beta-5.csv [oneflux.pipeline.common]
2025-06-13 07:12:03.499 [INFO    ] Variable 'PPFD_OUT' might be missing from headers of file: /global/home/users/sytoanngo/ONEFlux/data/US-ARc_sample_output/99_fluxnet2015/FLX_US-ARc_FLUXNET2015_FULLSET_MM_2005-2006_beta-5.csv [oneflux.pipeline.common]
2025-06-13 07:12:03.499 [INFO    ] Variable 'PPFD_OUT_QC' might be missing from headers of file: /global/home/users/sytoanngo/ONEFlux/data/US-ARc_sample_output/99_fluxnet2015/FLX_US-ARc_FLUXNET2015_FULLSET_MM_2005-2006_beta-5.csv [oneflux.pipeline.common]
2025-06-13 07:12:03.499 [INFO    ] Variable 'SW_DIF' might be missing from headers of file: /global/home/users/sytoanngo/ONEFlux/data/US-ARc_sample_output/99_fluxnet2015/FLX_US-ARc_FLUXNET2015_FULLSET_MM_2005-2006_beta-5.csv [oneflux.pipeline.common]
2025-06-13 07:12:03.499 [INFO    ] Variable 'SW_DIF_QC' might be missing from headers of file: /global/home/users/sytoanngo/ONEFlux/data/US-ARc_sample_output/99_fluxnet2015/FLX_US-ARc_FLUXNET2015_FULLSET_MM_2005-2006_beta-5.csv [oneflux.pipeline.common]
2025-06-13 07:12:03.499 [INFO    ] Variable 'SW_OUT' might be missing from headers of file: /global/home/users/sytoanngo/ONEFlux/data/US-ARc_sample_output/99_fluxnet2015/FLX_US-ARc_FLUXNET2015_FULLSET_MM_2005-2006_beta-5.csv [oneflux.pipeline.common]
2025-06-13 07:12:03.500 [INFO    ] Variable 'SW_OUT_QC' might be missing from headers of file: /global/home/users/sytoanngo/ONEFlux/data/US-ARc_sample_output/99_fluxnet2015/FLX_US-ARc_FLUXNET2015_FULLSET_MM_2005-2006_beta-5.csv [oneflux.pipeline.common]
2025-06-13 07:12:03.500 [INFO    ] Variable 'LW_OUT' might be missing from headers of file: /global/home/users/sytoanngo/ONEFlux/data/US-ARc_sample_output/99_fluxnet2015/FLX_US-ARc_FLUXNET2015_FULLSET_MM_2005-2006_beta-5.csv [oneflux.pipeline.common]
2025-06-13 07:12:03.500 [INFO    ] Variable 'LW_OUT_QC' might be missing from headers of file: /global/home/users/sytoanngo/ONEFlux/data/US-ARc_sample_output/99_fluxnet2015/FLX_US-ARc_FLUXNET2015_FULLSET_MM_2005-2006_beta-5.csv [oneflux.pipeline.common]
2025-06-13 07:12:03.500 [INFO    ] Variable 'PA' might be missing from headers of file: /global/home/users/sytoanngo/ONEFlux/data/US-ARc_sample_output/99_fluxnet2015/FLX_US-ARc_FLUXNET2015_FULLSET_MM_2005-2006_beta-5.csv [oneflux.pipeline.common]
2025-06-13 07:12:03.500 [INFO    ] Variable 'P' might be missing from headers of file: /global/home/users/sytoanngo/ONEFlux/data/US-ARc_sample_output/99_fluxnet2015/FLX_US-ARc_FLUXNET2015_FULLSET_MM_2005-2006_beta-5.csv [oneflux.pipeline.common]
2025-06-13 07:12:03.500 [INFO    ] Variable 'WS' might be missing from headers of file: /global/home/users/sytoanngo/ONEFlux/data/US-ARc_sample_output/99_fluxnet2015/FLX_US-ARc_FLUXNET2015_FULLSET_MM_2005-2006_beta-5.csv [oneflux.pipeline.common]
2025-06-13 07:12:03.500 [INFO    ] Variable 'WD' might be missing from headers of file: /global/home/users/sytoanngo/ONEFlux/data/US-ARc_sample_output/99_fluxnet2015/FLX_US-ARc_FLUXNET2015_FULLSET_MM_2005-2006_beta-5.csv [oneflux.pipeline.common]
2025-06-13 07:12:03.500 [INFO    ] Variable 'RH' might be missing from headers of file: /global/home/users/sytoanngo/ONEFlux/data/US-ARc_sample_output/99_fluxnet2015/FLX_US-ARc_FLUXNET2015_FULLSET_MM_2005-2006_beta-5.csv [oneflux.pipeline.common]
2025-06-13 07:12:03.500 [INFO    ] Variable 'LE_CORR_25' might be missing from headers of file: /global/home/users/sytoanngo/ONEFlux/data/US-ARc_sample_output/99_fluxnet2015/FLX_US-ARc_FLUXNET2015_FULLSET_MM_2005-2006_beta-5.csv [oneflux.pipeline.common]
2025-06-13 07:12:03.500 [INFO    ] Variable 'LE_CORR_75' might be missing from headers of file: /global/home/users/sytoanngo/ONEFlux/data/US-ARc_sample_output/99_fluxnet2015/FLX_US-ARc_FLUXNET2015_FULLSET_MM_2005-2006_beta-5.csv [oneflux.pipeline.common]
2025-06-13 07:12:03.500 [INFO    ] Variable 'LE_RANDUNC_METHOD' might be missing from headers of file: /global/home/users/sytoanngo/ONEFlux/data/US-ARc_sample_output/99_fluxnet2015/FLX_US-ARc_FLUXNET2015_FULLSET_MM_2005-2006_beta-5.csv [oneflux.pipeline.common]
2025-06-13 07:12:03.500 [INFO    ] Variable 'LE_RANDUNC_N' might be missing from headers of file: /global/home/users/sytoanngo/ONEFlux/data/US-ARc_sample_output/99_fluxnet2015/FLX_US-ARc_FLUXNET2015_FULLSET_MM_2005-2006_beta-5.csv [oneflux.pipeline.common]
2025-06-13 07:12:03.500 [INFO    ] Variable 'LE_CORR_JOINTUNC' might be missing from headers of file: /global/home/users/sytoanngo/ONEFlux/data/US-ARc_sample_output/99_fluxnet2015/FLX_US-ARc_FLUXNET2015_FULLSET_MM_2005-2006_beta-5.csv [oneflux.pipeline.common]
2025-06-13 07:12:03.501 [INFO    ] Variable 'H_CORR_25' might be missing from headers of file: /global/home/users/sytoanngo/ONEFlux/data/US-ARc_sample_output/99_fluxnet2015/FLX_US-ARc_FLUXNET2015_FULLSET_MM_2005-2006_beta-5.csv [oneflux.pipeline.common]
2025-06-13 07:12:03.501 [INFO    ] Variable 'H_CORR_75' might be missing from headers of file: /global/home/users/sytoanngo/ONEFlux/data/US-ARc_sample_output/99_fluxnet2015/FLX_US-ARc_FLUXNET2015_FULLSET_MM_2005-2006_beta-5.csv [oneflux.pipeline.common]
2025-06-13 07:12:03.501 [INFO    ] Variable 'H_RANDUNC_METHOD' might be missing from headers of file: /global/home/users/sytoanngo/ONEFlux/data/US-ARc_sample_output/99_fluxnet2015/FLX_US-ARc_FLUXNET2015_FULLSET_MM_2005-2006_beta-5.csv [oneflux.pipeline.common]
2025-06-13 07:12:03.501 [INFO    ] Variable 'H_RANDUNC_N' might be missing from headers of file: /global/home/users/sytoanngo/ONEFlux/data/US-ARc_sample_output/99_fluxnet2015/FLX_US-ARc_FLUXNET2015_FULLSET_MM_2005-2006_beta-5.csv [oneflux.pipeline.common]
2025-06-13 07:12:03.501 [INFO    ] Variable 'H_CORR_JOINTUNC' might be missing from headers of file: /global/home/users/sytoanngo/ONEFlux/data/US-ARc_sample_output/99_fluxnet2015/FLX_US-ARc_FLUXNET2015_FULLSET_MM_2005-2006_beta-5.csv [oneflux.pipeline.common]
2025-06-13 07:12:03.501 [INFO    ] Variable 'NEE_CUT_REF' might be missing from headers of file: /global/home/users/sytoanngo/ONEFlux/data/US-ARc_sample_output/99_fluxnet2015/FLX_US-ARc_FLUXNET2015_FULLSET_MM_2005-2006_beta-5.csv [oneflux.pipeline.common]
2025-06-13 07:12:03.501 [INFO    ] Variable 'NEE_CUT_REF_QC' might be missing from headers of file: /global/home/users/sytoanngo/ONEFlux/data/US-ARc_sample_output/99_fluxnet2015/FLX_US-ARc_FLUXNET2015_FULLSET_MM_2005-2006_beta-5.csv [oneflux.pipeline.common]
2025-06-13 07:12:03.501 [INFO    ] Variable 'NEE_CUT_REF_RANDUNC' might be missing from headers of file: /global/home/users/sytoanngo/ONEFlux/data/US-ARc_sample_output/99_fluxnet2015/FLX_US-ARc_FLUXNET2015_FULLSET_MM_2005-2006_beta-5.csv [oneflux.pipeline.common]
2025-06-13 07:12:03.501 [INFO    ] Variable 'RECO_NT_CUT_REF' might be missing from headers of file: /global/home/users/sytoanngo/ONEFlux/data/US-ARc_sample_output/99_fluxnet2015/FLX_US-ARc_FLUXNET2015_FULLSET_MM_2005-2006_beta-5.csv [oneflux.pipeline.common]
2025-06-13 07:12:03.501 [INFO    ] Variable 'GPP_NT_CUT_REF' might be missing from headers of file: /global/home/users/sytoanngo/ONEFlux/data/US-ARc_sample_output/99_fluxnet2015/FLX_US-ARc_FLUXNET2015_FULLSET_MM_2005-2006_beta-5.csv [oneflux.pipeline.common]
2025-06-13 07:12:03.501 [INFO    ] Variable 'RECO_DT_CUT_REF' might be missing from headers of file: /global/home/users/sytoanngo/ONEFlux/data/US-ARc_sample_output/99_fluxnet2015/FLX_US-ARc_FLUXNET2015_FULLSET_MM_2005-2006_beta-5.csv [oneflux.pipeline.common]
2025-06-13 07:12:03.501 [INFO    ] Variable 'GPP_DT_CUT_REF' might be missing from headers of file: /global/home/users/sytoanngo/ONEFlux/data/US-ARc_sample_output/99_fluxnet2015/FLX_US-ARc_FLUXNET2015_FULLSET_MM_2005-2006_beta-5.csv [oneflux.pipeline.common]
2025-06-13 07:12:03.501 [INFO    ] Variable 'TS_F_MDS_2' might be missing from headers of file: /global/home/users/sytoanngo/ONEFlux/data/US-ARc_sample_output/99_fluxnet2015/FLX_US-ARc_FLUXNET2015_FULLSET_MM_2005-2006_beta-5.csv [oneflux.pipeline.common]
2025-06-13 07:12:03.501 [INFO    ] Variable 'TS_F_MDS_3' might be missing from headers of file: /global/home/users/sytoanngo/ONEFlux/data/US-ARc_sample_output/99_fluxnet2015/FLX_US-ARc_FLUXNET2015_FULLSET_MM_2005-2006_beta-5.csv [oneflux.pipeline.common]
2025-06-13 07:12:03.502 [INFO    ] Variable 'TS_F_MDS_4' might be missing from headers of file: /global/home/users/sytoanngo/ONEFlux/data/US-ARc_sample_output/99_fluxnet2015/FLX_US-ARc_FLUXNET2015_FULLSET_MM_2005-2006_beta-5.csv [oneflux.pipeline.common]
2025-06-13 07:12:03.502 [INFO    ] Variable 'TS_F_MDS_5' might be missing from headers of file: /global/home/users/sytoanngo/ONEFlux/data/US-ARc_sample_output/99_fluxnet2015/FLX_US-ARc_FLUXNET2015_FULLSET_MM_2005-2006_beta-5.csv [oneflux.pipeline.common]
2025-06-13 07:12:03.502 [INFO    ] Variable 'TS_F_MDS_6' might be missing from headers of file: /global/home/users/sytoanngo/ONEFlux/data/US-ARc_sample_output/99_fluxnet2015/FLX_US-ARc_FLUXNET2015_FULLSET_MM_2005-2006_beta-5.csv [oneflux.pipeline.common]
2025-06-13 07:12:03.502 [INFO    ] Variable 'TS_F_MDS_7' might be missing from headers of file: /global/home/users/sytoanngo/ONEFlux/data/US-ARc_sample_output/99_fluxnet2015/FLX_US-ARc_FLUXNET2015_FULLSET_MM_2005-2006_beta-5.csv [oneflux.pipeline.common]
2025-06-13 07:12:03.502 [INFO    ] Variable 'TS_F_MDS_8' might be missing from headers of file: /global/home/users/sytoanngo/ONEFlux/data/US-ARc_sample_output/99_fluxnet2015/FLX_US-ARc_FLUXNET2015_FULLSET_MM_2005-2006_beta-5.csv [oneflux.pipeline.common]
2025-06-13 07:12:03.502 [INFO    ] Variable 'TS_F_MDS_9' might be missing from headers of file: /global/home/users/sytoanngo/ONEFlux/data/US-ARc_sample_output/99_fluxnet2015/FLX_US-ARc_FLUXNET2015_FULLSET_MM_2005-2006_beta-5.csv [oneflux.pipeline.common]
2025-06-13 07:12:03.502 [INFO    ] Variable 'TS_F_MDS_10' might be missing from headers of file: /global/home/users/sytoanngo/ONEFlux/data/US-ARc_sample_output/99_fluxnet2015/FLX_US-ARc_FLUXNET2015_FULLSET_MM_2005-2006_beta-5.csv [oneflux.pipeline.common]
2025-06-13 07:12:03.502 [INFO    ] Variable 'TS_F_MDS_11' might be missing from headers of file: /global/home/users/sytoanngo/ONEFlux/data/US-ARc_sample_output/99_fluxnet2015/FLX_US-ARc_FLUXNET2015_FULLSET_MM_2005-2006_beta-5.csv [oneflux.pipeline.common]
2025-06-13 07:12:03.502 [INFO    ] Variable 'TS_F_MDS_12' might be missing from headers of file: /global/home/users/sytoanngo/ONEFlux/data/US-ARc_sample_output/99_fluxnet2015/FLX_US-ARc_FLUXNET2015_FULLSET_MM_2005-2006_beta-5.csv [oneflux.pipeline.common]
2025-06-13 07:12:03.502 [INFO    ] Variable 'TS_F_MDS_13' might be missing from headers of file: /global/home/users/sytoanngo/ONEFlux/data/US-ARc_sample_output/99_fluxnet2015/FLX_US-ARc_FLUXNET2015_FULLSET_MM_2005-2006_beta-5.csv [oneflux.pipeline.common]
2025-06-13 07:12:03.502 [INFO    ] Variable 'TS_F_MDS_14' might be missing from headers of file: /global/home/users/sytoanngo/ONEFlux/data/US-ARc_sample_output/99_fluxnet2015/FLX_US-ARc_FLUXNET2015_FULLSET_MM_2005-2006_beta-5.csv [oneflux.pipeline.common]
2025-06-13 07:12:03.502 [INFO    ] Variable 'TS_F_MDS_15' might be missing from headers of file: /global/home/users/sytoanngo/ONEFlux/data/US-ARc_sample_output/99_fluxnet2015/FLX_US-ARc_FLUXNET2015_FULLSET_MM_2005-2006_beta-5.csv [oneflux.pipeline.common]
2025-06-13 07:12:03.502 [INFO    ] Variable 'TS_F_MDS_16' might be missing from headers of file: /global/home/users/sytoanngo/ONEFlux/data/US-ARc_sample_output/99_fluxnet2015/FLX_US-ARc_FLUXNET2015_FULLSET_MM_2005-2006_beta-5.csv [oneflux.pipeline.common]
2025-06-13 07:12:03.502 [INFO    ] Variable 'TS_F_MDS_17' might be missing from headers of file: /global/home/users/sytoanngo/ONEFlux/data/US-ARc_sample_output/99_fluxnet2015/FLX_US-ARc_FLUXNET2015_FULLSET_MM_2005-2006_beta-5.csv [oneflux.pipeline.common]
2025-06-13 07:12:03.503 [INFO    ] Variable 'TS_F_MDS_18' might be missing from headers of file: /global/home/users/sytoanngo/ONEFlux/data/US-ARc_sample_output/99_fluxnet2015/FLX_US-ARc_FLUXNET2015_FULLSET_MM_2005-2006_beta-5.csv [oneflux.pipeline.common]
2025-06-13 07:12:03.503 [INFO    ] Variable 'TS_F_MDS_19' might be missing from headers of file: /global/home/users/sytoanngo/ONEFlux/data/US-ARc_sample_output/99_fluxnet2015/FLX_US-ARc_FLUXNET2015_FULLSET_MM_2005-2006_beta-5.csv [oneflux.pipeline.common]
2025-06-13 07:12:03.503 [INFO    ] Variable 'TS_F_MDS_2_QC' might be missing from headers of file: /global/home/users/sytoanngo/ONEFlux/data/US-ARc_sample_output/99_fluxnet2015/FLX_US-ARc_FLUXNET2015_FULLSET_MM_2005-2006_beta-5.csv [oneflux.pipeline.common]
2025-06-13 07:12:03.503 [INFO    ] Variable 'TS_F_MDS_3_QC' might be missing from headers of file: /global/home/users/sytoanngo/ONEFlux/data/US-ARc_sample_output/99_fluxnet2015/FLX_US-ARc_FLUXNET2015_FULLSET_MM_2005-2006_beta-5.csv [oneflux.pipeline.common]
2025-06-13 07:12:03.503 [INFO    ] Variable 'TS_F_MDS_4_QC' might be missing from headers of file: /global/home/users/sytoanngo/ONEFlux/data/US-ARc_sample_output/99_fluxnet2015/FLX_US-ARc_FLUXNET2015_FULLSET_MM_2005-2006_beta-5.csv [oneflux.pipeline.common]
2025-06-13 07:12:03.503 [INFO    ] Variable 'TS_F_MDS_5_QC' might be missing from headers of file: /global/home/users/sytoanngo/ONEFlux/data/US-ARc_sample_output/99_fluxnet2015/FLX_US-ARc_FLUXNET2015_FULLSET_MM_2005-2006_beta-5.csv [oneflux.pipeline.common]
2025-06-13 07:12:03.503 [INFO    ] Variable 'TS_F_MDS_6_QC' might be missing from headers of file: /global/home/users/sytoanngo/ONEFlux/data/US-ARc_sample_output/99_fluxnet2015/FLX_US-ARc_FLUXNET2015_FULLSET_MM_2005-2006_beta-5.csv [oneflux.pipeline.common]
2025-06-13 07:12:03.503 [INFO    ] Variable 'TS_F_MDS_7_QC' might be missing from headers of file: /global/home/users/sytoanngo/ONEFlux/data/US-ARc_sample_output/99_fluxnet2015/FLX_US-ARc_FLUXNET2015_FULLSET_MM_2005-2006_beta-5.csv [oneflux.pipeline.common]
2025-06-13 07:12:03.503 [INFO    ] Variable 'TS_F_MDS_8_QC' might be missing from headers of file: /global/home/users/sytoanngo/ONEFlux/data/US-ARc_sample_output/99_fluxnet2015/FLX_US-ARc_FLUXNET2015_FULLSET_MM_2005-2006_beta-5.csv [oneflux.pipeline.common]
2025-06-13 07:12:03.503 [INFO    ] Variable 'TS_F_MDS_9_QC' might be missing from headers of file: /global/home/users/sytoanngo/ONEFlux/data/US-ARc_sample_output/99_fluxnet2015/FLX_US-ARc_FLUXNET2015_FULLSET_MM_2005-2006_beta-5.csv [oneflux.pipeline.common]
2025-06-13 07:12:03.503 [INFO    ] Variable 'TS_F_MDS_10_QC' might be missing from headers of file: /global/home/users/sytoanngo/ONEFlux/data/US-ARc_sample_output/99_fluxnet2015/FLX_US-ARc_FLUXNET2015_FULLSET_MM_2005-2006_beta-5.csv [oneflux.pipeline.common]
2025-06-13 07:12:03.503 [INFO    ] Variable 'TS_F_MDS_11_QC' might be missing from headers of file: /global/home/users/sytoanngo/ONEFlux/data/US-ARc_sample_output/99_fluxnet2015/FLX_US-ARc_FLUXNET2015_FULLSET_MM_2005-2006_beta-5.csv [oneflux.pipeline.common]
2025-06-13 07:12:03.503 [INFO    ] Variable 'TS_F_MDS_12_QC' might be missing from headers of file: /global/home/users/sytoanngo/ONEFlux/data/US-ARc_sample_output/99_fluxnet2015/FLX_US-ARc_FLUXNET2015_FULLSET_MM_2005-2006_beta-5.csv [oneflux.pipeline.common]
2025-06-13 07:12:03.503 [INFO    ] Variable 'TS_F_MDS_13_QC' might be missing from headers of file: /global/home/users/sytoanngo/ONEFlux/data/US-ARc_sample_output/99_fluxnet2015/FLX_US-ARc_FLUXNET2015_FULLSET_MM_2005-2006_beta-5.csv [oneflux.pipeline.common]
2025-06-13 07:12:03.504 [INFO    ] Variable 'TS_F_MDS_14_QC' might be missing from headers of file: /global/home/users/sytoanngo/ONEFlux/data/US-ARc_sample_output/99_fluxnet2015/FLX_US-ARc_FLUXNET2015_FULLSET_MM_2005-2006_beta-5.csv [oneflux.pipeline.common]
2025-06-13 07:12:03.504 [INFO    ] Variable 'TS_F_MDS_15_QC' might be missing from headers of file: /global/home/users/sytoanngo/ONEFlux/data/US-ARc_sample_output/99_fluxnet2015/FLX_US-ARc_FLUXNET2015_FULLSET_MM_2005-2006_beta-5.csv [oneflux.pipeline.common]
2025-06-13 07:12:03.504 [INFO    ] Variable 'TS_F_MDS_16_QC' might be missing from headers of file: /global/home/users/sytoanngo/ONEFlux/data/US-ARc_sample_output/99_fluxnet2015/FLX_US-ARc_FLUXNET2015_FULLSET_MM_2005-2006_beta-5.csv [oneflux.pipeline.common]
2025-06-13 07:12:03.504 [INFO    ] Variable 'TS_F_MDS_17_QC' might be missing from headers of file: /global/home/users/sytoanngo/ONEFlux/data/US-ARc_sample_output/99_fluxnet2015/FLX_US-ARc_FLUXNET2015_FULLSET_MM_2005-2006_beta-5.csv [oneflux.pipeline.common]
2025-06-13 07:12:03.504 [INFO    ] Variable 'TS_F_MDS_18_QC' might be missing from headers of file: /global/home/users/sytoanngo/ONEFlux/data/US-ARc_sample_output/99_fluxnet2015/FLX_US-ARc_FLUXNET2015_FULLSET_MM_2005-2006_beta-5.csv [oneflux.pipeline.common]
2025-06-13 07:12:03.504 [INFO    ] Variable 'TS_F_MDS_19_QC' might be missing from headers of file: /global/home/users/sytoanngo/ONEFlux/data/US-ARc_sample_output/99_fluxnet2015/FLX_US-ARc_FLUXNET2015_FULLSET_MM_2005-2006_beta-5.csv [oneflux.pipeline.common]
2025-06-13 07:12:03.504 [INFO    ] Variable 'SWC_F_MDS_2' might be missing from headers of file: /global/home/users/sytoanngo/ONEFlux/data/US-ARc_sample_output/99_fluxnet2015/FLX_US-ARc_FLUXNET2015_FULLSET_MM_2005-2006_beta-5.csv [oneflux.pipeline.common]
2025-06-13 07:12:03.504 [INFO    ] Variable 'SWC_F_MDS_3' might be missing from headers of file: /global/home/users/sytoanngo/ONEFlux/data/US-ARc_sample_output/99_fluxnet2015/FLX_US-ARc_FLUXNET2015_FULLSET_MM_2005-2006_beta-5.csv [oneflux.pipeline.common]
2025-06-13 07:12:03.504 [INFO    ] Variable 'SWC_F_MDS_4' might be missing from headers of file: /global/home/users/sytoanngo/ONEFlux/data/US-ARc_sample_output/99_fluxnet2015/FLX_US-ARc_FLUXNET2015_FULLSET_MM_2005-2006_beta-5.csv [oneflux.pipeline.common]
2025-06-13 07:12:03.504 [INFO    ] Variable 'SWC_F_MDS_5' might be missing from headers of file: /global/home/users/sytoanngo/ONEFlux/data/US-ARc_sample_output/99_fluxnet2015/FLX_US-ARc_FLUXNET2015_FULLSET_MM_2005-2006_beta-5.csv [oneflux.pipeline.common]
2025-06-13 07:12:03.504 [INFO    ] Variable 'SWC_F_MDS_6' might be missing from headers of file: /global/home/users/sytoanngo/ONEFlux/data/US-ARc_sample_output/99_fluxnet2015/FLX_US-ARc_FLUXNET2015_FULLSET_MM_2005-2006_beta-5.csv [oneflux.pipeline.common]
2025-06-13 07:12:03.504 [INFO    ] Variable 'SWC_F_MDS_7' might be missing from headers of file: /global/home/users/sytoanngo/ONEFlux/data/US-ARc_sample_output/99_fluxnet2015/FLX_US-ARc_FLUXNET2015_FULLSET_MM_2005-2006_beta-5.csv [oneflux.pipeline.common]
2025-06-13 07:12:03.504 [INFO    ] Variable 'SWC_F_MDS_8' might be missing from headers of file: /global/home/users/sytoanngo/ONEFlux/data/US-ARc_sample_output/99_fluxnet2015/FLX_US-ARc_FLUXNET2015_FULLSET_MM_2005-2006_beta-5.csv [oneflux.pipeline.common]
2025-06-13 07:12:03.504 [INFO    ] Variable 'SWC_F_MDS_9' might be missing from headers of file: /global/home/users/sytoanngo/ONEFlux/data/US-ARc_sample_output/99_fluxnet2015/FLX_US-ARc_FLUXNET2015_FULLSET_MM_2005-2006_beta-5.csv [oneflux.pipeline.common]
2025-06-13 07:12:03.504 [INFO    ] Variable 'SWC_F_MDS_10' might be missing from headers of file: /global/home/users/sytoanngo/ONEFlux/data/US-ARc_sample_output/99_fluxnet2015/FLX_US-ARc_FLUXNET2015_FULLSET_MM_2005-2006_beta-5.csv [oneflux.pipeline.common]
2025-06-13 07:12:03.505 [INFO    ] Variable 'SWC_F_MDS_11' might be missing from headers of file: /global/home/users/sytoanngo/ONEFlux/data/US-ARc_sample_output/99_fluxnet2015/FLX_US-ARc_FLUXNET2015_FULLSET_MM_2005-2006_beta-5.csv [oneflux.pipeline.common]
2025-06-13 07:12:03.505 [INFO    ] Variable 'SWC_F_MDS_12' might be missing from headers of file: /global/home/users/sytoanngo/ONEFlux/data/US-ARc_sample_output/99_fluxnet2015/FLX_US-ARc_FLUXNET2015_FULLSET_MM_2005-2006_beta-5.csv [oneflux.pipeline.common]
2025-06-13 07:12:03.505 [INFO    ] Variable 'SWC_F_MDS_13' might be missing from headers of file: /global/home/users/sytoanngo/ONEFlux/data/US-ARc_sample_output/99_fluxnet2015/FLX_US-ARc_FLUXNET2015_FULLSET_MM_2005-2006_beta-5.csv [oneflux.pipeline.common]
2025-06-13 07:12:03.505 [INFO    ] Variable 'SWC_F_MDS_14' might be missing from headers of file: /global/home/users/sytoanngo/ONEFlux/data/US-ARc_sample_output/99_fluxnet2015/FLX_US-ARc_FLUXNET2015_FULLSET_MM_2005-2006_beta-5.csv [oneflux.pipeline.common]
2025-06-13 07:12:03.505 [INFO    ] Variable 'SWC_F_MDS_15' might be missing from headers of file: /global/home/users/sytoanngo/ONEFlux/data/US-ARc_sample_output/99_fluxnet2015/FLX_US-ARc_FLUXNET2015_FULLSET_MM_2005-2006_beta-5.csv [oneflux.pipeline.common]
2025-06-13 07:12:03.505 [INFO    ] Variable 'SWC_F_MDS_16' might be missing from headers of file: /global/home/users/sytoanngo/ONEFlux/data/US-ARc_sample_output/99_fluxnet2015/FLX_US-ARc_FLUXNET2015_FULLSET_MM_2005-2006_beta-5.csv [oneflux.pipeline.common]
2025-06-13 07:12:03.505 [INFO    ] Variable 'SWC_F_MDS_17' might be missing from headers of file: /global/home/users/sytoanngo/ONEFlux/data/US-ARc_sample_output/99_fluxnet2015/FLX_US-ARc_FLUXNET2015_FULLSET_MM_2005-2006_beta-5.csv [oneflux.pipeline.common]
2025-06-13 07:12:03.505 [INFO    ] Variable 'SWC_F_MDS_18' might be missing from headers of file: /global/home/users/sytoanngo/ONEFlux/data/US-ARc_sample_output/99_fluxnet2015/FLX_US-ARc_FLUXNET2015_FULLSET_MM_2005-2006_beta-5.csv [oneflux.pipeline.common]
2025-06-13 07:12:03.505 [INFO    ] Variable 'SWC_F_MDS_19' might be missing from headers of file: /global/home/users/sytoanngo/ONEFlux/data/US-ARc_sample_output/99_fluxnet2015/FLX_US-ARc_FLUXNET2015_FULLSET_MM_2005-2006_beta-5.csv [oneflux.pipeline.common]
2025-06-13 07:12:03.505 [INFO    ] Variable 'SWC_F_MDS_2_QC' might be missing from headers of file: /global/home/users/sytoanngo/ONEFlux/data/US-ARc_sample_output/99_fluxnet2015/FLX_US-ARc_FLUXNET2015_FULLSET_MM_2005-2006_beta-5.csv [oneflux.pipeline.common]
2025-06-13 07:12:03.505 [INFO    ] Variable 'SWC_F_MDS_3_QC' might be missing from headers of file: /global/home/users/sytoanngo/ONEFlux/data/US-ARc_sample_output/99_fluxnet2015/FLX_US-ARc_FLUXNET2015_FULLSET_MM_2005-2006_beta-5.csv [oneflux.pipeline.common]
2025-06-13 07:12:03.505 [INFO    ] Variable 'SWC_F_MDS_4_QC' might be missing from headers of file: /global/home/users/sytoanngo/ONEFlux/data/US-ARc_sample_output/99_fluxnet2015/FLX_US-ARc_FLUXNET2015_FULLSET_MM_2005-2006_beta-5.csv [oneflux.pipeline.common]
2025-06-13 07:12:03.505 [INFO    ] Variable 'SWC_F_MDS_5_QC' might be missing from headers of file: /global/home/users/sytoanngo/ONEFlux/data/US-ARc_sample_output/99_fluxnet2015/FLX_US-ARc_FLUXNET2015_FULLSET_MM_2005-2006_beta-5.csv [oneflux.pipeline.common]
2025-06-13 07:12:03.505 [INFO    ] Variable 'SWC_F_MDS_6_QC' might be missing from headers of file: /global/home/users/sytoanngo/ONEFlux/data/US-ARc_sample_output/99_fluxnet2015/FLX_US-ARc_FLUXNET2015_FULLSET_MM_2005-2006_beta-5.csv [oneflux.pipeline.common]
2025-06-13 07:12:03.506 [INFO    ] Variable 'SWC_F_MDS_7_QC' might be missing from headers of file: /global/home/users/sytoanngo/ONEFlux/data/US-ARc_sample_output/99_fluxnet2015/FLX_US-ARc_FLUXNET2015_FULLSET_MM_2005-2006_beta-5.csv [oneflux.pipeline.common]
2025-06-13 07:12:03.506 [INFO    ] Variable 'SWC_F_MDS_8_QC' might be missing from headers of file: /global/home/users/sytoanngo/ONEFlux/data/US-ARc_sample_output/99_fluxnet2015/FLX_US-ARc_FLUXNET2015_FULLSET_MM_2005-2006_beta-5.csv [oneflux.pipeline.common]
2025-06-13 07:12:03.506 [INFO    ] Variable 'SWC_F_MDS_9_QC' might be missing from headers of file: /global/home/users/sytoanngo/ONEFlux/data/US-ARc_sample_output/99_fluxnet2015/FLX_US-ARc_FLUXNET2015_FULLSET_MM_2005-2006_beta-5.csv [oneflux.pipeline.common]
2025-06-13 07:12:03.506 [INFO    ] Variable 'SWC_F_MDS_10_QC' might be missing from headers of file: /global/home/users/sytoanngo/ONEFlux/data/US-ARc_sample_output/99_fluxnet2015/FLX_US-ARc_FLUXNET2015_FULLSET_MM_2005-2006_beta-5.csv [oneflux.pipeline.common]
2025-06-13 07:12:03.506 [INFO    ] Variable 'SWC_F_MDS_11_QC' might be missing from headers of file: /global/home/users/sytoanngo/ONEFlux/data/US-ARc_sample_output/99_fluxnet2015/FLX_US-ARc_FLUXNET2015_FULLSET_MM_2005-2006_beta-5.csv [oneflux.pipeline.common]
2025-06-13 07:12:03.506 [INFO    ] Variable 'SWC_F_MDS_12_QC' might be missing from headers of file: /global/home/users/sytoanngo/ONEFlux/data/US-ARc_sample_output/99_fluxnet2015/FLX_US-ARc_FLUXNET2015_FULLSET_MM_2005-2006_beta-5.csv [oneflux.pipeline.common]
2025-06-13 07:12:03.506 [INFO    ] Variable 'SWC_F_MDS_13_QC' might be missing from headers of file: /global/home/users/sytoanngo/ONEFlux/data/US-ARc_sample_output/99_fluxnet2015/FLX_US-ARc_FLUXNET2015_FULLSET_MM_2005-2006_beta-5.csv [oneflux.pipeline.common]
2025-06-13 07:12:03.506 [INFO    ] Variable 'SWC_F_MDS_14_QC' might be missing from headers of file: /global/home/users/sytoanngo/ONEFlux/data/US-ARc_sample_output/99_fluxnet2015/FLX_US-ARc_FLUXNET2015_FULLSET_MM_2005-2006_beta-5.csv [oneflux.pipeline.common]
2025-06-13 07:12:03.506 [INFO    ] Variable 'SWC_F_MDS_15_QC' might be missing from headers of file: /global/home/users/sytoanngo/ONEFlux/data/US-ARc_sample_output/99_fluxnet2015/FLX_US-ARc_FLUXNET2015_FULLSET_MM_2005-2006_beta-5.csv [oneflux.pipeline.common]
2025-06-13 07:12:03.506 [INFO    ] Variable 'SWC_F_MDS_16_QC' might be missing from headers of file: /global/home/users/sytoanngo/ONEFlux/data/US-ARc_sample_output/99_fluxnet2015/FLX_US-ARc_FLUXNET2015_FULLSET_MM_2005-2006_beta-5.csv [oneflux.pipeline.common]
2025-06-13 07:12:03.506 [INFO    ] Variable 'SWC_F_MDS_17_QC' might be missing from headers of file: /global/home/users/sytoanngo/ONEFlux/data/US-ARc_sample_output/99_fluxnet2015/FLX_US-ARc_FLUXNET2015_FULLSET_MM_2005-2006_beta-5.csv [oneflux.pipeline.common]
2025-06-13 07:12:03.506 [INFO    ] Variable 'SWC_F_MDS_18_QC' might be missing from headers of file: /global/home/users/sytoanngo/ONEFlux/data/US-ARc_sample_output/99_fluxnet2015/FLX_US-ARc_FLUXNET2015_FULLSET_MM_2005-2006_beta-5.csv [oneflux.pipeline.common]
2025-06-13 07:12:03.506 [INFO    ] Variable 'SWC_F_MDS_19_QC' might be missing from headers of file: /global/home/users/sytoanngo/ONEFlux/data/US-ARc_sample_output/99_fluxnet2015/FLX_US-ARc_FLUXNET2015_FULLSET_MM_2005-2006_beta-5.csv [oneflux.pipeline.common]
2025-06-13 07:12:03.506 [INFO    ] Variable 'NEE_CUT_05' might be missing from headers of file: /global/home/users/sytoanngo/ONEFlux/data/US-ARc_sample_output/99_fluxnet2015/FLX_US-ARc_FLUXNET2015_FULLSET_MM_2005-2006_beta-5.csv [oneflux.pipeline.common]
2025-06-13 07:12:03.507 [INFO    ] Variable 'NEE_CUT_16' might be missing from headers of file: /global/home/users/sytoanngo/ONEFlux/data/US-ARc_sample_output/99_fluxnet2015/FLX_US-ARc_FLUXNET2015_FULLSET_MM_2005-2006_beta-5.csv [oneflux.pipeline.common]
2025-06-13 07:12:03.507 [INFO    ] Variable 'NEE_CUT_25' might be missing from headers of file: /global/home/users/sytoanngo/ONEFlux/data/US-ARc_sample_output/99_fluxnet2015/FLX_US-ARc_FLUXNET2015_FULLSET_MM_2005-2006_beta-5.csv [oneflux.pipeline.common]
2025-06-13 07:12:03.507 [INFO    ] Variable 'NEE_CUT_50' might be missing from headers of file: /global/home/users/sytoanngo/ONEFlux/data/US-ARc_sample_output/99_fluxnet2015/FLX_US-ARc_FLUXNET2015_FULLSET_MM_2005-2006_beta-5.csv [oneflux.pipeline.common]
2025-06-13 07:12:03.507 [INFO    ] Variable 'NEE_CUT_75' might be missing from headers of file: /global/home/users/sytoanngo/ONEFlux/data/US-ARc_sample_output/99_fluxnet2015/FLX_US-ARc_FLUXNET2015_FULLSET_MM_2005-2006_beta-5.csv [oneflux.pipeline.common]
2025-06-13 07:12:03.507 [INFO    ] Variable 'NEE_CUT_84' might be missing from headers of file: /global/home/users/sytoanngo/ONEFlux/data/US-ARc_sample_output/99_fluxnet2015/FLX_US-ARc_FLUXNET2015_FULLSET_MM_2005-2006_beta-5.csv [oneflux.pipeline.common]
2025-06-13 07:12:03.507 [INFO    ] Variable 'NEE_CUT_95' might be missing from headers of file: /global/home/users/sytoanngo/ONEFlux/data/US-ARc_sample_output/99_fluxnet2015/FLX_US-ARc_FLUXNET2015_FULLSET_MM_2005-2006_beta-5.csv [oneflux.pipeline.common]
2025-06-13 07:12:03.507 [INFO    ] Variable 'NEE_CUT_05_QC' might be missing from headers of file: /global/home/users/sytoanngo/ONEFlux/data/US-ARc_sample_output/99_fluxnet2015/FLX_US-ARc_FLUXNET2015_FULLSET_MM_2005-2006_beta-5.csv [oneflux.pipeline.common]
2025-06-13 07:12:03.507 [INFO    ] Variable 'NEE_CUT_16_QC' might be missing from headers of file: /global/home/users/sytoanngo/ONEFlux/data/US-ARc_sample_output/99_fluxnet2015/FLX_US-ARc_FLUXNET2015_FULLSET_MM_2005-2006_beta-5.csv [oneflux.pipeline.common]
2025-06-13 07:12:03.507 [INFO    ] Variable 'NEE_CUT_25_QC' might be missing from headers of file: /global/home/users/sytoanngo/ONEFlux/data/US-ARc_sample_output/99_fluxnet2015/FLX_US-ARc_FLUXNET2015_FULLSET_MM_2005-2006_beta-5.csv [oneflux.pipeline.common]
2025-06-13 07:12:03.507 [INFO    ] Variable 'NEE_CUT_50_QC' might be missing from headers of file: /global/home/users/sytoanngo/ONEFlux/data/US-ARc_sample_output/99_fluxnet2015/FLX_US-ARc_FLUXNET2015_FULLSET_MM_2005-2006_beta-5.csv [oneflux.pipeline.common]
2025-06-13 07:12:03.507 [INFO    ] Variable 'NEE_CUT_75_QC' might be missing from headers of file: /global/home/users/sytoanngo/ONEFlux/data/US-ARc_sample_output/99_fluxnet2015/FLX_US-ARc_FLUXNET2015_FULLSET_MM_2005-2006_beta-5.csv [oneflux.pipeline.common]
2025-06-13 07:12:03.507 [INFO    ] Variable 'NEE_CUT_84_QC' might be missing from headers of file: /global/home/users/sytoanngo/ONEFlux/data/US-ARc_sample_output/99_fluxnet2015/FLX_US-ARc_FLUXNET2015_FULLSET_MM_2005-2006_beta-5.csv [oneflux.pipeline.common]
2025-06-13 07:12:03.507 [INFO    ] Variable 'NEE_CUT_95_QC' might be missing from headers of file: /global/home/users/sytoanngo/ONEFlux/data/US-ARc_sample_output/99_fluxnet2015/FLX_US-ARc_FLUXNET2015_FULLSET_MM_2005-2006_beta-5.csv [oneflux.pipeline.common]
2025-06-13 07:12:03.507 [INFO    ] Variable 'RECO_NT_CUT_05' might be missing from headers of file: /global/home/users/sytoanngo/ONEFlux/data/US-ARc_sample_output/99_fluxnet2015/FLX_US-ARc_FLUXNET2015_FULLSET_MM_2005-2006_beta-5.csv [oneflux.pipeline.common]
2025-06-13 07:12:03.508 [INFO    ] Variable 'RECO_NT_CUT_16' might be missing from headers of file: /global/home/users/sytoanngo/ONEFlux/data/US-ARc_sample_output/99_fluxnet2015/FLX_US-ARc_FLUXNET2015_FULLSET_MM_2005-2006_beta-5.csv [oneflux.pipeline.common]
2025-06-13 07:12:03.508 [INFO    ] Variable 'RECO_NT_CUT_25' might be missing from headers of file: /global/home/users/sytoanngo/ONEFlux/data/US-ARc_sample_output/99_fluxnet2015/FLX_US-ARc_FLUXNET2015_FULLSET_MM_2005-2006_beta-5.csv [oneflux.pipeline.common]
2025-06-13 07:12:03.508 [INFO    ] Variable 'RECO_NT_CUT_50' might be missing from headers of file: /global/home/users/sytoanngo/ONEFlux/data/US-ARc_sample_output/99_fluxnet2015/FLX_US-ARc_FLUXNET2015_FULLSET_MM_2005-2006_beta-5.csv [oneflux.pipeline.common]
2025-06-13 07:12:03.508 [INFO    ] Variable 'RECO_NT_CUT_75' might be missing from headers of file: /global/home/users/sytoanngo/ONEFlux/data/US-ARc_sample_output/99_fluxnet2015/FLX_US-ARc_FLUXNET2015_FULLSET_MM_2005-2006_beta-5.csv [oneflux.pipeline.common]
2025-06-13 07:12:03.508 [INFO    ] Variable 'RECO_NT_CUT_84' might be missing from headers of file: /global/home/users/sytoanngo/ONEFlux/data/US-ARc_sample_output/99_fluxnet2015/FLX_US-ARc_FLUXNET2015_FULLSET_MM_2005-2006_beta-5.csv [oneflux.pipeline.common]
2025-06-13 07:12:03.508 [INFO    ] Variable 'RECO_NT_CUT_95' might be missing from headers of file: /global/home/users/sytoanngo/ONEFlux/data/US-ARc_sample_output/99_fluxnet2015/FLX_US-ARc_FLUXNET2015_FULLSET_MM_2005-2006_beta-5.csv [oneflux.pipeline.common]
2025-06-13 07:12:03.508 [INFO    ] Variable 'GPP_NT_CUT_05' might be missing from headers of file: /global/home/users/sytoanngo/ONEFlux/data/US-ARc_sample_output/99_fluxnet2015/FLX_US-ARc_FLUXNET2015_FULLSET_MM_2005-2006_beta-5.csv [oneflux.pipeline.common]
2025-06-13 07:12:03.508 [INFO    ] Variable 'GPP_NT_CUT_16' might be missing from headers of file: /global/home/users/sytoanngo/ONEFlux/data/US-ARc_sample_output/99_fluxnet2015/FLX_US-ARc_FLUXNET2015_FULLSET_MM_2005-2006_beta-5.csv [oneflux.pipeline.common]
2025-06-13 07:12:03.508 [INFO    ] Variable 'GPP_NT_CUT_25' might be missing from headers of file: /global/home/users/sytoanngo/ONEFlux/data/US-ARc_sample_output/99_fluxnet2015/FLX_US-ARc_FLUXNET2015_FULLSET_MM_2005-2006_beta-5.csv [oneflux.pipeline.common]
2025-06-13 07:12:03.508 [INFO    ] Variable 'GPP_NT_CUT_50' might be missing from headers of file: /global/home/users/sytoanngo/ONEFlux/data/US-ARc_sample_output/99_fluxnet2015/FLX_US-ARc_FLUXNET2015_FULLSET_MM_2005-2006_beta-5.csv [oneflux.pipeline.common]
2025-06-13 07:12:03.508 [INFO    ] Variable 'GPP_NT_CUT_75' might be missing from headers of file: /global/home/users/sytoanngo/ONEFlux/data/US-ARc_sample_output/99_fluxnet2015/FLX_US-ARc_FLUXNET2015_FULLSET_MM_2005-2006_beta-5.csv [oneflux.pipeline.common]
2025-06-13 07:12:03.508 [INFO    ] Variable 'GPP_NT_CUT_84' might be missing from headers of file: /global/home/users/sytoanngo/ONEFlux/data/US-ARc_sample_output/99_fluxnet2015/FLX_US-ARc_FLUXNET2015_FULLSET_MM_2005-2006_beta-5.csv [oneflux.pipeline.common]
2025-06-13 07:12:03.508 [INFO    ] Variable 'GPP_NT_CUT_95' might be missing from headers of file: /global/home/users/sytoanngo/ONEFlux/data/US-ARc_sample_output/99_fluxnet2015/FLX_US-ARc_FLUXNET2015_FULLSET_MM_2005-2006_beta-5.csv [oneflux.pipeline.common]
2025-06-13 07:12:03.509 [INFO    ] Variable 'RECO_DT_CUT_05' might be missing from headers of file: /global/home/users/sytoanngo/ONEFlux/data/US-ARc_sample_output/99_fluxnet2015/FLX_US-ARc_FLUXNET2015_FULLSET_MM_2005-2006_beta-5.csv [oneflux.pipeline.common]
2025-06-13 07:12:03.509 [INFO    ] Variable 'RECO_DT_CUT_16' might be missing from headers of file: /global/home/users/sytoanngo/ONEFlux/data/US-ARc_sample_output/99_fluxnet2015/FLX_US-ARc_FLUXNET2015_FULLSET_MM_2005-2006_beta-5.csv [oneflux.pipeline.common]
2025-06-13 07:12:03.509 [INFO    ] Variable 'RECO_DT_CUT_25' might be missing from headers of file: /global/home/users/sytoanngo/ONEFlux/data/US-ARc_sample_output/99_fluxnet2015/FLX_US-ARc_FLUXNET2015_FULLSET_MM_2005-2006_beta-5.csv [oneflux.pipeline.common]
2025-06-13 07:12:03.509 [INFO    ] Variable 'RECO_DT_CUT_50' might be missing from headers of file: /global/home/users/sytoanngo/ONEFlux/data/US-ARc_sample_output/99_fluxnet2015/FLX_US-ARc_FLUXNET2015_FULLSET_MM_2005-2006_beta-5.csv [oneflux.pipeline.common]
2025-06-13 07:12:03.509 [INFO    ] Variable 'RECO_DT_CUT_75' might be missing from headers of file: /global/home/users/sytoanngo/ONEFlux/data/US-ARc_sample_output/99_fluxnet2015/FLX_US-ARc_FLUXNET2015_FULLSET_MM_2005-2006_beta-5.csv [oneflux.pipeline.common]
2025-06-13 07:12:03.509 [INFO    ] Variable 'RECO_DT_CUT_84' might be missing from headers of file: /global/home/users/sytoanngo/ONEFlux/data/US-ARc_sample_output/99_fluxnet2015/FLX_US-ARc_FLUXNET2015_FULLSET_MM_2005-2006_beta-5.csv [oneflux.pipeline.common]
2025-06-13 07:12:03.509 [INFO    ] Variable 'RECO_DT_CUT_95' might be missing from headers of file: /global/home/users/sytoanngo/ONEFlux/data/US-ARc_sample_output/99_fluxnet2015/FLX_US-ARc_FLUXNET2015_FULLSET_MM_2005-2006_beta-5.csv [oneflux.pipeline.common]
2025-06-13 07:12:03.509 [INFO    ] Variable 'GPP_DT_CUT_05' might be missing from headers of file: /global/home/users/sytoanngo/ONEFlux/data/US-ARc_sample_output/99_fluxnet2015/FLX_US-ARc_FLUXNET2015_FULLSET_MM_2005-2006_beta-5.csv [oneflux.pipeline.common]
2025-06-13 07:12:03.509 [INFO    ] Variable 'GPP_DT_CUT_16' might be missing from headers of file: /global/home/users/sytoanngo/ONEFlux/data/US-ARc_sample_output/99_fluxnet2015/FLX_US-ARc_FLUXNET2015_FULLSET_MM_2005-2006_beta-5.csv [oneflux.pipeline.common]
2025-06-13 07:12:03.509 [INFO    ] Variable 'GPP_DT_CUT_25' might be missing from headers of file: /global/home/users/sytoanngo/ONEFlux/data/US-ARc_sample_output/99_fluxnet2015/FLX_US-ARc_FLUXNET2015_FULLSET_MM_2005-2006_beta-5.csv [oneflux.pipeline.common]
2025-06-13 07:12:03.509 [INFO    ] Variable 'GPP_DT_CUT_50' might be missing from headers of file: /global/home/users/sytoanngo/ONEFlux/data/US-ARc_sample_output/99_fluxnet2015/FLX_US-ARc_FLUXNET2015_FULLSET_MM_2005-2006_beta-5.csv [oneflux.pipeline.common]
2025-06-13 07:12:03.509 [INFO    ] Variable 'GPP_DT_CUT_75' might be missing from headers of file: /global/home/users/sytoanngo/ONEFlux/data/US-ARc_sample_output/99_fluxnet2015/FLX_US-ARc_FLUXNET2015_FULLSET_MM_2005-2006_beta-5.csv [oneflux.pipeline.common]
2025-06-13 07:12:03.510 [INFO    ] Variable 'GPP_DT_CUT_84' might be missing from headers of file: /global/home/users/sytoanngo/ONEFlux/data/US-ARc_sample_output/99_fluxnet2015/FLX_US-ARc_FLUXNET2015_FULLSET_MM_2005-2006_beta-5.csv [oneflux.pipeline.common]
2025-06-13 07:12:03.510 [INFO    ] Variable 'GPP_DT_CUT_95' might be missing from headers of file: /global/home/users/sytoanngo/ONEFlux/data/US-ARc_sample_output/99_fluxnet2015/FLX_US-ARc_FLUXNET2015_FULLSET_MM_2005-2006_beta-5.csv [oneflux.pipeline.common]
2025-06-13 07:12:03.510 [INFO    ] Variable 'PPFD_DIF' might be missing from headers of file: /global/home/users/sytoanngo/ONEFlux/data/US-ARc_sample_output/99_fluxnet2015/FLX_US-ARc_FLUXNET2015_FULLSET_MM_2005-2006_beta-5.csv [oneflux.pipeline.common]
2025-06-13 07:12:03.511 [INFO    ] Variable 'PPFD_DIF_QC' might be missing from headers of file: /global/home/users/sytoanngo/ONEFlux/data/US-ARc_sample_output/99_fluxnet2015/FLX_US-ARc_FLUXNET2015_FULLSET_MM_2005-2006_beta-5.csv [oneflux.pipeline.common]
2025-06-13 07:12:03.511 [INFO    ] Variable 'PPFD_OUT' might be missing from headers of file: /global/home/users/sytoanngo/ONEFlux/data/US-ARc_sample_output/99_fluxnet2015/FLX_US-ARc_FLUXNET2015_FULLSET_MM_2005-2006_beta-5.csv [oneflux.pipeline.common]
2025-06-13 07:12:03.511 [INFO    ] Variable 'PPFD_OUT_QC' might be missing from headers of file: /global/home/users/sytoanngo/ONEFlux/data/US-ARc_sample_output/99_fluxnet2015/FLX_US-ARc_FLUXNET2015_FULLSET_MM_2005-2006_beta-5.csv [oneflux.pipeline.common]
2025-06-13 07:12:03.511 [INFO    ] Variable 'SW_DIF' might be missing from headers of file: /global/home/users/sytoanngo/ONEFlux/data/US-ARc_sample_output/99_fluxnet2015/FLX_US-ARc_FLUXNET2015_FULLSET_MM_2005-2006_beta-5.csv [oneflux.pipeline.common]
2025-06-13 07:12:03.511 [INFO    ] Variable 'SW_DIF_QC' might be missing from headers of file: /global/home/users/sytoanngo/ONEFlux/data/US-ARc_sample_output/99_fluxnet2015/FLX_US-ARc_FLUXNET2015_FULLSET_MM_2005-2006_beta-5.csv [oneflux.pipeline.common]
2025-06-13 07:12:03.511 [INFO    ] Variable 'SW_OUT' might be missing from headers of file: /global/home/users/sytoanngo/ONEFlux/data/US-ARc_sample_output/99_fluxnet2015/FLX_US-ARc_FLUXNET2015_FULLSET_MM_2005-2006_beta-5.csv [oneflux.pipeline.common]
2025-06-13 07:12:03.511 [INFO    ] Variable 'SW_OUT_QC' might be missing from headers of file: /global/home/users/sytoanngo/ONEFlux/data/US-ARc_sample_output/99_fluxnet2015/FLX_US-ARc_FLUXNET2015_FULLSET_MM_2005-2006_beta-5.csv [oneflux.pipeline.common]
2025-06-13 07:12:03.511 [INFO    ] Variable 'LW_OUT' might be missing from headers of file: /global/home/users/sytoanngo/ONEFlux/data/US-ARc_sample_output/99_fluxnet2015/FLX_US-ARc_FLUXNET2015_FULLSET_MM_2005-2006_beta-5.csv [oneflux.pipeline.common]
2025-06-13 07:12:03.511 [INFO    ] Variable 'LW_OUT_QC' might be missing from headers of file: /global/home/users/sytoanngo/ONEFlux/data/US-ARc_sample_output/99_fluxnet2015/FLX_US-ARc_FLUXNET2015_FULLSET_MM_2005-2006_beta-5.csv [oneflux.pipeline.common]
2025-06-13 07:12:03.511 [INFO    ] Variable 'PA' might be missing from headers of file: /global/home/users/sytoanngo/ONEFlux/data/US-ARc_sample_output/99_fluxnet2015/FLX_US-ARc_FLUXNET2015_FULLSET_MM_2005-2006_beta-5.csv [oneflux.pipeline.common]
2025-06-13 07:12:03.511 [INFO    ] Variable 'P' might be missing from headers of file: /global/home/users/sytoanngo/ONEFlux/data/US-ARc_sample_output/99_fluxnet2015/FLX_US-ARc_FLUXNET2015_FULLSET_MM_2005-2006_beta-5.csv [oneflux.pipeline.common]
2025-06-13 07:12:03.511 [INFO    ] Variable 'WS' might be missing from headers of file: /global/home/users/sytoanngo/ONEFlux/data/US-ARc_sample_output/99_fluxnet2015/FLX_US-ARc_FLUXNET2015_FULLSET_MM_2005-2006_beta-5.csv [oneflux.pipeline.common]
2025-06-13 07:12:03.511 [INFO    ] Variable 'WD' might be missing from headers of file: /global/home/users/sytoanngo/ONEFlux/data/US-ARc_sample_output/99_fluxnet2015/FLX_US-ARc_FLUXNET2015_FULLSET_MM_2005-2006_beta-5.csv [oneflux.pipeline.common]
2025-06-13 07:12:03.511 [INFO    ] Variable 'RH' might be missing from headers of file: /global/home/users/sytoanngo/ONEFlux/data/US-ARc_sample_output/99_fluxnet2015/FLX_US-ARc_FLUXNET2015_FULLSET_MM_2005-2006_beta-5.csv [oneflux.pipeline.common]
2025-06-13 07:12:03.512 [INFO    ] Variable 'LE_CORR_25' might be missing from headers of file: /global/home/users/sytoanngo/ONEFlux/data/US-ARc_sample_output/99_fluxnet2015/FLX_US-ARc_FLUXNET2015_FULLSET_MM_2005-2006_beta-5.csv [oneflux.pipeline.common]
2025-06-13 07:12:03.512 [INFO    ] Variable 'LE_CORR_75' might be missing from headers of file: /global/home/users/sytoanngo/ONEFlux/data/US-ARc_sample_output/99_fluxnet2015/FLX_US-ARc_FLUXNET2015_FULLSET_MM_2005-2006_beta-5.csv [oneflux.pipeline.common]
2025-06-13 07:12:03.512 [INFO    ] Variable 'LE_RANDUNC_METHOD' might be missing from headers of file: /global/home/users/sytoanngo/ONEFlux/data/US-ARc_sample_output/99_fluxnet2015/FLX_US-ARc_FLUXNET2015_FULLSET_MM_2005-2006_beta-5.csv [oneflux.pipeline.common]
2025-06-13 07:12:03.512 [INFO    ] Variable 'LE_RANDUNC_N' might be missing from headers of file: /global/home/users/sytoanngo/ONEFlux/data/US-ARc_sample_output/99_fluxnet2015/FLX_US-ARc_FLUXNET2015_FULLSET_MM_2005-2006_beta-5.csv [oneflux.pipeline.common]
2025-06-13 07:12:03.512 [INFO    ] Variable 'LE_CORR_JOINTUNC' might be missing from headers of file: /global/home/users/sytoanngo/ONEFlux/data/US-ARc_sample_output/99_fluxnet2015/FLX_US-ARc_FLUXNET2015_FULLSET_MM_2005-2006_beta-5.csv [oneflux.pipeline.common]
2025-06-13 07:12:03.512 [INFO    ] Variable 'H_CORR_25' might be missing from headers of file: /global/home/users/sytoanngo/ONEFlux/data/US-ARc_sample_output/99_fluxnet2015/FLX_US-ARc_FLUXNET2015_FULLSET_MM_2005-2006_beta-5.csv [oneflux.pipeline.common]
2025-06-13 07:12:03.512 [INFO    ] Variable 'H_CORR_75' might be missing from headers of file: /global/home/users/sytoanngo/ONEFlux/data/US-ARc_sample_output/99_fluxnet2015/FLX_US-ARc_FLUXNET2015_FULLSET_MM_2005-2006_beta-5.csv [oneflux.pipeline.common]
2025-06-13 07:12:03.512 [INFO    ] Variable 'H_RANDUNC_METHOD' might be missing from headers of file: /global/home/users/sytoanngo/ONEFlux/data/US-ARc_sample_output/99_fluxnet2015/FLX_US-ARc_FLUXNET2015_FULLSET_MM_2005-2006_beta-5.csv [oneflux.pipeline.common]
2025-06-13 07:12:03.512 [INFO    ] Variable 'H_RANDUNC_N' might be missing from headers of file: /global/home/users/sytoanngo/ONEFlux/data/US-ARc_sample_output/99_fluxnet2015/FLX_US-ARc_FLUXNET2015_FULLSET_MM_2005-2006_beta-5.csv [oneflux.pipeline.common]
2025-06-13 07:12:03.512 [INFO    ] Variable 'H_CORR_JOINTUNC' might be missing from headers of file: /global/home/users/sytoanngo/ONEFlux/data/US-ARc_sample_output/99_fluxnet2015/FLX_US-ARc_FLUXNET2015_FULLSET_MM_2005-2006_beta-5.csv [oneflux.pipeline.common]
2025-06-13 07:12:03.512 [INFO    ] Variable 'NEE_CUT_REF' might be missing from headers of file: /global/home/users/sytoanngo/ONEFlux/data/US-ARc_sample_output/99_fluxnet2015/FLX_US-ARc_FLUXNET2015_FULLSET_MM_2005-2006_beta-5.csv [oneflux.pipeline.common]
2025-06-13 07:12:03.512 [INFO    ] Variable 'NEE_CUT_REF_QC' might be missing from headers of file: /global/home/users/sytoanngo/ONEFlux/data/US-ARc_sample_output/99_fluxnet2015/FLX_US-ARc_FLUXNET2015_FULLSET_MM_2005-2006_beta-5.csv [oneflux.pipeline.common]
2025-06-13 07:12:03.512 [INFO    ] Variable 'NEE_CUT_REF_RANDUNC' might be missing from headers of file: /global/home/users/sytoanngo/ONEFlux/data/US-ARc_sample_output/99_fluxnet2015/FLX_US-ARc_FLUXNET2015_FULLSET_MM_2005-2006_beta-5.csv [oneflux.pipeline.common]
2025-06-13 07:12:03.512 [INFO    ] Variable 'RECO_NT_CUT_REF' might be missing from headers of file: /global/home/users/sytoanngo/ONEFlux/data/US-ARc_sample_output/99_fluxnet2015/FLX_US-ARc_FLUXNET2015_FULLSET_MM_2005-2006_beta-5.csv [oneflux.pipeline.common]
2025-06-13 07:12:03.513 [INFO    ] Variable 'GPP_NT_CUT_REF' might be missing from headers of file: /global/home/users/sytoanngo/ONEFlux/data/US-ARc_sample_output/99_fluxnet2015/FLX_US-ARc_FLUXNET2015_FULLSET_MM_2005-2006_beta-5.csv [oneflux.pipeline.common]
2025-06-13 07:12:03.513 [INFO    ] Variable 'RECO_DT_CUT_REF' might be missing from headers of file: /global/home/users/sytoanngo/ONEFlux/data/US-ARc_sample_output/99_fluxnet2015/FLX_US-ARc_FLUXNET2015_FULLSET_MM_2005-2006_beta-5.csv [oneflux.pipeline.common]
2025-06-13 07:12:03.513 [INFO    ] Variable 'GPP_DT_CUT_REF' might be missing from headers of file: /global/home/users/sytoanngo/ONEFlux/data/US-ARc_sample_output/99_fluxnet2015/FLX_US-ARc_FLUXNET2015_FULLSET_MM_2005-2006_beta-5.csv [oneflux.pipeline.common]
2025-06-13 07:12:03.513 [INFO    ] Variable 'TS_F_MDS_2' might be missing from headers of file: /global/home/users/sytoanngo/ONEFlux/data/US-ARc_sample_output/99_fluxnet2015/FLX_US-ARc_FLUXNET2015_FULLSET_MM_2005-2006_beta-5.csv [oneflux.pipeline.common]
2025-06-13 07:12:03.513 [INFO    ] Variable 'TS_F_MDS_3' might be missing from headers of file: /global/home/users/sytoanngo/ONEFlux/data/US-ARc_sample_output/99_fluxnet2015/FLX_US-ARc_FLUXNET2015_FULLSET_MM_2005-2006_beta-5.csv [oneflux.pipeline.common]
2025-06-13 07:12:03.513 [INFO    ] Variable 'TS_F_MDS_4' might be missing from headers of file: /global/home/users/sytoanngo/ONEFlux/data/US-ARc_sample_output/99_fluxnet2015/FLX_US-ARc_FLUXNET2015_FULLSET_MM_2005-2006_beta-5.csv [oneflux.pipeline.common]
2025-06-13 07:12:03.513 [INFO    ] Variable 'TS_F_MDS_5' might be missing from headers of file: /global/home/users/sytoanngo/ONEFlux/data/US-ARc_sample_output/99_fluxnet2015/FLX_US-ARc_FLUXNET2015_FULLSET_MM_2005-2006_beta-5.csv [oneflux.pipeline.common]
2025-06-13 07:12:03.513 [INFO    ] Variable 'TS_F_MDS_6' might be missing from headers of file: /global/home/users/sytoanngo/ONEFlux/data/US-ARc_sample_output/99_fluxnet2015/FLX_US-ARc_FLUXNET2015_FULLSET_MM_2005-2006_beta-5.csv [oneflux.pipeline.common]
2025-06-13 07:12:03.513 [INFO    ] Variable 'TS_F_MDS_7' might be missing from headers of file: /global/home/users/sytoanngo/ONEFlux/data/US-ARc_sample_output/99_fluxnet2015/FLX_US-ARc_FLUXNET2015_FULLSET_MM_2005-2006_beta-5.csv [oneflux.pipeline.common]
2025-06-13 07:12:03.513 [INFO    ] Variable 'TS_F_MDS_8' might be missing from headers of file: /global/home/users/sytoanngo/ONEFlux/data/US-ARc_sample_output/99_fluxnet2015/FLX_US-ARc_FLUXNET2015_FULLSET_MM_2005-2006_beta-5.csv [oneflux.pipeline.common]
2025-06-13 07:12:03.513 [INFO    ] Variable 'TS_F_MDS_9' might be missing from headers of file: /global/home/users/sytoanngo/ONEFlux/data/US-ARc_sample_output/99_fluxnet2015/FLX_US-ARc_FLUXNET2015_FULLSET_MM_2005-2006_beta-5.csv [oneflux.pipeline.common]
2025-06-13 07:12:03.513 [INFO    ] Variable 'TS_F_MDS_10' might be missing from headers of file: /global/home/users/sytoanngo/ONEFlux/data/US-ARc_sample_output/99_fluxnet2015/FLX_US-ARc_FLUXNET2015_FULLSET_MM_2005-2006_beta-5.csv [oneflux.pipeline.common]
2025-06-13 07:12:03.513 [INFO    ] Variable 'TS_F_MDS_11' might be missing from headers of file: /global/home/users/sytoanngo/ONEFlux/data/US-ARc_sample_output/99_fluxnet2015/FLX_US-ARc_FLUXNET2015_FULLSET_MM_2005-2006_beta-5.csv [oneflux.pipeline.common]
2025-06-13 07:12:03.513 [INFO    ] Variable 'TS_F_MDS_12' might be missing from headers of file: /global/home/users/sytoanngo/ONEFlux/data/US-ARc_sample_output/99_fluxnet2015/FLX_US-ARc_FLUXNET2015_FULLSET_MM_2005-2006_beta-5.csv [oneflux.pipeline.common]
2025-06-13 07:12:03.514 [INFO    ] Variable 'TS_F_MDS_13' might be missing from headers of file: /global/home/users/sytoanngo/ONEFlux/data/US-ARc_sample_output/99_fluxnet2015/FLX_US-ARc_FLUXNET2015_FULLSET_MM_2005-2006_beta-5.csv [oneflux.pipeline.common]
2025-06-13 07:12:03.514 [INFO    ] Variable 'TS_F_MDS_14' might be missing from headers of file: /global/home/users/sytoanngo/ONEFlux/data/US-ARc_sample_output/99_fluxnet2015/FLX_US-ARc_FLUXNET2015_FULLSET_MM_2005-2006_beta-5.csv [oneflux.pipeline.common]
2025-06-13 07:12:03.514 [INFO    ] Variable 'TS_F_MDS_15' might be missing from headers of file: /global/home/users/sytoanngo/ONEFlux/data/US-ARc_sample_output/99_fluxnet2015/FLX_US-ARc_FLUXNET2015_FULLSET_MM_2005-2006_beta-5.csv [oneflux.pipeline.common]
2025-06-13 07:12:03.514 [INFO    ] Variable 'TS_F_MDS_16' might be missing from headers of file: /global/home/users/sytoanngo/ONEFlux/data/US-ARc_sample_output/99_fluxnet2015/FLX_US-ARc_FLUXNET2015_FULLSET_MM_2005-2006_beta-5.csv [oneflux.pipeline.common]
2025-06-13 07:12:03.514 [INFO    ] Variable 'TS_F_MDS_17' might be missing from headers of file: /global/home/users/sytoanngo/ONEFlux/data/US-ARc_sample_output/99_fluxnet2015/FLX_US-ARc_FLUXNET2015_FULLSET_MM_2005-2006_beta-5.csv [oneflux.pipeline.common]
2025-06-13 07:12:03.514 [INFO    ] Variable 'TS_F_MDS_18' might be missing from headers of file: /global/home/users/sytoanngo/ONEFlux/data/US-ARc_sample_output/99_fluxnet2015/FLX_US-ARc_FLUXNET2015_FULLSET_MM_2005-2006_beta-5.csv [oneflux.pipeline.common]
2025-06-13 07:12:03.514 [INFO    ] Variable 'TS_F_MDS_19' might be missing from headers of file: /global/home/users/sytoanngo/ONEFlux/data/US-ARc_sample_output/99_fluxnet2015/FLX_US-ARc_FLUXNET2015_FULLSET_MM_2005-2006_beta-5.csv [oneflux.pipeline.common]
2025-06-13 07:12:03.514 [INFO    ] Variable 'TS_F_MDS_2_QC' might be missing from headers of file: /global/home/users/sytoanngo/ONEFlux/data/US-ARc_sample_output/99_fluxnet2015/FLX_US-ARc_FLUXNET2015_FULLSET_MM_2005-2006_beta-5.csv [oneflux.pipeline.common]
2025-06-13 07:12:03.514 [INFO    ] Variable 'TS_F_MDS_3_QC' might be missing from headers of file: /global/home/users/sytoanngo/ONEFlux/data/US-ARc_sample_output/99_fluxnet2015/FLX_US-ARc_FLUXNET2015_FULLSET_MM_2005-2006_beta-5.csv [oneflux.pipeline.common]
2025-06-13 07:12:03.514 [INFO    ] Variable 'TS_F_MDS_4_QC' might be missing from headers of file: /global/home/users/sytoanngo/ONEFlux/data/US-ARc_sample_output/99_fluxnet2015/FLX_US-ARc_FLUXNET2015_FULLSET_MM_2005-2006_beta-5.csv [oneflux.pipeline.common]
2025-06-13 07:12:03.514 [INFO    ] Variable 'TS_F_MDS_5_QC' might be missing from headers of file: /global/home/users/sytoanngo/ONEFlux/data/US-ARc_sample_output/99_fluxnet2015/FLX_US-ARc_FLUXNET2015_FULLSET_MM_2005-2006_beta-5.csv [oneflux.pipeline.common]
2025-06-13 07:12:03.514 [INFO    ] Variable 'TS_F_MDS_6_QC' might be missing from headers of file: /global/home/users/sytoanngo/ONEFlux/data/US-ARc_sample_output/99_fluxnet2015/FLX_US-ARc_FLUXNET2015_FULLSET_MM_2005-2006_beta-5.csv [oneflux.pipeline.common]
2025-06-13 07:12:03.514 [INFO    ] Variable 'TS_F_MDS_7_QC' might be missing from headers of file: /global/home/users/sytoanngo/ONEFlux/data/US-ARc_sample_output/99_fluxnet2015/FLX_US-ARc_FLUXNET2015_FULLSET_MM_2005-2006_beta-5.csv [oneflux.pipeline.common]
2025-06-13 07:12:03.514 [INFO    ] Variable 'TS_F_MDS_8_QC' might be missing from headers of file: /global/home/users/sytoanngo/ONEFlux/data/US-ARc_sample_output/99_fluxnet2015/FLX_US-ARc_FLUXNET2015_FULLSET_MM_2005-2006_beta-5.csv [oneflux.pipeline.common]
2025-06-13 07:12:03.514 [INFO    ] Variable 'TS_F_MDS_9_QC' might be missing from headers of file: /global/home/users/sytoanngo/ONEFlux/data/US-ARc_sample_output/99_fluxnet2015/FLX_US-ARc_FLUXNET2015_FULLSET_MM_2005-2006_beta-5.csv [oneflux.pipeline.common]
2025-06-13 07:12:03.515 [INFO    ] Variable 'TS_F_MDS_10_QC' might be missing from headers of file: /global/home/users/sytoanngo/ONEFlux/data/US-ARc_sample_output/99_fluxnet2015/FLX_US-ARc_FLUXNET2015_FULLSET_MM_2005-2006_beta-5.csv [oneflux.pipeline.common]
2025-06-13 07:12:03.515 [INFO    ] Variable 'TS_F_MDS_11_QC' might be missing from headers of file: /global/home/users/sytoanngo/ONEFlux/data/US-ARc_sample_output/99_fluxnet2015/FLX_US-ARc_FLUXNET2015_FULLSET_MM_2005-2006_beta-5.csv [oneflux.pipeline.common]
2025-06-13 07:12:03.515 [INFO    ] Variable 'TS_F_MDS_12_QC' might be missing from headers of file: /global/home/users/sytoanngo/ONEFlux/data/US-ARc_sample_output/99_fluxnet2015/FLX_US-ARc_FLUXNET2015_FULLSET_MM_2005-2006_beta-5.csv [oneflux.pipeline.common]
2025-06-13 07:12:03.515 [INFO    ] Variable 'TS_F_MDS_13_QC' might be missing from headers of file: /global/home/users/sytoanngo/ONEFlux/data/US-ARc_sample_output/99_fluxnet2015/FLX_US-ARc_FLUXNET2015_FULLSET_MM_2005-2006_beta-5.csv [oneflux.pipeline.common]
2025-06-13 07:12:03.515 [INFO    ] Variable 'TS_F_MDS_14_QC' might be missing from headers of file: /global/home/users/sytoanngo/ONEFlux/data/US-ARc_sample_output/99_fluxnet2015/FLX_US-ARc_FLUXNET2015_FULLSET_MM_2005-2006_beta-5.csv [oneflux.pipeline.common]
2025-06-13 07:12:03.515 [INFO    ] Variable 'TS_F_MDS_15_QC' might be missing from headers of file: /global/home/users/sytoanngo/ONEFlux/data/US-ARc_sample_output/99_fluxnet2015/FLX_US-ARc_FLUXNET2015_FULLSET_MM_2005-2006_beta-5.csv [oneflux.pipeline.common]
2025-06-13 07:12:03.515 [INFO    ] Variable 'TS_F_MDS_16_QC' might be missing from headers of file: /global/home/users/sytoanngo/ONEFlux/data/US-ARc_sample_output/99_fluxnet2015/FLX_US-ARc_FLUXNET2015_FULLSET_MM_2005-2006_beta-5.csv [oneflux.pipeline.common]
2025-06-13 07:12:03.515 [INFO    ] Variable 'TS_F_MDS_17_QC' might be missing from headers of file: /global/home/users/sytoanngo/ONEFlux/data/US-ARc_sample_output/99_fluxnet2015/FLX_US-ARc_FLUXNET2015_FULLSET_MM_2005-2006_beta-5.csv [oneflux.pipeline.common]
2025-06-13 07:12:03.515 [INFO    ] Variable 'TS_F_MDS_18_QC' might be missing from headers of file: /global/home/users/sytoanngo/ONEFlux/data/US-ARc_sample_output/99_fluxnet2015/FLX_US-ARc_FLUXNET2015_FULLSET_MM_2005-2006_beta-5.csv [oneflux.pipeline.common]
2025-06-13 07:12:03.515 [INFO    ] Variable 'TS_F_MDS_19_QC' might be missing from headers of file: /global/home/users/sytoanngo/ONEFlux/data/US-ARc_sample_output/99_fluxnet2015/FLX_US-ARc_FLUXNET2015_FULLSET_MM_2005-2006_beta-5.csv [oneflux.pipeline.common]
2025-06-13 07:12:03.515 [INFO    ] Variable 'SWC_F_MDS_2' might be missing from headers of file: /global/home/users/sytoanngo/ONEFlux/data/US-ARc_sample_output/99_fluxnet2015/FLX_US-ARc_FLUXNET2015_FULLSET_MM_2005-2006_beta-5.csv [oneflux.pipeline.common]
2025-06-13 07:12:03.515 [INFO    ] Variable 'SWC_F_MDS_3' might be missing from headers of file: /global/home/users/sytoanngo/ONEFlux/data/US-ARc_sample_output/99_fluxnet2015/FLX_US-ARc_FLUXNET2015_FULLSET_MM_2005-2006_beta-5.csv [oneflux.pipeline.common]
2025-06-13 07:12:03.515 [INFO    ] Variable 'SWC_F_MDS_4' might be missing from headers of file: /global/home/users/sytoanngo/ONEFlux/data/US-ARc_sample_output/99_fluxnet2015/FLX_US-ARc_FLUXNET2015_FULLSET_MM_2005-2006_beta-5.csv [oneflux.pipeline.common]
2025-06-13 07:12:03.515 [INFO    ] Variable 'SWC_F_MDS_5' might be missing from headers of file: /global/home/users/sytoanngo/ONEFlux/data/US-ARc_sample_output/99_fluxnet2015/FLX_US-ARc_FLUXNET2015_FULLSET_MM_2005-2006_beta-5.csv [oneflux.pipeline.common]
2025-06-13 07:12:03.516 [INFO    ] Variable 'SWC_F_MDS_6' might be missing from headers of file: /global/home/users/sytoanngo/ONEFlux/data/US-ARc_sample_output/99_fluxnet2015/FLX_US-ARc_FLUXNET2015_FULLSET_MM_2005-2006_beta-5.csv [oneflux.pipeline.common]
2025-06-13 07:12:03.516 [INFO    ] Variable 'SWC_F_MDS_7' might be missing from headers of file: /global/home/users/sytoanngo/ONEFlux/data/US-ARc_sample_output/99_fluxnet2015/FLX_US-ARc_FLUXNET2015_FULLSET_MM_2005-2006_beta-5.csv [oneflux.pipeline.common]
2025-06-13 07:12:03.516 [INFO    ] Variable 'SWC_F_MDS_8' might be missing from headers of file: /global/home/users/sytoanngo/ONEFlux/data/US-ARc_sample_output/99_fluxnet2015/FLX_US-ARc_FLUXNET2015_FULLSET_MM_2005-2006_beta-5.csv [oneflux.pipeline.common]
2025-06-13 07:12:03.516 [INFO    ] Variable 'SWC_F_MDS_9' might be missing from headers of file: /global/home/users/sytoanngo/ONEFlux/data/US-ARc_sample_output/99_fluxnet2015/FLX_US-ARc_FLUXNET2015_FULLSET_MM_2005-2006_beta-5.csv [oneflux.pipeline.common]
2025-06-13 07:12:03.516 [INFO    ] Variable 'SWC_F_MDS_10' might be missing from headers of file: /global/home/users/sytoanngo/ONEFlux/data/US-ARc_sample_output/99_fluxnet2015/FLX_US-ARc_FLUXNET2015_FULLSET_MM_2005-2006_beta-5.csv [oneflux.pipeline.common]
2025-06-13 07:12:03.516 [INFO    ] Variable 'SWC_F_MDS_11' might be missing from headers of file: /global/home/users/sytoanngo/ONEFlux/data/US-ARc_sample_output/99_fluxnet2015/FLX_US-ARc_FLUXNET2015_FULLSET_MM_2005-2006_beta-5.csv [oneflux.pipeline.common]
2025-06-13 07:12:03.516 [INFO    ] Variable 'SWC_F_MDS_12' might be missing from headers of file: /global/home/users/sytoanngo/ONEFlux/data/US-ARc_sample_output/99_fluxnet2015/FLX_US-ARc_FLUXNET2015_FULLSET_MM_2005-2006_beta-5.csv [oneflux.pipeline.common]
2025-06-13 07:12:03.516 [INFO    ] Variable 'SWC_F_MDS_13' might be missing from headers of file: /global/home/users/sytoanngo/ONEFlux/data/US-ARc_sample_output/99_fluxnet2015/FLX_US-ARc_FLUXNET2015_FULLSET_MM_2005-2006_beta-5.csv [oneflux.pipeline.common]
2025-06-13 07:12:03.516 [INFO    ] Variable 'SWC_F_MDS_14' might be missing from headers of file: /global/home/users/sytoanngo/ONEFlux/data/US-ARc_sample_output/99_fluxnet2015/FLX_US-ARc_FLUXNET2015_FULLSET_MM_2005-2006_beta-5.csv [oneflux.pipeline.common]
2025-06-13 07:12:03.516 [INFO    ] Variable 'SWC_F_MDS_15' might be missing from headers of file: /global/home/users/sytoanngo/ONEFlux/data/US-ARc_sample_output/99_fluxnet2015/FLX_US-ARc_FLUXNET2015_FULLSET_MM_2005-2006_beta-5.csv [oneflux.pipeline.common]
2025-06-13 07:12:03.516 [INFO    ] Variable 'SWC_F_MDS_16' might be missing from headers of file: /global/home/users/sytoanngo/ONEFlux/data/US-ARc_sample_output/99_fluxnet2015/FLX_US-ARc_FLUXNET2015_FULLSET_MM_2005-2006_beta-5.csv [oneflux.pipeline.common]
2025-06-13 07:12:03.516 [INFO    ] Variable 'SWC_F_MDS_17' might be missing from headers of file: /global/home/users/sytoanngo/ONEFlux/data/US-ARc_sample_output/99_fluxnet2015/FLX_US-ARc_FLUXNET2015_FULLSET_MM_2005-2006_beta-5.csv [oneflux.pipeline.common]
2025-06-13 07:12:03.516 [INFO    ] Variable 'SWC_F_MDS_18' might be missing from headers of file: /global/home/users/sytoanngo/ONEFlux/data/US-ARc_sample_output/99_fluxnet2015/FLX_US-ARc_FLUXNET2015_FULLSET_MM_2005-2006_beta-5.csv [oneflux.pipeline.common]
2025-06-13 07:12:03.516 [INFO    ] Variable 'SWC_F_MDS_19' might be missing from headers of file: /global/home/users/sytoanngo/ONEFlux/data/US-ARc_sample_output/99_fluxnet2015/FLX_US-ARc_FLUXNET2015_FULLSET_MM_2005-2006_beta-5.csv [oneflux.pipeline.common]
2025-06-13 07:12:03.516 [INFO    ] Variable 'SWC_F_MDS_2_QC' might be missing from headers of file: /global/home/users/sytoanngo/ONEFlux/data/US-ARc_sample_output/99_fluxnet2015/FLX_US-ARc_FLUXNET2015_FULLSET_MM_2005-2006_beta-5.csv [oneflux.pipeline.common]
2025-06-13 07:12:03.517 [INFO    ] Variable 'SWC_F_MDS_3_QC' might be missing from headers of file: /global/home/users/sytoanngo/ONEFlux/data/US-ARc_sample_output/99_fluxnet2015/FLX_US-ARc_FLUXNET2015_FULLSET_MM_2005-2006_beta-5.csv [oneflux.pipeline.common]
2025-06-13 07:12:03.517 [INFO    ] Variable 'SWC_F_MDS_4_QC' might be missing from headers of file: /global/home/users/sytoanngo/ONEFlux/data/US-ARc_sample_output/99_fluxnet2015/FLX_US-ARc_FLUXNET2015_FULLSET_MM_2005-2006_beta-5.csv [oneflux.pipeline.common]
2025-06-13 07:12:03.517 [INFO    ] Variable 'SWC_F_MDS_5_QC' might be missing from headers of file: /global/home/users/sytoanngo/ONEFlux/data/US-ARc_sample_output/99_fluxnet2015/FLX_US-ARc_FLUXNET2015_FULLSET_MM_2005-2006_beta-5.csv [oneflux.pipeline.common]
2025-06-13 07:12:03.517 [INFO    ] Variable 'SWC_F_MDS_6_QC' might be missing from headers of file: /global/home/users/sytoanngo/ONEFlux/data/US-ARc_sample_output/99_fluxnet2015/FLX_US-ARc_FLUXNET2015_FULLSET_MM_2005-2006_beta-5.csv [oneflux.pipeline.common]
2025-06-13 07:12:03.517 [INFO    ] Variable 'SWC_F_MDS_7_QC' might be missing from headers of file: /global/home/users/sytoanngo/ONEFlux/data/US-ARc_sample_output/99_fluxnet2015/FLX_US-ARc_FLUXNET2015_FULLSET_MM_2005-2006_beta-5.csv [oneflux.pipeline.common]
2025-06-13 07:12:03.517 [INFO    ] Variable 'SWC_F_MDS_8_QC' might be missing from headers of file: /global/home/users/sytoanngo/ONEFlux/data/US-ARc_sample_output/99_fluxnet2015/FLX_US-ARc_FLUXNET2015_FULLSET_MM_2005-2006_beta-5.csv [oneflux.pipeline.common]
2025-06-13 07:12:03.517 [INFO    ] Variable 'SWC_F_MDS_9_QC' might be missing from headers of file: /global/home/users/sytoanngo/ONEFlux/data/US-ARc_sample_output/99_fluxnet2015/FLX_US-ARc_FLUXNET2015_FULLSET_MM_2005-2006_beta-5.csv [oneflux.pipeline.common]
2025-06-13 07:12:03.517 [INFO    ] Variable 'SWC_F_MDS_10_QC' might be missing from headers of file: /global/home/users/sytoanngo/ONEFlux/data/US-ARc_sample_output/99_fluxnet2015/FLX_US-ARc_FLUXNET2015_FULLSET_MM_2005-2006_beta-5.csv [oneflux.pipeline.common]
2025-06-13 07:12:03.517 [INFO    ] Variable 'SWC_F_MDS_11_QC' might be missing from headers of file: /global/home/users/sytoanngo/ONEFlux/data/US-ARc_sample_output/99_fluxnet2015/FLX_US-ARc_FLUXNET2015_FULLSET_MM_2005-2006_beta-5.csv [oneflux.pipeline.common]
2025-06-13 07:12:03.517 [INFO    ] Variable 'SWC_F_MDS_12_QC' might be missing from headers of file: /global/home/users/sytoanngo/ONEFlux/data/US-ARc_sample_output/99_fluxnet2015/FLX_US-ARc_FLUXNET2015_FULLSET_MM_2005-2006_beta-5.csv [oneflux.pipeline.common]
2025-06-13 07:12:03.517 [INFO    ] Variable 'SWC_F_MDS_13_QC' might be missing from headers of file: /global/home/users/sytoanngo/ONEFlux/data/US-ARc_sample_output/99_fluxnet2015/FLX_US-ARc_FLUXNET2015_FULLSET_MM_2005-2006_beta-5.csv [oneflux.pipeline.common]
2025-06-13 07:12:03.517 [INFO    ] Variable 'SWC_F_MDS_14_QC' might be missing from headers of file: /global/home/users/sytoanngo/ONEFlux/data/US-ARc_sample_output/99_fluxnet2015/FLX_US-ARc_FLUXNET2015_FULLSET_MM_2005-2006_beta-5.csv [oneflux.pipeline.common]
2025-06-13 07:12:03.517 [INFO    ] Variable 'SWC_F_MDS_15_QC' might be missing from headers of file: /global/home/users/sytoanngo/ONEFlux/data/US-ARc_sample_output/99_fluxnet2015/FLX_US-ARc_FLUXNET2015_FULLSET_MM_2005-2006_beta-5.csv [oneflux.pipeline.common]
2025-06-13 07:12:03.517 [INFO    ] Variable 'SWC_F_MDS_16_QC' might be missing from headers of file: /global/home/users/sytoanngo/ONEFlux/data/US-ARc_sample_output/99_fluxnet2015/FLX_US-ARc_FLUXNET2015_FULLSET_MM_2005-2006_beta-5.csv [oneflux.pipeline.common]
2025-06-13 07:12:03.518 [INFO    ] Variable 'SWC_F_MDS_17_QC' might be missing from headers of file: /global/home/users/sytoanngo/ONEFlux/data/US-ARc_sample_output/99_fluxnet2015/FLX_US-ARc_FLUXNET2015_FULLSET_MM_2005-2006_beta-5.csv [oneflux.pipeline.common]
2025-06-13 07:12:03.518 [INFO    ] Variable 'SWC_F_MDS_18_QC' might be missing from headers of file: /global/home/users/sytoanngo/ONEFlux/data/US-ARc_sample_output/99_fluxnet2015/FLX_US-ARc_FLUXNET2015_FULLSET_MM_2005-2006_beta-5.csv [oneflux.pipeline.common]
2025-06-13 07:12:03.518 [INFO    ] Variable 'SWC_F_MDS_19_QC' might be missing from headers of file: /global/home/users/sytoanngo/ONEFlux/data/US-ARc_sample_output/99_fluxnet2015/FLX_US-ARc_FLUXNET2015_FULLSET_MM_2005-2006_beta-5.csv [oneflux.pipeline.common]
2025-06-13 07:12:03.518 [INFO    ] Variable 'NEE_CUT_05' might be missing from headers of file: /global/home/users/sytoanngo/ONEFlux/data/US-ARc_sample_output/99_fluxnet2015/FLX_US-ARc_FLUXNET2015_FULLSET_MM_2005-2006_beta-5.csv [oneflux.pipeline.common]
2025-06-13 07:12:03.518 [INFO    ] Variable 'NEE_CUT_16' might be missing from headers of file: /global/home/users/sytoanngo/ONEFlux/data/US-ARc_sample_output/99_fluxnet2015/FLX_US-ARc_FLUXNET2015_FULLSET_MM_2005-2006_beta-5.csv [oneflux.pipeline.common]
2025-06-13 07:12:03.518 [INFO    ] Variable 'NEE_CUT_25' might be missing from headers of file: /global/home/users/sytoanngo/ONEFlux/data/US-ARc_sample_output/99_fluxnet2015/FLX_US-ARc_FLUXNET2015_FULLSET_MM_2005-2006_beta-5.csv [oneflux.pipeline.common]
2025-06-13 07:12:03.518 [INFO    ] Variable 'NEE_CUT_50' might be missing from headers of file: /global/home/users/sytoanngo/ONEFlux/data/US-ARc_sample_output/99_fluxnet2015/FLX_US-ARc_FLUXNET2015_FULLSET_MM_2005-2006_beta-5.csv [oneflux.pipeline.common]
2025-06-13 07:12:03.518 [INFO    ] Variable 'NEE_CUT_75' might be missing from headers of file: /global/home/users/sytoanngo/ONEFlux/data/US-ARc_sample_output/99_fluxnet2015/FLX_US-ARc_FLUXNET2015_FULLSET_MM_2005-2006_beta-5.csv [oneflux.pipeline.common]
2025-06-13 07:12:03.518 [INFO    ] Variable 'NEE_CUT_84' might be missing from headers of file: /global/home/users/sytoanngo/ONEFlux/data/US-ARc_sample_output/99_fluxnet2015/FLX_US-ARc_FLUXNET2015_FULLSET_MM_2005-2006_beta-5.csv [oneflux.pipeline.common]
2025-06-13 07:12:03.518 [INFO    ] Variable 'NEE_CUT_95' might be missing from headers of file: /global/home/users/sytoanngo/ONEFlux/data/US-ARc_sample_output/99_fluxnet2015/FLX_US-ARc_FLUXNET2015_FULLSET_MM_2005-2006_beta-5.csv [oneflux.pipeline.common]
2025-06-13 07:12:03.518 [INFO    ] Variable 'NEE_CUT_05_QC' might be missing from headers of file: /global/home/users/sytoanngo/ONEFlux/data/US-ARc_sample_output/99_fluxnet2015/FLX_US-ARc_FLUXNET2015_FULLSET_MM_2005-2006_beta-5.csv [oneflux.pipeline.common]
2025-06-13 07:12:03.518 [INFO    ] Variable 'NEE_CUT_16_QC' might be missing from headers of file: /global/home/users/sytoanngo/ONEFlux/data/US-ARc_sample_output/99_fluxnet2015/FLX_US-ARc_FLUXNET2015_FULLSET_MM_2005-2006_beta-5.csv [oneflux.pipeline.common]
2025-06-13 07:12:03.518 [INFO    ] Variable 'NEE_CUT_25_QC' might be missing from headers of file: /global/home/users/sytoanngo/ONEFlux/data/US-ARc_sample_output/99_fluxnet2015/FLX_US-ARc_FLUXNET2015_FULLSET_MM_2005-2006_beta-5.csv [oneflux.pipeline.common]
2025-06-13 07:12:03.518 [INFO    ] Variable 'NEE_CUT_50_QC' might be missing from headers of file: /global/home/users/sytoanngo/ONEFlux/data/US-ARc_sample_output/99_fluxnet2015/FLX_US-ARc_FLUXNET2015_FULLSET_MM_2005-2006_beta-5.csv [oneflux.pipeline.common]
2025-06-13 07:12:03.519 [INFO    ] Variable 'NEE_CUT_75_QC' might be missing from headers of file: /global/home/users/sytoanngo/ONEFlux/data/US-ARc_sample_output/99_fluxnet2015/FLX_US-ARc_FLUXNET2015_FULLSET_MM_2005-2006_beta-5.csv [oneflux.pipeline.common]
2025-06-13 07:12:03.519 [INFO    ] Variable 'NEE_CUT_84_QC' might be missing from headers of file: /global/home/users/sytoanngo/ONEFlux/data/US-ARc_sample_output/99_fluxnet2015/FLX_US-ARc_FLUXNET2015_FULLSET_MM_2005-2006_beta-5.csv [oneflux.pipeline.common]
2025-06-13 07:12:03.519 [INFO    ] Variable 'NEE_CUT_95_QC' might be missing from headers of file: /global/home/users/sytoanngo/ONEFlux/data/US-ARc_sample_output/99_fluxnet2015/FLX_US-ARc_FLUXNET2015_FULLSET_MM_2005-2006_beta-5.csv [oneflux.pipeline.common]
2025-06-13 07:12:03.519 [INFO    ] Variable 'RECO_NT_CUT_05' might be missing from headers of file: /global/home/users/sytoanngo/ONEFlux/data/US-ARc_sample_output/99_fluxnet2015/FLX_US-ARc_FLUXNET2015_FULLSET_MM_2005-2006_beta-5.csv [oneflux.pipeline.common]
2025-06-13 07:12:03.519 [INFO    ] Variable 'RECO_NT_CUT_16' might be missing from headers of file: /global/home/users/sytoanngo/ONEFlux/data/US-ARc_sample_output/99_fluxnet2015/FLX_US-ARc_FLUXNET2015_FULLSET_MM_2005-2006_beta-5.csv [oneflux.pipeline.common]
2025-06-13 07:12:03.519 [INFO    ] Variable 'RECO_NT_CUT_25' might be missing from headers of file: /global/home/users/sytoanngo/ONEFlux/data/US-ARc_sample_output/99_fluxnet2015/FLX_US-ARc_FLUXNET2015_FULLSET_MM_2005-2006_beta-5.csv [oneflux.pipeline.common]
2025-06-13 07:12:03.519 [INFO    ] Variable 'RECO_NT_CUT_50' might be missing from headers of file: /global/home/users/sytoanngo/ONEFlux/data/US-ARc_sample_output/99_fluxnet2015/FLX_US-ARc_FLUXNET2015_FULLSET_MM_2005-2006_beta-5.csv [oneflux.pipeline.common]
2025-06-13 07:12:03.519 [INFO    ] Variable 'RECO_NT_CUT_75' might be missing from headers of file: /global/home/users/sytoanngo/ONEFlux/data/US-ARc_sample_output/99_fluxnet2015/FLX_US-ARc_FLUXNET2015_FULLSET_MM_2005-2006_beta-5.csv [oneflux.pipeline.common]
2025-06-13 07:12:03.519 [INFO    ] Variable 'RECO_NT_CUT_84' might be missing from headers of file: /global/home/users/sytoanngo/ONEFlux/data/US-ARc_sample_output/99_fluxnet2015/FLX_US-ARc_FLUXNET2015_FULLSET_MM_2005-2006_beta-5.csv [oneflux.pipeline.common]
2025-06-13 07:12:03.519 [INFO    ] Variable 'RECO_NT_CUT_95' might be missing from headers of file: /global/home/users/sytoanngo/ONEFlux/data/US-ARc_sample_output/99_fluxnet2015/FLX_US-ARc_FLUXNET2015_FULLSET_MM_2005-2006_beta-5.csv [oneflux.pipeline.common]
2025-06-13 07:12:03.519 [INFO    ] Variable 'GPP_NT_CUT_05' might be missing from headers of file: /global/home/users/sytoanngo/ONEFlux/data/US-ARc_sample_output/99_fluxnet2015/FLX_US-ARc_FLUXNET2015_FULLSET_MM_2005-2006_beta-5.csv [oneflux.pipeline.common]
2025-06-13 07:12:03.519 [INFO    ] Variable 'GPP_NT_CUT_16' might be missing from headers of file: /global/home/users/sytoanngo/ONEFlux/data/US-ARc_sample_output/99_fluxnet2015/FLX_US-ARc_FLUXNET2015_FULLSET_MM_2005-2006_beta-5.csv [oneflux.pipeline.common]
2025-06-13 07:12:03.520 [INFO    ] Variable 'GPP_NT_CUT_25' might be missing from headers of file: /global/home/users/sytoanngo/ONEFlux/data/US-ARc_sample_output/99_fluxnet2015/FLX_US-ARc_FLUXNET2015_FULLSET_MM_2005-2006_beta-5.csv [oneflux.pipeline.common]
2025-06-13 07:12:03.520 [INFO    ] Variable 'GPP_NT_CUT_50' might be missing from headers of file: /global/home/users/sytoanngo/ONEFlux/data/US-ARc_sample_output/99_fluxnet2015/FLX_US-ARc_FLUXNET2015_FULLSET_MM_2005-2006_beta-5.csv [oneflux.pipeline.common]
2025-06-13 07:12:03.520 [INFO    ] Variable 'GPP_NT_CUT_75' might be missing from headers of file: /global/home/users/sytoanngo/ONEFlux/data/US-ARc_sample_output/99_fluxnet2015/FLX_US-ARc_FLUXNET2015_FULLSET_MM_2005-2006_beta-5.csv [oneflux.pipeline.common]
2025-06-13 07:12:03.520 [INFO    ] Variable 'GPP_NT_CUT_84' might be missing from headers of file: /global/home/users/sytoanngo/ONEFlux/data/US-ARc_sample_output/99_fluxnet2015/FLX_US-ARc_FLUXNET2015_FULLSET_MM_2005-2006_beta-5.csv [oneflux.pipeline.common]
2025-06-13 07:12:03.520 [INFO    ] Variable 'GPP_NT_CUT_95' might be missing from headers of file: /global/home/users/sytoanngo/ONEFlux/data/US-ARc_sample_output/99_fluxnet2015/FLX_US-ARc_FLUXNET2015_FULLSET_MM_2005-2006_beta-5.csv [oneflux.pipeline.common]
2025-06-13 07:12:03.520 [INFO    ] Variable 'RECO_DT_CUT_05' might be missing from headers of file: /global/home/users/sytoanngo/ONEFlux/data/US-ARc_sample_output/99_fluxnet2015/FLX_US-ARc_FLUXNET2015_FULLSET_MM_2005-2006_beta-5.csv [oneflux.pipeline.common]
2025-06-13 07:12:03.520 [INFO    ] Variable 'RECO_DT_CUT_16' might be missing from headers of file: /global/home/users/sytoanngo/ONEFlux/data/US-ARc_sample_output/99_fluxnet2015/FLX_US-ARc_FLUXNET2015_FULLSET_MM_2005-2006_beta-5.csv [oneflux.pipeline.common]
2025-06-13 07:12:03.520 [INFO    ] Variable 'RECO_DT_CUT_25' might be missing from headers of file: /global/home/users/sytoanngo/ONEFlux/data/US-ARc_sample_output/99_fluxnet2015/FLX_US-ARc_FLUXNET2015_FULLSET_MM_2005-2006_beta-5.csv [oneflux.pipeline.common]
2025-06-13 07:12:03.520 [INFO    ] Variable 'RECO_DT_CUT_50' might be missing from headers of file: /global/home/users/sytoanngo/ONEFlux/data/US-ARc_sample_output/99_fluxnet2015/FLX_US-ARc_FLUXNET2015_FULLSET_MM_2005-2006_beta-5.csv [oneflux.pipeline.common]
2025-06-13 07:12:03.520 [INFO    ] Variable 'RECO_DT_CUT_75' might be missing from headers of file: /global/home/users/sytoanngo/ONEFlux/data/US-ARc_sample_output/99_fluxnet2015/FLX_US-ARc_FLUXNET2015_FULLSET_MM_2005-2006_beta-5.csv [oneflux.pipeline.common]
2025-06-13 07:12:03.520 [INFO    ] Variable 'RECO_DT_CUT_84' might be missing from headers of file: /global/home/users/sytoanngo/ONEFlux/data/US-ARc_sample_output/99_fluxnet2015/FLX_US-ARc_FLUXNET2015_FULLSET_MM_2005-2006_beta-5.csv [oneflux.pipeline.common]
2025-06-13 07:12:03.520 [INFO    ] Variable 'RECO_DT_CUT_95' might be missing from headers of file: /global/home/users/sytoanngo/ONEFlux/data/US-ARc_sample_output/99_fluxnet2015/FLX_US-ARc_FLUXNET2015_FULLSET_MM_2005-2006_beta-5.csv [oneflux.pipeline.common]
2025-06-13 07:12:03.521 [INFO    ] Variable 'GPP_DT_CUT_05' might be missing from headers of file: /global/home/users/sytoanngo/ONEFlux/data/US-ARc_sample_output/99_fluxnet2015/FLX_US-ARc_FLUXNET2015_FULLSET_MM_2005-2006_beta-5.csv [oneflux.pipeline.common]
2025-06-13 07:12:03.521 [INFO    ] Variable 'GPP_DT_CUT_16' might be missing from headers of file: /global/home/users/sytoanngo/ONEFlux/data/US-ARc_sample_output/99_fluxnet2015/FLX_US-ARc_FLUXNET2015_FULLSET_MM_2005-2006_beta-5.csv [oneflux.pipeline.common]
2025-06-13 07:12:03.521 [INFO    ] Variable 'GPP_DT_CUT_25' might be missing from headers of file: /global/home/users/sytoanngo/ONEFlux/data/US-ARc_sample_output/99_fluxnet2015/FLX_US-ARc_FLUXNET2015_FULLSET_MM_2005-2006_beta-5.csv [oneflux.pipeline.common]
2025-06-13 07:12:03.521 [INFO    ] Variable 'GPP_DT_CUT_50' might be missing from headers of file: /global/home/users/sytoanngo/ONEFlux/data/US-ARc_sample_output/99_fluxnet2015/FLX_US-ARc_FLUXNET2015_FULLSET_MM_2005-2006_beta-5.csv [oneflux.pipeline.common]
2025-06-13 07:12:03.521 [INFO    ] Variable 'GPP_DT_CUT_75' might be missing from headers of file: /global/home/users/sytoanngo/ONEFlux/data/US-ARc_sample_output/99_fluxnet2015/FLX_US-ARc_FLUXNET2015_FULLSET_MM_2005-2006_beta-5.csv [oneflux.pipeline.common]
2025-06-13 07:12:03.521 [INFO    ] Variable 'GPP_DT_CUT_84' might be missing from headers of file: /global/home/users/sytoanngo/ONEFlux/data/US-ARc_sample_output/99_fluxnet2015/FLX_US-ARc_FLUXNET2015_FULLSET_MM_2005-2006_beta-5.csv [oneflux.pipeline.common]
2025-06-13 07:12:03.521 [INFO    ] Variable 'GPP_DT_CUT_95' might be missing from headers of file: /global/home/users/sytoanngo/ONEFlux/data/US-ARc_sample_output/99_fluxnet2015/FLX_US-ARc_FLUXNET2015_FULLSET_MM_2005-2006_beta-5.csv [oneflux.pipeline.common]
2025-06-13 07:12:03.522 [INFO    ] Variable 'PPFD_DIF' might be missing from headers of file: /global/home/users/sytoanngo/ONEFlux/data/US-ARc_sample_output/99_fluxnet2015/FLX_US-ARc_FLUXNET2015_FULLSET_WW_2005-2006_beta-5.csv [oneflux.pipeline.common]
2025-06-13 07:12:03.522 [INFO    ] Variable 'PPFD_DIF_QC' might be missing from headers of file: /global/home/users/sytoanngo/ONEFlux/data/US-ARc_sample_output/99_fluxnet2015/FLX_US-ARc_FLUXNET2015_FULLSET_WW_2005-2006_beta-5.csv [oneflux.pipeline.common]
2025-06-13 07:12:03.523 [INFO    ] Variable 'PPFD_OUT' might be missing from headers of file: /global/home/users/sytoanngo/ONEFlux/data/US-ARc_sample_output/99_fluxnet2015/FLX_US-ARc_FLUXNET2015_FULLSET_WW_2005-2006_beta-5.csv [oneflux.pipeline.common]
2025-06-13 07:12:03.523 [INFO    ] Variable 'PPFD_OUT_QC' might be missing from headers of file: /global/home/users/sytoanngo/ONEFlux/data/US-ARc_sample_output/99_fluxnet2015/FLX_US-ARc_FLUXNET2015_FULLSET_WW_2005-2006_beta-5.csv [oneflux.pipeline.common]
2025-06-13 07:12:03.523 [INFO    ] Variable 'SW_DIF' might be missing from headers of file: /global/home/users/sytoanngo/ONEFlux/data/US-ARc_sample_output/99_fluxnet2015/FLX_US-ARc_FLUXNET2015_FULLSET_WW_2005-2006_beta-5.csv [oneflux.pipeline.common]
2025-06-13 07:12:03.523 [INFO    ] Variable 'SW_DIF_QC' might be missing from headers of file: /global/home/users/sytoanngo/ONEFlux/data/US-ARc_sample_output/99_fluxnet2015/FLX_US-ARc_FLUXNET2015_FULLSET_WW_2005-2006_beta-5.csv [oneflux.pipeline.common]
2025-06-13 07:12:03.523 [INFO    ] Variable 'SW_OUT' might be missing from headers of file: /global/home/users/sytoanngo/ONEFlux/data/US-ARc_sample_output/99_fluxnet2015/FLX_US-ARc_FLUXNET2015_FULLSET_WW_2005-2006_beta-5.csv [oneflux.pipeline.common]
2025-06-13 07:12:03.523 [INFO    ] Variable 'SW_OUT_QC' might be missing from headers of file: /global/home/users/sytoanngo/ONEFlux/data/US-ARc_sample_output/99_fluxnet2015/FLX_US-ARc_FLUXNET2015_FULLSET_WW_2005-2006_beta-5.csv [oneflux.pipeline.common]
2025-06-13 07:12:03.523 [INFO    ] Variable 'LW_OUT' might be missing from headers of file: /global/home/users/sytoanngo/ONEFlux/data/US-ARc_sample_output/99_fluxnet2015/FLX_US-ARc_FLUXNET2015_FULLSET_WW_2005-2006_beta-5.csv [oneflux.pipeline.common]
2025-06-13 07:12:03.523 [INFO    ] Variable 'LW_OUT_QC' might be missing from headers of file: /global/home/users/sytoanngo/ONEFlux/data/US-ARc_sample_output/99_fluxnet2015/FLX_US-ARc_FLUXNET2015_FULLSET_WW_2005-2006_beta-5.csv [oneflux.pipeline.common]
2025-06-13 07:12:03.523 [INFO    ] Variable 'PA' might be missing from headers of file: /global/home/users/sytoanngo/ONEFlux/data/US-ARc_sample_output/99_fluxnet2015/FLX_US-ARc_FLUXNET2015_FULLSET_WW_2005-2006_beta-5.csv [oneflux.pipeline.common]
2025-06-13 07:12:03.523 [INFO    ] Variable 'P' might be missing from headers of file: /global/home/users/sytoanngo/ONEFlux/data/US-ARc_sample_output/99_fluxnet2015/FLX_US-ARc_FLUXNET2015_FULLSET_WW_2005-2006_beta-5.csv [oneflux.pipeline.common]
2025-06-13 07:12:03.523 [INFO    ] Variable 'WS' might be missing from headers of file: /global/home/users/sytoanngo/ONEFlux/data/US-ARc_sample_output/99_fluxnet2015/FLX_US-ARc_FLUXNET2015_FULLSET_WW_2005-2006_beta-5.csv [oneflux.pipeline.common]
2025-06-13 07:12:03.523 [INFO    ] Variable 'WD' might be missing from headers of file: /global/home/users/sytoanngo/ONEFlux/data/US-ARc_sample_output/99_fluxnet2015/FLX_US-ARc_FLUXNET2015_FULLSET_WW_2005-2006_beta-5.csv [oneflux.pipeline.common]
2025-06-13 07:12:03.523 [INFO    ] Variable 'RH' might be missing from headers of file: /global/home/users/sytoanngo/ONEFlux/data/US-ARc_sample_output/99_fluxnet2015/FLX_US-ARc_FLUXNET2015_FULLSET_WW_2005-2006_beta-5.csv [oneflux.pipeline.common]
2025-06-13 07:12:03.523 [INFO    ] Variable 'LE_CORR_25' might be missing from headers of file: /global/home/users/sytoanngo/ONEFlux/data/US-ARc_sample_output/99_fluxnet2015/FLX_US-ARc_FLUXNET2015_FULLSET_WW_2005-2006_beta-5.csv [oneflux.pipeline.common]
2025-06-13 07:12:03.524 [INFO    ] Variable 'LE_CORR_75' might be missing from headers of file: /global/home/users/sytoanngo/ONEFlux/data/US-ARc_sample_output/99_fluxnet2015/FLX_US-ARc_FLUXNET2015_FULLSET_WW_2005-2006_beta-5.csv [oneflux.pipeline.common]
2025-06-13 07:12:03.524 [INFO    ] Variable 'LE_RANDUNC_METHOD' might be missing from headers of file: /global/home/users/sytoanngo/ONEFlux/data/US-ARc_sample_output/99_fluxnet2015/FLX_US-ARc_FLUXNET2015_FULLSET_WW_2005-2006_beta-5.csv [oneflux.pipeline.common]
2025-06-13 07:12:03.524 [INFO    ] Variable 'LE_RANDUNC_N' might be missing from headers of file: /global/home/users/sytoanngo/ONEFlux/data/US-ARc_sample_output/99_fluxnet2015/FLX_US-ARc_FLUXNET2015_FULLSET_WW_2005-2006_beta-5.csv [oneflux.pipeline.common]
2025-06-13 07:12:03.524 [INFO    ] Variable 'LE_CORR_JOINTUNC' might be missing from headers of file: /global/home/users/sytoanngo/ONEFlux/data/US-ARc_sample_output/99_fluxnet2015/FLX_US-ARc_FLUXNET2015_FULLSET_WW_2005-2006_beta-5.csv [oneflux.pipeline.common]
2025-06-13 07:12:03.524 [INFO    ] Variable 'H_CORR_25' might be missing from headers of file: /global/home/users/sytoanngo/ONEFlux/data/US-ARc_sample_output/99_fluxnet2015/FLX_US-ARc_FLUXNET2015_FULLSET_WW_2005-2006_beta-5.csv [oneflux.pipeline.common]
2025-06-13 07:12:03.524 [INFO    ] Variable 'H_CORR_75' might be missing from headers of file: /global/home/users/sytoanngo/ONEFlux/data/US-ARc_sample_output/99_fluxnet2015/FLX_US-ARc_FLUXNET2015_FULLSET_WW_2005-2006_beta-5.csv [oneflux.pipeline.common]
2025-06-13 07:12:03.524 [INFO    ] Variable 'H_RANDUNC_METHOD' might be missing from headers of file: /global/home/users/sytoanngo/ONEFlux/data/US-ARc_sample_output/99_fluxnet2015/FLX_US-ARc_FLUXNET2015_FULLSET_WW_2005-2006_beta-5.csv [oneflux.pipeline.common]
2025-06-13 07:12:03.524 [INFO    ] Variable 'H_RANDUNC_N' might be missing from headers of file: /global/home/users/sytoanngo/ONEFlux/data/US-ARc_sample_output/99_fluxnet2015/FLX_US-ARc_FLUXNET2015_FULLSET_WW_2005-2006_beta-5.csv [oneflux.pipeline.common]
2025-06-13 07:12:03.524 [INFO    ] Variable 'H_CORR_JOINTUNC' might be missing from headers of file: /global/home/users/sytoanngo/ONEFlux/data/US-ARc_sample_output/99_fluxnet2015/FLX_US-ARc_FLUXNET2015_FULLSET_WW_2005-2006_beta-5.csv [oneflux.pipeline.common]
2025-06-13 07:12:03.524 [INFO    ] Variable 'NEE_CUT_REF' might be missing from headers of file: /global/home/users/sytoanngo/ONEFlux/data/US-ARc_sample_output/99_fluxnet2015/FLX_US-ARc_FLUXNET2015_FULLSET_WW_2005-2006_beta-5.csv [oneflux.pipeline.common]
2025-06-13 07:12:03.524 [INFO    ] Variable 'NEE_CUT_REF_QC' might be missing from headers of file: /global/home/users/sytoanngo/ONEFlux/data/US-ARc_sample_output/99_fluxnet2015/FLX_US-ARc_FLUXNET2015_FULLSET_WW_2005-2006_beta-5.csv [oneflux.pipeline.common]
2025-06-13 07:12:03.524 [INFO    ] Variable 'NEE_CUT_REF_RANDUNC' might be missing from headers of file: /global/home/users/sytoanngo/ONEFlux/data/US-ARc_sample_output/99_fluxnet2015/FLX_US-ARc_FLUXNET2015_FULLSET_WW_2005-2006_beta-5.csv [oneflux.pipeline.common]
2025-06-13 07:12:03.524 [INFO    ] Variable 'RECO_NT_CUT_REF' might be missing from headers of file: /global/home/users/sytoanngo/ONEFlux/data/US-ARc_sample_output/99_fluxnet2015/FLX_US-ARc_FLUXNET2015_FULLSET_WW_2005-2006_beta-5.csv [oneflux.pipeline.common]
2025-06-13 07:12:03.524 [INFO    ] Variable 'GPP_NT_CUT_REF' might be missing from headers of file: /global/home/users/sytoanngo/ONEFlux/data/US-ARc_sample_output/99_fluxnet2015/FLX_US-ARc_FLUXNET2015_FULLSET_WW_2005-2006_beta-5.csv [oneflux.pipeline.common]
2025-06-13 07:12:03.525 [INFO    ] Variable 'RECO_DT_CUT_REF' might be missing from headers of file: /global/home/users/sytoanngo/ONEFlux/data/US-ARc_sample_output/99_fluxnet2015/FLX_US-ARc_FLUXNET2015_FULLSET_WW_2005-2006_beta-5.csv [oneflux.pipeline.common]
2025-06-13 07:12:03.525 [INFO    ] Variable 'GPP_DT_CUT_REF' might be missing from headers of file: /global/home/users/sytoanngo/ONEFlux/data/US-ARc_sample_output/99_fluxnet2015/FLX_US-ARc_FLUXNET2015_FULLSET_WW_2005-2006_beta-5.csv [oneflux.pipeline.common]
2025-06-13 07:12:03.525 [INFO    ] Variable 'TS_F_MDS_2' might be missing from headers of file: /global/home/users/sytoanngo/ONEFlux/data/US-ARc_sample_output/99_fluxnet2015/FLX_US-ARc_FLUXNET2015_FULLSET_WW_2005-2006_beta-5.csv [oneflux.pipeline.common]
2025-06-13 07:12:03.525 [INFO    ] Variable 'TS_F_MDS_3' might be missing from headers of file: /global/home/users/sytoanngo/ONEFlux/data/US-ARc_sample_output/99_fluxnet2015/FLX_US-ARc_FLUXNET2015_FULLSET_WW_2005-2006_beta-5.csv [oneflux.pipeline.common]
2025-06-13 07:12:03.525 [INFO    ] Variable 'TS_F_MDS_4' might be missing from headers of file: /global/home/users/sytoanngo/ONEFlux/data/US-ARc_sample_output/99_fluxnet2015/FLX_US-ARc_FLUXNET2015_FULLSET_WW_2005-2006_beta-5.csv [oneflux.pipeline.common]
2025-06-13 07:12:03.525 [INFO    ] Variable 'TS_F_MDS_5' might be missing from headers of file: /global/home/users/sytoanngo/ONEFlux/data/US-ARc_sample_output/99_fluxnet2015/FLX_US-ARc_FLUXNET2015_FULLSET_WW_2005-2006_beta-5.csv [oneflux.pipeline.common]
2025-06-13 07:12:03.525 [INFO    ] Variable 'TS_F_MDS_6' might be missing from headers of file: /global/home/users/sytoanngo/ONEFlux/data/US-ARc_sample_output/99_fluxnet2015/FLX_US-ARc_FLUXNET2015_FULLSET_WW_2005-2006_beta-5.csv [oneflux.pipeline.common]
2025-06-13 07:12:03.525 [INFO    ] Variable 'TS_F_MDS_7' might be missing from headers of file: /global/home/users/sytoanngo/ONEFlux/data/US-ARc_sample_output/99_fluxnet2015/FLX_US-ARc_FLUXNET2015_FULLSET_WW_2005-2006_beta-5.csv [oneflux.pipeline.common]
2025-06-13 07:12:03.525 [INFO    ] Variable 'TS_F_MDS_8' might be missing from headers of file: /global/home/users/sytoanngo/ONEFlux/data/US-ARc_sample_output/99_fluxnet2015/FLX_US-ARc_FLUXNET2015_FULLSET_WW_2005-2006_beta-5.csv [oneflux.pipeline.common]
2025-06-13 07:12:03.525 [INFO    ] Variable 'TS_F_MDS_9' might be missing from headers of file: /global/home/users/sytoanngo/ONEFlux/data/US-ARc_sample_output/99_fluxnet2015/FLX_US-ARc_FLUXNET2015_FULLSET_WW_2005-2006_beta-5.csv [oneflux.pipeline.common]
2025-06-13 07:12:03.525 [INFO    ] Variable 'TS_F_MDS_10' might be missing from headers of file: /global/home/users/sytoanngo/ONEFlux/data/US-ARc_sample_output/99_fluxnet2015/FLX_US-ARc_FLUXNET2015_FULLSET_WW_2005-2006_beta-5.csv [oneflux.pipeline.common]
2025-06-13 07:12:03.525 [INFO    ] Variable 'TS_F_MDS_11' might be missing from headers of file: /global/home/users/sytoanngo/ONEFlux/data/US-ARc_sample_output/99_fluxnet2015/FLX_US-ARc_FLUXNET2015_FULLSET_WW_2005-2006_beta-5.csv [oneflux.pipeline.common]
2025-06-13 07:12:03.525 [INFO    ] Variable 'TS_F_MDS_12' might be missing from headers of file: /global/home/users/sytoanngo/ONEFlux/data/US-ARc_sample_output/99_fluxnet2015/FLX_US-ARc_FLUXNET2015_FULLSET_WW_2005-2006_beta-5.csv [oneflux.pipeline.common]
2025-06-13 07:12:03.525 [INFO    ] Variable 'TS_F_MDS_13' might be missing from headers of file: /global/home/users/sytoanngo/ONEFlux/data/US-ARc_sample_output/99_fluxnet2015/FLX_US-ARc_FLUXNET2015_FULLSET_WW_2005-2006_beta-5.csv [oneflux.pipeline.common]
2025-06-13 07:12:03.526 [INFO    ] Variable 'TS_F_MDS_14' might be missing from headers of file: /global/home/users/sytoanngo/ONEFlux/data/US-ARc_sample_output/99_fluxnet2015/FLX_US-ARc_FLUXNET2015_FULLSET_WW_2005-2006_beta-5.csv [oneflux.pipeline.common]
2025-06-13 07:12:03.526 [INFO    ] Variable 'TS_F_MDS_15' might be missing from headers of file: /global/home/users/sytoanngo/ONEFlux/data/US-ARc_sample_output/99_fluxnet2015/FLX_US-ARc_FLUXNET2015_FULLSET_WW_2005-2006_beta-5.csv [oneflux.pipeline.common]
2025-06-13 07:12:03.526 [INFO    ] Variable 'TS_F_MDS_16' might be missing from headers of file: /global/home/users/sytoanngo/ONEFlux/data/US-ARc_sample_output/99_fluxnet2015/FLX_US-ARc_FLUXNET2015_FULLSET_WW_2005-2006_beta-5.csv [oneflux.pipeline.common]
2025-06-13 07:12:03.526 [INFO    ] Variable 'TS_F_MDS_17' might be missing from headers of file: /global/home/users/sytoanngo/ONEFlux/data/US-ARc_sample_output/99_fluxnet2015/FLX_US-ARc_FLUXNET2015_FULLSET_WW_2005-2006_beta-5.csv [oneflux.pipeline.common]
2025-06-13 07:12:03.526 [INFO    ] Variable 'TS_F_MDS_18' might be missing from headers of file: /global/home/users/sytoanngo/ONEFlux/data/US-ARc_sample_output/99_fluxnet2015/FLX_US-ARc_FLUXNET2015_FULLSET_WW_2005-2006_beta-5.csv [oneflux.pipeline.common]
2025-06-13 07:12:03.526 [INFO    ] Variable 'TS_F_MDS_19' might be missing from headers of file: /global/home/users/sytoanngo/ONEFlux/data/US-ARc_sample_output/99_fluxnet2015/FLX_US-ARc_FLUXNET2015_FULLSET_WW_2005-2006_beta-5.csv [oneflux.pipeline.common]
2025-06-13 07:12:03.526 [INFO    ] Variable 'TS_F_MDS_2_QC' might be missing from headers of file: /global/home/users/sytoanngo/ONEFlux/data/US-ARc_sample_output/99_fluxnet2015/FLX_US-ARc_FLUXNET2015_FULLSET_WW_2005-2006_beta-5.csv [oneflux.pipeline.common]
2025-06-13 07:12:03.526 [INFO    ] Variable 'TS_F_MDS_3_QC' might be missing from headers of file: /global/home/users/sytoanngo/ONEFlux/data/US-ARc_sample_output/99_fluxnet2015/FLX_US-ARc_FLUXNET2015_FULLSET_WW_2005-2006_beta-5.csv [oneflux.pipeline.common]
2025-06-13 07:12:03.526 [INFO    ] Variable 'TS_F_MDS_4_QC' might be missing from headers of file: /global/home/users/sytoanngo/ONEFlux/data/US-ARc_sample_output/99_fluxnet2015/FLX_US-ARc_FLUXNET2015_FULLSET_WW_2005-2006_beta-5.csv [oneflux.pipeline.common]
2025-06-13 07:12:03.526 [INFO    ] Variable 'TS_F_MDS_5_QC' might be missing from headers of file: /global/home/users/sytoanngo/ONEFlux/data/US-ARc_sample_output/99_fluxnet2015/FLX_US-ARc_FLUXNET2015_FULLSET_WW_2005-2006_beta-5.csv [oneflux.pipeline.common]
2025-06-13 07:12:03.526 [INFO    ] Variable 'TS_F_MDS_6_QC' might be missing from headers of file: /global/home/users/sytoanngo/ONEFlux/data/US-ARc_sample_output/99_fluxnet2015/FLX_US-ARc_FLUXNET2015_FULLSET_WW_2005-2006_beta-5.csv [oneflux.pipeline.common]
2025-06-13 07:12:03.526 [INFO    ] Variable 'TS_F_MDS_7_QC' might be missing from headers of file: /global/home/users/sytoanngo/ONEFlux/data/US-ARc_sample_output/99_fluxnet2015/FLX_US-ARc_FLUXNET2015_FULLSET_WW_2005-2006_beta-5.csv [oneflux.pipeline.common]
2025-06-13 07:12:03.526 [INFO    ] Variable 'TS_F_MDS_8_QC' might be missing from headers of file: /global/home/users/sytoanngo/ONEFlux/data/US-ARc_sample_output/99_fluxnet2015/FLX_US-ARc_FLUXNET2015_FULLSET_WW_2005-2006_beta-5.csv [oneflux.pipeline.common]
2025-06-13 07:12:03.526 [INFO    ] Variable 'TS_F_MDS_9_QC' might be missing from headers of file: /global/home/users/sytoanngo/ONEFlux/data/US-ARc_sample_output/99_fluxnet2015/FLX_US-ARc_FLUXNET2015_FULLSET_WW_2005-2006_beta-5.csv [oneflux.pipeline.common]
2025-06-13 07:12:03.526 [INFO    ] Variable 'TS_F_MDS_10_QC' might be missing from headers of file: /global/home/users/sytoanngo/ONEFlux/data/US-ARc_sample_output/99_fluxnet2015/FLX_US-ARc_FLUXNET2015_FULLSET_WW_2005-2006_beta-5.csv [oneflux.pipeline.common]
2025-06-13 07:12:03.527 [INFO    ] Variable 'TS_F_MDS_11_QC' might be missing from headers of file: /global/home/users/sytoanngo/ONEFlux/data/US-ARc_sample_output/99_fluxnet2015/FLX_US-ARc_FLUXNET2015_FULLSET_WW_2005-2006_beta-5.csv [oneflux.pipeline.common]
2025-06-13 07:12:03.527 [INFO    ] Variable 'TS_F_MDS_12_QC' might be missing from headers of file: /global/home/users/sytoanngo/ONEFlux/data/US-ARc_sample_output/99_fluxnet2015/FLX_US-ARc_FLUXNET2015_FULLSET_WW_2005-2006_beta-5.csv [oneflux.pipeline.common]
2025-06-13 07:12:03.527 [INFO    ] Variable 'TS_F_MDS_13_QC' might be missing from headers of file: /global/home/users/sytoanngo/ONEFlux/data/US-ARc_sample_output/99_fluxnet2015/FLX_US-ARc_FLUXNET2015_FULLSET_WW_2005-2006_beta-5.csv [oneflux.pipeline.common]
2025-06-13 07:12:03.527 [INFO    ] Variable 'TS_F_MDS_14_QC' might be missing from headers of file: /global/home/users/sytoanngo/ONEFlux/data/US-ARc_sample_output/99_fluxnet2015/FLX_US-ARc_FLUXNET2015_FULLSET_WW_2005-2006_beta-5.csv [oneflux.pipeline.common]
2025-06-13 07:12:03.527 [INFO    ] Variable 'TS_F_MDS_15_QC' might be missing from headers of file: /global/home/users/sytoanngo/ONEFlux/data/US-ARc_sample_output/99_fluxnet2015/FLX_US-ARc_FLUXNET2015_FULLSET_WW_2005-2006_beta-5.csv [oneflux.pipeline.common]
2025-06-13 07:12:03.527 [INFO    ] Variable 'TS_F_MDS_16_QC' might be missing from headers of file: /global/home/users/sytoanngo/ONEFlux/data/US-ARc_sample_output/99_fluxnet2015/FLX_US-ARc_FLUXNET2015_FULLSET_WW_2005-2006_beta-5.csv [oneflux.pipeline.common]
2025-06-13 07:12:03.527 [INFO    ] Variable 'TS_F_MDS_17_QC' might be missing from headers of file: /global/home/users/sytoanngo/ONEFlux/data/US-ARc_sample_output/99_fluxnet2015/FLX_US-ARc_FLUXNET2015_FULLSET_WW_2005-2006_beta-5.csv [oneflux.pipeline.common]
2025-06-13 07:12:03.527 [INFO    ] Variable 'TS_F_MDS_18_QC' might be missing from headers of file: /global/home/users/sytoanngo/ONEFlux/data/US-ARc_sample_output/99_fluxnet2015/FLX_US-ARc_FLUXNET2015_FULLSET_WW_2005-2006_beta-5.csv [oneflux.pipeline.common]
2025-06-13 07:12:03.527 [INFO    ] Variable 'TS_F_MDS_19_QC' might be missing from headers of file: /global/home/users/sytoanngo/ONEFlux/data/US-ARc_sample_output/99_fluxnet2015/FLX_US-ARc_FLUXNET2015_FULLSET_WW_2005-2006_beta-5.csv [oneflux.pipeline.common]
2025-06-13 07:12:03.527 [INFO    ] Variable 'SWC_F_MDS_2' might be missing from headers of file: /global/home/users/sytoanngo/ONEFlux/data/US-ARc_sample_output/99_fluxnet2015/FLX_US-ARc_FLUXNET2015_FULLSET_WW_2005-2006_beta-5.csv [oneflux.pipeline.common]
2025-06-13 07:12:03.527 [INFO    ] Variable 'SWC_F_MDS_3' might be missing from headers of file: /global/home/users/sytoanngo/ONEFlux/data/US-ARc_sample_output/99_fluxnet2015/FLX_US-ARc_FLUXNET2015_FULLSET_WW_2005-2006_beta-5.csv [oneflux.pipeline.common]
2025-06-13 07:12:03.527 [INFO    ] Variable 'SWC_F_MDS_4' might be missing from headers of file: /global/home/users/sytoanngo/ONEFlux/data/US-ARc_sample_output/99_fluxnet2015/FLX_US-ARc_FLUXNET2015_FULLSET_WW_2005-2006_beta-5.csv [oneflux.pipeline.common]
2025-06-13 07:12:03.527 [INFO    ] Variable 'SWC_F_MDS_5' might be missing from headers of file: /global/home/users/sytoanngo/ONEFlux/data/US-ARc_sample_output/99_fluxnet2015/FLX_US-ARc_FLUXNET2015_FULLSET_WW_2005-2006_beta-5.csv [oneflux.pipeline.common]
2025-06-13 07:12:03.527 [INFO    ] Variable 'SWC_F_MDS_6' might be missing from headers of file: /global/home/users/sytoanngo/ONEFlux/data/US-ARc_sample_output/99_fluxnet2015/FLX_US-ARc_FLUXNET2015_FULLSET_WW_2005-2006_beta-5.csv [oneflux.pipeline.common]
2025-06-13 07:12:03.528 [INFO    ] Variable 'SWC_F_MDS_7' might be missing from headers of file: /global/home/users/sytoanngo/ONEFlux/data/US-ARc_sample_output/99_fluxnet2015/FLX_US-ARc_FLUXNET2015_FULLSET_WW_2005-2006_beta-5.csv [oneflux.pipeline.common]
2025-06-13 07:12:03.528 [INFO    ] Variable 'SWC_F_MDS_8' might be missing from headers of file: /global/home/users/sytoanngo/ONEFlux/data/US-ARc_sample_output/99_fluxnet2015/FLX_US-ARc_FLUXNET2015_FULLSET_WW_2005-2006_beta-5.csv [oneflux.pipeline.common]
2025-06-13 07:12:03.528 [INFO    ] Variable 'SWC_F_MDS_9' might be missing from headers of file: /global/home/users/sytoanngo/ONEFlux/data/US-ARc_sample_output/99_fluxnet2015/FLX_US-ARc_FLUXNET2015_FULLSET_WW_2005-2006_beta-5.csv [oneflux.pipeline.common]
2025-06-13 07:12:03.528 [INFO    ] Variable 'SWC_F_MDS_10' might be missing from headers of file: /global/home/users/sytoanngo/ONEFlux/data/US-ARc_sample_output/99_fluxnet2015/FLX_US-ARc_FLUXNET2015_FULLSET_WW_2005-2006_beta-5.csv [oneflux.pipeline.common]
2025-06-13 07:12:03.528 [INFO    ] Variable 'SWC_F_MDS_11' might be missing from headers of file: /global/home/users/sytoanngo/ONEFlux/data/US-ARc_sample_output/99_fluxnet2015/FLX_US-ARc_FLUXNET2015_FULLSET_WW_2005-2006_beta-5.csv [oneflux.pipeline.common]
2025-06-13 07:12:03.528 [INFO    ] Variable 'SWC_F_MDS_12' might be missing from headers of file: /global/home/users/sytoanngo/ONEFlux/data/US-ARc_sample_output/99_fluxnet2015/FLX_US-ARc_FLUXNET2015_FULLSET_WW_2005-2006_beta-5.csv [oneflux.pipeline.common]
2025-06-13 07:12:03.528 [INFO    ] Variable 'SWC_F_MDS_13' might be missing from headers of file: /global/home/users/sytoanngo/ONEFlux/data/US-ARc_sample_output/99_fluxnet2015/FLX_US-ARc_FLUXNET2015_FULLSET_WW_2005-2006_beta-5.csv [oneflux.pipeline.common]
2025-06-13 07:12:03.528 [INFO    ] Variable 'SWC_F_MDS_14' might be missing from headers of file: /global/home/users/sytoanngo/ONEFlux/data/US-ARc_sample_output/99_fluxnet2015/FLX_US-ARc_FLUXNET2015_FULLSET_WW_2005-2006_beta-5.csv [oneflux.pipeline.common]
2025-06-13 07:12:03.528 [INFO    ] Variable 'SWC_F_MDS_15' might be missing from headers of file: /global/home/users/sytoanngo/ONEFlux/data/US-ARc_sample_output/99_fluxnet2015/FLX_US-ARc_FLUXNET2015_FULLSET_WW_2005-2006_beta-5.csv [oneflux.pipeline.common]
2025-06-13 07:12:03.528 [INFO    ] Variable 'SWC_F_MDS_16' might be missing from headers of file: /global/home/users/sytoanngo/ONEFlux/data/US-ARc_sample_output/99_fluxnet2015/FLX_US-ARc_FLUXNET2015_FULLSET_WW_2005-2006_beta-5.csv [oneflux.pipeline.common]
2025-06-13 07:12:03.528 [INFO    ] Variable 'SWC_F_MDS_17' might be missing from headers of file: /global/home/users/sytoanngo/ONEFlux/data/US-ARc_sample_output/99_fluxnet2015/FLX_US-ARc_FLUXNET2015_FULLSET_WW_2005-2006_beta-5.csv [oneflux.pipeline.common]
2025-06-13 07:12:03.528 [INFO    ] Variable 'SWC_F_MDS_18' might be missing from headers of file: /global/home/users/sytoanngo/ONEFlux/data/US-ARc_sample_output/99_fluxnet2015/FLX_US-ARc_FLUXNET2015_FULLSET_WW_2005-2006_beta-5.csv [oneflux.pipeline.common]
2025-06-13 07:12:03.528 [INFO    ] Variable 'SWC_F_MDS_19' might be missing from headers of file: /global/home/users/sytoanngo/ONEFlux/data/US-ARc_sample_output/99_fluxnet2015/FLX_US-ARc_FLUXNET2015_FULLSET_WW_2005-2006_beta-5.csv [oneflux.pipeline.common]
2025-06-13 07:12:03.528 [INFO    ] Variable 'SWC_F_MDS_2_QC' might be missing from headers of file: /global/home/users/sytoanngo/ONEFlux/data/US-ARc_sample_output/99_fluxnet2015/FLX_US-ARc_FLUXNET2015_FULLSET_WW_2005-2006_beta-5.csv [oneflux.pipeline.common]
2025-06-13 07:12:03.529 [INFO    ] Variable 'SWC_F_MDS_3_QC' might be missing from headers of file: /global/home/users/sytoanngo/ONEFlux/data/US-ARc_sample_output/99_fluxnet2015/FLX_US-ARc_FLUXNET2015_FULLSET_WW_2005-2006_beta-5.csv [oneflux.pipeline.common]
2025-06-13 07:12:03.529 [INFO    ] Variable 'SWC_F_MDS_4_QC' might be missing from headers of file: /global/home/users/sytoanngo/ONEFlux/data/US-ARc_sample_output/99_fluxnet2015/FLX_US-ARc_FLUXNET2015_FULLSET_WW_2005-2006_beta-5.csv [oneflux.pipeline.common]
2025-06-13 07:12:03.529 [INFO    ] Variable 'SWC_F_MDS_5_QC' might be missing from headers of file: /global/home/users/sytoanngo/ONEFlux/data/US-ARc_sample_output/99_fluxnet2015/FLX_US-ARc_FLUXNET2015_FULLSET_WW_2005-2006_beta-5.csv [oneflux.pipeline.common]
2025-06-13 07:12:03.529 [INFO    ] Variable 'SWC_F_MDS_6_QC' might be missing from headers of file: /global/home/users/sytoanngo/ONEFlux/data/US-ARc_sample_output/99_fluxnet2015/FLX_US-ARc_FLUXNET2015_FULLSET_WW_2005-2006_beta-5.csv [oneflux.pipeline.common]
2025-06-13 07:12:03.529 [INFO    ] Variable 'SWC_F_MDS_7_QC' might be missing from headers of file: /global/home/users/sytoanngo/ONEFlux/data/US-ARc_sample_output/99_fluxnet2015/FLX_US-ARc_FLUXNET2015_FULLSET_WW_2005-2006_beta-5.csv [oneflux.pipeline.common]
2025-06-13 07:12:03.529 [INFO    ] Variable 'SWC_F_MDS_8_QC' might be missing from headers of file: /global/home/users/sytoanngo/ONEFlux/data/US-ARc_sample_output/99_fluxnet2015/FLX_US-ARc_FLUXNET2015_FULLSET_WW_2005-2006_beta-5.csv [oneflux.pipeline.common]
2025-06-13 07:12:03.529 [INFO    ] Variable 'SWC_F_MDS_9_QC' might be missing from headers of file: /global/home/users/sytoanngo/ONEFlux/data/US-ARc_sample_output/99_fluxnet2015/FLX_US-ARc_FLUXNET2015_FULLSET_WW_2005-2006_beta-5.csv [oneflux.pipeline.common]
2025-06-13 07:12:03.529 [INFO    ] Variable 'SWC_F_MDS_10_QC' might be missing from headers of file: /global/home/users/sytoanngo/ONEFlux/data/US-ARc_sample_output/99_fluxnet2015/FLX_US-ARc_FLUXNET2015_FULLSET_WW_2005-2006_beta-5.csv [oneflux.pipeline.common]
2025-06-13 07:12:03.529 [INFO    ] Variable 'SWC_F_MDS_11_QC' might be missing from headers of file: /global/home/users/sytoanngo/ONEFlux/data/US-ARc_sample_output/99_fluxnet2015/FLX_US-ARc_FLUXNET2015_FULLSET_WW_2005-2006_beta-5.csv [oneflux.pipeline.common]
2025-06-13 07:12:03.529 [INFO    ] Variable 'SWC_F_MDS_12_QC' might be missing from headers of file: /global/home/users/sytoanngo/ONEFlux/data/US-ARc_sample_output/99_fluxnet2015/FLX_US-ARc_FLUXNET2015_FULLSET_WW_2005-2006_beta-5.csv [oneflux.pipeline.common]
2025-06-13 07:12:03.529 [INFO    ] Variable 'SWC_F_MDS_13_QC' might be missing from headers of file: /global/home/users/sytoanngo/ONEFlux/data/US-ARc_sample_output/99_fluxnet2015/FLX_US-ARc_FLUXNET2015_FULLSET_WW_2005-2006_beta-5.csv [oneflux.pipeline.common]
2025-06-13 07:12:03.529 [INFO    ] Variable 'SWC_F_MDS_14_QC' might be missing from headers of file: /global/home/users/sytoanngo/ONEFlux/data/US-ARc_sample_output/99_fluxnet2015/FLX_US-ARc_FLUXNET2015_FULLSET_WW_2005-2006_beta-5.csv [oneflux.pipeline.common]
2025-06-13 07:12:03.529 [INFO    ] Variable 'SWC_F_MDS_15_QC' might be missing from headers of file: /global/home/users/sytoanngo/ONEFlux/data/US-ARc_sample_output/99_fluxnet2015/FLX_US-ARc_FLUXNET2015_FULLSET_WW_2005-2006_beta-5.csv [oneflux.pipeline.common]
2025-06-13 07:12:03.529 [INFO    ] Variable 'SWC_F_MDS_16_QC' might be missing from headers of file: /global/home/users/sytoanngo/ONEFlux/data/US-ARc_sample_output/99_fluxnet2015/FLX_US-ARc_FLUXNET2015_FULLSET_WW_2005-2006_beta-5.csv [oneflux.pipeline.common]
2025-06-13 07:12:03.530 [INFO    ] Variable 'SWC_F_MDS_17_QC' might be missing from headers of file: /global/home/users/sytoanngo/ONEFlux/data/US-ARc_sample_output/99_fluxnet2015/FLX_US-ARc_FLUXNET2015_FULLSET_WW_2005-2006_beta-5.csv [oneflux.pipeline.common]
2025-06-13 07:12:03.530 [INFO    ] Variable 'SWC_F_MDS_18_QC' might be missing from headers of file: /global/home/users/sytoanngo/ONEFlux/data/US-ARc_sample_output/99_fluxnet2015/FLX_US-ARc_FLUXNET2015_FULLSET_WW_2005-2006_beta-5.csv [oneflux.pipeline.common]
2025-06-13 07:12:03.530 [INFO    ] Variable 'SWC_F_MDS_19_QC' might be missing from headers of file: /global/home/users/sytoanngo/ONEFlux/data/US-ARc_sample_output/99_fluxnet2015/FLX_US-ARc_FLUXNET2015_FULLSET_WW_2005-2006_beta-5.csv [oneflux.pipeline.common]
2025-06-13 07:12:03.530 [INFO    ] Variable 'NEE_CUT_05' might be missing from headers of file: /global/home/users/sytoanngo/ONEFlux/data/US-ARc_sample_output/99_fluxnet2015/FLX_US-ARc_FLUXNET2015_FULLSET_WW_2005-2006_beta-5.csv [oneflux.pipeline.common]
2025-06-13 07:12:03.530 [INFO    ] Variable 'NEE_CUT_16' might be missing from headers of file: /global/home/users/sytoanngo/ONEFlux/data/US-ARc_sample_output/99_fluxnet2015/FLX_US-ARc_FLUXNET2015_FULLSET_WW_2005-2006_beta-5.csv [oneflux.pipeline.common]
2025-06-13 07:12:03.530 [INFO    ] Variable 'NEE_CUT_25' might be missing from headers of file: /global/home/users/sytoanngo/ONEFlux/data/US-ARc_sample_output/99_fluxnet2015/FLX_US-ARc_FLUXNET2015_FULLSET_WW_2005-2006_beta-5.csv [oneflux.pipeline.common]
2025-06-13 07:12:03.530 [INFO    ] Variable 'NEE_CUT_50' might be missing from headers of file: /global/home/users/sytoanngo/ONEFlux/data/US-ARc_sample_output/99_fluxnet2015/FLX_US-ARc_FLUXNET2015_FULLSET_WW_2005-2006_beta-5.csv [oneflux.pipeline.common]
2025-06-13 07:12:03.530 [INFO    ] Variable 'NEE_CUT_75' might be missing from headers of file: /global/home/users/sytoanngo/ONEFlux/data/US-ARc_sample_output/99_fluxnet2015/FLX_US-ARc_FLUXNET2015_FULLSET_WW_2005-2006_beta-5.csv [oneflux.pipeline.common]
2025-06-13 07:12:03.530 [INFO    ] Variable 'NEE_CUT_84' might be missing from headers of file: /global/home/users/sytoanngo/ONEFlux/data/US-ARc_sample_output/99_fluxnet2015/FLX_US-ARc_FLUXNET2015_FULLSET_WW_2005-2006_beta-5.csv [oneflux.pipeline.common]
2025-06-13 07:12:03.530 [INFO    ] Variable 'NEE_CUT_95' might be missing from headers of file: /global/home/users/sytoanngo/ONEFlux/data/US-ARc_sample_output/99_fluxnet2015/FLX_US-ARc_FLUXNET2015_FULLSET_WW_2005-2006_beta-5.csv [oneflux.pipeline.common]
2025-06-13 07:12:03.530 [INFO    ] Variable 'NEE_CUT_05_QC' might be missing from headers of file: /global/home/users/sytoanngo/ONEFlux/data/US-ARc_sample_output/99_fluxnet2015/FLX_US-ARc_FLUXNET2015_FULLSET_WW_2005-2006_beta-5.csv [oneflux.pipeline.common]
2025-06-13 07:12:03.530 [INFO    ] Variable 'NEE_CUT_16_QC' might be missing from headers of file: /global/home/users/sytoanngo/ONEFlux/data/US-ARc_sample_output/99_fluxnet2015/FLX_US-ARc_FLUXNET2015_FULLSET_WW_2005-2006_beta-5.csv [oneflux.pipeline.common]
2025-06-13 07:12:03.530 [INFO    ] Variable 'NEE_CUT_25_QC' might be missing from headers of file: /global/home/users/sytoanngo/ONEFlux/data/US-ARc_sample_output/99_fluxnet2015/FLX_US-ARc_FLUXNET2015_FULLSET_WW_2005-2006_beta-5.csv [oneflux.pipeline.common]
2025-06-13 07:12:03.530 [INFO    ] Variable 'NEE_CUT_50_QC' might be missing from headers of file: /global/home/users/sytoanngo/ONEFlux/data/US-ARc_sample_output/99_fluxnet2015/FLX_US-ARc_FLUXNET2015_FULLSET_WW_2005-2006_beta-5.csv [oneflux.pipeline.common]
2025-06-13 07:12:03.531 [INFO    ] Variable 'NEE_CUT_75_QC' might be missing from headers of file: /global/home/users/sytoanngo/ONEFlux/data/US-ARc_sample_output/99_fluxnet2015/FLX_US-ARc_FLUXNET2015_FULLSET_WW_2005-2006_beta-5.csv [oneflux.pipeline.common]
2025-06-13 07:12:03.531 [INFO    ] Variable 'NEE_CUT_84_QC' might be missing from headers of file: /global/home/users/sytoanngo/ONEFlux/data/US-ARc_sample_output/99_fluxnet2015/FLX_US-ARc_FLUXNET2015_FULLSET_WW_2005-2006_beta-5.csv [oneflux.pipeline.common]
2025-06-13 07:12:03.531 [INFO    ] Variable 'NEE_CUT_95_QC' might be missing from headers of file: /global/home/users/sytoanngo/ONEFlux/data/US-ARc_sample_output/99_fluxnet2015/FLX_US-ARc_FLUXNET2015_FULLSET_WW_2005-2006_beta-5.csv [oneflux.pipeline.common]
2025-06-13 07:12:03.531 [INFO    ] Variable 'RECO_NT_CUT_05' might be missing from headers of file: /global/home/users/sytoanngo/ONEFlux/data/US-ARc_sample_output/99_fluxnet2015/FLX_US-ARc_FLUXNET2015_FULLSET_WW_2005-2006_beta-5.csv [oneflux.pipeline.common]
2025-06-13 07:12:03.531 [INFO    ] Variable 'RECO_NT_CUT_16' might be missing from headers of file: /global/home/users/sytoanngo/ONEFlux/data/US-ARc_sample_output/99_fluxnet2015/FLX_US-ARc_FLUXNET2015_FULLSET_WW_2005-2006_beta-5.csv [oneflux.pipeline.common]
2025-06-13 07:12:03.531 [INFO    ] Variable 'RECO_NT_CUT_25' might be missing from headers of file: /global/home/users/sytoanngo/ONEFlux/data/US-ARc_sample_output/99_fluxnet2015/FLX_US-ARc_FLUXNET2015_FULLSET_WW_2005-2006_beta-5.csv [oneflux.pipeline.common]
2025-06-13 07:12:03.531 [INFO    ] Variable 'RECO_NT_CUT_50' might be missing from headers of file: /global/home/users/sytoanngo/ONEFlux/data/US-ARc_sample_output/99_fluxnet2015/FLX_US-ARc_FLUXNET2015_FULLSET_WW_2005-2006_beta-5.csv [oneflux.pipeline.common]
2025-06-13 07:12:03.531 [INFO    ] Variable 'RECO_NT_CUT_75' might be missing from headers of file: /global/home/users/sytoanngo/ONEFlux/data/US-ARc_sample_output/99_fluxnet2015/FLX_US-ARc_FLUXNET2015_FULLSET_WW_2005-2006_beta-5.csv [oneflux.pipeline.common]
2025-06-13 07:12:03.531 [INFO    ] Variable 'RECO_NT_CUT_84' might be missing from headers of file: /global/home/users/sytoanngo/ONEFlux/data/US-ARc_sample_output/99_fluxnet2015/FLX_US-ARc_FLUXNET2015_FULLSET_WW_2005-2006_beta-5.csv [oneflux.pipeline.common]
2025-06-13 07:12:03.531 [INFO    ] Variable 'RECO_NT_CUT_95' might be missing from headers of file: /global/home/users/sytoanngo/ONEFlux/data/US-ARc_sample_output/99_fluxnet2015/FLX_US-ARc_FLUXNET2015_FULLSET_WW_2005-2006_beta-5.csv [oneflux.pipeline.common]
2025-06-13 07:12:03.531 [INFO    ] Variable 'GPP_NT_CUT_05' might be missing from headers of file: /global/home/users/sytoanngo/ONEFlux/data/US-ARc_sample_output/99_fluxnet2015/FLX_US-ARc_FLUXNET2015_FULLSET_WW_2005-2006_beta-5.csv [oneflux.pipeline.common]
2025-06-13 07:12:03.531 [INFO    ] Variable 'GPP_NT_CUT_16' might be missing from headers of file: /global/home/users/sytoanngo/ONEFlux/data/US-ARc_sample_output/99_fluxnet2015/FLX_US-ARc_FLUXNET2015_FULLSET_WW_2005-2006_beta-5.csv [oneflux.pipeline.common]
2025-06-13 07:12:03.531 [INFO    ] Variable 'GPP_NT_CUT_25' might be missing from headers of file: /global/home/users/sytoanngo/ONEFlux/data/US-ARc_sample_output/99_fluxnet2015/FLX_US-ARc_FLUXNET2015_FULLSET_WW_2005-2006_beta-5.csv [oneflux.pipeline.common]
2025-06-13 07:12:03.531 [INFO    ] Variable 'GPP_NT_CUT_50' might be missing from headers of file: /global/home/users/sytoanngo/ONEFlux/data/US-ARc_sample_output/99_fluxnet2015/FLX_US-ARc_FLUXNET2015_FULLSET_WW_2005-2006_beta-5.csv [oneflux.pipeline.common]
2025-06-13 07:12:03.531 [INFO    ] Variable 'GPP_NT_CUT_75' might be missing from headers of file: /global/home/users/sytoanngo/ONEFlux/data/US-ARc_sample_output/99_fluxnet2015/FLX_US-ARc_FLUXNET2015_FULLSET_WW_2005-2006_beta-5.csv [oneflux.pipeline.common]
2025-06-13 07:12:03.532 [INFO    ] Variable 'GPP_NT_CUT_84' might be missing from headers of file: /global/home/users/sytoanngo/ONEFlux/data/US-ARc_sample_output/99_fluxnet2015/FLX_US-ARc_FLUXNET2015_FULLSET_WW_2005-2006_beta-5.csv [oneflux.pipeline.common]
2025-06-13 07:12:03.532 [INFO    ] Variable 'GPP_NT_CUT_95' might be missing from headers of file: /global/home/users/sytoanngo/ONEFlux/data/US-ARc_sample_output/99_fluxnet2015/FLX_US-ARc_FLUXNET2015_FULLSET_WW_2005-2006_beta-5.csv [oneflux.pipeline.common]
2025-06-13 07:12:03.532 [INFO    ] Variable 'RECO_DT_CUT_05' might be missing from headers of file: /global/home/users/sytoanngo/ONEFlux/data/US-ARc_sample_output/99_fluxnet2015/FLX_US-ARc_FLUXNET2015_FULLSET_WW_2005-2006_beta-5.csv [oneflux.pipeline.common]
2025-06-13 07:12:03.532 [INFO    ] Variable 'RECO_DT_CUT_16' might be missing from headers of file: /global/home/users/sytoanngo/ONEFlux/data/US-ARc_sample_output/99_fluxnet2015/FLX_US-ARc_FLUXNET2015_FULLSET_WW_2005-2006_beta-5.csv [oneflux.pipeline.common]
2025-06-13 07:12:03.532 [INFO    ] Variable 'RECO_DT_CUT_25' might be missing from headers of file: /global/home/users/sytoanngo/ONEFlux/data/US-ARc_sample_output/99_fluxnet2015/FLX_US-ARc_FLUXNET2015_FULLSET_WW_2005-2006_beta-5.csv [oneflux.pipeline.common]
2025-06-13 07:12:03.532 [INFO    ] Variable 'RECO_DT_CUT_50' might be missing from headers of file: /global/home/users/sytoanngo/ONEFlux/data/US-ARc_sample_output/99_fluxnet2015/FLX_US-ARc_FLUXNET2015_FULLSET_WW_2005-2006_beta-5.csv [oneflux.pipeline.common]
2025-06-13 07:12:03.532 [INFO    ] Variable 'RECO_DT_CUT_75' might be missing from headers of file: /global/home/users/sytoanngo/ONEFlux/data/US-ARc_sample_output/99_fluxnet2015/FLX_US-ARc_FLUXNET2015_FULLSET_WW_2005-2006_beta-5.csv [oneflux.pipeline.common]
2025-06-13 07:12:03.532 [INFO    ] Variable 'RECO_DT_CUT_84' might be missing from headers of file: /global/home/users/sytoanngo/ONEFlux/data/US-ARc_sample_output/99_fluxnet2015/FLX_US-ARc_FLUXNET2015_FULLSET_WW_2005-2006_beta-5.csv [oneflux.pipeline.common]
2025-06-13 07:12:03.532 [INFO    ] Variable 'RECO_DT_CUT_95' might be missing from headers of file: /global/home/users/sytoanngo/ONEFlux/data/US-ARc_sample_output/99_fluxnet2015/FLX_US-ARc_FLUXNET2015_FULLSET_WW_2005-2006_beta-5.csv [oneflux.pipeline.common]
2025-06-13 07:12:03.532 [INFO    ] Variable 'GPP_DT_CUT_05' might be missing from headers of file: /global/home/users/sytoanngo/ONEFlux/data/US-ARc_sample_output/99_fluxnet2015/FLX_US-ARc_FLUXNET2015_FULLSET_WW_2005-2006_beta-5.csv [oneflux.pipeline.common]
2025-06-13 07:12:03.532 [INFO    ] Variable 'GPP_DT_CUT_16' might be missing from headers of file: /global/home/users/sytoanngo/ONEFlux/data/US-ARc_sample_output/99_fluxnet2015/FLX_US-ARc_FLUXNET2015_FULLSET_WW_2005-2006_beta-5.csv [oneflux.pipeline.common]
2025-06-13 07:12:03.532 [INFO    ] Variable 'GPP_DT_CUT_25' might be missing from headers of file: /global/home/users/sytoanngo/ONEFlux/data/US-ARc_sample_output/99_fluxnet2015/FLX_US-ARc_FLUXNET2015_FULLSET_WW_2005-2006_beta-5.csv [oneflux.pipeline.common]
2025-06-13 07:12:03.532 [INFO    ] Variable 'GPP_DT_CUT_50' might be missing from headers of file: /global/home/users/sytoanngo/ONEFlux/data/US-ARc_sample_output/99_fluxnet2015/FLX_US-ARc_FLUXNET2015_FULLSET_WW_2005-2006_beta-5.csv [oneflux.pipeline.common]
2025-06-13 07:12:03.532 [INFO    ] Variable 'GPP_DT_CUT_75' might be missing from headers of file: /global/home/users/sytoanngo/ONEFlux/data/US-ARc_sample_output/99_fluxnet2015/FLX_US-ARc_FLUXNET2015_FULLSET_WW_2005-2006_beta-5.csv [oneflux.pipeline.common]
2025-06-13 07:12:03.533 [INFO    ] Variable 'GPP_DT_CUT_84' might be missing from headers of file: /global/home/users/sytoanngo/ONEFlux/data/US-ARc_sample_output/99_fluxnet2015/FLX_US-ARc_FLUXNET2015_FULLSET_WW_2005-2006_beta-5.csv [oneflux.pipeline.common]
2025-06-13 07:12:03.533 [INFO    ] Variable 'GPP_DT_CUT_95' might be missing from headers of file: /global/home/users/sytoanngo/ONEFlux/data/US-ARc_sample_output/99_fluxnet2015/FLX_US-ARc_FLUXNET2015_FULLSET_WW_2005-2006_beta-5.csv [oneflux.pipeline.common]
2025-06-13 07:12:03.533 [INFO    ] Variable 'PPFD_DIF' might be missing from headers of file: /global/home/users/sytoanngo/ONEFlux/data/US-ARc_sample_output/99_fluxnet2015/FLX_US-ARc_FLUXNET2015_FULLSET_WW_2005-2006_beta-5.csv [oneflux.pipeline.common]
2025-06-13 07:12:03.533 [INFO    ] Variable 'PPFD_DIF_QC' might be missing from headers of file: /global/home/users/sytoanngo/ONEFlux/data/US-ARc_sample_output/99_fluxnet2015/FLX_US-ARc_FLUXNET2015_FULLSET_WW_2005-2006_beta-5.csv [oneflux.pipeline.common]
2025-06-13 07:12:03.534 [INFO    ] Variable 'PPFD_OUT' might be missing from headers of file: /global/home/users/sytoanngo/ONEFlux/data/US-ARc_sample_output/99_fluxnet2015/FLX_US-ARc_FLUXNET2015_FULLSET_WW_2005-2006_beta-5.csv [oneflux.pipeline.common]
2025-06-13 07:12:03.534 [INFO    ] Variable 'PPFD_OUT_QC' might be missing from headers of file: /global/home/users/sytoanngo/ONEFlux/data/US-ARc_sample_output/99_fluxnet2015/FLX_US-ARc_FLUXNET2015_FULLSET_WW_2005-2006_beta-5.csv [oneflux.pipeline.common]
2025-06-13 07:12:03.534 [INFO    ] Variable 'SW_DIF' might be missing from headers of file: /global/home/users/sytoanngo/ONEFlux/data/US-ARc_sample_output/99_fluxnet2015/FLX_US-ARc_FLUXNET2015_FULLSET_WW_2005-2006_beta-5.csv [oneflux.pipeline.common]
2025-06-13 07:12:03.534 [INFO    ] Variable 'SW_DIF_QC' might be missing from headers of file: /global/home/users/sytoanngo/ONEFlux/data/US-ARc_sample_output/99_fluxnet2015/FLX_US-ARc_FLUXNET2015_FULLSET_WW_2005-2006_beta-5.csv [oneflux.pipeline.common]
2025-06-13 07:12:03.534 [INFO    ] Variable 'SW_OUT' might be missing from headers of file: /global/home/users/sytoanngo/ONEFlux/data/US-ARc_sample_output/99_fluxnet2015/FLX_US-ARc_FLUXNET2015_FULLSET_WW_2005-2006_beta-5.csv [oneflux.pipeline.common]
2025-06-13 07:12:03.534 [INFO    ] Variable 'SW_OUT_QC' might be missing from headers of file: /global/home/users/sytoanngo/ONEFlux/data/US-ARc_sample_output/99_fluxnet2015/FLX_US-ARc_FLUXNET2015_FULLSET_WW_2005-2006_beta-5.csv [oneflux.pipeline.common]
2025-06-13 07:12:03.534 [INFO    ] Variable 'LW_OUT' might be missing from headers of file: /global/home/users/sytoanngo/ONEFlux/data/US-ARc_sample_output/99_fluxnet2015/FLX_US-ARc_FLUXNET2015_FULLSET_WW_2005-2006_beta-5.csv [oneflux.pipeline.common]
2025-06-13 07:12:03.534 [INFO    ] Variable 'LW_OUT_QC' might be missing from headers of file: /global/home/users/sytoanngo/ONEFlux/data/US-ARc_sample_output/99_fluxnet2015/FLX_US-ARc_FLUXNET2015_FULLSET_WW_2005-2006_beta-5.csv [oneflux.pipeline.common]
2025-06-13 07:12:03.534 [INFO    ] Variable 'PA' might be missing from headers of file: /global/home/users/sytoanngo/ONEFlux/data/US-ARc_sample_output/99_fluxnet2015/FLX_US-ARc_FLUXNET2015_FULLSET_WW_2005-2006_beta-5.csv [oneflux.pipeline.common]
2025-06-13 07:12:03.534 [INFO    ] Variable 'P' might be missing from headers of file: /global/home/users/sytoanngo/ONEFlux/data/US-ARc_sample_output/99_fluxnet2015/FLX_US-ARc_FLUXNET2015_FULLSET_WW_2005-2006_beta-5.csv [oneflux.pipeline.common]
2025-06-13 07:12:03.534 [INFO    ] Variable 'WS' might be missing from headers of file: /global/home/users/sytoanngo/ONEFlux/data/US-ARc_sample_output/99_fluxnet2015/FLX_US-ARc_FLUXNET2015_FULLSET_WW_2005-2006_beta-5.csv [oneflux.pipeline.common]
2025-06-13 07:12:03.534 [INFO    ] Variable 'WD' might be missing from headers of file: /global/home/users/sytoanngo/ONEFlux/data/US-ARc_sample_output/99_fluxnet2015/FLX_US-ARc_FLUXNET2015_FULLSET_WW_2005-2006_beta-5.csv [oneflux.pipeline.common]
2025-06-13 07:12:03.534 [INFO    ] Variable 'RH' might be missing from headers of file: /global/home/users/sytoanngo/ONEFlux/data/US-ARc_sample_output/99_fluxnet2015/FLX_US-ARc_FLUXNET2015_FULLSET_WW_2005-2006_beta-5.csv [oneflux.pipeline.common]
2025-06-13 07:12:03.534 [INFO    ] Variable 'LE_CORR_25' might be missing from headers of file: /global/home/users/sytoanngo/ONEFlux/data/US-ARc_sample_output/99_fluxnet2015/FLX_US-ARc_FLUXNET2015_FULLSET_WW_2005-2006_beta-5.csv [oneflux.pipeline.common]
2025-06-13 07:12:03.535 [INFO    ] Variable 'LE_CORR_75' might be missing from headers of file: /global/home/users/sytoanngo/ONEFlux/data/US-ARc_sample_output/99_fluxnet2015/FLX_US-ARc_FLUXNET2015_FULLSET_WW_2005-2006_beta-5.csv [oneflux.pipeline.common]
2025-06-13 07:12:03.535 [INFO    ] Variable 'LE_RANDUNC_METHOD' might be missing from headers of file: /global/home/users/sytoanngo/ONEFlux/data/US-ARc_sample_output/99_fluxnet2015/FLX_US-ARc_FLUXNET2015_FULLSET_WW_2005-2006_beta-5.csv [oneflux.pipeline.common]
2025-06-13 07:12:03.535 [INFO    ] Variable 'LE_RANDUNC_N' might be missing from headers of file: /global/home/users/sytoanngo/ONEFlux/data/US-ARc_sample_output/99_fluxnet2015/FLX_US-ARc_FLUXNET2015_FULLSET_WW_2005-2006_beta-5.csv [oneflux.pipeline.common]
2025-06-13 07:12:03.535 [INFO    ] Variable 'LE_CORR_JOINTUNC' might be missing from headers of file: /global/home/users/sytoanngo/ONEFlux/data/US-ARc_sample_output/99_fluxnet2015/FLX_US-ARc_FLUXNET2015_FULLSET_WW_2005-2006_beta-5.csv [oneflux.pipeline.common]
2025-06-13 07:12:03.535 [INFO    ] Variable 'H_CORR_25' might be missing from headers of file: /global/home/users/sytoanngo/ONEFlux/data/US-ARc_sample_output/99_fluxnet2015/FLX_US-ARc_FLUXNET2015_FULLSET_WW_2005-2006_beta-5.csv [oneflux.pipeline.common]
2025-06-13 07:12:03.535 [INFO    ] Variable 'H_CORR_75' might be missing from headers of file: /global/home/users/sytoanngo/ONEFlux/data/US-ARc_sample_output/99_fluxnet2015/FLX_US-ARc_FLUXNET2015_FULLSET_WW_2005-2006_beta-5.csv [oneflux.pipeline.common]
2025-06-13 07:12:03.535 [INFO    ] Variable 'H_RANDUNC_METHOD' might be missing from headers of file: /global/home/users/sytoanngo/ONEFlux/data/US-ARc_sample_output/99_fluxnet2015/FLX_US-ARc_FLUXNET2015_FULLSET_WW_2005-2006_beta-5.csv [oneflux.pipeline.common]
2025-06-13 07:12:03.535 [INFO    ] Variable 'H_RANDUNC_N' might be missing from headers of file: /global/home/users/sytoanngo/ONEFlux/data/US-ARc_sample_output/99_fluxnet2015/FLX_US-ARc_FLUXNET2015_FULLSET_WW_2005-2006_beta-5.csv [oneflux.pipeline.common]
2025-06-13 07:12:03.535 [INFO    ] Variable 'H_CORR_JOINTUNC' might be missing from headers of file: /global/home/users/sytoanngo/ONEFlux/data/US-ARc_sample_output/99_fluxnet2015/FLX_US-ARc_FLUXNET2015_FULLSET_WW_2005-2006_beta-5.csv [oneflux.pipeline.common]
2025-06-13 07:12:03.535 [INFO    ] Variable 'NEE_CUT_REF' might be missing from headers of file: /global/home/users/sytoanngo/ONEFlux/data/US-ARc_sample_output/99_fluxnet2015/FLX_US-ARc_FLUXNET2015_FULLSET_WW_2005-2006_beta-5.csv [oneflux.pipeline.common]
2025-06-13 07:12:03.535 [INFO    ] Variable 'NEE_CUT_REF_QC' might be missing from headers of file: /global/home/users/sytoanngo/ONEFlux/data/US-ARc_sample_output/99_fluxnet2015/FLX_US-ARc_FLUXNET2015_FULLSET_WW_2005-2006_beta-5.csv [oneflux.pipeline.common]
2025-06-13 07:12:03.535 [INFO    ] Variable 'NEE_CUT_REF_RANDUNC' might be missing from headers of file: /global/home/users/sytoanngo/ONEFlux/data/US-ARc_sample_output/99_fluxnet2015/FLX_US-ARc_FLUXNET2015_FULLSET_WW_2005-2006_beta-5.csv [oneflux.pipeline.common]
2025-06-13 07:12:03.535 [INFO    ] Variable 'RECO_NT_CUT_REF' might be missing from headers of file: /global/home/users/sytoanngo/ONEFlux/data/US-ARc_sample_output/99_fluxnet2015/FLX_US-ARc_FLUXNET2015_FULLSET_WW_2005-2006_beta-5.csv [oneflux.pipeline.common]
2025-06-13 07:12:03.535 [INFO    ] Variable 'GPP_NT_CUT_REF' might be missing from headers of file: /global/home/users/sytoanngo/ONEFlux/data/US-ARc_sample_output/99_fluxnet2015/FLX_US-ARc_FLUXNET2015_FULLSET_WW_2005-2006_beta-5.csv [oneflux.pipeline.common]
2025-06-13 07:12:03.536 [INFO    ] Variable 'RECO_DT_CUT_REF' might be missing from headers of file: /global/home/users/sytoanngo/ONEFlux/data/US-ARc_sample_output/99_fluxnet2015/FLX_US-ARc_FLUXNET2015_FULLSET_WW_2005-2006_beta-5.csv [oneflux.pipeline.common]
2025-06-13 07:12:03.536 [INFO    ] Variable 'GPP_DT_CUT_REF' might be missing from headers of file: /global/home/users/sytoanngo/ONEFlux/data/US-ARc_sample_output/99_fluxnet2015/FLX_US-ARc_FLUXNET2015_FULLSET_WW_2005-2006_beta-5.csv [oneflux.pipeline.common]
2025-06-13 07:12:03.536 [INFO    ] Variable 'TS_F_MDS_2' might be missing from headers of file: /global/home/users/sytoanngo/ONEFlux/data/US-ARc_sample_output/99_fluxnet2015/FLX_US-ARc_FLUXNET2015_FULLSET_WW_2005-2006_beta-5.csv [oneflux.pipeline.common]
2025-06-13 07:12:03.536 [INFO    ] Variable 'TS_F_MDS_3' might be missing from headers of file: /global/home/users/sytoanngo/ONEFlux/data/US-ARc_sample_output/99_fluxnet2015/FLX_US-ARc_FLUXNET2015_FULLSET_WW_2005-2006_beta-5.csv [oneflux.pipeline.common]
2025-06-13 07:12:03.536 [INFO    ] Variable 'TS_F_MDS_4' might be missing from headers of file: /global/home/users/sytoanngo/ONEFlux/data/US-ARc_sample_output/99_fluxnet2015/FLX_US-ARc_FLUXNET2015_FULLSET_WW_2005-2006_beta-5.csv [oneflux.pipeline.common]
2025-06-13 07:12:03.536 [INFO    ] Variable 'TS_F_MDS_5' might be missing from headers of file: /global/home/users/sytoanngo/ONEFlux/data/US-ARc_sample_output/99_fluxnet2015/FLX_US-ARc_FLUXNET2015_FULLSET_WW_2005-2006_beta-5.csv [oneflux.pipeline.common]
2025-06-13 07:12:03.536 [INFO    ] Variable 'TS_F_MDS_6' might be missing from headers of file: /global/home/users/sytoanngo/ONEFlux/data/US-ARc_sample_output/99_fluxnet2015/FLX_US-ARc_FLUXNET2015_FULLSET_WW_2005-2006_beta-5.csv [oneflux.pipeline.common]
2025-06-13 07:12:03.536 [INFO    ] Variable 'TS_F_MDS_7' might be missing from headers of file: /global/home/users/sytoanngo/ONEFlux/data/US-ARc_sample_output/99_fluxnet2015/FLX_US-ARc_FLUXNET2015_FULLSET_WW_2005-2006_beta-5.csv [oneflux.pipeline.common]
2025-06-13 07:12:03.536 [INFO    ] Variable 'TS_F_MDS_8' might be missing from headers of file: /global/home/users/sytoanngo/ONEFlux/data/US-ARc_sample_output/99_fluxnet2015/FLX_US-ARc_FLUXNET2015_FULLSET_WW_2005-2006_beta-5.csv [oneflux.pipeline.common]
2025-06-13 07:12:03.536 [INFO    ] Variable 'TS_F_MDS_9' might be missing from headers of file: /global/home/users/sytoanngo/ONEFlux/data/US-ARc_sample_output/99_fluxnet2015/FLX_US-ARc_FLUXNET2015_FULLSET_WW_2005-2006_beta-5.csv [oneflux.pipeline.common]
2025-06-13 07:12:03.536 [INFO    ] Variable 'TS_F_MDS_10' might be missing from headers of file: /global/home/users/sytoanngo/ONEFlux/data/US-ARc_sample_output/99_fluxnet2015/FLX_US-ARc_FLUXNET2015_FULLSET_WW_2005-2006_beta-5.csv [oneflux.pipeline.common]
2025-06-13 07:12:03.536 [INFO    ] Variable 'TS_F_MDS_11' might be missing from headers of file: /global/home/users/sytoanngo/ONEFlux/data/US-ARc_sample_output/99_fluxnet2015/FLX_US-ARc_FLUXNET2015_FULLSET_WW_2005-2006_beta-5.csv [oneflux.pipeline.common]
2025-06-13 07:12:03.536 [INFO    ] Variable 'TS_F_MDS_12' might be missing from headers of file: /global/home/users/sytoanngo/ONEFlux/data/US-ARc_sample_output/99_fluxnet2015/FLX_US-ARc_FLUXNET2015_FULLSET_WW_2005-2006_beta-5.csv [oneflux.pipeline.common]
2025-06-13 07:12:03.536 [INFO    ] Variable 'TS_F_MDS_13' might be missing from headers of file: /global/home/users/sytoanngo/ONEFlux/data/US-ARc_sample_output/99_fluxnet2015/FLX_US-ARc_FLUXNET2015_FULLSET_WW_2005-2006_beta-5.csv [oneflux.pipeline.common]
2025-06-13 07:12:03.537 [INFO    ] Variable 'TS_F_MDS_14' might be missing from headers of file: /global/home/users/sytoanngo/ONEFlux/data/US-ARc_sample_output/99_fluxnet2015/FLX_US-ARc_FLUXNET2015_FULLSET_WW_2005-2006_beta-5.csv [oneflux.pipeline.common]
2025-06-13 07:12:03.537 [INFO    ] Variable 'TS_F_MDS_15' might be missing from headers of file: /global/home/users/sytoanngo/ONEFlux/data/US-ARc_sample_output/99_fluxnet2015/FLX_US-ARc_FLUXNET2015_FULLSET_WW_2005-2006_beta-5.csv [oneflux.pipeline.common]
2025-06-13 07:12:03.537 [INFO    ] Variable 'TS_F_MDS_16' might be missing from headers of file: /global/home/users/sytoanngo/ONEFlux/data/US-ARc_sample_output/99_fluxnet2015/FLX_US-ARc_FLUXNET2015_FULLSET_WW_2005-2006_beta-5.csv [oneflux.pipeline.common]
2025-06-13 07:12:03.537 [INFO    ] Variable 'TS_F_MDS_17' might be missing from headers of file: /global/home/users/sytoanngo/ONEFlux/data/US-ARc_sample_output/99_fluxnet2015/FLX_US-ARc_FLUXNET2015_FULLSET_WW_2005-2006_beta-5.csv [oneflux.pipeline.common]
2025-06-13 07:12:03.537 [INFO    ] Variable 'TS_F_MDS_18' might be missing from headers of file: /global/home/users/sytoanngo/ONEFlux/data/US-ARc_sample_output/99_fluxnet2015/FLX_US-ARc_FLUXNET2015_FULLSET_WW_2005-2006_beta-5.csv [oneflux.pipeline.common]
2025-06-13 07:12:03.537 [INFO    ] Variable 'TS_F_MDS_19' might be missing from headers of file: /global/home/users/sytoanngo/ONEFlux/data/US-ARc_sample_output/99_fluxnet2015/FLX_US-ARc_FLUXNET2015_FULLSET_WW_2005-2006_beta-5.csv [oneflux.pipeline.common]
2025-06-13 07:12:03.537 [INFO    ] Variable 'TS_F_MDS_2_QC' might be missing from headers of file: /global/home/users/sytoanngo/ONEFlux/data/US-ARc_sample_output/99_fluxnet2015/FLX_US-ARc_FLUXNET2015_FULLSET_WW_2005-2006_beta-5.csv [oneflux.pipeline.common]
2025-06-13 07:12:03.537 [INFO    ] Variable 'TS_F_MDS_3_QC' might be missing from headers of file: /global/home/users/sytoanngo/ONEFlux/data/US-ARc_sample_output/99_fluxnet2015/FLX_US-ARc_FLUXNET2015_FULLSET_WW_2005-2006_beta-5.csv [oneflux.pipeline.common]
2025-06-13 07:12:03.537 [INFO    ] Variable 'TS_F_MDS_4_QC' might be missing from headers of file: /global/home/users/sytoanngo/ONEFlux/data/US-ARc_sample_output/99_fluxnet2015/FLX_US-ARc_FLUXNET2015_FULLSET_WW_2005-2006_beta-5.csv [oneflux.pipeline.common]
2025-06-13 07:12:03.537 [INFO    ] Variable 'TS_F_MDS_5_QC' might be missing from headers of file: /global/home/users/sytoanngo/ONEFlux/data/US-ARc_sample_output/99_fluxnet2015/FLX_US-ARc_FLUXNET2015_FULLSET_WW_2005-2006_beta-5.csv [oneflux.pipeline.common]
2025-06-13 07:12:03.537 [INFO    ] Variable 'TS_F_MDS_6_QC' might be missing from headers of file: /global/home/users/sytoanngo/ONEFlux/data/US-ARc_sample_output/99_fluxnet2015/FLX_US-ARc_FLUXNET2015_FULLSET_WW_2005-2006_beta-5.csv [oneflux.pipeline.common]
2025-06-13 07:12:03.537 [INFO    ] Variable 'TS_F_MDS_7_QC' might be missing from headers of file: /global/home/users/sytoanngo/ONEFlux/data/US-ARc_sample_output/99_fluxnet2015/FLX_US-ARc_FLUXNET2015_FULLSET_WW_2005-2006_beta-5.csv [oneflux.pipeline.common]
2025-06-13 07:12:03.537 [INFO    ] Variable 'TS_F_MDS_8_QC' might be missing from headers of file: /global/home/users/sytoanngo/ONEFlux/data/US-ARc_sample_output/99_fluxnet2015/FLX_US-ARc_FLUXNET2015_FULLSET_WW_2005-2006_beta-5.csv [oneflux.pipeline.common]
2025-06-13 07:12:03.537 [INFO    ] Variable 'TS_F_MDS_9_QC' might be missing from headers of file: /global/home/users/sytoanngo/ONEFlux/data/US-ARc_sample_output/99_fluxnet2015/FLX_US-ARc_FLUXNET2015_FULLSET_WW_2005-2006_beta-5.csv [oneflux.pipeline.common]
2025-06-13 07:12:03.538 [INFO    ] Variable 'TS_F_MDS_10_QC' might be missing from headers of file: /global/home/users/sytoanngo/ONEFlux/data/US-ARc_sample_output/99_fluxnet2015/FLX_US-ARc_FLUXNET2015_FULLSET_WW_2005-2006_beta-5.csv [oneflux.pipeline.common]
2025-06-13 07:12:03.538 [INFO    ] Variable 'TS_F_MDS_11_QC' might be missing from headers of file: /global/home/users/sytoanngo/ONEFlux/data/US-ARc_sample_output/99_fluxnet2015/FLX_US-ARc_FLUXNET2015_FULLSET_WW_2005-2006_beta-5.csv [oneflux.pipeline.common]
2025-06-13 07:12:03.538 [INFO    ] Variable 'TS_F_MDS_12_QC' might be missing from headers of file: /global/home/users/sytoanngo/ONEFlux/data/US-ARc_sample_output/99_fluxnet2015/FLX_US-ARc_FLUXNET2015_FULLSET_WW_2005-2006_beta-5.csv [oneflux.pipeline.common]
2025-06-13 07:12:03.538 [INFO    ] Variable 'TS_F_MDS_13_QC' might be missing from headers of file: /global/home/users/sytoanngo/ONEFlux/data/US-ARc_sample_output/99_fluxnet2015/FLX_US-ARc_FLUXNET2015_FULLSET_WW_2005-2006_beta-5.csv [oneflux.pipeline.common]
2025-06-13 07:12:03.538 [INFO    ] Variable 'TS_F_MDS_14_QC' might be missing from headers of file: /global/home/users/sytoanngo/ONEFlux/data/US-ARc_sample_output/99_fluxnet2015/FLX_US-ARc_FLUXNET2015_FULLSET_WW_2005-2006_beta-5.csv [oneflux.pipeline.common]
2025-06-13 07:12:03.538 [INFO    ] Variable 'TS_F_MDS_15_QC' might be missing from headers of file: /global/home/users/sytoanngo/ONEFlux/data/US-ARc_sample_output/99_fluxnet2015/FLX_US-ARc_FLUXNET2015_FULLSET_WW_2005-2006_beta-5.csv [oneflux.pipeline.common]
2025-06-13 07:12:03.538 [INFO    ] Variable 'TS_F_MDS_16_QC' might be missing from headers of file: /global/home/users/sytoanngo/ONEFlux/data/US-ARc_sample_output/99_fluxnet2015/FLX_US-ARc_FLUXNET2015_FULLSET_WW_2005-2006_beta-5.csv [oneflux.pipeline.common]
2025-06-13 07:12:03.538 [INFO    ] Variable 'TS_F_MDS_17_QC' might be missing from headers of file: /global/home/users/sytoanngo/ONEFlux/data/US-ARc_sample_output/99_fluxnet2015/FLX_US-ARc_FLUXNET2015_FULLSET_WW_2005-2006_beta-5.csv [oneflux.pipeline.common]
2025-06-13 07:12:03.538 [INFO    ] Variable 'TS_F_MDS_18_QC' might be missing from headers of file: /global/home/users/sytoanngo/ONEFlux/data/US-ARc_sample_output/99_fluxnet2015/FLX_US-ARc_FLUXNET2015_FULLSET_WW_2005-2006_beta-5.csv [oneflux.pipeline.common]
2025-06-13 07:12:03.538 [INFO    ] Variable 'TS_F_MDS_19_QC' might be missing from headers of file: /global/home/users/sytoanngo/ONEFlux/data/US-ARc_sample_output/99_fluxnet2015/FLX_US-ARc_FLUXNET2015_FULLSET_WW_2005-2006_beta-5.csv [oneflux.pipeline.common]
2025-06-13 07:12:03.538 [INFO    ] Variable 'SWC_F_MDS_2' might be missing from headers of file: /global/home/users/sytoanngo/ONEFlux/data/US-ARc_sample_output/99_fluxnet2015/FLX_US-ARc_FLUXNET2015_FULLSET_WW_2005-2006_beta-5.csv [oneflux.pipeline.common]
2025-06-13 07:12:03.538 [INFO    ] Variable 'SWC_F_MDS_3' might be missing from headers of file: /global/home/users/sytoanngo/ONEFlux/data/US-ARc_sample_output/99_fluxnet2015/FLX_US-ARc_FLUXNET2015_FULLSET_WW_2005-2006_beta-5.csv [oneflux.pipeline.common]
2025-06-13 07:12:03.538 [INFO    ] Variable 'SWC_F_MDS_4' might be missing from headers of file: /global/home/users/sytoanngo/ONEFlux/data/US-ARc_sample_output/99_fluxnet2015/FLX_US-ARc_FLUXNET2015_FULLSET_WW_2005-2006_beta-5.csv [oneflux.pipeline.common]
2025-06-13 07:12:03.538 [INFO    ] Variable 'SWC_F_MDS_5' might be missing from headers of file: /global/home/users/sytoanngo/ONEFlux/data/US-ARc_sample_output/99_fluxnet2015/FLX_US-ARc_FLUXNET2015_FULLSET_WW_2005-2006_beta-5.csv [oneflux.pipeline.common]
2025-06-13 07:12:03.539 [INFO    ] Variable 'SWC_F_MDS_6' might be missing from headers of file: /global/home/users/sytoanngo/ONEFlux/data/US-ARc_sample_output/99_fluxnet2015/FLX_US-ARc_FLUXNET2015_FULLSET_WW_2005-2006_beta-5.csv [oneflux.pipeline.common]
2025-06-13 07:12:03.539 [INFO    ] Variable 'SWC_F_MDS_7' might be missing from headers of file: /global/home/users/sytoanngo/ONEFlux/data/US-ARc_sample_output/99_fluxnet2015/FLX_US-ARc_FLUXNET2015_FULLSET_WW_2005-2006_beta-5.csv [oneflux.pipeline.common]
2025-06-13 07:12:03.539 [INFO    ] Variable 'SWC_F_MDS_8' might be missing from headers of file: /global/home/users/sytoanngo/ONEFlux/data/US-ARc_sample_output/99_fluxnet2015/FLX_US-ARc_FLUXNET2015_FULLSET_WW_2005-2006_beta-5.csv [oneflux.pipeline.common]
2025-06-13 07:12:03.539 [INFO    ] Variable 'SWC_F_MDS_9' might be missing from headers of file: /global/home/users/sytoanngo/ONEFlux/data/US-ARc_sample_output/99_fluxnet2015/FLX_US-ARc_FLUXNET2015_FULLSET_WW_2005-2006_beta-5.csv [oneflux.pipeline.common]
2025-06-13 07:12:03.539 [INFO    ] Variable 'SWC_F_MDS_10' might be missing from headers of file: /global/home/users/sytoanngo/ONEFlux/data/US-ARc_sample_output/99_fluxnet2015/FLX_US-ARc_FLUXNET2015_FULLSET_WW_2005-2006_beta-5.csv [oneflux.pipeline.common]
2025-06-13 07:12:03.539 [INFO    ] Variable 'SWC_F_MDS_11' might be missing from headers of file: /global/home/users/sytoanngo/ONEFlux/data/US-ARc_sample_output/99_fluxnet2015/FLX_US-ARc_FLUXNET2015_FULLSET_WW_2005-2006_beta-5.csv [oneflux.pipeline.common]
2025-06-13 07:12:03.539 [INFO    ] Variable 'SWC_F_MDS_12' might be missing from headers of file: /global/home/users/sytoanngo/ONEFlux/data/US-ARc_sample_output/99_fluxnet2015/FLX_US-ARc_FLUXNET2015_FULLSET_WW_2005-2006_beta-5.csv [oneflux.pipeline.common]
2025-06-13 07:12:03.539 [INFO    ] Variable 'SWC_F_MDS_13' might be missing from headers of file: /global/home/users/sytoanngo/ONEFlux/data/US-ARc_sample_output/99_fluxnet2015/FLX_US-ARc_FLUXNET2015_FULLSET_WW_2005-2006_beta-5.csv [oneflux.pipeline.common]
2025-06-13 07:12:03.539 [INFO    ] Variable 'SWC_F_MDS_14' might be missing from headers of file: /global/home/users/sytoanngo/ONEFlux/data/US-ARc_sample_output/99_fluxnet2015/FLX_US-ARc_FLUXNET2015_FULLSET_WW_2005-2006_beta-5.csv [oneflux.pipeline.common]
2025-06-13 07:12:03.539 [INFO    ] Variable 'SWC_F_MDS_15' might be missing from headers of file: /global/home/users/sytoanngo/ONEFlux/data/US-ARc_sample_output/99_fluxnet2015/FLX_US-ARc_FLUXNET2015_FULLSET_WW_2005-2006_beta-5.csv [oneflux.pipeline.common]
2025-06-13 07:12:03.539 [INFO    ] Variable 'SWC_F_MDS_16' might be missing from headers of file: /global/home/users/sytoanngo/ONEFlux/data/US-ARc_sample_output/99_fluxnet2015/FLX_US-ARc_FLUXNET2015_FULLSET_WW_2005-2006_beta-5.csv [oneflux.pipeline.common]
2025-06-13 07:12:03.539 [INFO    ] Variable 'SWC_F_MDS_17' might be missing from headers of file: /global/home/users/sytoanngo/ONEFlux/data/US-ARc_sample_output/99_fluxnet2015/FLX_US-ARc_FLUXNET2015_FULLSET_WW_2005-2006_beta-5.csv [oneflux.pipeline.common]
2025-06-13 07:12:03.539 [INFO    ] Variable 'SWC_F_MDS_18' might be missing from headers of file: /global/home/users/sytoanngo/ONEFlux/data/US-ARc_sample_output/99_fluxnet2015/FLX_US-ARc_FLUXNET2015_FULLSET_WW_2005-2006_beta-5.csv [oneflux.pipeline.common]
2025-06-13 07:12:03.539 [INFO    ] Variable 'SWC_F_MDS_19' might be missing from headers of file: /global/home/users/sytoanngo/ONEFlux/data/US-ARc_sample_output/99_fluxnet2015/FLX_US-ARc_FLUXNET2015_FULLSET_WW_2005-2006_beta-5.csv [oneflux.pipeline.common]
2025-06-13 07:12:03.540 [INFO    ] Variable 'SWC_F_MDS_2_QC' might be missing from headers of file: /global/home/users/sytoanngo/ONEFlux/data/US-ARc_sample_output/99_fluxnet2015/FLX_US-ARc_FLUXNET2015_FULLSET_WW_2005-2006_beta-5.csv [oneflux.pipeline.common]
2025-06-13 07:12:03.540 [INFO    ] Variable 'SWC_F_MDS_3_QC' might be missing from headers of file: /global/home/users/sytoanngo/ONEFlux/data/US-ARc_sample_output/99_fluxnet2015/FLX_US-ARc_FLUXNET2015_FULLSET_WW_2005-2006_beta-5.csv [oneflux.pipeline.common]
2025-06-13 07:12:03.540 [INFO    ] Variable 'SWC_F_MDS_4_QC' might be missing from headers of file: /global/home/users/sytoanngo/ONEFlux/data/US-ARc_sample_output/99_fluxnet2015/FLX_US-ARc_FLUXNET2015_FULLSET_WW_2005-2006_beta-5.csv [oneflux.pipeline.common]
2025-06-13 07:12:03.540 [INFO    ] Variable 'SWC_F_MDS_5_QC' might be missing from headers of file: /global/home/users/sytoanngo/ONEFlux/data/US-ARc_sample_output/99_fluxnet2015/FLX_US-ARc_FLUXNET2015_FULLSET_WW_2005-2006_beta-5.csv [oneflux.pipeline.common]
2025-06-13 07:12:03.540 [INFO    ] Variable 'SWC_F_MDS_6_QC' might be missing from headers of file: /global/home/users/sytoanngo/ONEFlux/data/US-ARc_sample_output/99_fluxnet2015/FLX_US-ARc_FLUXNET2015_FULLSET_WW_2005-2006_beta-5.csv [oneflux.pipeline.common]
2025-06-13 07:12:03.540 [INFO    ] Variable 'SWC_F_MDS_7_QC' might be missing from headers of file: /global/home/users/sytoanngo/ONEFlux/data/US-ARc_sample_output/99_fluxnet2015/FLX_US-ARc_FLUXNET2015_FULLSET_WW_2005-2006_beta-5.csv [oneflux.pipeline.common]
2025-06-13 07:12:03.540 [INFO    ] Variable 'SWC_F_MDS_8_QC' might be missing from headers of file: /global/home/users/sytoanngo/ONEFlux/data/US-ARc_sample_output/99_fluxnet2015/FLX_US-ARc_FLUXNET2015_FULLSET_WW_2005-2006_beta-5.csv [oneflux.pipeline.common]
2025-06-13 07:12:03.540 [INFO    ] Variable 'SWC_F_MDS_9_QC' might be missing from headers of file: /global/home/users/sytoanngo/ONEFlux/data/US-ARc_sample_output/99_fluxnet2015/FLX_US-ARc_FLUXNET2015_FULLSET_WW_2005-2006_beta-5.csv [oneflux.pipeline.common]
2025-06-13 07:12:03.540 [INFO    ] Variable 'SWC_F_MDS_10_QC' might be missing from headers of file: /global/home/users/sytoanngo/ONEFlux/data/US-ARc_sample_output/99_fluxnet2015/FLX_US-ARc_FLUXNET2015_FULLSET_WW_2005-2006_beta-5.csv [oneflux.pipeline.common]
2025-06-13 07:12:03.540 [INFO    ] Variable 'SWC_F_MDS_11_QC' might be missing from headers of file: /global/home/users/sytoanngo/ONEFlux/data/US-ARc_sample_output/99_fluxnet2015/FLX_US-ARc_FLUXNET2015_FULLSET_WW_2005-2006_beta-5.csv [oneflux.pipeline.common]
2025-06-13 07:12:03.540 [INFO    ] Variable 'SWC_F_MDS_12_QC' might be missing from headers of file: /global/home/users/sytoanngo/ONEFlux/data/US-ARc_sample_output/99_fluxnet2015/FLX_US-ARc_FLUXNET2015_FULLSET_WW_2005-2006_beta-5.csv [oneflux.pipeline.common]
2025-06-13 07:12:03.540 [INFO    ] Variable 'SWC_F_MDS_13_QC' might be missing from headers of file: /global/home/users/sytoanngo/ONEFlux/data/US-ARc_sample_output/99_fluxnet2015/FLX_US-ARc_FLUXNET2015_FULLSET_WW_2005-2006_beta-5.csv [oneflux.pipeline.common]
2025-06-13 07:12:03.540 [INFO    ] Variable 'SWC_F_MDS_14_QC' might be missing from headers of file: /global/home/users/sytoanngo/ONEFlux/data/US-ARc_sample_output/99_fluxnet2015/FLX_US-ARc_FLUXNET2015_FULLSET_WW_2005-2006_beta-5.csv [oneflux.pipeline.common]
2025-06-13 07:12:03.540 [INFO    ] Variable 'SWC_F_MDS_15_QC' might be missing from headers of file: /global/home/users/sytoanngo/ONEFlux/data/US-ARc_sample_output/99_fluxnet2015/FLX_US-ARc_FLUXNET2015_FULLSET_WW_2005-2006_beta-5.csv [oneflux.pipeline.common]
2025-06-13 07:12:03.540 [INFO    ] Variable 'SWC_F_MDS_16_QC' might be missing from headers of file: /global/home/users/sytoanngo/ONEFlux/data/US-ARc_sample_output/99_fluxnet2015/FLX_US-ARc_FLUXNET2015_FULLSET_WW_2005-2006_beta-5.csv [oneflux.pipeline.common]
2025-06-13 07:12:03.541 [INFO    ] Variable 'SWC_F_MDS_17_QC' might be missing from headers of file: /global/home/users/sytoanngo/ONEFlux/data/US-ARc_sample_output/99_fluxnet2015/FLX_US-ARc_FLUXNET2015_FULLSET_WW_2005-2006_beta-5.csv [oneflux.pipeline.common]
2025-06-13 07:12:03.541 [INFO    ] Variable 'SWC_F_MDS_18_QC' might be missing from headers of file: /global/home/users/sytoanngo/ONEFlux/data/US-ARc_sample_output/99_fluxnet2015/FLX_US-ARc_FLUXNET2015_FULLSET_WW_2005-2006_beta-5.csv [oneflux.pipeline.common]
2025-06-13 07:12:03.541 [INFO    ] Variable 'SWC_F_MDS_19_QC' might be missing from headers of file: /global/home/users/sytoanngo/ONEFlux/data/US-ARc_sample_output/99_fluxnet2015/FLX_US-ARc_FLUXNET2015_FULLSET_WW_2005-2006_beta-5.csv [oneflux.pipeline.common]
2025-06-13 07:12:03.541 [INFO    ] Variable 'NEE_CUT_05' might be missing from headers of file: /global/home/users/sytoanngo/ONEFlux/data/US-ARc_sample_output/99_fluxnet2015/FLX_US-ARc_FLUXNET2015_FULLSET_WW_2005-2006_beta-5.csv [oneflux.pipeline.common]
2025-06-13 07:12:03.541 [INFO    ] Variable 'NEE_CUT_16' might be missing from headers of file: /global/home/users/sytoanngo/ONEFlux/data/US-ARc_sample_output/99_fluxnet2015/FLX_US-ARc_FLUXNET2015_FULLSET_WW_2005-2006_beta-5.csv [oneflux.pipeline.common]
2025-06-13 07:12:03.541 [INFO    ] Variable 'NEE_CUT_25' might be missing from headers of file: /global/home/users/sytoanngo/ONEFlux/data/US-ARc_sample_output/99_fluxnet2015/FLX_US-ARc_FLUXNET2015_FULLSET_WW_2005-2006_beta-5.csv [oneflux.pipeline.common]
2025-06-13 07:12:03.541 [INFO    ] Variable 'NEE_CUT_50' might be missing from headers of file: /global/home/users/sytoanngo/ONEFlux/data/US-ARc_sample_output/99_fluxnet2015/FLX_US-ARc_FLUXNET2015_FULLSET_WW_2005-2006_beta-5.csv [oneflux.pipeline.common]
2025-06-13 07:12:03.541 [INFO    ] Variable 'NEE_CUT_75' might be missing from headers of file: /global/home/users/sytoanngo/ONEFlux/data/US-ARc_sample_output/99_fluxnet2015/FLX_US-ARc_FLUXNET2015_FULLSET_WW_2005-2006_beta-5.csv [oneflux.pipeline.common]
2025-06-13 07:12:03.541 [INFO    ] Variable 'NEE_CUT_84' might be missing from headers of file: /global/home/users/sytoanngo/ONEFlux/data/US-ARc_sample_output/99_fluxnet2015/FLX_US-ARc_FLUXNET2015_FULLSET_WW_2005-2006_beta-5.csv [oneflux.pipeline.common]
2025-06-13 07:12:03.541 [INFO    ] Variable 'NEE_CUT_95' might be missing from headers of file: /global/home/users/sytoanngo/ONEFlux/data/US-ARc_sample_output/99_fluxnet2015/FLX_US-ARc_FLUXNET2015_FULLSET_WW_2005-2006_beta-5.csv [oneflux.pipeline.common]
2025-06-13 07:12:03.541 [INFO    ] Variable 'NEE_CUT_05_QC' might be missing from headers of file: /global/home/users/sytoanngo/ONEFlux/data/US-ARc_sample_output/99_fluxnet2015/FLX_US-ARc_FLUXNET2015_FULLSET_WW_2005-2006_beta-5.csv [oneflux.pipeline.common]
2025-06-13 07:12:03.541 [INFO    ] Variable 'NEE_CUT_16_QC' might be missing from headers of file: /global/home/users/sytoanngo/ONEFlux/data/US-ARc_sample_output/99_fluxnet2015/FLX_US-ARc_FLUXNET2015_FULLSET_WW_2005-2006_beta-5.csv [oneflux.pipeline.common]
2025-06-13 07:12:03.541 [INFO    ] Variable 'NEE_CUT_25_QC' might be missing from headers of file: /global/home/users/sytoanngo/ONEFlux/data/US-ARc_sample_output/99_fluxnet2015/FLX_US-ARc_FLUXNET2015_FULLSET_WW_2005-2006_beta-5.csv [oneflux.pipeline.common]
2025-06-13 07:12:03.541 [INFO    ] Variable 'NEE_CUT_50_QC' might be missing from headers of file: /global/home/users/sytoanngo/ONEFlux/data/US-ARc_sample_output/99_fluxnet2015/FLX_US-ARc_FLUXNET2015_FULLSET_WW_2005-2006_beta-5.csv [oneflux.pipeline.common]
2025-06-13 07:12:03.542 [INFO    ] Variable 'NEE_CUT_75_QC' might be missing from headers of file: /global/home/users/sytoanngo/ONEFlux/data/US-ARc_sample_output/99_fluxnet2015/FLX_US-ARc_FLUXNET2015_FULLSET_WW_2005-2006_beta-5.csv [oneflux.pipeline.common]
2025-06-13 07:12:03.542 [INFO    ] Variable 'NEE_CUT_84_QC' might be missing from headers of file: /global/home/users/sytoanngo/ONEFlux/data/US-ARc_sample_output/99_fluxnet2015/FLX_US-ARc_FLUXNET2015_FULLSET_WW_2005-2006_beta-5.csv [oneflux.pipeline.common]
2025-06-13 07:12:03.542 [INFO    ] Variable 'NEE_CUT_95_QC' might be missing from headers of file: /global/home/users/sytoanngo/ONEFlux/data/US-ARc_sample_output/99_fluxnet2015/FLX_US-ARc_FLUXNET2015_FULLSET_WW_2005-2006_beta-5.csv [oneflux.pipeline.common]
2025-06-13 07:12:03.542 [INFO    ] Variable 'RECO_NT_CUT_05' might be missing from headers of file: /global/home/users/sytoanngo/ONEFlux/data/US-ARc_sample_output/99_fluxnet2015/FLX_US-ARc_FLUXNET2015_FULLSET_WW_2005-2006_beta-5.csv [oneflux.pipeline.common]
2025-06-13 07:12:03.542 [INFO    ] Variable 'RECO_NT_CUT_16' might be missing from headers of file: /global/home/users/sytoanngo/ONEFlux/data/US-ARc_sample_output/99_fluxnet2015/FLX_US-ARc_FLUXNET2015_FULLSET_WW_2005-2006_beta-5.csv [oneflux.pipeline.common]
2025-06-13 07:12:03.542 [INFO    ] Variable 'RECO_NT_CUT_25' might be missing from headers of file: /global/home/users/sytoanngo/ONEFlux/data/US-ARc_sample_output/99_fluxnet2015/FLX_US-ARc_FLUXNET2015_FULLSET_WW_2005-2006_beta-5.csv [oneflux.pipeline.common]
2025-06-13 07:12:03.542 [INFO    ] Variable 'RECO_NT_CUT_50' might be missing from headers of file: /global/home/users/sytoanngo/ONEFlux/data/US-ARc_sample_output/99_fluxnet2015/FLX_US-ARc_FLUXNET2015_FULLSET_WW_2005-2006_beta-5.csv [oneflux.pipeline.common]
2025-06-13 07:12:03.542 [INFO    ] Variable 'RECO_NT_CUT_75' might be missing from headers of file: /global/home/users/sytoanngo/ONEFlux/data/US-ARc_sample_output/99_fluxnet2015/FLX_US-ARc_FLUXNET2015_FULLSET_WW_2005-2006_beta-5.csv [oneflux.pipeline.common]
2025-06-13 07:12:03.542 [INFO    ] Variable 'RECO_NT_CUT_84' might be missing from headers of file: /global/home/users/sytoanngo/ONEFlux/data/US-ARc_sample_output/99_fluxnet2015/FLX_US-ARc_FLUXNET2015_FULLSET_WW_2005-2006_beta-5.csv [oneflux.pipeline.common]
2025-06-13 07:12:03.542 [INFO    ] Variable 'RECO_NT_CUT_95' might be missing from headers of file: /global/home/users/sytoanngo/ONEFlux/data/US-ARc_sample_output/99_fluxnet2015/FLX_US-ARc_FLUXNET2015_FULLSET_WW_2005-2006_beta-5.csv [oneflux.pipeline.common]
2025-06-13 07:12:03.542 [INFO    ] Variable 'GPP_NT_CUT_05' might be missing from headers of file: /global/home/users/sytoanngo/ONEFlux/data/US-ARc_sample_output/99_fluxnet2015/FLX_US-ARc_FLUXNET2015_FULLSET_WW_2005-2006_beta-5.csv [oneflux.pipeline.common]
2025-06-13 07:12:03.542 [INFO    ] Variable 'GPP_NT_CUT_16' might be missing from headers of file: /global/home/users/sytoanngo/ONEFlux/data/US-ARc_sample_output/99_fluxnet2015/FLX_US-ARc_FLUXNET2015_FULLSET_WW_2005-2006_beta-5.csv [oneflux.pipeline.common]
2025-06-13 07:12:03.542 [INFO    ] Variable 'GPP_NT_CUT_25' might be missing from headers of file: /global/home/users/sytoanngo/ONEFlux/data/US-ARc_sample_output/99_fluxnet2015/FLX_US-ARc_FLUXNET2015_FULLSET_WW_2005-2006_beta-5.csv [oneflux.pipeline.common]
2025-06-13 07:12:03.542 [INFO    ] Variable 'GPP_NT_CUT_50' might be missing from headers of file: /global/home/users/sytoanngo/ONEFlux/data/US-ARc_sample_output/99_fluxnet2015/FLX_US-ARc_FLUXNET2015_FULLSET_WW_2005-2006_beta-5.csv [oneflux.pipeline.common]
2025-06-13 07:12:03.543 [INFO    ] Variable 'GPP_NT_CUT_75' might be missing from headers of file: /global/home/users/sytoanngo/ONEFlux/data/US-ARc_sample_output/99_fluxnet2015/FLX_US-ARc_FLUXNET2015_FULLSET_WW_2005-2006_beta-5.csv [oneflux.pipeline.common]
2025-06-13 07:12:03.543 [INFO    ] Variable 'GPP_NT_CUT_84' might be missing from headers of file: /global/home/users/sytoanngo/ONEFlux/data/US-ARc_sample_output/99_fluxnet2015/FLX_US-ARc_FLUXNET2015_FULLSET_WW_2005-2006_beta-5.csv [oneflux.pipeline.common]
2025-06-13 07:12:03.543 [INFO    ] Variable 'GPP_NT_CUT_95' might be missing from headers of file: /global/home/users/sytoanngo/ONEFlux/data/US-ARc_sample_output/99_fluxnet2015/FLX_US-ARc_FLUXNET2015_FULLSET_WW_2005-2006_beta-5.csv [oneflux.pipeline.common]
2025-06-13 07:12:03.543 [INFO    ] Variable 'RECO_DT_CUT_05' might be missing from headers of file: /global/home/users/sytoanngo/ONEFlux/data/US-ARc_sample_output/99_fluxnet2015/FLX_US-ARc_FLUXNET2015_FULLSET_WW_2005-2006_beta-5.csv [oneflux.pipeline.common]
2025-06-13 07:12:03.543 [INFO    ] Variable 'RECO_DT_CUT_16' might be missing from headers of file: /global/home/users/sytoanngo/ONEFlux/data/US-ARc_sample_output/99_fluxnet2015/FLX_US-ARc_FLUXNET2015_FULLSET_WW_2005-2006_beta-5.csv [oneflux.pipeline.common]
2025-06-13 07:12:03.543 [INFO    ] Variable 'RECO_DT_CUT_25' might be missing from headers of file: /global/home/users/sytoanngo/ONEFlux/data/US-ARc_sample_output/99_fluxnet2015/FLX_US-ARc_FLUXNET2015_FULLSET_WW_2005-2006_beta-5.csv [oneflux.pipeline.common]
2025-06-13 07:12:03.543 [INFO    ] Variable 'RECO_DT_CUT_50' might be missing from headers of file: /global/home/users/sytoanngo/ONEFlux/data/US-ARc_sample_output/99_fluxnet2015/FLX_US-ARc_FLUXNET2015_FULLSET_WW_2005-2006_beta-5.csv [oneflux.pipeline.common]
2025-06-13 07:12:03.543 [INFO    ] Variable 'RECO_DT_CUT_75' might be missing from headers of file: /global/home/users/sytoanngo/ONEFlux/data/US-ARc_sample_output/99_fluxnet2015/FLX_US-ARc_FLUXNET2015_FULLSET_WW_2005-2006_beta-5.csv [oneflux.pipeline.common]
2025-06-13 07:12:03.543 [INFO    ] Variable 'RECO_DT_CUT_84' might be missing from headers of file: /global/home/users/sytoanngo/ONEFlux/data/US-ARc_sample_output/99_fluxnet2015/FLX_US-ARc_FLUXNET2015_FULLSET_WW_2005-2006_beta-5.csv [oneflux.pipeline.common]
2025-06-13 07:12:03.543 [INFO    ] Variable 'RECO_DT_CUT_95' might be missing from headers of file: /global/home/users/sytoanngo/ONEFlux/data/US-ARc_sample_output/99_fluxnet2015/FLX_US-ARc_FLUXNET2015_FULLSET_WW_2005-2006_beta-5.csv [oneflux.pipeline.common]
2025-06-13 07:12:03.543 [INFO    ] Variable 'GPP_DT_CUT_05' might be missing from headers of file: /global/home/users/sytoanngo/ONEFlux/data/US-ARc_sample_output/99_fluxnet2015/FLX_US-ARc_FLUXNET2015_FULLSET_WW_2005-2006_beta-5.csv [oneflux.pipeline.common]
2025-06-13 07:12:03.543 [INFO    ] Variable 'GPP_DT_CUT_16' might be missing from headers of file: /global/home/users/sytoanngo/ONEFlux/data/US-ARc_sample_output/99_fluxnet2015/FLX_US-ARc_FLUXNET2015_FULLSET_WW_2005-2006_beta-5.csv [oneflux.pipeline.common]
2025-06-13 07:12:03.543 [INFO    ] Variable 'GPP_DT_CUT_25' might be missing from headers of file: /global/home/users/sytoanngo/ONEFlux/data/US-ARc_sample_output/99_fluxnet2015/FLX_US-ARc_FLUXNET2015_FULLSET_WW_2005-2006_beta-5.csv [oneflux.pipeline.common]
2025-06-13 07:12:03.543 [INFO    ] Variable 'GPP_DT_CUT_50' might be missing from headers of file: /global/home/users/sytoanngo/ONEFlux/data/US-ARc_sample_output/99_fluxnet2015/FLX_US-ARc_FLUXNET2015_FULLSET_WW_2005-2006_beta-5.csv [oneflux.pipeline.common]
2025-06-13 07:12:03.543 [INFO    ] Variable 'GPP_DT_CUT_75' might be missing from headers of file: /global/home/users/sytoanngo/ONEFlux/data/US-ARc_sample_output/99_fluxnet2015/FLX_US-ARc_FLUXNET2015_FULLSET_WW_2005-2006_beta-5.csv [oneflux.pipeline.common]
2025-06-13 07:12:03.544 [INFO    ] Variable 'GPP_DT_CUT_84' might be missing from headers of file: /global/home/users/sytoanngo/ONEFlux/data/US-ARc_sample_output/99_fluxnet2015/FLX_US-ARc_FLUXNET2015_FULLSET_WW_2005-2006_beta-5.csv [oneflux.pipeline.common]
2025-06-13 07:12:03.544 [INFO    ] Variable 'GPP_DT_CUT_95' might be missing from headers of file: /global/home/users/sytoanngo/ONEFlux/data/US-ARc_sample_output/99_fluxnet2015/FLX_US-ARc_FLUXNET2015_FULLSET_WW_2005-2006_beta-5.csv [oneflux.pipeline.common]
2025-06-13 07:12:03.545 [INFO    ] Variable 'PPFD_DIF' might be missing from headers of file: /global/home/users/sytoanngo/ONEFlux/data/US-ARc_sample_output/99_fluxnet2015/FLX_US-ARc_FLUXNET2015_FULLSET_YY_2005-2006_beta-5.csv [oneflux.pipeline.common]
2025-06-13 07:12:03.545 [INFO    ] Variable 'PPFD_DIF_QC' might be missing from headers of file: /global/home/users/sytoanngo/ONEFlux/data/US-ARc_sample_output/99_fluxnet2015/FLX_US-ARc_FLUXNET2015_FULLSET_YY_2005-2006_beta-5.csv [oneflux.pipeline.common]
2025-06-13 07:12:03.545 [INFO    ] Variable 'PPFD_OUT' might be missing from headers of file: /global/home/users/sytoanngo/ONEFlux/data/US-ARc_sample_output/99_fluxnet2015/FLX_US-ARc_FLUXNET2015_FULLSET_YY_2005-2006_beta-5.csv [oneflux.pipeline.common]
2025-06-13 07:12:03.545 [INFO    ] Variable 'PPFD_OUT_QC' might be missing from headers of file: /global/home/users/sytoanngo/ONEFlux/data/US-ARc_sample_output/99_fluxnet2015/FLX_US-ARc_FLUXNET2015_FULLSET_YY_2005-2006_beta-5.csv [oneflux.pipeline.common]
2025-06-13 07:12:03.545 [INFO    ] Variable 'SW_DIF' might be missing from headers of file: /global/home/users/sytoanngo/ONEFlux/data/US-ARc_sample_output/99_fluxnet2015/FLX_US-ARc_FLUXNET2015_FULLSET_YY_2005-2006_beta-5.csv [oneflux.pipeline.common]
2025-06-13 07:12:03.546 [INFO    ] Variable 'SW_DIF_QC' might be missing from headers of file: /global/home/users/sytoanngo/ONEFlux/data/US-ARc_sample_output/99_fluxnet2015/FLX_US-ARc_FLUXNET2015_FULLSET_YY_2005-2006_beta-5.csv [oneflux.pipeline.common]
2025-06-13 07:12:03.546 [INFO    ] Variable 'SW_OUT' might be missing from headers of file: /global/home/users/sytoanngo/ONEFlux/data/US-ARc_sample_output/99_fluxnet2015/FLX_US-ARc_FLUXNET2015_FULLSET_YY_2005-2006_beta-5.csv [oneflux.pipeline.common]
2025-06-13 07:12:03.546 [INFO    ] Variable 'SW_OUT_QC' might be missing from headers of file: /global/home/users/sytoanngo/ONEFlux/data/US-ARc_sample_output/99_fluxnet2015/FLX_US-ARc_FLUXNET2015_FULLSET_YY_2005-2006_beta-5.csv [oneflux.pipeline.common]
2025-06-13 07:12:03.546 [INFO    ] Variable 'LW_OUT' might be missing from headers of file: /global/home/users/sytoanngo/ONEFlux/data/US-ARc_sample_output/99_fluxnet2015/FLX_US-ARc_FLUXNET2015_FULLSET_YY_2005-2006_beta-5.csv [oneflux.pipeline.common]
2025-06-13 07:12:03.546 [INFO    ] Variable 'LW_OUT_QC' might be missing from headers of file: /global/home/users/sytoanngo/ONEFlux/data/US-ARc_sample_output/99_fluxnet2015/FLX_US-ARc_FLUXNET2015_FULLSET_YY_2005-2006_beta-5.csv [oneflux.pipeline.common]
2025-06-13 07:12:03.546 [INFO    ] Variable 'PA' might be missing from headers of file: /global/home/users/sytoanngo/ONEFlux/data/US-ARc_sample_output/99_fluxnet2015/FLX_US-ARc_FLUXNET2015_FULLSET_YY_2005-2006_beta-5.csv [oneflux.pipeline.common]
2025-06-13 07:12:03.546 [INFO    ] Variable 'SW_IN_POT' might be missing from headers of file: /global/home/users/sytoanngo/ONEFlux/data/US-ARc_sample_output/99_fluxnet2015/FLX_US-ARc_FLUXNET2015_FULLSET_YY_2005-2006_beta-5.csv [oneflux.pipeline.common]
2025-06-13 07:12:03.546 [INFO    ] Variable 'P' might be missing from headers of file: /global/home/users/sytoanngo/ONEFlux/data/US-ARc_sample_output/99_fluxnet2015/FLX_US-ARc_FLUXNET2015_FULLSET_YY_2005-2006_beta-5.csv [oneflux.pipeline.common]
2025-06-13 07:12:03.546 [INFO    ] Variable 'WS' might be missing from headers of file: /global/home/users/sytoanngo/ONEFlux/data/US-ARc_sample_output/99_fluxnet2015/FLX_US-ARc_FLUXNET2015_FULLSET_YY_2005-2006_beta-5.csv [oneflux.pipeline.common]
2025-06-13 07:12:03.546 [INFO    ] Variable 'WD' might be missing from headers of file: /global/home/users/sytoanngo/ONEFlux/data/US-ARc_sample_output/99_fluxnet2015/FLX_US-ARc_FLUXNET2015_FULLSET_YY_2005-2006_beta-5.csv [oneflux.pipeline.common]
2025-06-13 07:12:03.546 [INFO    ] Variable 'RH' might be missing from headers of file: /global/home/users/sytoanngo/ONEFlux/data/US-ARc_sample_output/99_fluxnet2015/FLX_US-ARc_FLUXNET2015_FULLSET_YY_2005-2006_beta-5.csv [oneflux.pipeline.common]
2025-06-13 07:12:03.546 [INFO    ] Variable 'LE_CORR_25' might be missing from headers of file: /global/home/users/sytoanngo/ONEFlux/data/US-ARc_sample_output/99_fluxnet2015/FLX_US-ARc_FLUXNET2015_FULLSET_YY_2005-2006_beta-5.csv [oneflux.pipeline.common]
2025-06-13 07:12:03.546 [INFO    ] Variable 'LE_CORR_75' might be missing from headers of file: /global/home/users/sytoanngo/ONEFlux/data/US-ARc_sample_output/99_fluxnet2015/FLX_US-ARc_FLUXNET2015_FULLSET_YY_2005-2006_beta-5.csv [oneflux.pipeline.common]
2025-06-13 07:12:03.546 [INFO    ] Variable 'LE_RANDUNC_METHOD' might be missing from headers of file: /global/home/users/sytoanngo/ONEFlux/data/US-ARc_sample_output/99_fluxnet2015/FLX_US-ARc_FLUXNET2015_FULLSET_YY_2005-2006_beta-5.csv [oneflux.pipeline.common]
2025-06-13 07:12:03.547 [INFO    ] Variable 'LE_RANDUNC_N' might be missing from headers of file: /global/home/users/sytoanngo/ONEFlux/data/US-ARc_sample_output/99_fluxnet2015/FLX_US-ARc_FLUXNET2015_FULLSET_YY_2005-2006_beta-5.csv [oneflux.pipeline.common]
2025-06-13 07:12:03.547 [INFO    ] Variable 'LE_CORR_JOINTUNC' might be missing from headers of file: /global/home/users/sytoanngo/ONEFlux/data/US-ARc_sample_output/99_fluxnet2015/FLX_US-ARc_FLUXNET2015_FULLSET_YY_2005-2006_beta-5.csv [oneflux.pipeline.common]
2025-06-13 07:12:03.547 [INFO    ] Variable 'H_CORR_25' might be missing from headers of file: /global/home/users/sytoanngo/ONEFlux/data/US-ARc_sample_output/99_fluxnet2015/FLX_US-ARc_FLUXNET2015_FULLSET_YY_2005-2006_beta-5.csv [oneflux.pipeline.common]
2025-06-13 07:12:03.547 [INFO    ] Variable 'H_CORR_75' might be missing from headers of file: /global/home/users/sytoanngo/ONEFlux/data/US-ARc_sample_output/99_fluxnet2015/FLX_US-ARc_FLUXNET2015_FULLSET_YY_2005-2006_beta-5.csv [oneflux.pipeline.common]
2025-06-13 07:12:03.547 [INFO    ] Variable 'H_RANDUNC_METHOD' might be missing from headers of file: /global/home/users/sytoanngo/ONEFlux/data/US-ARc_sample_output/99_fluxnet2015/FLX_US-ARc_FLUXNET2015_FULLSET_YY_2005-2006_beta-5.csv [oneflux.pipeline.common]
2025-06-13 07:12:03.547 [INFO    ] Variable 'H_RANDUNC_N' might be missing from headers of file: /global/home/users/sytoanngo/ONEFlux/data/US-ARc_sample_output/99_fluxnet2015/FLX_US-ARc_FLUXNET2015_FULLSET_YY_2005-2006_beta-5.csv [oneflux.pipeline.common]
2025-06-13 07:12:03.547 [INFO    ] Variable 'H_CORR_JOINTUNC' might be missing from headers of file: /global/home/users/sytoanngo/ONEFlux/data/US-ARc_sample_output/99_fluxnet2015/FLX_US-ARc_FLUXNET2015_FULLSET_YY_2005-2006_beta-5.csv [oneflux.pipeline.common]
2025-06-13 07:12:03.547 [INFO    ] Variable 'NEE_CUT_REF' might be missing from headers of file: /global/home/users/sytoanngo/ONEFlux/data/US-ARc_sample_output/99_fluxnet2015/FLX_US-ARc_FLUXNET2015_FULLSET_YY_2005-2006_beta-5.csv [oneflux.pipeline.common]
2025-06-13 07:12:03.547 [INFO    ] Variable 'NEE_CUT_REF_QC' might be missing from headers of file: /global/home/users/sytoanngo/ONEFlux/data/US-ARc_sample_output/99_fluxnet2015/FLX_US-ARc_FLUXNET2015_FULLSET_YY_2005-2006_beta-5.csv [oneflux.pipeline.common]
2025-06-13 07:12:03.547 [INFO    ] Variable 'NEE_CUT_REF_RANDUNC' might be missing from headers of file: /global/home/users/sytoanngo/ONEFlux/data/US-ARc_sample_output/99_fluxnet2015/FLX_US-ARc_FLUXNET2015_FULLSET_YY_2005-2006_beta-5.csv [oneflux.pipeline.common]
2025-06-13 07:12:03.547 [INFO    ] Variable 'RECO_NT_CUT_REF' might be missing from headers of file: /global/home/users/sytoanngo/ONEFlux/data/US-ARc_sample_output/99_fluxnet2015/FLX_US-ARc_FLUXNET2015_FULLSET_YY_2005-2006_beta-5.csv [oneflux.pipeline.common]
2025-06-13 07:12:03.547 [INFO    ] Variable 'GPP_NT_CUT_REF' might be missing from headers of file: /global/home/users/sytoanngo/ONEFlux/data/US-ARc_sample_output/99_fluxnet2015/FLX_US-ARc_FLUXNET2015_FULLSET_YY_2005-2006_beta-5.csv [oneflux.pipeline.common]
2025-06-13 07:12:03.548 [INFO    ] Variable 'RECO_DT_CUT_REF' might be missing from headers of file: /global/home/users/sytoanngo/ONEFlux/data/US-ARc_sample_output/99_fluxnet2015/FLX_US-ARc_FLUXNET2015_FULLSET_YY_2005-2006_beta-5.csv [oneflux.pipeline.common]
2025-06-13 07:12:03.548 [INFO    ] Variable 'GPP_DT_CUT_REF' might be missing from headers of file: /global/home/users/sytoanngo/ONEFlux/data/US-ARc_sample_output/99_fluxnet2015/FLX_US-ARc_FLUXNET2015_FULLSET_YY_2005-2006_beta-5.csv [oneflux.pipeline.common]
2025-06-13 07:12:03.548 [INFO    ] Variable 'TS_F_MDS_2' might be missing from headers of file: /global/home/users/sytoanngo/ONEFlux/data/US-ARc_sample_output/99_fluxnet2015/FLX_US-ARc_FLUXNET2015_FULLSET_YY_2005-2006_beta-5.csv [oneflux.pipeline.common]
2025-06-13 07:12:03.548 [INFO    ] Variable 'TS_F_MDS_3' might be missing from headers of file: /global/home/users/sytoanngo/ONEFlux/data/US-ARc_sample_output/99_fluxnet2015/FLX_US-ARc_FLUXNET2015_FULLSET_YY_2005-2006_beta-5.csv [oneflux.pipeline.common]
2025-06-13 07:12:03.548 [INFO    ] Variable 'TS_F_MDS_4' might be missing from headers of file: /global/home/users/sytoanngo/ONEFlux/data/US-ARc_sample_output/99_fluxnet2015/FLX_US-ARc_FLUXNET2015_FULLSET_YY_2005-2006_beta-5.csv [oneflux.pipeline.common]
2025-06-13 07:12:03.548 [INFO    ] Variable 'TS_F_MDS_5' might be missing from headers of file: /global/home/users/sytoanngo/ONEFlux/data/US-ARc_sample_output/99_fluxnet2015/FLX_US-ARc_FLUXNET2015_FULLSET_YY_2005-2006_beta-5.csv [oneflux.pipeline.common]
2025-06-13 07:12:03.548 [INFO    ] Variable 'TS_F_MDS_6' might be missing from headers of file: /global/home/users/sytoanngo/ONEFlux/data/US-ARc_sample_output/99_fluxnet2015/FLX_US-ARc_FLUXNET2015_FULLSET_YY_2005-2006_beta-5.csv [oneflux.pipeline.common]
2025-06-13 07:12:03.548 [INFO    ] Variable 'TS_F_MDS_7' might be missing from headers of file: /global/home/users/sytoanngo/ONEFlux/data/US-ARc_sample_output/99_fluxnet2015/FLX_US-ARc_FLUXNET2015_FULLSET_YY_2005-2006_beta-5.csv [oneflux.pipeline.common]
2025-06-13 07:12:03.548 [INFO    ] Variable 'TS_F_MDS_8' might be missing from headers of file: /global/home/users/sytoanngo/ONEFlux/data/US-ARc_sample_output/99_fluxnet2015/FLX_US-ARc_FLUXNET2015_FULLSET_YY_2005-2006_beta-5.csv [oneflux.pipeline.common]
2025-06-13 07:12:03.548 [INFO    ] Variable 'TS_F_MDS_9' might be missing from headers of file: /global/home/users/sytoanngo/ONEFlux/data/US-ARc_sample_output/99_fluxnet2015/FLX_US-ARc_FLUXNET2015_FULLSET_YY_2005-2006_beta-5.csv [oneflux.pipeline.common]
2025-06-13 07:12:03.548 [INFO    ] Variable 'TS_F_MDS_10' might be missing from headers of file: /global/home/users/sytoanngo/ONEFlux/data/US-ARc_sample_output/99_fluxnet2015/FLX_US-ARc_FLUXNET2015_FULLSET_YY_2005-2006_beta-5.csv [oneflux.pipeline.common]
2025-06-13 07:12:03.548 [INFO    ] Variable 'TS_F_MDS_11' might be missing from headers of file: /global/home/users/sytoanngo/ONEFlux/data/US-ARc_sample_output/99_fluxnet2015/FLX_US-ARc_FLUXNET2015_FULLSET_YY_2005-2006_beta-5.csv [oneflux.pipeline.common]
2025-06-13 07:12:03.548 [INFO    ] Variable 'TS_F_MDS_12' might be missing from headers of file: /global/home/users/sytoanngo/ONEFlux/data/US-ARc_sample_output/99_fluxnet2015/FLX_US-ARc_FLUXNET2015_FULLSET_YY_2005-2006_beta-5.csv [oneflux.pipeline.common]
2025-06-13 07:12:03.549 [INFO    ] Variable 'TS_F_MDS_13' might be missing from headers of file: /global/home/users/sytoanngo/ONEFlux/data/US-ARc_sample_output/99_fluxnet2015/FLX_US-ARc_FLUXNET2015_FULLSET_YY_2005-2006_beta-5.csv [oneflux.pipeline.common]
2025-06-13 07:12:03.549 [INFO    ] Variable 'TS_F_MDS_14' might be missing from headers of file: /global/home/users/sytoanngo/ONEFlux/data/US-ARc_sample_output/99_fluxnet2015/FLX_US-ARc_FLUXNET2015_FULLSET_YY_2005-2006_beta-5.csv [oneflux.pipeline.common]
2025-06-13 07:12:03.549 [INFO    ] Variable 'TS_F_MDS_15' might be missing from headers of file: /global/home/users/sytoanngo/ONEFlux/data/US-ARc_sample_output/99_fluxnet2015/FLX_US-ARc_FLUXNET2015_FULLSET_YY_2005-2006_beta-5.csv [oneflux.pipeline.common]
2025-06-13 07:12:03.549 [INFO    ] Variable 'TS_F_MDS_16' might be missing from headers of file: /global/home/users/sytoanngo/ONEFlux/data/US-ARc_sample_output/99_fluxnet2015/FLX_US-ARc_FLUXNET2015_FULLSET_YY_2005-2006_beta-5.csv [oneflux.pipeline.common]
2025-06-13 07:12:03.549 [INFO    ] Variable 'TS_F_MDS_17' might be missing from headers of file: /global/home/users/sytoanngo/ONEFlux/data/US-ARc_sample_output/99_fluxnet2015/FLX_US-ARc_FLUXNET2015_FULLSET_YY_2005-2006_beta-5.csv [oneflux.pipeline.common]
2025-06-13 07:12:03.549 [INFO    ] Variable 'TS_F_MDS_18' might be missing from headers of file: /global/home/users/sytoanngo/ONEFlux/data/US-ARc_sample_output/99_fluxnet2015/FLX_US-ARc_FLUXNET2015_FULLSET_YY_2005-2006_beta-5.csv [oneflux.pipeline.common]
2025-06-13 07:12:03.549 [INFO    ] Variable 'TS_F_MDS_19' might be missing from headers of file: /global/home/users/sytoanngo/ONEFlux/data/US-ARc_sample_output/99_fluxnet2015/FLX_US-ARc_FLUXNET2015_FULLSET_YY_2005-2006_beta-5.csv [oneflux.pipeline.common]
2025-06-13 07:12:03.549 [INFO    ] Variable 'TS_F_MDS_2_QC' might be missing from headers of file: /global/home/users/sytoanngo/ONEFlux/data/US-ARc_sample_output/99_fluxnet2015/FLX_US-ARc_FLUXNET2015_FULLSET_YY_2005-2006_beta-5.csv [oneflux.pipeline.common]
2025-06-13 07:12:03.549 [INFO    ] Variable 'TS_F_MDS_3_QC' might be missing from headers of file: /global/home/users/sytoanngo/ONEFlux/data/US-ARc_sample_output/99_fluxnet2015/FLX_US-ARc_FLUXNET2015_FULLSET_YY_2005-2006_beta-5.csv [oneflux.pipeline.common]
2025-06-13 07:12:03.549 [INFO    ] Variable 'TS_F_MDS_4_QC' might be missing from headers of file: /global/home/users/sytoanngo/ONEFlux/data/US-ARc_sample_output/99_fluxnet2015/FLX_US-ARc_FLUXNET2015_FULLSET_YY_2005-2006_beta-5.csv [oneflux.pipeline.common]
2025-06-13 07:12:03.549 [INFO    ] Variable 'TS_F_MDS_5_QC' might be missing from headers of file: /global/home/users/sytoanngo/ONEFlux/data/US-ARc_sample_output/99_fluxnet2015/FLX_US-ARc_FLUXNET2015_FULLSET_YY_2005-2006_beta-5.csv [oneflux.pipeline.common]
2025-06-13 07:12:03.549 [INFO    ] Variable 'TS_F_MDS_6_QC' might be missing from headers of file: /global/home/users/sytoanngo/ONEFlux/data/US-ARc_sample_output/99_fluxnet2015/FLX_US-ARc_FLUXNET2015_FULLSET_YY_2005-2006_beta-5.csv [oneflux.pipeline.common]
2025-06-13 07:12:03.550 [INFO    ] Variable 'TS_F_MDS_7_QC' might be missing from headers of file: /global/home/users/sytoanngo/ONEFlux/data/US-ARc_sample_output/99_fluxnet2015/FLX_US-ARc_FLUXNET2015_FULLSET_YY_2005-2006_beta-5.csv [oneflux.pipeline.common]
2025-06-13 07:12:03.550 [INFO    ] Variable 'TS_F_MDS_8_QC' might be missing from headers of file: /global/home/users/sytoanngo/ONEFlux/data/US-ARc_sample_output/99_fluxnet2015/FLX_US-ARc_FLUXNET2015_FULLSET_YY_2005-2006_beta-5.csv [oneflux.pipeline.common]
2025-06-13 07:12:03.550 [INFO    ] Variable 'TS_F_MDS_9_QC' might be missing from headers of file: /global/home/users/sytoanngo/ONEFlux/data/US-ARc_sample_output/99_fluxnet2015/FLX_US-ARc_FLUXNET2015_FULLSET_YY_2005-2006_beta-5.csv [oneflux.pipeline.common]
2025-06-13 07:12:03.550 [INFO    ] Variable 'TS_F_MDS_10_QC' might be missing from headers of file: /global/home/users/sytoanngo/ONEFlux/data/US-ARc_sample_output/99_fluxnet2015/FLX_US-ARc_FLUXNET2015_FULLSET_YY_2005-2006_beta-5.csv [oneflux.pipeline.common]
2025-06-13 07:12:03.550 [INFO    ] Variable 'TS_F_MDS_11_QC' might be missing from headers of file: /global/home/users/sytoanngo/ONEFlux/data/US-ARc_sample_output/99_fluxnet2015/FLX_US-ARc_FLUXNET2015_FULLSET_YY_2005-2006_beta-5.csv [oneflux.pipeline.common]
2025-06-13 07:12:03.550 [INFO    ] Variable 'TS_F_MDS_12_QC' might be missing from headers of file: /global/home/users/sytoanngo/ONEFlux/data/US-ARc_sample_output/99_fluxnet2015/FLX_US-ARc_FLUXNET2015_FULLSET_YY_2005-2006_beta-5.csv [oneflux.pipeline.common]
2025-06-13 07:12:03.550 [INFO    ] Variable 'TS_F_MDS_13_QC' might be missing from headers of file: /global/home/users/sytoanngo/ONEFlux/data/US-ARc_sample_output/99_fluxnet2015/FLX_US-ARc_FLUXNET2015_FULLSET_YY_2005-2006_beta-5.csv [oneflux.pipeline.common]
2025-06-13 07:12:03.550 [INFO    ] Variable 'TS_F_MDS_14_QC' might be missing from headers of file: /global/home/users/sytoanngo/ONEFlux/data/US-ARc_sample_output/99_fluxnet2015/FLX_US-ARc_FLUXNET2015_FULLSET_YY_2005-2006_beta-5.csv [oneflux.pipeline.common]
2025-06-13 07:12:03.550 [INFO    ] Variable 'TS_F_MDS_15_QC' might be missing from headers of file: /global/home/users/sytoanngo/ONEFlux/data/US-ARc_sample_output/99_fluxnet2015/FLX_US-ARc_FLUXNET2015_FULLSET_YY_2005-2006_beta-5.csv [oneflux.pipeline.common]
2025-06-13 07:12:03.550 [INFO    ] Variable 'TS_F_MDS_16_QC' might be missing from headers of file: /global/home/users/sytoanngo/ONEFlux/data/US-ARc_sample_output/99_fluxnet2015/FLX_US-ARc_FLUXNET2015_FULLSET_YY_2005-2006_beta-5.csv [oneflux.pipeline.common]
2025-06-13 07:12:03.550 [INFO    ] Variable 'TS_F_MDS_17_QC' might be missing from headers of file: /global/home/users/sytoanngo/ONEFlux/data/US-ARc_sample_output/99_fluxnet2015/FLX_US-ARc_FLUXNET2015_FULLSET_YY_2005-2006_beta-5.csv [oneflux.pipeline.common]
2025-06-13 07:12:03.550 [INFO    ] Variable 'TS_F_MDS_18_QC' might be missing from headers of file: /global/home/users/sytoanngo/ONEFlux/data/US-ARc_sample_output/99_fluxnet2015/FLX_US-ARc_FLUXNET2015_FULLSET_YY_2005-2006_beta-5.csv [oneflux.pipeline.common]
2025-06-13 07:12:03.551 [INFO    ] Variable 'TS_F_MDS_19_QC' might be missing from headers of file: /global/home/users/sytoanngo/ONEFlux/data/US-ARc_sample_output/99_fluxnet2015/FLX_US-ARc_FLUXNET2015_FULLSET_YY_2005-2006_beta-5.csv [oneflux.pipeline.common]
2025-06-13 07:12:03.551 [INFO    ] Variable 'SWC_F_MDS_2' might be missing from headers of file: /global/home/users/sytoanngo/ONEFlux/data/US-ARc_sample_output/99_fluxnet2015/FLX_US-ARc_FLUXNET2015_FULLSET_YY_2005-2006_beta-5.csv [oneflux.pipeline.common]
2025-06-13 07:12:03.551 [INFO    ] Variable 'SWC_F_MDS_3' might be missing from headers of file: /global/home/users/sytoanngo/ONEFlux/data/US-ARc_sample_output/99_fluxnet2015/FLX_US-ARc_FLUXNET2015_FULLSET_YY_2005-2006_beta-5.csv [oneflux.pipeline.common]
2025-06-13 07:12:03.551 [INFO    ] Variable 'SWC_F_MDS_4' might be missing from headers of file: /global/home/users/sytoanngo/ONEFlux/data/US-ARc_sample_output/99_fluxnet2015/FLX_US-ARc_FLUXNET2015_FULLSET_YY_2005-2006_beta-5.csv [oneflux.pipeline.common]
2025-06-13 07:12:03.551 [INFO    ] Variable 'SWC_F_MDS_5' might be missing from headers of file: /global/home/users/sytoanngo/ONEFlux/data/US-ARc_sample_output/99_fluxnet2015/FLX_US-ARc_FLUXNET2015_FULLSET_YY_2005-2006_beta-5.csv [oneflux.pipeline.common]
2025-06-13 07:12:03.551 [INFO    ] Variable 'SWC_F_MDS_6' might be missing from headers of file: /global/home/users/sytoanngo/ONEFlux/data/US-ARc_sample_output/99_fluxnet2015/FLX_US-ARc_FLUXNET2015_FULLSET_YY_2005-2006_beta-5.csv [oneflux.pipeline.common]
2025-06-13 07:12:03.551 [INFO    ] Variable 'SWC_F_MDS_7' might be missing from headers of file: /global/home/users/sytoanngo/ONEFlux/data/US-ARc_sample_output/99_fluxnet2015/FLX_US-ARc_FLUXNET2015_FULLSET_YY_2005-2006_beta-5.csv [oneflux.pipeline.common]
2025-06-13 07:12:03.551 [INFO    ] Variable 'SWC_F_MDS_8' might be missing from headers of file: /global/home/users/sytoanngo/ONEFlux/data/US-ARc_sample_output/99_fluxnet2015/FLX_US-ARc_FLUXNET2015_FULLSET_YY_2005-2006_beta-5.csv [oneflux.pipeline.common]
2025-06-13 07:12:03.551 [INFO    ] Variable 'SWC_F_MDS_9' might be missing from headers of file: /global/home/users/sytoanngo/ONEFlux/data/US-ARc_sample_output/99_fluxnet2015/FLX_US-ARc_FLUXNET2015_FULLSET_YY_2005-2006_beta-5.csv [oneflux.pipeline.common]
2025-06-13 07:12:03.551 [INFO    ] Variable 'SWC_F_MDS_10' might be missing from headers of file: /global/home/users/sytoanngo/ONEFlux/data/US-ARc_sample_output/99_fluxnet2015/FLX_US-ARc_FLUXNET2015_FULLSET_YY_2005-2006_beta-5.csv [oneflux.pipeline.common]
2025-06-13 07:12:03.551 [INFO    ] Variable 'SWC_F_MDS_11' might be missing from headers of file: /global/home/users/sytoanngo/ONEFlux/data/US-ARc_sample_output/99_fluxnet2015/FLX_US-ARc_FLUXNET2015_FULLSET_YY_2005-2006_beta-5.csv [oneflux.pipeline.common]
2025-06-13 07:12:03.551 [INFO    ] Variable 'SWC_F_MDS_12' might be missing from headers of file: /global/home/users/sytoanngo/ONEFlux/data/US-ARc_sample_output/99_fluxnet2015/FLX_US-ARc_FLUXNET2015_FULLSET_YY_2005-2006_beta-5.csv [oneflux.pipeline.common]
2025-06-13 07:12:03.551 [INFO    ] Variable 'SWC_F_MDS_13' might be missing from headers of file: /global/home/users/sytoanngo/ONEFlux/data/US-ARc_sample_output/99_fluxnet2015/FLX_US-ARc_FLUXNET2015_FULLSET_YY_2005-2006_beta-5.csv [oneflux.pipeline.common]
2025-06-13 07:12:03.552 [INFO    ] Variable 'SWC_F_MDS_14' might be missing from headers of file: /global/home/users/sytoanngo/ONEFlux/data/US-ARc_sample_output/99_fluxnet2015/FLX_US-ARc_FLUXNET2015_FULLSET_YY_2005-2006_beta-5.csv [oneflux.pipeline.common]
2025-06-13 07:12:03.552 [INFO    ] Variable 'SWC_F_MDS_15' might be missing from headers of file: /global/home/users/sytoanngo/ONEFlux/data/US-ARc_sample_output/99_fluxnet2015/FLX_US-ARc_FLUXNET2015_FULLSET_YY_2005-2006_beta-5.csv [oneflux.pipeline.common]
2025-06-13 07:12:03.552 [INFO    ] Variable 'SWC_F_MDS_16' might be missing from headers of file: /global/home/users/sytoanngo/ONEFlux/data/US-ARc_sample_output/99_fluxnet2015/FLX_US-ARc_FLUXNET2015_FULLSET_YY_2005-2006_beta-5.csv [oneflux.pipeline.common]
2025-06-13 07:12:03.552 [INFO    ] Variable 'SWC_F_MDS_17' might be missing from headers of file: /global/home/users/sytoanngo/ONEFlux/data/US-ARc_sample_output/99_fluxnet2015/FLX_US-ARc_FLUXNET2015_FULLSET_YY_2005-2006_beta-5.csv [oneflux.pipeline.common]
2025-06-13 07:12:03.552 [INFO    ] Variable 'SWC_F_MDS_18' might be missing from headers of file: /global/home/users/sytoanngo/ONEFlux/data/US-ARc_sample_output/99_fluxnet2015/FLX_US-ARc_FLUXNET2015_FULLSET_YY_2005-2006_beta-5.csv [oneflux.pipeline.common]
2025-06-13 07:12:03.552 [INFO    ] Variable 'SWC_F_MDS_19' might be missing from headers of file: /global/home/users/sytoanngo/ONEFlux/data/US-ARc_sample_output/99_fluxnet2015/FLX_US-ARc_FLUXNET2015_FULLSET_YY_2005-2006_beta-5.csv [oneflux.pipeline.common]
2025-06-13 07:12:03.552 [INFO    ] Variable 'SWC_F_MDS_2_QC' might be missing from headers of file: /global/home/users/sytoanngo/ONEFlux/data/US-ARc_sample_output/99_fluxnet2015/FLX_US-ARc_FLUXNET2015_FULLSET_YY_2005-2006_beta-5.csv [oneflux.pipeline.common]
2025-06-13 07:12:03.552 [INFO    ] Variable 'SWC_F_MDS_3_QC' might be missing from headers of file: /global/home/users/sytoanngo/ONEFlux/data/US-ARc_sample_output/99_fluxnet2015/FLX_US-ARc_FLUXNET2015_FULLSET_YY_2005-2006_beta-5.csv [oneflux.pipeline.common]
2025-06-13 07:12:03.552 [INFO    ] Variable 'SWC_F_MDS_4_QC' might be missing from headers of file: /global/home/users/sytoanngo/ONEFlux/data/US-ARc_sample_output/99_fluxnet2015/FLX_US-ARc_FLUXNET2015_FULLSET_YY_2005-2006_beta-5.csv [oneflux.pipeline.common]
2025-06-13 07:12:03.552 [INFO    ] Variable 'SWC_F_MDS_5_QC' might be missing from headers of file: /global/home/users/sytoanngo/ONEFlux/data/US-ARc_sample_output/99_fluxnet2015/FLX_US-ARc_FLUXNET2015_FULLSET_YY_2005-2006_beta-5.csv [oneflux.pipeline.common]
2025-06-13 07:12:03.552 [INFO    ] Variable 'SWC_F_MDS_6_QC' might be missing from headers of file: /global/home/users/sytoanngo/ONEFlux/data/US-ARc_sample_output/99_fluxnet2015/FLX_US-ARc_FLUXNET2015_FULLSET_YY_2005-2006_beta-5.csv [oneflux.pipeline.common]
2025-06-13 07:12:03.552 [INFO    ] Variable 'SWC_F_MDS_7_QC' might be missing from headers of file: /global/home/users/sytoanngo/ONEFlux/data/US-ARc_sample_output/99_fluxnet2015/FLX_US-ARc_FLUXNET2015_FULLSET_YY_2005-2006_beta-5.csv [oneflux.pipeline.common]
2025-06-13 07:12:03.553 [INFO    ] Variable 'SWC_F_MDS_8_QC' might be missing from headers of file: /global/home/users/sytoanngo/ONEFlux/data/US-ARc_sample_output/99_fluxnet2015/FLX_US-ARc_FLUXNET2015_FULLSET_YY_2005-2006_beta-5.csv [oneflux.pipeline.common]
2025-06-13 07:12:03.553 [INFO    ] Variable 'SWC_F_MDS_9_QC' might be missing from headers of file: /global/home/users/sytoanngo/ONEFlux/data/US-ARc_sample_output/99_fluxnet2015/FLX_US-ARc_FLUXNET2015_FULLSET_YY_2005-2006_beta-5.csv [oneflux.pipeline.common]
2025-06-13 07:12:03.553 [INFO    ] Variable 'SWC_F_MDS_10_QC' might be missing from headers of file: /global/home/users/sytoanngo/ONEFlux/data/US-ARc_sample_output/99_fluxnet2015/FLX_US-ARc_FLUXNET2015_FULLSET_YY_2005-2006_beta-5.csv [oneflux.pipeline.common]
2025-06-13 07:12:03.553 [INFO    ] Variable 'SWC_F_MDS_11_QC' might be missing from headers of file: /global/home/users/sytoanngo/ONEFlux/data/US-ARc_sample_output/99_fluxnet2015/FLX_US-ARc_FLUXNET2015_FULLSET_YY_2005-2006_beta-5.csv [oneflux.pipeline.common]
2025-06-13 07:12:03.553 [INFO    ] Variable 'SWC_F_MDS_12_QC' might be missing from headers of file: /global/home/users/sytoanngo/ONEFlux/data/US-ARc_sample_output/99_fluxnet2015/FLX_US-ARc_FLUXNET2015_FULLSET_YY_2005-2006_beta-5.csv [oneflux.pipeline.common]
2025-06-13 07:12:03.553 [INFO    ] Variable 'SWC_F_MDS_13_QC' might be missing from headers of file: /global/home/users/sytoanngo/ONEFlux/data/US-ARc_sample_output/99_fluxnet2015/FLX_US-ARc_FLUXNET2015_FULLSET_YY_2005-2006_beta-5.csv [oneflux.pipeline.common]
2025-06-13 07:12:03.553 [INFO    ] Variable 'SWC_F_MDS_14_QC' might be missing from headers of file: /global/home/users/sytoanngo/ONEFlux/data/US-ARc_sample_output/99_fluxnet2015/FLX_US-ARc_FLUXNET2015_FULLSET_YY_2005-2006_beta-5.csv [oneflux.pipeline.common]
2025-06-13 07:12:03.553 [INFO    ] Variable 'SWC_F_MDS_15_QC' might be missing from headers of file: /global/home/users/sytoanngo/ONEFlux/data/US-ARc_sample_output/99_fluxnet2015/FLX_US-ARc_FLUXNET2015_FULLSET_YY_2005-2006_beta-5.csv [oneflux.pipeline.common]
2025-06-13 07:12:03.553 [INFO    ] Variable 'SWC_F_MDS_16_QC' might be missing from headers of file: /global/home/users/sytoanngo/ONEFlux/data/US-ARc_sample_output/99_fluxnet2015/FLX_US-ARc_FLUXNET2015_FULLSET_YY_2005-2006_beta-5.csv [oneflux.pipeline.common]
2025-06-13 07:12:03.553 [INFO    ] Variable 'SWC_F_MDS_17_QC' might be missing from headers of file: /global/home/users/sytoanngo/ONEFlux/data/US-ARc_sample_output/99_fluxnet2015/FLX_US-ARc_FLUXNET2015_FULLSET_YY_2005-2006_beta-5.csv [oneflux.pipeline.common]
2025-06-13 07:12:03.553 [INFO    ] Variable 'SWC_F_MDS_18_QC' might be missing from headers of file: /global/home/users/sytoanngo/ONEFlux/data/US-ARc_sample_output/99_fluxnet2015/FLX_US-ARc_FLUXNET2015_FULLSET_YY_2005-2006_beta-5.csv [oneflux.pipeline.common]
2025-06-13 07:12:03.553 [INFO    ] Variable 'SWC_F_MDS_19_QC' might be missing from headers of file: /global/home/users/sytoanngo/ONEFlux/data/US-ARc_sample_output/99_fluxnet2015/FLX_US-ARc_FLUXNET2015_FULLSET_YY_2005-2006_beta-5.csv [oneflux.pipeline.common]
2025-06-13 07:12:03.553 [INFO    ] Variable 'NEE_CUT_05' might be missing from headers of file: /global/home/users/sytoanngo/ONEFlux/data/US-ARc_sample_output/99_fluxnet2015/FLX_US-ARc_FLUXNET2015_FULLSET_YY_2005-2006_beta-5.csv [oneflux.pipeline.common]
2025-06-13 07:12:03.554 [INFO    ] Variable 'NEE_CUT_16' might be missing from headers of file: /global/home/users/sytoanngo/ONEFlux/data/US-ARc_sample_output/99_fluxnet2015/FLX_US-ARc_FLUXNET2015_FULLSET_YY_2005-2006_beta-5.csv [oneflux.pipeline.common]
2025-06-13 07:12:03.554 [INFO    ] Variable 'NEE_CUT_25' might be missing from headers of file: /global/home/users/sytoanngo/ONEFlux/data/US-ARc_sample_output/99_fluxnet2015/FLX_US-ARc_FLUXNET2015_FULLSET_YY_2005-2006_beta-5.csv [oneflux.pipeline.common]
2025-06-13 07:12:03.554 [INFO    ] Variable 'NEE_CUT_50' might be missing from headers of file: /global/home/users/sytoanngo/ONEFlux/data/US-ARc_sample_output/99_fluxnet2015/FLX_US-ARc_FLUXNET2015_FULLSET_YY_2005-2006_beta-5.csv [oneflux.pipeline.common]
2025-06-13 07:12:03.554 [INFO    ] Variable 'NEE_CUT_75' might be missing from headers of file: /global/home/users/sytoanngo/ONEFlux/data/US-ARc_sample_output/99_fluxnet2015/FLX_US-ARc_FLUXNET2015_FULLSET_YY_2005-2006_beta-5.csv [oneflux.pipeline.common]
2025-06-13 07:12:03.554 [INFO    ] Variable 'NEE_CUT_84' might be missing from headers of file: /global/home/users/sytoanngo/ONEFlux/data/US-ARc_sample_output/99_fluxnet2015/FLX_US-ARc_FLUXNET2015_FULLSET_YY_2005-2006_beta-5.csv [oneflux.pipeline.common]
2025-06-13 07:12:03.554 [INFO    ] Variable 'NEE_CUT_95' might be missing from headers of file: /global/home/users/sytoanngo/ONEFlux/data/US-ARc_sample_output/99_fluxnet2015/FLX_US-ARc_FLUXNET2015_FULLSET_YY_2005-2006_beta-5.csv [oneflux.pipeline.common]
2025-06-13 07:12:03.554 [INFO    ] Variable 'NEE_CUT_05_QC' might be missing from headers of file: /global/home/users/sytoanngo/ONEFlux/data/US-ARc_sample_output/99_fluxnet2015/FLX_US-ARc_FLUXNET2015_FULLSET_YY_2005-2006_beta-5.csv [oneflux.pipeline.common]
2025-06-13 07:12:03.554 [INFO    ] Variable 'NEE_CUT_16_QC' might be missing from headers of file: /global/home/users/sytoanngo/ONEFlux/data/US-ARc_sample_output/99_fluxnet2015/FLX_US-ARc_FLUXNET2015_FULLSET_YY_2005-2006_beta-5.csv [oneflux.pipeline.common]
2025-06-13 07:12:03.554 [INFO    ] Variable 'NEE_CUT_25_QC' might be missing from headers of file: /global/home/users/sytoanngo/ONEFlux/data/US-ARc_sample_output/99_fluxnet2015/FLX_US-ARc_FLUXNET2015_FULLSET_YY_2005-2006_beta-5.csv [oneflux.pipeline.common]
2025-06-13 07:12:03.554 [INFO    ] Variable 'NEE_CUT_50_QC' might be missing from headers of file: /global/home/users/sytoanngo/ONEFlux/data/US-ARc_sample_output/99_fluxnet2015/FLX_US-ARc_FLUXNET2015_FULLSET_YY_2005-2006_beta-5.csv [oneflux.pipeline.common]
2025-06-13 07:12:03.554 [INFO    ] Variable 'NEE_CUT_75_QC' might be missing from headers of file: /global/home/users/sytoanngo/ONEFlux/data/US-ARc_sample_output/99_fluxnet2015/FLX_US-ARc_FLUXNET2015_FULLSET_YY_2005-2006_beta-5.csv [oneflux.pipeline.common]
2025-06-13 07:12:03.554 [INFO    ] Variable 'NEE_CUT_84_QC' might be missing from headers of file: /global/home/users/sytoanngo/ONEFlux/data/US-ARc_sample_output/99_fluxnet2015/FLX_US-ARc_FLUXNET2015_FULLSET_YY_2005-2006_beta-5.csv [oneflux.pipeline.common]
2025-06-13 07:12:03.555 [INFO    ] Variable 'NEE_CUT_95_QC' might be missing from headers of file: /global/home/users/sytoanngo/ONEFlux/data/US-ARc_sample_output/99_fluxnet2015/FLX_US-ARc_FLUXNET2015_FULLSET_YY_2005-2006_beta-5.csv [oneflux.pipeline.common]
2025-06-13 07:12:03.555 [INFO    ] Variable 'RECO_NT_CUT_05' might be missing from headers of file: /global/home/users/sytoanngo/ONEFlux/data/US-ARc_sample_output/99_fluxnet2015/FLX_US-ARc_FLUXNET2015_FULLSET_YY_2005-2006_beta-5.csv [oneflux.pipeline.common]
2025-06-13 07:12:03.555 [INFO    ] Variable 'RECO_NT_CUT_16' might be missing from headers of file: /global/home/users/sytoanngo/ONEFlux/data/US-ARc_sample_output/99_fluxnet2015/FLX_US-ARc_FLUXNET2015_FULLSET_YY_2005-2006_beta-5.csv [oneflux.pipeline.common]
2025-06-13 07:12:03.555 [INFO    ] Variable 'RECO_NT_CUT_25' might be missing from headers of file: /global/home/users/sytoanngo/ONEFlux/data/US-ARc_sample_output/99_fluxnet2015/FLX_US-ARc_FLUXNET2015_FULLSET_YY_2005-2006_beta-5.csv [oneflux.pipeline.common]
2025-06-13 07:12:03.555 [INFO    ] Variable 'RECO_NT_CUT_50' might be missing from headers of file: /global/home/users/sytoanngo/ONEFlux/data/US-ARc_sample_output/99_fluxnet2015/FLX_US-ARc_FLUXNET2015_FULLSET_YY_2005-2006_beta-5.csv [oneflux.pipeline.common]
2025-06-13 07:12:03.555 [INFO    ] Variable 'RECO_NT_CUT_75' might be missing from headers of file: /global/home/users/sytoanngo/ONEFlux/data/US-ARc_sample_output/99_fluxnet2015/FLX_US-ARc_FLUXNET2015_FULLSET_YY_2005-2006_beta-5.csv [oneflux.pipeline.common]
2025-06-13 07:12:03.555 [INFO    ] Variable 'RECO_NT_CUT_84' might be missing from headers of file: /global/home/users/sytoanngo/ONEFlux/data/US-ARc_sample_output/99_fluxnet2015/FLX_US-ARc_FLUXNET2015_FULLSET_YY_2005-2006_beta-5.csv [oneflux.pipeline.common]
2025-06-13 07:12:03.555 [INFO    ] Variable 'RECO_NT_CUT_95' might be missing from headers of file: /global/home/users/sytoanngo/ONEFlux/data/US-ARc_sample_output/99_fluxnet2015/FLX_US-ARc_FLUXNET2015_FULLSET_YY_2005-2006_beta-5.csv [oneflux.pipeline.common]
2025-06-13 07:12:03.555 [INFO    ] Variable 'GPP_NT_CUT_05' might be missing from headers of file: /global/home/users/sytoanngo/ONEFlux/data/US-ARc_sample_output/99_fluxnet2015/FLX_US-ARc_FLUXNET2015_FULLSET_YY_2005-2006_beta-5.csv [oneflux.pipeline.common]
2025-06-13 07:12:03.555 [INFO    ] Variable 'GPP_NT_CUT_16' might be missing from headers of file: /global/home/users/sytoanngo/ONEFlux/data/US-ARc_sample_output/99_fluxnet2015/FLX_US-ARc_FLUXNET2015_FULLSET_YY_2005-2006_beta-5.csv [oneflux.pipeline.common]
2025-06-13 07:12:03.555 [INFO    ] Variable 'GPP_NT_CUT_25' might be missing from headers of file: /global/home/users/sytoanngo/ONEFlux/data/US-ARc_sample_output/99_fluxnet2015/FLX_US-ARc_FLUXNET2015_FULLSET_YY_2005-2006_beta-5.csv [oneflux.pipeline.common]
2025-06-13 07:12:03.555 [INFO    ] Variable 'GPP_NT_CUT_50' might be missing from headers of file: /global/home/users/sytoanngo/ONEFlux/data/US-ARc_sample_output/99_fluxnet2015/FLX_US-ARc_FLUXNET2015_FULLSET_YY_2005-2006_beta-5.csv [oneflux.pipeline.common]
2025-06-13 07:12:03.556 [INFO    ] Variable 'GPP_NT_CUT_75' might be missing from headers of file: /global/home/users/sytoanngo/ONEFlux/data/US-ARc_sample_output/99_fluxnet2015/FLX_US-ARc_FLUXNET2015_FULLSET_YY_2005-2006_beta-5.csv [oneflux.pipeline.common]
2025-06-13 07:12:03.556 [INFO    ] Variable 'GPP_NT_CUT_84' might be missing from headers of file: /global/home/users/sytoanngo/ONEFlux/data/US-ARc_sample_output/99_fluxnet2015/FLX_US-ARc_FLUXNET2015_FULLSET_YY_2005-2006_beta-5.csv [oneflux.pipeline.common]
2025-06-13 07:12:03.556 [INFO    ] Variable 'GPP_NT_CUT_95' might be missing from headers of file: /global/home/users/sytoanngo/ONEFlux/data/US-ARc_sample_output/99_fluxnet2015/FLX_US-ARc_FLUXNET2015_FULLSET_YY_2005-2006_beta-5.csv [oneflux.pipeline.common]
2025-06-13 07:12:03.556 [INFO    ] Variable 'RECO_DT_CUT_05' might be missing from headers of file: /global/home/users/sytoanngo/ONEFlux/data/US-ARc_sample_output/99_fluxnet2015/FLX_US-ARc_FLUXNET2015_FULLSET_YY_2005-2006_beta-5.csv [oneflux.pipeline.common]
2025-06-13 07:12:03.556 [INFO    ] Variable 'RECO_DT_CUT_16' might be missing from headers of file: /global/home/users/sytoanngo/ONEFlux/data/US-ARc_sample_output/99_fluxnet2015/FLX_US-ARc_FLUXNET2015_FULLSET_YY_2005-2006_beta-5.csv [oneflux.pipeline.common]
2025-06-13 07:12:03.556 [INFO    ] Variable 'RECO_DT_CUT_25' might be missing from headers of file: /global/home/users/sytoanngo/ONEFlux/data/US-ARc_sample_output/99_fluxnet2015/FLX_US-ARc_FLUXNET2015_FULLSET_YY_2005-2006_beta-5.csv [oneflux.pipeline.common]
2025-06-13 07:12:03.556 [INFO    ] Variable 'RECO_DT_CUT_50' might be missing from headers of file: /global/home/users/sytoanngo/ONEFlux/data/US-ARc_sample_output/99_fluxnet2015/FLX_US-ARc_FLUXNET2015_FULLSET_YY_2005-2006_beta-5.csv [oneflux.pipeline.common]
2025-06-13 07:12:03.556 [INFO    ] Variable 'RECO_DT_CUT_75' might be missing from headers of file: /global/home/users/sytoanngo/ONEFlux/data/US-ARc_sample_output/99_fluxnet2015/FLX_US-ARc_FLUXNET2015_FULLSET_YY_2005-2006_beta-5.csv [oneflux.pipeline.common]
2025-06-13 07:12:03.556 [INFO    ] Variable 'RECO_DT_CUT_84' might be missing from headers of file: /global/home/users/sytoanngo/ONEFlux/data/US-ARc_sample_output/99_fluxnet2015/FLX_US-ARc_FLUXNET2015_FULLSET_YY_2005-2006_beta-5.csv [oneflux.pipeline.common]
2025-06-13 07:12:03.556 [INFO    ] Variable 'RECO_DT_CUT_95' might be missing from headers of file: /global/home/users/sytoanngo/ONEFlux/data/US-ARc_sample_output/99_fluxnet2015/FLX_US-ARc_FLUXNET2015_FULLSET_YY_2005-2006_beta-5.csv [oneflux.pipeline.common]
2025-06-13 07:12:03.556 [INFO    ] Variable 'GPP_DT_CUT_05' might be missing from headers of file: /global/home/users/sytoanngo/ONEFlux/data/US-ARc_sample_output/99_fluxnet2015/FLX_US-ARc_FLUXNET2015_FULLSET_YY_2005-2006_beta-5.csv [oneflux.pipeline.common]
2025-06-13 07:12:03.556 [INFO    ] Variable 'GPP_DT_CUT_16' might be missing from headers of file: /global/home/users/sytoanngo/ONEFlux/data/US-ARc_sample_output/99_fluxnet2015/FLX_US-ARc_FLUXNET2015_FULLSET_YY_2005-2006_beta-5.csv [oneflux.pipeline.common]
2025-06-13 07:12:03.557 [INFO    ] Variable 'GPP_DT_CUT_25' might be missing from headers of file: /global/home/users/sytoanngo/ONEFlux/data/US-ARc_sample_output/99_fluxnet2015/FLX_US-ARc_FLUXNET2015_FULLSET_YY_2005-2006_beta-5.csv [oneflux.pipeline.common]
2025-06-13 07:12:03.557 [INFO    ] Variable 'GPP_DT_CUT_50' might be missing from headers of file: /global/home/users/sytoanngo/ONEFlux/data/US-ARc_sample_output/99_fluxnet2015/FLX_US-ARc_FLUXNET2015_FULLSET_YY_2005-2006_beta-5.csv [oneflux.pipeline.common]
2025-06-13 07:12:03.557 [INFO    ] Variable 'GPP_DT_CUT_75' might be missing from headers of file: /global/home/users/sytoanngo/ONEFlux/data/US-ARc_sample_output/99_fluxnet2015/FLX_US-ARc_FLUXNET2015_FULLSET_YY_2005-2006_beta-5.csv [oneflux.pipeline.common]
2025-06-13 07:12:03.557 [INFO    ] Variable 'GPP_DT_CUT_84' might be missing from headers of file: /global/home/users/sytoanngo/ONEFlux/data/US-ARc_sample_output/99_fluxnet2015/FLX_US-ARc_FLUXNET2015_FULLSET_YY_2005-2006_beta-5.csv [oneflux.pipeline.common]
2025-06-13 07:12:03.557 [INFO    ] Variable 'GPP_DT_CUT_95' might be missing from headers of file: /global/home/users/sytoanngo/ONEFlux/data/US-ARc_sample_output/99_fluxnet2015/FLX_US-ARc_FLUXNET2015_FULLSET_YY_2005-2006_beta-5.csv [oneflux.pipeline.common]
2025-06-13 07:12:03.557 [INFO    ] Variable 'PPFD_DIF' might be missing from headers of file: /global/home/users/sytoanngo/ONEFlux/data/US-ARc_sample_output/99_fluxnet2015/FLX_US-ARc_FLUXNET2015_FULLSET_YY_2005-2006_beta-5.csv [oneflux.pipeline.common]
2025-06-13 07:12:03.558 [INFO    ] Variable 'PPFD_DIF_QC' might be missing from headers of file: /global/home/users/sytoanngo/ONEFlux/data/US-ARc_sample_output/99_fluxnet2015/FLX_US-ARc_FLUXNET2015_FULLSET_YY_2005-2006_beta-5.csv [oneflux.pipeline.common]
2025-06-13 07:12:03.558 [INFO    ] Variable 'PPFD_OUT' might be missing from headers of file: /global/home/users/sytoanngo/ONEFlux/data/US-ARc_sample_output/99_fluxnet2015/FLX_US-ARc_FLUXNET2015_FULLSET_YY_2005-2006_beta-5.csv [oneflux.pipeline.common]
2025-06-13 07:12:03.558 [INFO    ] Variable 'PPFD_OUT_QC' might be missing from headers of file: /global/home/users/sytoanngo/ONEFlux/data/US-ARc_sample_output/99_fluxnet2015/FLX_US-ARc_FLUXNET2015_FULLSET_YY_2005-2006_beta-5.csv [oneflux.pipeline.common]
2025-06-13 07:12:03.558 [INFO    ] Variable 'SW_DIF' might be missing from headers of file: /global/home/users/sytoanngo/ONEFlux/data/US-ARc_sample_output/99_fluxnet2015/FLX_US-ARc_FLUXNET2015_FULLSET_YY_2005-2006_beta-5.csv [oneflux.pipeline.common]
2025-06-13 07:12:03.558 [INFO    ] Variable 'SW_DIF_QC' might be missing from headers of file: /global/home/users/sytoanngo/ONEFlux/data/US-ARc_sample_output/99_fluxnet2015/FLX_US-ARc_FLUXNET2015_FULLSET_YY_2005-2006_beta-5.csv [oneflux.pipeline.common]
2025-06-13 07:12:03.558 [INFO    ] Variable 'SW_OUT' might be missing from headers of file: /global/home/users/sytoanngo/ONEFlux/data/US-ARc_sample_output/99_fluxnet2015/FLX_US-ARc_FLUXNET2015_FULLSET_YY_2005-2006_beta-5.csv [oneflux.pipeline.common]
2025-06-13 07:12:03.558 [INFO    ] Variable 'SW_OUT_QC' might be missing from headers of file: /global/home/users/sytoanngo/ONEFlux/data/US-ARc_sample_output/99_fluxnet2015/FLX_US-ARc_FLUXNET2015_FULLSET_YY_2005-2006_beta-5.csv [oneflux.pipeline.common]
2025-06-13 07:12:03.558 [INFO    ] Variable 'LW_OUT' might be missing from headers of file: /global/home/users/sytoanngo/ONEFlux/data/US-ARc_sample_output/99_fluxnet2015/FLX_US-ARc_FLUXNET2015_FULLSET_YY_2005-2006_beta-5.csv [oneflux.pipeline.common]
2025-06-13 07:12:03.558 [INFO    ] Variable 'LW_OUT_QC' might be missing from headers of file: /global/home/users/sytoanngo/ONEFlux/data/US-ARc_sample_output/99_fluxnet2015/FLX_US-ARc_FLUXNET2015_FULLSET_YY_2005-2006_beta-5.csv [oneflux.pipeline.common]
2025-06-13 07:12:03.558 [INFO    ] Variable 'PA' might be missing from headers of file: /global/home/users/sytoanngo/ONEFlux/data/US-ARc_sample_output/99_fluxnet2015/FLX_US-ARc_FLUXNET2015_FULLSET_YY_2005-2006_beta-5.csv [oneflux.pipeline.common]
2025-06-13 07:12:03.558 [INFO    ] Variable 'SW_IN_POT' might be missing from headers of file: /global/home/users/sytoanngo/ONEFlux/data/US-ARc_sample_output/99_fluxnet2015/FLX_US-ARc_FLUXNET2015_FULLSET_YY_2005-2006_beta-5.csv [oneflux.pipeline.common]
2025-06-13 07:12:03.558 [INFO    ] Variable 'P' might be missing from headers of file: /global/home/users/sytoanngo/ONEFlux/data/US-ARc_sample_output/99_fluxnet2015/FLX_US-ARc_FLUXNET2015_FULLSET_YY_2005-2006_beta-5.csv [oneflux.pipeline.common]
2025-06-13 07:12:03.558 [INFO    ] Variable 'WS' might be missing from headers of file: /global/home/users/sytoanngo/ONEFlux/data/US-ARc_sample_output/99_fluxnet2015/FLX_US-ARc_FLUXNET2015_FULLSET_YY_2005-2006_beta-5.csv [oneflux.pipeline.common]
2025-06-13 07:12:03.558 [INFO    ] Variable 'WD' might be missing from headers of file: /global/home/users/sytoanngo/ONEFlux/data/US-ARc_sample_output/99_fluxnet2015/FLX_US-ARc_FLUXNET2015_FULLSET_YY_2005-2006_beta-5.csv [oneflux.pipeline.common]
2025-06-13 07:12:03.559 [INFO    ] Variable 'RH' might be missing from headers of file: /global/home/users/sytoanngo/ONEFlux/data/US-ARc_sample_output/99_fluxnet2015/FLX_US-ARc_FLUXNET2015_FULLSET_YY_2005-2006_beta-5.csv [oneflux.pipeline.common]
2025-06-13 07:12:03.559 [INFO    ] Variable 'LE_CORR_25' might be missing from headers of file: /global/home/users/sytoanngo/ONEFlux/data/US-ARc_sample_output/99_fluxnet2015/FLX_US-ARc_FLUXNET2015_FULLSET_YY_2005-2006_beta-5.csv [oneflux.pipeline.common]
2025-06-13 07:12:03.559 [INFO    ] Variable 'LE_CORR_75' might be missing from headers of file: /global/home/users/sytoanngo/ONEFlux/data/US-ARc_sample_output/99_fluxnet2015/FLX_US-ARc_FLUXNET2015_FULLSET_YY_2005-2006_beta-5.csv [oneflux.pipeline.common]
2025-06-13 07:12:03.559 [INFO    ] Variable 'LE_RANDUNC_METHOD' might be missing from headers of file: /global/home/users/sytoanngo/ONEFlux/data/US-ARc_sample_output/99_fluxnet2015/FLX_US-ARc_FLUXNET2015_FULLSET_YY_2005-2006_beta-5.csv [oneflux.pipeline.common]
2025-06-13 07:12:03.559 [INFO    ] Variable 'LE_RANDUNC_N' might be missing from headers of file: /global/home/users/sytoanngo/ONEFlux/data/US-ARc_sample_output/99_fluxnet2015/FLX_US-ARc_FLUXNET2015_FULLSET_YY_2005-2006_beta-5.csv [oneflux.pipeline.common]
2025-06-13 07:12:03.559 [INFO    ] Variable 'LE_CORR_JOINTUNC' might be missing from headers of file: /global/home/users/sytoanngo/ONEFlux/data/US-ARc_sample_output/99_fluxnet2015/FLX_US-ARc_FLUXNET2015_FULLSET_YY_2005-2006_beta-5.csv [oneflux.pipeline.common]
2025-06-13 07:12:03.559 [INFO    ] Variable 'H_CORR_25' might be missing from headers of file: /global/home/users/sytoanngo/ONEFlux/data/US-ARc_sample_output/99_fluxnet2015/FLX_US-ARc_FLUXNET2015_FULLSET_YY_2005-2006_beta-5.csv [oneflux.pipeline.common]
2025-06-13 07:12:03.559 [INFO    ] Variable 'H_CORR_75' might be missing from headers of file: /global/home/users/sytoanngo/ONEFlux/data/US-ARc_sample_output/99_fluxnet2015/FLX_US-ARc_FLUXNET2015_FULLSET_YY_2005-2006_beta-5.csv [oneflux.pipeline.common]
2025-06-13 07:12:03.559 [INFO    ] Variable 'H_RANDUNC_METHOD' might be missing from headers of file: /global/home/users/sytoanngo/ONEFlux/data/US-ARc_sample_output/99_fluxnet2015/FLX_US-ARc_FLUXNET2015_FULLSET_YY_2005-2006_beta-5.csv [oneflux.pipeline.common]
2025-06-13 07:12:03.559 [INFO    ] Variable 'H_RANDUNC_N' might be missing from headers of file: /global/home/users/sytoanngo/ONEFlux/data/US-ARc_sample_output/99_fluxnet2015/FLX_US-ARc_FLUXNET2015_FULLSET_YY_2005-2006_beta-5.csv [oneflux.pipeline.common]
2025-06-13 07:12:03.559 [INFO    ] Variable 'H_CORR_JOINTUNC' might be missing from headers of file: /global/home/users/sytoanngo/ONEFlux/data/US-ARc_sample_output/99_fluxnet2015/FLX_US-ARc_FLUXNET2015_FULLSET_YY_2005-2006_beta-5.csv [oneflux.pipeline.common]
2025-06-13 07:12:03.559 [INFO    ] Variable 'NEE_CUT_REF' might be missing from headers of file: /global/home/users/sytoanngo/ONEFlux/data/US-ARc_sample_output/99_fluxnet2015/FLX_US-ARc_FLUXNET2015_FULLSET_YY_2005-2006_beta-5.csv [oneflux.pipeline.common]
2025-06-13 07:12:03.559 [INFO    ] Variable 'NEE_CUT_REF_QC' might be missing from headers of file: /global/home/users/sytoanngo/ONEFlux/data/US-ARc_sample_output/99_fluxnet2015/FLX_US-ARc_FLUXNET2015_FULLSET_YY_2005-2006_beta-5.csv [oneflux.pipeline.common]
2025-06-13 07:12:03.559 [INFO    ] Variable 'NEE_CUT_REF_RANDUNC' might be missing from headers of file: /global/home/users/sytoanngo/ONEFlux/data/US-ARc_sample_output/99_fluxnet2015/FLX_US-ARc_FLUXNET2015_FULLSET_YY_2005-2006_beta-5.csv [oneflux.pipeline.common]
2025-06-13 07:12:03.560 [INFO    ] Variable 'RECO_NT_CUT_REF' might be missing from headers of file: /global/home/users/sytoanngo/ONEFlux/data/US-ARc_sample_output/99_fluxnet2015/FLX_US-ARc_FLUXNET2015_FULLSET_YY_2005-2006_beta-5.csv [oneflux.pipeline.common]
2025-06-13 07:12:03.560 [INFO    ] Variable 'GPP_NT_CUT_REF' might be missing from headers of file: /global/home/users/sytoanngo/ONEFlux/data/US-ARc_sample_output/99_fluxnet2015/FLX_US-ARc_FLUXNET2015_FULLSET_YY_2005-2006_beta-5.csv [oneflux.pipeline.common]
2025-06-13 07:12:03.560 [INFO    ] Variable 'RECO_DT_CUT_REF' might be missing from headers of file: /global/home/users/sytoanngo/ONEFlux/data/US-ARc_sample_output/99_fluxnet2015/FLX_US-ARc_FLUXNET2015_FULLSET_YY_2005-2006_beta-5.csv [oneflux.pipeline.common]
2025-06-13 07:12:03.560 [INFO    ] Variable 'GPP_DT_CUT_REF' might be missing from headers of file: /global/home/users/sytoanngo/ONEFlux/data/US-ARc_sample_output/99_fluxnet2015/FLX_US-ARc_FLUXNET2015_FULLSET_YY_2005-2006_beta-5.csv [oneflux.pipeline.common]
2025-06-13 07:12:03.560 [INFO    ] Variable 'TS_F_MDS_2' might be missing from headers of file: /global/home/users/sytoanngo/ONEFlux/data/US-ARc_sample_output/99_fluxnet2015/FLX_US-ARc_FLUXNET2015_FULLSET_YY_2005-2006_beta-5.csv [oneflux.pipeline.common]
2025-06-13 07:12:03.560 [INFO    ] Variable 'TS_F_MDS_3' might be missing from headers of file: /global/home/users/sytoanngo/ONEFlux/data/US-ARc_sample_output/99_fluxnet2015/FLX_US-ARc_FLUXNET2015_FULLSET_YY_2005-2006_beta-5.csv [oneflux.pipeline.common]
2025-06-13 07:12:03.560 [INFO    ] Variable 'TS_F_MDS_4' might be missing from headers of file: /global/home/users/sytoanngo/ONEFlux/data/US-ARc_sample_output/99_fluxnet2015/FLX_US-ARc_FLUXNET2015_FULLSET_YY_2005-2006_beta-5.csv [oneflux.pipeline.common]
2025-06-13 07:12:03.560 [INFO    ] Variable 'TS_F_MDS_5' might be missing from headers of file: /global/home/users/sytoanngo/ONEFlux/data/US-ARc_sample_output/99_fluxnet2015/FLX_US-ARc_FLUXNET2015_FULLSET_YY_2005-2006_beta-5.csv [oneflux.pipeline.common]
2025-06-13 07:12:03.560 [INFO    ] Variable 'TS_F_MDS_6' might be missing from headers of file: /global/home/users/sytoanngo/ONEFlux/data/US-ARc_sample_output/99_fluxnet2015/FLX_US-ARc_FLUXNET2015_FULLSET_YY_2005-2006_beta-5.csv [oneflux.pipeline.common]
2025-06-13 07:12:03.560 [INFO    ] Variable 'TS_F_MDS_7' might be missing from headers of file: /global/home/users/sytoanngo/ONEFlux/data/US-ARc_sample_output/99_fluxnet2015/FLX_US-ARc_FLUXNET2015_FULLSET_YY_2005-2006_beta-5.csv [oneflux.pipeline.common]
2025-06-13 07:12:03.560 [INFO    ] Variable 'TS_F_MDS_8' might be missing from headers of file: /global/home/users/sytoanngo/ONEFlux/data/US-ARc_sample_output/99_fluxnet2015/FLX_US-ARc_FLUXNET2015_FULLSET_YY_2005-2006_beta-5.csv [oneflux.pipeline.common]
2025-06-13 07:12:03.560 [INFO    ] Variable 'TS_F_MDS_9' might be missing from headers of file: /global/home/users/sytoanngo/ONEFlux/data/US-ARc_sample_output/99_fluxnet2015/FLX_US-ARc_FLUXNET2015_FULLSET_YY_2005-2006_beta-5.csv [oneflux.pipeline.common]
2025-06-13 07:12:03.560 [INFO    ] Variable 'TS_F_MDS_10' might be missing from headers of file: /global/home/users/sytoanngo/ONEFlux/data/US-ARc_sample_output/99_fluxnet2015/FLX_US-ARc_FLUXNET2015_FULLSET_YY_2005-2006_beta-5.csv [oneflux.pipeline.common]
2025-06-13 07:12:03.560 [INFO    ] Variable 'TS_F_MDS_11' might be missing from headers of file: /global/home/users/sytoanngo/ONEFlux/data/US-ARc_sample_output/99_fluxnet2015/FLX_US-ARc_FLUXNET2015_FULLSET_YY_2005-2006_beta-5.csv [oneflux.pipeline.common]
2025-06-13 07:12:03.560 [INFO    ] Variable 'TS_F_MDS_12' might be missing from headers of file: /global/home/users/sytoanngo/ONEFlux/data/US-ARc_sample_output/99_fluxnet2015/FLX_US-ARc_FLUXNET2015_FULLSET_YY_2005-2006_beta-5.csv [oneflux.pipeline.common]
2025-06-13 07:12:03.561 [INFO    ] Variable 'TS_F_MDS_13' might be missing from headers of file: /global/home/users/sytoanngo/ONEFlux/data/US-ARc_sample_output/99_fluxnet2015/FLX_US-ARc_FLUXNET2015_FULLSET_YY_2005-2006_beta-5.csv [oneflux.pipeline.common]
2025-06-13 07:12:03.561 [INFO    ] Variable 'TS_F_MDS_14' might be missing from headers of file: /global/home/users/sytoanngo/ONEFlux/data/US-ARc_sample_output/99_fluxnet2015/FLX_US-ARc_FLUXNET2015_FULLSET_YY_2005-2006_beta-5.csv [oneflux.pipeline.common]
2025-06-13 07:12:03.561 [INFO    ] Variable 'TS_F_MDS_15' might be missing from headers of file: /global/home/users/sytoanngo/ONEFlux/data/US-ARc_sample_output/99_fluxnet2015/FLX_US-ARc_FLUXNET2015_FULLSET_YY_2005-2006_beta-5.csv [oneflux.pipeline.common]
2025-06-13 07:12:03.561 [INFO    ] Variable 'TS_F_MDS_16' might be missing from headers of file: /global/home/users/sytoanngo/ONEFlux/data/US-ARc_sample_output/99_fluxnet2015/FLX_US-ARc_FLUXNET2015_FULLSET_YY_2005-2006_beta-5.csv [oneflux.pipeline.common]
2025-06-13 07:12:03.561 [INFO    ] Variable 'TS_F_MDS_17' might be missing from headers of file: /global/home/users/sytoanngo/ONEFlux/data/US-ARc_sample_output/99_fluxnet2015/FLX_US-ARc_FLUXNET2015_FULLSET_YY_2005-2006_beta-5.csv [oneflux.pipeline.common]
2025-06-13 07:12:03.561 [INFO    ] Variable 'TS_F_MDS_18' might be missing from headers of file: /global/home/users/sytoanngo/ONEFlux/data/US-ARc_sample_output/99_fluxnet2015/FLX_US-ARc_FLUXNET2015_FULLSET_YY_2005-2006_beta-5.csv [oneflux.pipeline.common]
2025-06-13 07:12:03.561 [INFO    ] Variable 'TS_F_MDS_19' might be missing from headers of file: /global/home/users/sytoanngo/ONEFlux/data/US-ARc_sample_output/99_fluxnet2015/FLX_US-ARc_FLUXNET2015_FULLSET_YY_2005-2006_beta-5.csv [oneflux.pipeline.common]
2025-06-13 07:12:03.561 [INFO    ] Variable 'TS_F_MDS_2_QC' might be missing from headers of file: /global/home/users/sytoanngo/ONEFlux/data/US-ARc_sample_output/99_fluxnet2015/FLX_US-ARc_FLUXNET2015_FULLSET_YY_2005-2006_beta-5.csv [oneflux.pipeline.common]
2025-06-13 07:12:03.561 [INFO    ] Variable 'TS_F_MDS_3_QC' might be missing from headers of file: /global/home/users/sytoanngo/ONEFlux/data/US-ARc_sample_output/99_fluxnet2015/FLX_US-ARc_FLUXNET2015_FULLSET_YY_2005-2006_beta-5.csv [oneflux.pipeline.common]
2025-06-13 07:12:03.561 [INFO    ] Variable 'TS_F_MDS_4_QC' might be missing from headers of file: /global/home/users/sytoanngo/ONEFlux/data/US-ARc_sample_output/99_fluxnet2015/FLX_US-ARc_FLUXNET2015_FULLSET_YY_2005-2006_beta-5.csv [oneflux.pipeline.common]
2025-06-13 07:12:03.561 [INFO    ] Variable 'TS_F_MDS_5_QC' might be missing from headers of file: /global/home/users/sytoanngo/ONEFlux/data/US-ARc_sample_output/99_fluxnet2015/FLX_US-ARc_FLUXNET2015_FULLSET_YY_2005-2006_beta-5.csv [oneflux.pipeline.common]
2025-06-13 07:12:03.561 [INFO    ] Variable 'TS_F_MDS_6_QC' might be missing from headers of file: /global/home/users/sytoanngo/ONEFlux/data/US-ARc_sample_output/99_fluxnet2015/FLX_US-ARc_FLUXNET2015_FULLSET_YY_2005-2006_beta-5.csv [oneflux.pipeline.common]
2025-06-13 07:12:03.561 [INFO    ] Variable 'TS_F_MDS_7_QC' might be missing from headers of file: /global/home/users/sytoanngo/ONEFlux/data/US-ARc_sample_output/99_fluxnet2015/FLX_US-ARc_FLUXNET2015_FULLSET_YY_2005-2006_beta-5.csv [oneflux.pipeline.common]
2025-06-13 07:12:03.561 [INFO    ] Variable 'TS_F_MDS_8_QC' might be missing from headers of file: /global/home/users/sytoanngo/ONEFlux/data/US-ARc_sample_output/99_fluxnet2015/FLX_US-ARc_FLUXNET2015_FULLSET_YY_2005-2006_beta-5.csv [oneflux.pipeline.common]
2025-06-13 07:12:03.562 [INFO    ] Variable 'TS_F_MDS_9_QC' might be missing from headers of file: /global/home/users/sytoanngo/ONEFlux/data/US-ARc_sample_output/99_fluxnet2015/FLX_US-ARc_FLUXNET2015_FULLSET_YY_2005-2006_beta-5.csv [oneflux.pipeline.common]
2025-06-13 07:12:03.562 [INFO    ] Variable 'TS_F_MDS_10_QC' might be missing from headers of file: /global/home/users/sytoanngo/ONEFlux/data/US-ARc_sample_output/99_fluxnet2015/FLX_US-ARc_FLUXNET2015_FULLSET_YY_2005-2006_beta-5.csv [oneflux.pipeline.common]
2025-06-13 07:12:03.562 [INFO    ] Variable 'TS_F_MDS_11_QC' might be missing from headers of file: /global/home/users/sytoanngo/ONEFlux/data/US-ARc_sample_output/99_fluxnet2015/FLX_US-ARc_FLUXNET2015_FULLSET_YY_2005-2006_beta-5.csv [oneflux.pipeline.common]
2025-06-13 07:12:03.562 [INFO    ] Variable 'TS_F_MDS_12_QC' might be missing from headers of file: /global/home/users/sytoanngo/ONEFlux/data/US-ARc_sample_output/99_fluxnet2015/FLX_US-ARc_FLUXNET2015_FULLSET_YY_2005-2006_beta-5.csv [oneflux.pipeline.common]
2025-06-13 07:12:03.562 [INFO    ] Variable 'TS_F_MDS_13_QC' might be missing from headers of file: /global/home/users/sytoanngo/ONEFlux/data/US-ARc_sample_output/99_fluxnet2015/FLX_US-ARc_FLUXNET2015_FULLSET_YY_2005-2006_beta-5.csv [oneflux.pipeline.common]
2025-06-13 07:12:03.562 [INFO    ] Variable 'TS_F_MDS_14_QC' might be missing from headers of file: /global/home/users/sytoanngo/ONEFlux/data/US-ARc_sample_output/99_fluxnet2015/FLX_US-ARc_FLUXNET2015_FULLSET_YY_2005-2006_beta-5.csv [oneflux.pipeline.common]
2025-06-13 07:12:03.562 [INFO    ] Variable 'TS_F_MDS_15_QC' might be missing from headers of file: /global/home/users/sytoanngo/ONEFlux/data/US-ARc_sample_output/99_fluxnet2015/FLX_US-ARc_FLUXNET2015_FULLSET_YY_2005-2006_beta-5.csv [oneflux.pipeline.common]
2025-06-13 07:12:03.562 [INFO    ] Variable 'TS_F_MDS_16_QC' might be missing from headers of file: /global/home/users/sytoanngo/ONEFlux/data/US-ARc_sample_output/99_fluxnet2015/FLX_US-ARc_FLUXNET2015_FULLSET_YY_2005-2006_beta-5.csv [oneflux.pipeline.common]
2025-06-13 07:12:03.562 [INFO    ] Variable 'TS_F_MDS_17_QC' might be missing from headers of file: /global/home/users/sytoanngo/ONEFlux/data/US-ARc_sample_output/99_fluxnet2015/FLX_US-ARc_FLUXNET2015_FULLSET_YY_2005-2006_beta-5.csv [oneflux.pipeline.common]
2025-06-13 07:12:03.562 [INFO    ] Variable 'TS_F_MDS_18_QC' might be missing from headers of file: /global/home/users/sytoanngo/ONEFlux/data/US-ARc_sample_output/99_fluxnet2015/FLX_US-ARc_FLUXNET2015_FULLSET_YY_2005-2006_beta-5.csv [oneflux.pipeline.common]
2025-06-13 07:12:03.562 [INFO    ] Variable 'TS_F_MDS_19_QC' might be missing from headers of file: /global/home/users/sytoanngo/ONEFlux/data/US-ARc_sample_output/99_fluxnet2015/FLX_US-ARc_FLUXNET2015_FULLSET_YY_2005-2006_beta-5.csv [oneflux.pipeline.common]
2025-06-13 07:12:03.562 [INFO    ] Variable 'SWC_F_MDS_2' might be missing from headers of file: /global/home/users/sytoanngo/ONEFlux/data/US-ARc_sample_output/99_fluxnet2015/FLX_US-ARc_FLUXNET2015_FULLSET_YY_2005-2006_beta-5.csv [oneflux.pipeline.common]
2025-06-13 07:12:03.562 [INFO    ] Variable 'SWC_F_MDS_3' might be missing from headers of file: /global/home/users/sytoanngo/ONEFlux/data/US-ARc_sample_output/99_fluxnet2015/FLX_US-ARc_FLUXNET2015_FULLSET_YY_2005-2006_beta-5.csv [oneflux.pipeline.common]
2025-06-13 07:12:03.562 [INFO    ] Variable 'SWC_F_MDS_4' might be missing from headers of file: /global/home/users/sytoanngo/ONEFlux/data/US-ARc_sample_output/99_fluxnet2015/FLX_US-ARc_FLUXNET2015_FULLSET_YY_2005-2006_beta-5.csv [oneflux.pipeline.common]
2025-06-13 07:12:03.563 [INFO    ] Variable 'SWC_F_MDS_5' might be missing from headers of file: /global/home/users/sytoanngo/ONEFlux/data/US-ARc_sample_output/99_fluxnet2015/FLX_US-ARc_FLUXNET2015_FULLSET_YY_2005-2006_beta-5.csv [oneflux.pipeline.common]
2025-06-13 07:12:03.563 [INFO    ] Variable 'SWC_F_MDS_6' might be missing from headers of file: /global/home/users/sytoanngo/ONEFlux/data/US-ARc_sample_output/99_fluxnet2015/FLX_US-ARc_FLUXNET2015_FULLSET_YY_2005-2006_beta-5.csv [oneflux.pipeline.common]
2025-06-13 07:12:03.563 [INFO    ] Variable 'SWC_F_MDS_7' might be missing from headers of file: /global/home/users/sytoanngo/ONEFlux/data/US-ARc_sample_output/99_fluxnet2015/FLX_US-ARc_FLUXNET2015_FULLSET_YY_2005-2006_beta-5.csv [oneflux.pipeline.common]
2025-06-13 07:12:03.563 [INFO    ] Variable 'SWC_F_MDS_8' might be missing from headers of file: /global/home/users/sytoanngo/ONEFlux/data/US-ARc_sample_output/99_fluxnet2015/FLX_US-ARc_FLUXNET2015_FULLSET_YY_2005-2006_beta-5.csv [oneflux.pipeline.common]
2025-06-13 07:12:03.563 [INFO    ] Variable 'SWC_F_MDS_9' might be missing from headers of file: /global/home/users/sytoanngo/ONEFlux/data/US-ARc_sample_output/99_fluxnet2015/FLX_US-ARc_FLUXNET2015_FULLSET_YY_2005-2006_beta-5.csv [oneflux.pipeline.common]
2025-06-13 07:12:03.563 [INFO    ] Variable 'SWC_F_MDS_10' might be missing from headers of file: /global/home/users/sytoanngo/ONEFlux/data/US-ARc_sample_output/99_fluxnet2015/FLX_US-ARc_FLUXNET2015_FULLSET_YY_2005-2006_beta-5.csv [oneflux.pipeline.common]
2025-06-13 07:12:03.563 [INFO    ] Variable 'SWC_F_MDS_11' might be missing from headers of file: /global/home/users/sytoanngo/ONEFlux/data/US-ARc_sample_output/99_fluxnet2015/FLX_US-ARc_FLUXNET2015_FULLSET_YY_2005-2006_beta-5.csv [oneflux.pipeline.common]
2025-06-13 07:12:03.563 [INFO    ] Variable 'SWC_F_MDS_12' might be missing from headers of file: /global/home/users/sytoanngo/ONEFlux/data/US-ARc_sample_output/99_fluxnet2015/FLX_US-ARc_FLUXNET2015_FULLSET_YY_2005-2006_beta-5.csv [oneflux.pipeline.common]
2025-06-13 07:12:03.563 [INFO    ] Variable 'SWC_F_MDS_13' might be missing from headers of file: /global/home/users/sytoanngo/ONEFlux/data/US-ARc_sample_output/99_fluxnet2015/FLX_US-ARc_FLUXNET2015_FULLSET_YY_2005-2006_beta-5.csv [oneflux.pipeline.common]
2025-06-13 07:12:03.563 [INFO    ] Variable 'SWC_F_MDS_14' might be missing from headers of file: /global/home/users/sytoanngo/ONEFlux/data/US-ARc_sample_output/99_fluxnet2015/FLX_US-ARc_FLUXNET2015_FULLSET_YY_2005-2006_beta-5.csv [oneflux.pipeline.common]
2025-06-13 07:12:03.563 [INFO    ] Variable 'SWC_F_MDS_15' might be missing from headers of file: /global/home/users/sytoanngo/ONEFlux/data/US-ARc_sample_output/99_fluxnet2015/FLX_US-ARc_FLUXNET2015_FULLSET_YY_2005-2006_beta-5.csv [oneflux.pipeline.common]
2025-06-13 07:12:03.563 [INFO    ] Variable 'SWC_F_MDS_16' might be missing from headers of file: /global/home/users/sytoanngo/ONEFlux/data/US-ARc_sample_output/99_fluxnet2015/FLX_US-ARc_FLUXNET2015_FULLSET_YY_2005-2006_beta-5.csv [oneflux.pipeline.common]
2025-06-13 07:12:03.563 [INFO    ] Variable 'SWC_F_MDS_17' might be missing from headers of file: /global/home/users/sytoanngo/ONEFlux/data/US-ARc_sample_output/99_fluxnet2015/FLX_US-ARc_FLUXNET2015_FULLSET_YY_2005-2006_beta-5.csv [oneflux.pipeline.common]
2025-06-13 07:12:03.563 [INFO    ] Variable 'SWC_F_MDS_18' might be missing from headers of file: /global/home/users/sytoanngo/ONEFlux/data/US-ARc_sample_output/99_fluxnet2015/FLX_US-ARc_FLUXNET2015_FULLSET_YY_2005-2006_beta-5.csv [oneflux.pipeline.common]
2025-06-13 07:12:03.564 [INFO    ] Variable 'SWC_F_MDS_19' might be missing from headers of file: /global/home/users/sytoanngo/ONEFlux/data/US-ARc_sample_output/99_fluxnet2015/FLX_US-ARc_FLUXNET2015_FULLSET_YY_2005-2006_beta-5.csv [oneflux.pipeline.common]
2025-06-13 07:12:03.564 [INFO    ] Variable 'SWC_F_MDS_2_QC' might be missing from headers of file: /global/home/users/sytoanngo/ONEFlux/data/US-ARc_sample_output/99_fluxnet2015/FLX_US-ARc_FLUXNET2015_FULLSET_YY_2005-2006_beta-5.csv [oneflux.pipeline.common]
2025-06-13 07:12:03.564 [INFO    ] Variable 'SWC_F_MDS_3_QC' might be missing from headers of file: /global/home/users/sytoanngo/ONEFlux/data/US-ARc_sample_output/99_fluxnet2015/FLX_US-ARc_FLUXNET2015_FULLSET_YY_2005-2006_beta-5.csv [oneflux.pipeline.common]
2025-06-13 07:12:03.564 [INFO    ] Variable 'SWC_F_MDS_4_QC' might be missing from headers of file: /global/home/users/sytoanngo/ONEFlux/data/US-ARc_sample_output/99_fluxnet2015/FLX_US-ARc_FLUXNET2015_FULLSET_YY_2005-2006_beta-5.csv [oneflux.pipeline.common]
2025-06-13 07:12:03.564 [INFO    ] Variable 'SWC_F_MDS_5_QC' might be missing from headers of file: /global/home/users/sytoanngo/ONEFlux/data/US-ARc_sample_output/99_fluxnet2015/FLX_US-ARc_FLUXNET2015_FULLSET_YY_2005-2006_beta-5.csv [oneflux.pipeline.common]
2025-06-13 07:12:03.564 [INFO    ] Variable 'SWC_F_MDS_6_QC' might be missing from headers of file: /global/home/users/sytoanngo/ONEFlux/data/US-ARc_sample_output/99_fluxnet2015/FLX_US-ARc_FLUXNET2015_FULLSET_YY_2005-2006_beta-5.csv [oneflux.pipeline.common]
2025-06-13 07:12:03.564 [INFO    ] Variable 'SWC_F_MDS_7_QC' might be missing from headers of file: /global/home/users/sytoanngo/ONEFlux/data/US-ARc_sample_output/99_fluxnet2015/FLX_US-ARc_FLUXNET2015_FULLSET_YY_2005-2006_beta-5.csv [oneflux.pipeline.common]
2025-06-13 07:12:03.564 [INFO    ] Variable 'SWC_F_MDS_8_QC' might be missing from headers of file: /global/home/users/sytoanngo/ONEFlux/data/US-ARc_sample_output/99_fluxnet2015/FLX_US-ARc_FLUXNET2015_FULLSET_YY_2005-2006_beta-5.csv [oneflux.pipeline.common]
2025-06-13 07:12:03.564 [INFO    ] Variable 'SWC_F_MDS_9_QC' might be missing from headers of file: /global/home/users/sytoanngo/ONEFlux/data/US-ARc_sample_output/99_fluxnet2015/FLX_US-ARc_FLUXNET2015_FULLSET_YY_2005-2006_beta-5.csv [oneflux.pipeline.common]
2025-06-13 07:12:03.564 [INFO    ] Variable 'SWC_F_MDS_10_QC' might be missing from headers of file: /global/home/users/sytoanngo/ONEFlux/data/US-ARc_sample_output/99_fluxnet2015/FLX_US-ARc_FLUXNET2015_FULLSET_YY_2005-2006_beta-5.csv [oneflux.pipeline.common]
2025-06-13 07:12:03.564 [INFO    ] Variable 'SWC_F_MDS_11_QC' might be missing from headers of file: /global/home/users/sytoanngo/ONEFlux/data/US-ARc_sample_output/99_fluxnet2015/FLX_US-ARc_FLUXNET2015_FULLSET_YY_2005-2006_beta-5.csv [oneflux.pipeline.common]
2025-06-13 07:12:03.564 [INFO    ] Variable 'SWC_F_MDS_12_QC' might be missing from headers of file: /global/home/users/sytoanngo/ONEFlux/data/US-ARc_sample_output/99_fluxnet2015/FLX_US-ARc_FLUXNET2015_FULLSET_YY_2005-2006_beta-5.csv [oneflux.pipeline.common]
2025-06-13 07:12:03.564 [INFO    ] Variable 'SWC_F_MDS_13_QC' might be missing from headers of file: /global/home/users/sytoanngo/ONEFlux/data/US-ARc_sample_output/99_fluxnet2015/FLX_US-ARc_FLUXNET2015_FULLSET_YY_2005-2006_beta-5.csv [oneflux.pipeline.common]
2025-06-13 07:12:03.564 [INFO    ] Variable 'SWC_F_MDS_14_QC' might be missing from headers of file: /global/home/users/sytoanngo/ONEFlux/data/US-ARc_sample_output/99_fluxnet2015/FLX_US-ARc_FLUXNET2015_FULLSET_YY_2005-2006_beta-5.csv [oneflux.pipeline.common]
2025-06-13 07:12:03.564 [INFO    ] Variable 'SWC_F_MDS_15_QC' might be missing from headers of file: /global/home/users/sytoanngo/ONEFlux/data/US-ARc_sample_output/99_fluxnet2015/FLX_US-ARc_FLUXNET2015_FULLSET_YY_2005-2006_beta-5.csv [oneflux.pipeline.common]
2025-06-13 07:12:03.565 [INFO    ] Variable 'SWC_F_MDS_16_QC' might be missing from headers of file: /global/home/users/sytoanngo/ONEFlux/data/US-ARc_sample_output/99_fluxnet2015/FLX_US-ARc_FLUXNET2015_FULLSET_YY_2005-2006_beta-5.csv [oneflux.pipeline.common]
2025-06-13 07:12:03.565 [INFO    ] Variable 'SWC_F_MDS_17_QC' might be missing from headers of file: /global/home/users/sytoanngo/ONEFlux/data/US-ARc_sample_output/99_fluxnet2015/FLX_US-ARc_FLUXNET2015_FULLSET_YY_2005-2006_beta-5.csv [oneflux.pipeline.common]
2025-06-13 07:12:03.565 [INFO    ] Variable 'SWC_F_MDS_18_QC' might be missing from headers of file: /global/home/users/sytoanngo/ONEFlux/data/US-ARc_sample_output/99_fluxnet2015/FLX_US-ARc_FLUXNET2015_FULLSET_YY_2005-2006_beta-5.csv [oneflux.pipeline.common]
2025-06-13 07:12:03.565 [INFO    ] Variable 'SWC_F_MDS_19_QC' might be missing from headers of file: /global/home/users/sytoanngo/ONEFlux/data/US-ARc_sample_output/99_fluxnet2015/FLX_US-ARc_FLUXNET2015_FULLSET_YY_2005-2006_beta-5.csv [oneflux.pipeline.common]
2025-06-13 07:12:03.565 [INFO    ] Variable 'NEE_CUT_05' might be missing from headers of file: /global/home/users/sytoanngo/ONEFlux/data/US-ARc_sample_output/99_fluxnet2015/FLX_US-ARc_FLUXNET2015_FULLSET_YY_2005-2006_beta-5.csv [oneflux.pipeline.common]
2025-06-13 07:12:03.565 [INFO    ] Variable 'NEE_CUT_16' might be missing from headers of file: /global/home/users/sytoanngo/ONEFlux/data/US-ARc_sample_output/99_fluxnet2015/FLX_US-ARc_FLUXNET2015_FULLSET_YY_2005-2006_beta-5.csv [oneflux.pipeline.common]
2025-06-13 07:12:03.565 [INFO    ] Variable 'NEE_CUT_25' might be missing from headers of file: /global/home/users/sytoanngo/ONEFlux/data/US-ARc_sample_output/99_fluxnet2015/FLX_US-ARc_FLUXNET2015_FULLSET_YY_2005-2006_beta-5.csv [oneflux.pipeline.common]
2025-06-13 07:12:03.565 [INFO    ] Variable 'NEE_CUT_50' might be missing from headers of file: /global/home/users/sytoanngo/ONEFlux/data/US-ARc_sample_output/99_fluxnet2015/FLX_US-ARc_FLUXNET2015_FULLSET_YY_2005-2006_beta-5.csv [oneflux.pipeline.common]
2025-06-13 07:12:03.565 [INFO    ] Variable 'NEE_CUT_75' might be missing from headers of file: /global/home/users/sytoanngo/ONEFlux/data/US-ARc_sample_output/99_fluxnet2015/FLX_US-ARc_FLUXNET2015_FULLSET_YY_2005-2006_beta-5.csv [oneflux.pipeline.common]
2025-06-13 07:12:03.565 [INFO    ] Variable 'NEE_CUT_84' might be missing from headers of file: /global/home/users/sytoanngo/ONEFlux/data/US-ARc_sample_output/99_fluxnet2015/FLX_US-ARc_FLUXNET2015_FULLSET_YY_2005-2006_beta-5.csv [oneflux.pipeline.common]
2025-06-13 07:12:03.565 [INFO    ] Variable 'NEE_CUT_95' might be missing from headers of file: /global/home/users/sytoanngo/ONEFlux/data/US-ARc_sample_output/99_fluxnet2015/FLX_US-ARc_FLUXNET2015_FULLSET_YY_2005-2006_beta-5.csv [oneflux.pipeline.common]
2025-06-13 07:12:03.565 [INFO    ] Variable 'NEE_CUT_05_QC' might be missing from headers of file: /global/home/users/sytoanngo/ONEFlux/data/US-ARc_sample_output/99_fluxnet2015/FLX_US-ARc_FLUXNET2015_FULLSET_YY_2005-2006_beta-5.csv [oneflux.pipeline.common]
2025-06-13 07:12:03.565 [INFO    ] Variable 'NEE_CUT_16_QC' might be missing from headers of file: /global/home/users/sytoanngo/ONEFlux/data/US-ARc_sample_output/99_fluxnet2015/FLX_US-ARc_FLUXNET2015_FULLSET_YY_2005-2006_beta-5.csv [oneflux.pipeline.common]
2025-06-13 07:12:03.565 [INFO    ] Variable 'NEE_CUT_25_QC' might be missing from headers of file: /global/home/users/sytoanngo/ONEFlux/data/US-ARc_sample_output/99_fluxnet2015/FLX_US-ARc_FLUXNET2015_FULLSET_YY_2005-2006_beta-5.csv [oneflux.pipeline.common]
2025-06-13 07:12:03.566 [INFO    ] Variable 'NEE_CUT_50_QC' might be missing from headers of file: /global/home/users/sytoanngo/ONEFlux/data/US-ARc_sample_output/99_fluxnet2015/FLX_US-ARc_FLUXNET2015_FULLSET_YY_2005-2006_beta-5.csv [oneflux.pipeline.common]
2025-06-13 07:12:03.566 [INFO    ] Variable 'NEE_CUT_75_QC' might be missing from headers of file: /global/home/users/sytoanngo/ONEFlux/data/US-ARc_sample_output/99_fluxnet2015/FLX_US-ARc_FLUXNET2015_FULLSET_YY_2005-2006_beta-5.csv [oneflux.pipeline.common]
2025-06-13 07:12:03.566 [INFO    ] Variable 'NEE_CUT_84_QC' might be missing from headers of file: /global/home/users/sytoanngo/ONEFlux/data/US-ARc_sample_output/99_fluxnet2015/FLX_US-ARc_FLUXNET2015_FULLSET_YY_2005-2006_beta-5.csv [oneflux.pipeline.common]
2025-06-13 07:12:03.566 [INFO    ] Variable 'NEE_CUT_95_QC' might be missing from headers of file: /global/home/users/sytoanngo/ONEFlux/data/US-ARc_sample_output/99_fluxnet2015/FLX_US-ARc_FLUXNET2015_FULLSET_YY_2005-2006_beta-5.csv [oneflux.pipeline.common]
2025-06-13 07:12:03.566 [INFO    ] Variable 'RECO_NT_CUT_05' might be missing from headers of file: /global/home/users/sytoanngo/ONEFlux/data/US-ARc_sample_output/99_fluxnet2015/FLX_US-ARc_FLUXNET2015_FULLSET_YY_2005-2006_beta-5.csv [oneflux.pipeline.common]
2025-06-13 07:12:03.566 [INFO    ] Variable 'RECO_NT_CUT_16' might be missing from headers of file: /global/home/users/sytoanngo/ONEFlux/data/US-ARc_sample_output/99_fluxnet2015/FLX_US-ARc_FLUXNET2015_FULLSET_YY_2005-2006_beta-5.csv [oneflux.pipeline.common]
2025-06-13 07:12:03.566 [INFO    ] Variable 'RECO_NT_CUT_25' might be missing from headers of file: /global/home/users/sytoanngo/ONEFlux/data/US-ARc_sample_output/99_fluxnet2015/FLX_US-ARc_FLUXNET2015_FULLSET_YY_2005-2006_beta-5.csv [oneflux.pipeline.common]
2025-06-13 07:12:03.566 [INFO    ] Variable 'RECO_NT_CUT_50' might be missing from headers of file: /global/home/users/sytoanngo/ONEFlux/data/US-ARc_sample_output/99_fluxnet2015/FLX_US-ARc_FLUXNET2015_FULLSET_YY_2005-2006_beta-5.csv [oneflux.pipeline.common]
2025-06-13 07:12:03.566 [INFO    ] Variable 'RECO_NT_CUT_75' might be missing from headers of file: /global/home/users/sytoanngo/ONEFlux/data/US-ARc_sample_output/99_fluxnet2015/FLX_US-ARc_FLUXNET2015_FULLSET_YY_2005-2006_beta-5.csv [oneflux.pipeline.common]
2025-06-13 07:12:03.566 [INFO    ] Variable 'RECO_NT_CUT_84' might be missing from headers of file: /global/home/users/sytoanngo/ONEFlux/data/US-ARc_sample_output/99_fluxnet2015/FLX_US-ARc_FLUXNET2015_FULLSET_YY_2005-2006_beta-5.csv [oneflux.pipeline.common]
2025-06-13 07:12:03.566 [INFO    ] Variable 'RECO_NT_CUT_95' might be missing from headers of file: /global/home/users/sytoanngo/ONEFlux/data/US-ARc_sample_output/99_fluxnet2015/FLX_US-ARc_FLUXNET2015_FULLSET_YY_2005-2006_beta-5.csv [oneflux.pipeline.common]
2025-06-13 07:12:03.566 [INFO    ] Variable 'GPP_NT_CUT_05' might be missing from headers of file: /global/home/users/sytoanngo/ONEFlux/data/US-ARc_sample_output/99_fluxnet2015/FLX_US-ARc_FLUXNET2015_FULLSET_YY_2005-2006_beta-5.csv [oneflux.pipeline.common]
2025-06-13 07:12:03.566 [INFO    ] Variable 'GPP_NT_CUT_16' might be missing from headers of file: /global/home/users/sytoanngo/ONEFlux/data/US-ARc_sample_output/99_fluxnet2015/FLX_US-ARc_FLUXNET2015_FULLSET_YY_2005-2006_beta-5.csv [oneflux.pipeline.common]
2025-06-13 07:12:03.566 [INFO    ] Variable 'GPP_NT_CUT_25' might be missing from headers of file: /global/home/users/sytoanngo/ONEFlux/data/US-ARc_sample_output/99_fluxnet2015/FLX_US-ARc_FLUXNET2015_FULLSET_YY_2005-2006_beta-5.csv [oneflux.pipeline.common]
2025-06-13 07:12:03.567 [INFO    ] Variable 'GPP_NT_CUT_50' might be missing from headers of file: /global/home/users/sytoanngo/ONEFlux/data/US-ARc_sample_output/99_fluxnet2015/FLX_US-ARc_FLUXNET2015_FULLSET_YY_2005-2006_beta-5.csv [oneflux.pipeline.common]
2025-06-13 07:12:03.567 [INFO    ] Variable 'GPP_NT_CUT_75' might be missing from headers of file: /global/home/users/sytoanngo/ONEFlux/data/US-ARc_sample_output/99_fluxnet2015/FLX_US-ARc_FLUXNET2015_FULLSET_YY_2005-2006_beta-5.csv [oneflux.pipeline.common]
2025-06-13 07:12:03.567 [INFO    ] Variable 'GPP_NT_CUT_84' might be missing from headers of file: /global/home/users/sytoanngo/ONEFlux/data/US-ARc_sample_output/99_fluxnet2015/FLX_US-ARc_FLUXNET2015_FULLSET_YY_2005-2006_beta-5.csv [oneflux.pipeline.common]
2025-06-13 07:12:03.567 [INFO    ] Variable 'GPP_NT_CUT_95' might be missing from headers of file: /global/home/users/sytoanngo/ONEFlux/data/US-ARc_sample_output/99_fluxnet2015/FLX_US-ARc_FLUXNET2015_FULLSET_YY_2005-2006_beta-5.csv [oneflux.pipeline.common]
2025-06-13 07:12:03.567 [INFO    ] Variable 'RECO_DT_CUT_05' might be missing from headers of file: /global/home/users/sytoanngo/ONEFlux/data/US-ARc_sample_output/99_fluxnet2015/FLX_US-ARc_FLUXNET2015_FULLSET_YY_2005-2006_beta-5.csv [oneflux.pipeline.common]
2025-06-13 07:12:03.567 [INFO    ] Variable 'RECO_DT_CUT_16' might be missing from headers of file: /global/home/users/sytoanngo/ONEFlux/data/US-ARc_sample_output/99_fluxnet2015/FLX_US-ARc_FLUXNET2015_FULLSET_YY_2005-2006_beta-5.csv [oneflux.pipeline.common]
2025-06-13 07:12:03.567 [INFO    ] Variable 'RECO_DT_CUT_25' might be missing from headers of file: /global/home/users/sytoanngo/ONEFlux/data/US-ARc_sample_output/99_fluxnet2015/FLX_US-ARc_FLUXNET2015_FULLSET_YY_2005-2006_beta-5.csv [oneflux.pipeline.common]
2025-06-13 07:12:03.567 [INFO    ] Variable 'RECO_DT_CUT_50' might be missing from headers of file: /global/home/users/sytoanngo/ONEFlux/data/US-ARc_sample_output/99_fluxnet2015/FLX_US-ARc_FLUXNET2015_FULLSET_YY_2005-2006_beta-5.csv [oneflux.pipeline.common]
2025-06-13 07:12:03.567 [INFO    ] Variable 'RECO_DT_CUT_75' might be missing from headers of file: /global/home/users/sytoanngo/ONEFlux/data/US-ARc_sample_output/99_fluxnet2015/FLX_US-ARc_FLUXNET2015_FULLSET_YY_2005-2006_beta-5.csv [oneflux.pipeline.common]
2025-06-13 07:12:03.567 [INFO    ] Variable 'RECO_DT_CUT_84' might be missing from headers of file: /global/home/users/sytoanngo/ONEFlux/data/US-ARc_sample_output/99_fluxnet2015/FLX_US-ARc_FLUXNET2015_FULLSET_YY_2005-2006_beta-5.csv [oneflux.pipeline.common]
2025-06-13 07:12:03.567 [INFO    ] Variable 'RECO_DT_CUT_95' might be missing from headers of file: /global/home/users/sytoanngo/ONEFlux/data/US-ARc_sample_output/99_fluxnet2015/FLX_US-ARc_FLUXNET2015_FULLSET_YY_2005-2006_beta-5.csv [oneflux.pipeline.common]
2025-06-13 07:12:03.567 [INFO    ] Variable 'GPP_DT_CUT_05' might be missing from headers of file: /global/home/users/sytoanngo/ONEFlux/data/US-ARc_sample_output/99_fluxnet2015/FLX_US-ARc_FLUXNET2015_FULLSET_YY_2005-2006_beta-5.csv [oneflux.pipeline.common]
2025-06-13 07:12:03.567 [INFO    ] Variable 'GPP_DT_CUT_16' might be missing from headers of file: /global/home/users/sytoanngo/ONEFlux/data/US-ARc_sample_output/99_fluxnet2015/FLX_US-ARc_FLUXNET2015_FULLSET_YY_2005-2006_beta-5.csv [oneflux.pipeline.common]
2025-06-13 07:12:03.567 [INFO    ] Variable 'GPP_DT_CUT_25' might be missing from headers of file: /global/home/users/sytoanngo/ONEFlux/data/US-ARc_sample_output/99_fluxnet2015/FLX_US-ARc_FLUXNET2015_FULLSET_YY_2005-2006_beta-5.csv [oneflux.pipeline.common]
2025-06-13 07:12:03.568 [INFO    ] Variable 'GPP_DT_CUT_50' might be missing from headers of file: /global/home/users/sytoanngo/ONEFlux/data/US-ARc_sample_output/99_fluxnet2015/FLX_US-ARc_FLUXNET2015_FULLSET_YY_2005-2006_beta-5.csv [oneflux.pipeline.common]
2025-06-13 07:12:03.568 [INFO    ] Variable 'GPP_DT_CUT_75' might be missing from headers of file: /global/home/users/sytoanngo/ONEFlux/data/US-ARc_sample_output/99_fluxnet2015/FLX_US-ARc_FLUXNET2015_FULLSET_YY_2005-2006_beta-5.csv [oneflux.pipeline.common]
2025-06-13 07:12:03.568 [INFO    ] Variable 'GPP_DT_CUT_84' might be missing from headers of file: /global/home/users/sytoanngo/ONEFlux/data/US-ARc_sample_output/99_fluxnet2015/FLX_US-ARc_FLUXNET2015_FULLSET_YY_2005-2006_beta-5.csv [oneflux.pipeline.common]
2025-06-13 07:12:03.568 [INFO    ] Variable 'GPP_DT_CUT_95' might be missing from headers of file: /global/home/users/sytoanngo/ONEFlux/data/US-ARc_sample_output/99_fluxnet2015/FLX_US-ARc_FLUXNET2015_FULLSET_YY_2005-2006_beta-5.csv [oneflux.pipeline.common]
2025-06-13 07:12:03.568 [INFO    ] Pipeline fluxnet2015 execution finished [oneflux.pipeline.wrappers]
2025-06-13 07:12:03.568 [INFO    ] US-ARc Pipeline run time 0:01:30.612653 (2025-06-13 07:10:32.955709 --- 2025-06-13 07:12:03.568362) [oneflux.pipeline.wrappers]
2025-06-13 07:12:03.573 [INFO    ] US-ARc Pipeline: execution finished [oneflux.pipeline.wrappers]
2025-06-13 07:12:03.573 [INFO    ] Finished processing site dir /global/home/users/sytoanngo/ONEFlux/data/US-ARc_sample_output [oneflux.tools.pipeline]
2025-06-13 07:12:03.573 [INFO    ] Finished execution: all [__main__]
