2025-06-26 13:59:03.434 [INFO    ] Logging started [root]
2025-06-26 13:59:03.434 [DEBUG   ] Using:command (all), data-dir (/home/portnoy/u0/sytoanngo/ONEFlux/data), site-id (US-ARc), site-dir (US-ARc_sample_output), first-year (2005), last-year (2006), perc (['1.25', '3.75', '6.25', '8.75', '11.25', '13.75', '16.25', '18.75', '21.25', '23.75', '26.25', '28.75', '31.25', '33.75', '36.25', '38.75', '41.25', '43.75', '46.25', '48.75', '51.25', '53.75', '56.25', '58.75', '61.25', '63.75', '66.25', '68.75', '71.25', '73.75', '76.25', '78.75', '81.25', '83.75', '86.25', '88.75', '91.25', '93.75', '96.25', '98.75', '50']), prod (['c', 'y']), log-file (/home/portnoy/u0/sytoanngo/ONEFlux/933829b4-1fe6-49df-871e-defa126fbc3d.log), force-py (False), versionp (5), versiond (beta), era-fy (1989), era-ly (2014) [__main__]
2025-06-26 13:59:03.435 [INFO    ] Starting execution: all [__main__]
2025-06-26 13:59:03.435 [INFO    ] Namespace(command='all', datadir='/home/portnoy/u0/sytoanngo/ONEFlux/data', erafy=1989, eraly=2014, firstyear=2005, forcepy=False, lastyear=2006, logfile='/home/portnoy/u0/sytoanngo/ONEFlux/933829b4-1fe6-49df-871e-defa126fbc3d.log', mcr_directory='/home/portnoy/u0/sytoanngo/ONEFlux/matlab/matlab_runtime/v94', perc=None, prod=None, recint='hh', sitedir='US-ARc_sample_output', siteid='US-ARc', timestamp='20250626T135903', versiond='beta', versionp='5') [__main__]
2025-06-26 13:59:03.435 [INFO    ] Started processing site dir US-ARc_sample_output [oneflux.tools.pipeline]
2025-06-26 13:59:03.435 [INFO    ] ONEFlux Pipeline: initialization started [oneflux.pipeline.wrappers]
2025-06-26 13:59:03.436 [DEBUG   ] ONEFlux Pipeline: keyword arguments: {'nee_partition_nt_execute': False, 'energy_proc_execute': False, 'prepare_ure_execute': False, 'perc_to_compare': ['1.25', '3.75', '6.25', '8.75', '11.25', '13.75', '16.25', '18.75', '21.25', '23.75', '26.25', '28.75', '31.25', '33.75', '36.25', '38.75', '41.25', '43.75', '46.25', '48.75', '51.25', '53.75', '56.25', '58.75', '61.25', '63.75', '66.25', '68.75', '71.25', '73.75', '76.25', '78.75', '81.25', '83.75', '86.25', '88.75', '91.25', '93.75', '96.25', '98.75', '50'], 'prod_to_compare': ['c', 'y'], 'fluxnet2015_version_processing': '5', 'data_dir': '/home/portnoy/u0/sytoanngo/ONEFlux/data/US-ARc_sample_output', 'era_first_timestamp_start': '198901010000', 'meteo_proc_execute': False, 'tool_dir': '/home/portnoy/u0/sytoanngo/bin/oneflux', 'ustar_mp_execute': False, 'fluxnet2015_version_data': 'beta', 'ustar_cp_execute': False, 'nee_proc_execute': False, 'ure_execute': False, 'site_dir': 'US-ARc_sample_output', 'qc_auto_execute': False, 'fluxnet2015_first_t1': 2005, 'fluxnet2015_last_t1': 2006, 'ustar_cp_mcr_dir': '/home/portnoy/u0/sytoanngo/ONEFlux/matlab/matlab_runtime/v94', 'fluxnet2015_site_plots': True, 'data_dir_main': '/home/portnoy/u0/sytoanngo/ONEFlux/data', 'record_interval': 'hh', 'era_last_timestamp_start': '201412312330', 'simulation': False, 'first_year': 2005, 'last_year': 2006, 'nee_partition_dt_execute': False, 'fluxnet2015_execute': True} [oneflux.pipeline.wrappers]
2025-06-26 13:59:03.436 [ERROR   ] Pipeline: unknown config attribute: 'era_first_timestamp_start' [oneflux.pipeline.wrappers]
2025-06-26 13:59:03.436 [ERROR   ] Pipeline: unknown config attribute: 'site_dir' [oneflux.pipeline.wrappers]
2025-06-26 13:59:03.436 [ERROR   ] Pipeline: unknown config attribute: 'era_last_timestamp_start' [oneflux.pipeline.wrappers]
2025-06-26 13:59:03.436 [DEBUG   ] ONEFlux Pipeline: setting up for site 'US-ARc' [oneflux.pipeline.wrappers]
2025-06-26 13:59:03.437 [DEBUG   ] ONEFlux Pipeline: using data dir '/home/portnoy/u0/sytoanngo/ONEFlux/data/US-ARc_sample_output' [oneflux.pipeline.wrappers]
2025-06-26 13:59:03.437 [DEBUG   ] ONEFlux Pipeline: using tool dir '/home/portnoy/u0/sytoanngo/bin/oneflux' [oneflux.pipeline.wrappers]
2025-06-26 13:59:03.437 [DEBUG   ] ONEFlux Pipeline: using record interval 'hh' [oneflux.pipeline.wrappers]
2025-06-26 13:59:03.437 [DEBUG   ] ONEFlux Pipeline: using validate on create 'False' [oneflux.pipeline.wrappers]
2025-06-26 13:59:03.437 [DEBUG   ] ONEFlux Pipeline: using simulation 'False' [oneflux.pipeline.wrappers]
2025-06-26 13:59:03.437 [DEBUG   ] ONEFlux Pipeline: using ERA first timestamp start '198901010000' [oneflux.pipeline.wrappers]
2025-06-26 13:59:03.437 [DEBUG   ] ONEFlux Pipeline: using ERA last timestamp start '201412312330' [oneflux.pipeline.wrappers]
2025-06-26 13:59:03.438 [INFO    ] ONEFlux Pipeline: initialization finished [oneflux.pipeline.wrappers]
2025-06-26 13:59:03.438 [INFO    ] US-ARc [oneflux.pipeline.wrappers]
2025-06-26 13:59:03.439 [INFO    ] US-ARc Pipeline: execution started [oneflux.pipeline.wrappers]
2025-06-26 13:59:03.439 [DEBUG   ] Pipeline data directory is '/home/portnoy/u0/sytoanngo/ONEFlux/data/US-ARc_sample_output' [oneflux.pipeline.common]
2025-06-26 13:59:03.439 [DEBUG   ] Pipeline tool directory is '/home/portnoy/u0/sytoanngo/bin/oneflux' [oneflux.pipeline.common]
2025-06-26 13:59:03.454 [INFO    ] Pipeline logging started [root]
2025-06-26 13:59:03.454 [INFO    ] Pipeline fluxnet2015 execution started [oneflux.pipeline.wrappers]
2025-06-26 13:59:03.462 [DEBUG   ] Pipeline qc_visual.post_validate directory is '/home/portnoy/u0/sytoanngo/ONEFlux/data/US-ARc_sample_output/01_qc_visual' [oneflux.pipeline.common]
2025-06-26 13:59:03.463 [DEBUG   ] Pipeline qc_visual.post_validate directory is '/home/portnoy/u0/sytoanngo/ONEFlux/data/US-ARc_sample_output/01_qc_visual/qcv_files' [oneflux.pipeline.common]
2025-06-26 13:59:03.463 [DEBUG   ] Pipeline qc_visual.post_validate directory is '/home/portnoy/u0/sytoanngo/ONEFlux/data/US-ARc_sample_output/01_qc_visual/qcv_files' [oneflux.pipeline.common]
2025-06-26 13:59:03.464 [DEBUG   ] Pipeline qc_visual.post_validate in '/home/portnoy/u0/sytoanngo/ONEFlux/data/US-ARc_sample_output/01_qc_visual/qcv_files' found file pattern 'US-ARc_qcv_????.csv' (2 occurrences): ['US-ARc_qcv_2005.csv', 'US-ARc_qcv_2006.csv'] [oneflux.pipeline.common]
2025-06-26 13:59:03.474 [DEBUG   ] Pipeline meteo_proc.post_validate directory is '/home/portnoy/u0/sytoanngo/ONEFlux/data/US-ARc_sample_output/07_meteo_proc' [oneflux.pipeline.common]
2025-06-26 13:59:03.474 [DEBUG   ] Pipeline meteo_proc.post_validate file is '/home/portnoy/u0/sytoanngo/ONEFlux/data/US-ARc_sample_output/07_meteo_proc/US-ARc_meteo_hh.csv' [oneflux.pipeline.common]
2025-06-26 13:59:03.475 [DEBUG   ] Pipeline meteo_proc.post_validate file is '/home/portnoy/u0/sytoanngo/ONEFlux/data/US-ARc_sample_output/07_meteo_proc/US-ARc_meteo_dd.csv' [oneflux.pipeline.common]
2025-06-26 13:59:03.475 [DEBUG   ] Pipeline meteo_proc.post_validate file is '/home/portnoy/u0/sytoanngo/ONEFlux/data/US-ARc_sample_output/07_meteo_proc/US-ARc_meteo_ww.csv' [oneflux.pipeline.common]
2025-06-26 13:59:03.475 [DEBUG   ] Pipeline meteo_proc.post_validate file is '/home/portnoy/u0/sytoanngo/ONEFlux/data/US-ARc_sample_output/07_meteo_proc/US-ARc_meteo_mm.csv' [oneflux.pipeline.common]
2025-06-26 13:59:03.476 [DEBUG   ] Pipeline meteo_proc.post_validate file is '/home/portnoy/u0/sytoanngo/ONEFlux/data/US-ARc_sample_output/07_meteo_proc/US-ARc_meteo_yy.csv' [oneflux.pipeline.common]
2025-06-26 13:59:03.476 [DEBUG   ] Pipeline meteo_proc.post_validate directory is '/home/portnoy/u0/sytoanngo/ONEFlux/data/US-ARc_sample_output/07_meteo_proc' [oneflux.pipeline.common]
2025-06-26 13:59:03.477 [DEBUG   ] Pipeline meteo_proc.post_validate in '/home/portnoy/u0/sytoanngo/ONEFlux/data/US-ARc_sample_output/07_meteo_proc' found file pattern 'report_*.txt' (1 occurrences): ['report_rocky.lbl.gov_run20180903T192021.txt'] [oneflux.pipeline.common]
2025-06-26 13:59:03.477 [DEBUG   ] Pipeline meteo_proc.post_validate file is '/home/portnoy/u0/sytoanngo/ONEFlux/data/US-ARc_sample_output/07_meteo_proc/US-ARc_meteo_hh_info.txt' [oneflux.pipeline.common]
2025-06-26 13:59:03.478 [DEBUG   ] Pipeline meteo_proc.post_validate file is '/home/portnoy/u0/sytoanngo/ONEFlux/data/US-ARc_sample_output/07_meteo_proc/US-ARc_meteo_dd_info.txt' [oneflux.pipeline.common]
2025-06-26 13:59:03.478 [DEBUG   ] Pipeline meteo_proc.post_validate file is '/home/portnoy/u0/sytoanngo/ONEFlux/data/US-ARc_sample_output/07_meteo_proc/US-ARc_meteo_ww_info.txt' [oneflux.pipeline.common]
2025-06-26 13:59:03.479 [DEBUG   ] Pipeline meteo_proc.post_validate file is '/home/portnoy/u0/sytoanngo/ONEFlux/data/US-ARc_sample_output/07_meteo_proc/US-ARc_meteo_mm_info.txt' [oneflux.pipeline.common]
2025-06-26 13:59:03.479 [DEBUG   ] Pipeline meteo_proc.post_validate file is '/home/portnoy/u0/sytoanngo/ONEFlux/data/US-ARc_sample_output/07_meteo_proc/US-ARc_meteo_yy_info.txt' [oneflux.pipeline.common]
2025-06-26 13:59:03.480 [DEBUG   ] Pipeline nee_proc.post_validate directory is '/home/portnoy/u0/sytoanngo/ONEFlux/data/US-ARc_sample_output/08_nee_proc' [oneflux.pipeline.common]
2025-06-26 13:59:03.480 [DEBUG   ] Pipeline nee_proc.post_validate file is '/home/portnoy/u0/sytoanngo/ONEFlux/data/US-ARc_sample_output/08_nee_proc/US-ARc_NEE_hh.csv' [oneflux.pipeline.common]
2025-06-26 13:59:03.481 [DEBUG   ] Pipeline nee_proc.post_validate file is '/home/portnoy/u0/sytoanngo/ONEFlux/data/US-ARc_sample_output/08_nee_proc/US-ARc_NEE_dd.csv' [oneflux.pipeline.common]
2025-06-26 13:59:03.481 [DEBUG   ] Pipeline nee_proc.post_validate file is '/home/portnoy/u0/sytoanngo/ONEFlux/data/US-ARc_sample_output/08_nee_proc/US-ARc_NEE_ww.csv' [oneflux.pipeline.common]
2025-06-26 13:59:03.481 [DEBUG   ] Pipeline nee_proc.post_validate file is '/home/portnoy/u0/sytoanngo/ONEFlux/data/US-ARc_sample_output/08_nee_proc/US-ARc_NEE_mm.csv' [oneflux.pipeline.common]
2025-06-26 13:59:03.482 [DEBUG   ] Pipeline nee_proc.post_validate file is '/home/portnoy/u0/sytoanngo/ONEFlux/data/US-ARc_sample_output/08_nee_proc/US-ARc_NEE_yy.csv' [oneflux.pipeline.common]
2025-06-26 13:59:03.482 [DEBUG   ] Pipeline nee_proc.post_validate directory is '/home/portnoy/u0/sytoanngo/ONEFlux/data/US-ARc_sample_output/08_nee_proc' [oneflux.pipeline.common]
2025-06-26 13:59:03.483 [DEBUG   ] Pipeline nee_proc.post_validate in '/home/portnoy/u0/sytoanngo/ONEFlux/data/US-ARc_sample_output/08_nee_proc' found file pattern 'report_*.txt' (1 occurrences): ['report_rocky.lbl.gov_run20180903T192021.txt'] [oneflux.pipeline.common]
2025-06-26 13:59:03.483 [DEBUG   ] Pipeline nee_proc.post_validate file is '/home/portnoy/u0/sytoanngo/ONEFlux/data/US-ARc_sample_output/08_nee_proc/US-ARc_NEE_hh_info.txt' [oneflux.pipeline.common]
2025-06-26 13:59:03.484 [DEBUG   ] Pipeline nee_proc.post_validate file is '/home/portnoy/u0/sytoanngo/ONEFlux/data/US-ARc_sample_output/08_nee_proc/US-ARc_NEE_ww_info.txt' [oneflux.pipeline.common]
2025-06-26 13:59:03.484 [DEBUG   ] Pipeline nee_proc.post_validate file is '/home/portnoy/u0/sytoanngo/ONEFlux/data/US-ARc_sample_output/08_nee_proc/US-ARc_NEE_dd_info.txt' [oneflux.pipeline.common]
2025-06-26 13:59:03.485 [DEBUG   ] Pipeline nee_proc.post_validate file is '/home/portnoy/u0/sytoanngo/ONEFlux/data/US-ARc_sample_output/08_nee_proc/US-ARc_NEE_mm_info.txt' [oneflux.pipeline.common]
2025-06-26 13:59:03.485 [DEBUG   ] Pipeline nee_proc.post_validate file is '/home/portnoy/u0/sytoanngo/ONEFlux/data/US-ARc_sample_output/08_nee_proc/US-ARc_NEE_yy_info.txt' [oneflux.pipeline.common]
2025-06-26 13:59:03.485 [DEBUG   ] Pipeline nee_proc.post_validate file is '/home/portnoy/u0/sytoanngo/ONEFlux/data/US-ARc_sample_output/08_nee_proc/US-ARc_USTAR_percentiles_y.csv' [oneflux.pipeline.common]
2025-06-26 13:59:03.486 [DEBUG   ] Pipeline nee_proc.post_validate file is '/home/portnoy/u0/sytoanngo/ONEFlux/data/US-ARc_sample_output/08_nee_proc/US-ARc_NEE_percentiles_y_hh.csv' [oneflux.pipeline.common]
2025-06-26 13:59:03.486 [WARNING ] Pipeline nee_proc.post_validate file not found '/home/portnoy/u0/sytoanngo/ONEFlux/data/US-ARc_sample_output/08_nee_proc/US-ARc_NEE_percentiles_y.csv' [oneflux.pipeline.common]
2025-06-26 13:59:03.486 [DEBUG   ] Pipeline nee_proc.post_validate directory is '/home/portnoy/u0/sytoanngo/ONEFlux/data/US-ARc_sample_output/08_nee_proc' [oneflux.pipeline.common]
2025-06-26 13:59:03.487 [WARNING ] Pipeline nee_proc.post_validate file with pattern 'US-ARc_????_????_USTAR_percentiles_c.csv' not found in '/home/portnoy/u0/sytoanngo/ONEFlux/data/US-ARc_sample_output/08_nee_proc' [oneflux.pipeline.common]
2025-06-26 13:59:03.488 [WARNING ] Pipeline nee_proc.post_validate file not found '/home/portnoy/u0/sytoanngo/ONEFlux/data/US-ARc_sample_output/08_nee_proc/US-ARc_NEE_percentiles_c_hh.csv' [oneflux.pipeline.common]
2025-06-26 13:59:03.488 [WARNING ] Pipeline nee_proc.post_validate file not found '/home/portnoy/u0/sytoanngo/ONEFlux/data/US-ARc_sample_output/08_nee_proc/US-ARc_NEE_percentiles_c.csv' [oneflux.pipeline.common]
2025-06-26 13:59:03.488 [WARNING ] Pipeline nee_proc.post_validate none of the 2 files found in '/home/portnoy/u0/sytoanngo/ONEFlux/data/US-ARc_sample_output/08_nee_proc' [['US-ARc_NEE_percentiles_c_hh.csv', 'US-ARc_NEE_percentiles_c.csv']] [oneflux.pipeline.common]
2025-06-26 13:59:03.488 [DEBUG   ] Pipeline energy_proc.post_validate directory is '/home/portnoy/u0/sytoanngo/ONEFlux/data/US-ARc_sample_output/09_energy_proc' [oneflux.pipeline.common]
2025-06-26 13:59:03.489 [DEBUG   ] Pipeline energy_proc.post_validate file is '/home/portnoy/u0/sytoanngo/ONEFlux/data/US-ARc_sample_output/09_energy_proc/US-ARc_energy_hh_info.txt' [oneflux.pipeline.common]
2025-06-26 13:59:03.489 [DEBUG   ] Pipeline energy_proc.post_validate file is '/home/portnoy/u0/sytoanngo/ONEFlux/data/US-ARc_sample_output/09_energy_proc/US-ARc_energy_dd_info.txt' [oneflux.pipeline.common]
2025-06-26 13:59:03.490 [DEBUG   ] Pipeline energy_proc.post_validate file is '/home/portnoy/u0/sytoanngo/ONEFlux/data/US-ARc_sample_output/09_energy_proc/US-ARc_energy_ww_info.txt' [oneflux.pipeline.common]
2025-06-26 13:59:03.490 [DEBUG   ] Pipeline energy_proc.post_validate file is '/home/portnoy/u0/sytoanngo/ONEFlux/data/US-ARc_sample_output/09_energy_proc/US-ARc_energy_mm_info.txt' [oneflux.pipeline.common]
2025-06-26 13:59:03.498 [DEBUG   ] Pipeline energy_proc.post_validate file is '/home/portnoy/u0/sytoanngo/ONEFlux/data/US-ARc_sample_output/09_energy_proc/US-ARc_energy_yy_info.txt' [oneflux.pipeline.common]
2025-06-26 13:59:03.498 [DEBUG   ] Pipeline energy_proc.post_validate file is '/home/portnoy/u0/sytoanngo/ONEFlux/data/US-ARc_sample_output/09_energy_proc/US-ARc_energy_hh.csv' [oneflux.pipeline.common]
2025-06-26 13:59:03.499 [DEBUG   ] Pipeline energy_proc.post_validate file is '/home/portnoy/u0/sytoanngo/ONEFlux/data/US-ARc_sample_output/09_energy_proc/US-ARc_energy_dd.csv' [oneflux.pipeline.common]
2025-06-26 13:59:03.499 [DEBUG   ] Pipeline energy_proc.post_validate file is '/home/portnoy/u0/sytoanngo/ONEFlux/data/US-ARc_sample_output/09_energy_proc/US-ARc_energy_ww.csv' [oneflux.pipeline.common]
2025-06-26 13:59:03.500 [DEBUG   ] Pipeline energy_proc.post_validate file is '/home/portnoy/u0/sytoanngo/ONEFlux/data/US-ARc_sample_output/09_energy_proc/US-ARc_energy_mm.csv' [oneflux.pipeline.common]
2025-06-26 13:59:03.500 [DEBUG   ] Pipeline energy_proc.post_validate file is '/home/portnoy/u0/sytoanngo/ONEFlux/data/US-ARc_sample_output/09_energy_proc/US-ARc_energy_yy.csv' [oneflux.pipeline.common]
2025-06-26 13:59:03.500 [DEBUG   ] Pipeline energy_proc.post_validate directory is '/home/portnoy/u0/sytoanngo/ONEFlux/data/US-ARc_sample_output/09_energy_proc' [oneflux.pipeline.common]
2025-06-26 13:59:03.501 [DEBUG   ] Pipeline energy_proc.post_validate in '/home/portnoy/u0/sytoanngo/ONEFlux/data/US-ARc_sample_output/09_energy_proc' found file pattern 'report_*.txt' (1 occurrences): ['report_rocky.lbl.gov_run20180903T192021.txt'] [oneflux.pipeline.common]
2025-06-26 13:59:03.501 [DEBUG   ] Pipeline ure.post_validate directory is '/home/portnoy/u0/sytoanngo/ONEFlux/data/US-ARc_sample_output/12_ure' [oneflux.pipeline.common]
2025-06-26 13:59:03.502 [DEBUG   ] Pipeline ure.post_validate file is '/home/portnoy/u0/sytoanngo/ONEFlux/data/US-ARc_sample_output/12_ure/US-ARc_DT_GPP_dd.csv' [oneflux.pipeline.common]
2025-06-26 13:59:03.502 [DEBUG   ] Pipeline ure.post_validate file is '/home/portnoy/u0/sytoanngo/ONEFlux/data/US-ARc_sample_output/12_ure/US-ARc_DT_GPP_hh.csv' [oneflux.pipeline.common]
2025-06-26 13:59:03.503 [DEBUG   ] Pipeline ure.post_validate file is '/home/portnoy/u0/sytoanngo/ONEFlux/data/US-ARc_sample_output/12_ure/US-ARc_DT_GPP_mm.csv' [oneflux.pipeline.common]
2025-06-26 13:59:03.503 [DEBUG   ] Pipeline ure.post_validate file is '/home/portnoy/u0/sytoanngo/ONEFlux/data/US-ARc_sample_output/12_ure/US-ARc_DT_GPP_ww.csv' [oneflux.pipeline.common]
2025-06-26 13:59:03.503 [DEBUG   ] Pipeline ure.post_validate file is '/home/portnoy/u0/sytoanngo/ONEFlux/data/US-ARc_sample_output/12_ure/US-ARc_DT_GPP_yy.csv' [oneflux.pipeline.common]
2025-06-26 13:59:03.504 [DEBUG   ] Pipeline ure.post_validate file is '/home/portnoy/u0/sytoanngo/ONEFlux/data/US-ARc_sample_output/12_ure/US-ARc_DT_RECO_dd.csv' [oneflux.pipeline.common]
2025-06-26 13:59:03.504 [DEBUG   ] Pipeline ure.post_validate file is '/home/portnoy/u0/sytoanngo/ONEFlux/data/US-ARc_sample_output/12_ure/US-ARc_DT_RECO_hh.csv' [oneflux.pipeline.common]
2025-06-26 13:59:03.505 [DEBUG   ] Pipeline ure.post_validate file is '/home/portnoy/u0/sytoanngo/ONEFlux/data/US-ARc_sample_output/12_ure/US-ARc_DT_RECO_mm.csv' [oneflux.pipeline.common]
2025-06-26 13:59:03.505 [DEBUG   ] Pipeline ure.post_validate file is '/home/portnoy/u0/sytoanngo/ONEFlux/data/US-ARc_sample_output/12_ure/US-ARc_DT_RECO_ww.csv' [oneflux.pipeline.common]
2025-06-26 13:59:03.506 [DEBUG   ] Pipeline ure.post_validate file is '/home/portnoy/u0/sytoanngo/ONEFlux/data/US-ARc_sample_output/12_ure/US-ARc_DT_RECO_yy.csv' [oneflux.pipeline.common]
2025-06-26 13:59:03.506 [DEBUG   ] Pipeline ure.post_validate file is '/home/portnoy/u0/sytoanngo/ONEFlux/data/US-ARc_sample_output/12_ure/US-ARc_NT_GPP_dd.csv' [oneflux.pipeline.common]
2025-06-26 13:59:03.506 [DEBUG   ] Pipeline ure.post_validate file is '/home/portnoy/u0/sytoanngo/ONEFlux/data/US-ARc_sample_output/12_ure/US-ARc_NT_GPP_hh.csv' [oneflux.pipeline.common]
2025-06-26 13:59:03.507 [DEBUG   ] Pipeline ure.post_validate file is '/home/portnoy/u0/sytoanngo/ONEFlux/data/US-ARc_sample_output/12_ure/US-ARc_NT_GPP_mm.csv' [oneflux.pipeline.common]
2025-06-26 13:59:03.507 [DEBUG   ] Pipeline ure.post_validate file is '/home/portnoy/u0/sytoanngo/ONEFlux/data/US-ARc_sample_output/12_ure/US-ARc_NT_GPP_ww.csv' [oneflux.pipeline.common]
2025-06-26 13:59:03.508 [DEBUG   ] Pipeline ure.post_validate file is '/home/portnoy/u0/sytoanngo/ONEFlux/data/US-ARc_sample_output/12_ure/US-ARc_NT_GPP_yy.csv' [oneflux.pipeline.common]
2025-06-26 13:59:03.508 [DEBUG   ] Pipeline ure.post_validate file is '/home/portnoy/u0/sytoanngo/ONEFlux/data/US-ARc_sample_output/12_ure/US-ARc_NT_RECO_dd.csv' [oneflux.pipeline.common]
2025-06-26 13:59:03.509 [DEBUG   ] Pipeline ure.post_validate file is '/home/portnoy/u0/sytoanngo/ONEFlux/data/US-ARc_sample_output/12_ure/US-ARc_NT_RECO_hh.csv' [oneflux.pipeline.common]
2025-06-26 13:59:03.509 [DEBUG   ] Pipeline ure.post_validate file is '/home/portnoy/u0/sytoanngo/ONEFlux/data/US-ARc_sample_output/12_ure/US-ARc_NT_RECO_mm.csv' [oneflux.pipeline.common]
2025-06-26 13:59:03.509 [DEBUG   ] Pipeline ure.post_validate file is '/home/portnoy/u0/sytoanngo/ONEFlux/data/US-ARc_sample_output/12_ure/US-ARc_NT_RECO_ww.csv' [oneflux.pipeline.common]
2025-06-26 13:59:03.510 [DEBUG   ] Pipeline ure.post_validate file is '/home/portnoy/u0/sytoanngo/ONEFlux/data/US-ARc_sample_output/12_ure/US-ARc_NT_RECO_yy.csv' [oneflux.pipeline.common]
2025-06-26 13:59:03.510 [DEBUG   ] Pipeline ure.post_validate directory is '/home/portnoy/u0/sytoanngo/ONEFlux/data/US-ARc_sample_output/12_ure' [oneflux.pipeline.common]
2025-06-26 13:59:03.511 [DEBUG   ] Pipeline ure.post_validate in '/home/portnoy/u0/sytoanngo/ONEFlux/data/US-ARc_sample_output/12_ure' found file pattern 'report_*.txt' (1 occurrences): ['report_rocky.lbl.gov_run20180903T192021.txt'] [oneflux.pipeline.common]
2025-06-26 13:59:03.512 [DEBUG   ] Pipeline ure.post_validate file is '/home/portnoy/u0/sytoanngo/ONEFlux/data/US-ARc_sample_output/12_ure/US-ARc_DT_GPP_dd_info.txt' [oneflux.pipeline.common]
2025-06-26 13:59:03.512 [DEBUG   ] Pipeline ure.post_validate file is '/home/portnoy/u0/sytoanngo/ONEFlux/data/US-ARc_sample_output/12_ure/US-ARc_DT_GPP_hh_info.txt' [oneflux.pipeline.common]
2025-06-26 13:59:03.513 [DEBUG   ] Pipeline ure.post_validate file is '/home/portnoy/u0/sytoanngo/ONEFlux/data/US-ARc_sample_output/12_ure/US-ARc_DT_GPP_mm_info.txt' [oneflux.pipeline.common]
2025-06-26 13:59:03.513 [DEBUG   ] Pipeline ure.post_validate file is '/home/portnoy/u0/sytoanngo/ONEFlux/data/US-ARc_sample_output/12_ure/US-ARc_DT_GPP_ww_info.txt' [oneflux.pipeline.common]
2025-06-26 13:59:03.514 [DEBUG   ] Pipeline ure.post_validate file is '/home/portnoy/u0/sytoanngo/ONEFlux/data/US-ARc_sample_output/12_ure/US-ARc_DT_GPP_yy_info.txt' [oneflux.pipeline.common]
2025-06-26 13:59:03.514 [DEBUG   ] Pipeline ure.post_validate file is '/home/portnoy/u0/sytoanngo/ONEFlux/data/US-ARc_sample_output/12_ure/US-ARc_DT_RECO_dd_info.txt' [oneflux.pipeline.common]
2025-06-26 13:59:03.515 [DEBUG   ] Pipeline ure.post_validate file is '/home/portnoy/u0/sytoanngo/ONEFlux/data/US-ARc_sample_output/12_ure/US-ARc_DT_RECO_hh_info.txt' [oneflux.pipeline.common]
2025-06-26 13:59:03.515 [DEBUG   ] Pipeline ure.post_validate file is '/home/portnoy/u0/sytoanngo/ONEFlux/data/US-ARc_sample_output/12_ure/US-ARc_DT_RECO_mm_info.txt' [oneflux.pipeline.common]
2025-06-26 13:59:03.516 [DEBUG   ] Pipeline ure.post_validate file is '/home/portnoy/u0/sytoanngo/ONEFlux/data/US-ARc_sample_output/12_ure/US-ARc_DT_RECO_ww_info.txt' [oneflux.pipeline.common]
2025-06-26 13:59:03.516 [DEBUG   ] Pipeline ure.post_validate file is '/home/portnoy/u0/sytoanngo/ONEFlux/data/US-ARc_sample_output/12_ure/US-ARc_DT_RECO_yy_info.txt' [oneflux.pipeline.common]
2025-06-26 13:59:03.517 [DEBUG   ] Pipeline ure.post_validate file is '/home/portnoy/u0/sytoanngo/ONEFlux/data/US-ARc_sample_output/12_ure/US-ARc_NT_GPP_dd_info.txt' [oneflux.pipeline.common]
2025-06-26 13:59:03.517 [DEBUG   ] Pipeline ure.post_validate file is '/home/portnoy/u0/sytoanngo/ONEFlux/data/US-ARc_sample_output/12_ure/US-ARc_NT_GPP_hh_info.txt' [oneflux.pipeline.common]
2025-06-26 13:59:03.518 [DEBUG   ] Pipeline ure.post_validate file is '/home/portnoy/u0/sytoanngo/ONEFlux/data/US-ARc_sample_output/12_ure/US-ARc_NT_GPP_mm_info.txt' [oneflux.pipeline.common]
2025-06-26 13:59:03.518 [DEBUG   ] Pipeline ure.post_validate file is '/home/portnoy/u0/sytoanngo/ONEFlux/data/US-ARc_sample_output/12_ure/US-ARc_NT_GPP_ww_info.txt' [oneflux.pipeline.common]
2025-06-26 13:59:03.519 [DEBUG   ] Pipeline ure.post_validate file is '/home/portnoy/u0/sytoanngo/ONEFlux/data/US-ARc_sample_output/12_ure/US-ARc_NT_GPP_yy_info.txt' [oneflux.pipeline.common]
2025-06-26 13:59:03.519 [DEBUG   ] Pipeline ure.post_validate file is '/home/portnoy/u0/sytoanngo/ONEFlux/data/US-ARc_sample_output/12_ure/US-ARc_NT_RECO_dd_info.txt' [oneflux.pipeline.common]
2025-06-26 13:59:03.520 [DEBUG   ] Pipeline ure.post_validate file is '/home/portnoy/u0/sytoanngo/ONEFlux/data/US-ARc_sample_output/12_ure/US-ARc_NT_RECO_hh_info.txt' [oneflux.pipeline.common]
2025-06-26 13:59:03.520 [DEBUG   ] Pipeline ure.post_validate file is '/home/portnoy/u0/sytoanngo/ONEFlux/data/US-ARc_sample_output/12_ure/US-ARc_NT_RECO_mm_info.txt' [oneflux.pipeline.common]
2025-06-26 13:59:03.520 [DEBUG   ] Pipeline ure.post_validate file is '/home/portnoy/u0/sytoanngo/ONEFlux/data/US-ARc_sample_output/12_ure/US-ARc_NT_RECO_ww_info.txt' [oneflux.pipeline.common]
2025-06-26 13:59:03.521 [DEBUG   ] Pipeline ure.post_validate file is '/home/portnoy/u0/sytoanngo/ONEFlux/data/US-ARc_sample_output/12_ure/US-ARc_NT_RECO_yy_info.txt' [oneflux.pipeline.common]
2025-06-26 13:59:03.521 [DEBUG   ] Pipeline ure.post_validate directory is '/home/portnoy/u0/sytoanngo/ONEFlux/data/US-ARc_sample_output/12_ure' [oneflux.pipeline.common]
2025-06-26 13:59:03.522 [WARNING ] Pipeline ure.post_validate file with pattern 'US-ARc_DT_GPP_mef_matrix_dd_c_????_????.csv' not found in '/home/portnoy/u0/sytoanngo/ONEFlux/data/US-ARc_sample_output/12_ure' [oneflux.pipeline.common]
2025-06-26 13:59:03.523 [DEBUG   ] Pipeline ure.post_validate directory is '/home/portnoy/u0/sytoanngo/ONEFlux/data/US-ARc_sample_output/12_ure' [oneflux.pipeline.common]
2025-06-26 13:59:03.524 [DEBUG   ] Pipeline ure.post_validate in '/home/portnoy/u0/sytoanngo/ONEFlux/data/US-ARc_sample_output/12_ure' found file pattern 'US-ARc_DT_GPP_mef_matrix_dd_y_????_????.csv' (1 occurrences): ['US-ARc_DT_GPP_mef_matrix_dd_y_2005_2006.csv'] [oneflux.pipeline.common]
2025-06-26 13:59:03.524 [DEBUG   ] Pipeline ure.post_validate directory is '/home/portnoy/u0/sytoanngo/ONEFlux/data/US-ARc_sample_output/12_ure' [oneflux.pipeline.common]
2025-06-26 13:59:03.525 [WARNING ] Pipeline ure.post_validate file with pattern 'US-ARc_DT_GPP_mef_matrix_hh_c_????_????.csv' not found in '/home/portnoy/u0/sytoanngo/ONEFlux/data/US-ARc_sample_output/12_ure' [oneflux.pipeline.common]
2025-06-26 13:59:03.525 [DEBUG   ] Pipeline ure.post_validate directory is '/home/portnoy/u0/sytoanngo/ONEFlux/data/US-ARc_sample_output/12_ure' [oneflux.pipeline.common]
2025-06-26 13:59:03.526 [DEBUG   ] Pipeline ure.post_validate in '/home/portnoy/u0/sytoanngo/ONEFlux/data/US-ARc_sample_output/12_ure' found file pattern 'US-ARc_DT_GPP_mef_matrix_hh_y_????_????.csv' (1 occurrences): ['US-ARc_DT_GPP_mef_matrix_hh_y_2005_2006.csv'] [oneflux.pipeline.common]
2025-06-26 13:59:03.526 [DEBUG   ] Pipeline ure.post_validate directory is '/home/portnoy/u0/sytoanngo/ONEFlux/data/US-ARc_sample_output/12_ure' [oneflux.pipeline.common]
2025-06-26 13:59:03.527 [WARNING ] Pipeline ure.post_validate file with pattern 'US-ARc_DT_GPP_mef_matrix_mm_c_????_????.csv' not found in '/home/portnoy/u0/sytoanngo/ONEFlux/data/US-ARc_sample_output/12_ure' [oneflux.pipeline.common]
2025-06-26 13:59:03.528 [DEBUG   ] Pipeline ure.post_validate directory is '/home/portnoy/u0/sytoanngo/ONEFlux/data/US-ARc_sample_output/12_ure' [oneflux.pipeline.common]
2025-06-26 13:59:03.529 [DEBUG   ] Pipeline ure.post_validate in '/home/portnoy/u0/sytoanngo/ONEFlux/data/US-ARc_sample_output/12_ure' found file pattern 'US-ARc_DT_GPP_mef_matrix_mm_y_????_????.csv' (1 occurrences): ['US-ARc_DT_GPP_mef_matrix_mm_y_2005_2006.csv'] [oneflux.pipeline.common]
2025-06-26 13:59:03.529 [DEBUG   ] Pipeline ure.post_validate directory is '/home/portnoy/u0/sytoanngo/ONEFlux/data/US-ARc_sample_output/12_ure' [oneflux.pipeline.common]
2025-06-26 13:59:03.530 [WARNING ] Pipeline ure.post_validate file with pattern 'US-ARc_DT_GPP_mef_matrix_ww_c_????_????.csv' not found in '/home/portnoy/u0/sytoanngo/ONEFlux/data/US-ARc_sample_output/12_ure' [oneflux.pipeline.common]
2025-06-26 13:59:03.530 [DEBUG   ] Pipeline ure.post_validate directory is '/home/portnoy/u0/sytoanngo/ONEFlux/data/US-ARc_sample_output/12_ure' [oneflux.pipeline.common]
2025-06-26 13:59:03.531 [DEBUG   ] Pipeline ure.post_validate in '/home/portnoy/u0/sytoanngo/ONEFlux/data/US-ARc_sample_output/12_ure' found file pattern 'US-ARc_DT_GPP_mef_matrix_ww_y_????_????.csv' (1 occurrences): ['US-ARc_DT_GPP_mef_matrix_ww_y_2005_2006.csv'] [oneflux.pipeline.common]
2025-06-26 13:59:03.531 [DEBUG   ] Pipeline ure.post_validate directory is '/home/portnoy/u0/sytoanngo/ONEFlux/data/US-ARc_sample_output/12_ure' [oneflux.pipeline.common]
2025-06-26 13:59:03.532 [WARNING ] Pipeline ure.post_validate file with pattern 'US-ARc_DT_GPP_mef_matrix_yy_c_????_????.csv' not found in '/home/portnoy/u0/sytoanngo/ONEFlux/data/US-ARc_sample_output/12_ure' [oneflux.pipeline.common]
2025-06-26 13:59:03.532 [DEBUG   ] Pipeline ure.post_validate directory is '/home/portnoy/u0/sytoanngo/ONEFlux/data/US-ARc_sample_output/12_ure' [oneflux.pipeline.common]
2025-06-26 13:59:03.534 [DEBUG   ] Pipeline ure.post_validate in '/home/portnoy/u0/sytoanngo/ONEFlux/data/US-ARc_sample_output/12_ure' found file pattern 'US-ARc_DT_GPP_mef_matrix_yy_y_????_????.csv' (1 occurrences): ['US-ARc_DT_GPP_mef_matrix_yy_y_2005_2006.csv'] [oneflux.pipeline.common]
2025-06-26 13:59:03.534 [DEBUG   ] Pipeline ure.post_validate directory is '/home/portnoy/u0/sytoanngo/ONEFlux/data/US-ARc_sample_output/12_ure' [oneflux.pipeline.common]
2025-06-26 13:59:03.535 [WARNING ] Pipeline ure.post_validate file with pattern 'US-ARc_DT_RECO_mef_matrix_dd_c_????_????.csv' not found in '/home/portnoy/u0/sytoanngo/ONEFlux/data/US-ARc_sample_output/12_ure' [oneflux.pipeline.common]
2025-06-26 13:59:03.535 [DEBUG   ] Pipeline ure.post_validate directory is '/home/portnoy/u0/sytoanngo/ONEFlux/data/US-ARc_sample_output/12_ure' [oneflux.pipeline.common]
2025-06-26 13:59:03.536 [DEBUG   ] Pipeline ure.post_validate in '/home/portnoy/u0/sytoanngo/ONEFlux/data/US-ARc_sample_output/12_ure' found file pattern 'US-ARc_DT_RECO_mef_matrix_dd_y_????_????.csv' (1 occurrences): ['US-ARc_DT_RECO_mef_matrix_dd_y_2005_2006.csv'] [oneflux.pipeline.common]
2025-06-26 13:59:03.536 [DEBUG   ] Pipeline ure.post_validate directory is '/home/portnoy/u0/sytoanngo/ONEFlux/data/US-ARc_sample_output/12_ure' [oneflux.pipeline.common]
2025-06-26 13:59:03.537 [WARNING ] Pipeline ure.post_validate file with pattern 'US-ARc_DT_RECO_mef_matrix_hh_c_????_????.csv' not found in '/home/portnoy/u0/sytoanngo/ONEFlux/data/US-ARc_sample_output/12_ure' [oneflux.pipeline.common]
2025-06-26 13:59:03.537 [DEBUG   ] Pipeline ure.post_validate directory is '/home/portnoy/u0/sytoanngo/ONEFlux/data/US-ARc_sample_output/12_ure' [oneflux.pipeline.common]
2025-06-26 13:59:03.538 [DEBUG   ] Pipeline ure.post_validate in '/home/portnoy/u0/sytoanngo/ONEFlux/data/US-ARc_sample_output/12_ure' found file pattern 'US-ARc_DT_RECO_mef_matrix_hh_y_????_????.csv' (1 occurrences): ['US-ARc_DT_RECO_mef_matrix_hh_y_2005_2006.csv'] [oneflux.pipeline.common]
2025-06-26 13:59:03.539 [DEBUG   ] Pipeline ure.post_validate directory is '/home/portnoy/u0/sytoanngo/ONEFlux/data/US-ARc_sample_output/12_ure' [oneflux.pipeline.common]
2025-06-26 13:59:03.540 [WARNING ] Pipeline ure.post_validate file with pattern 'US-ARc_DT_RECO_mef_matrix_mm_c_????_????.csv' not found in '/home/portnoy/u0/sytoanngo/ONEFlux/data/US-ARc_sample_output/12_ure' [oneflux.pipeline.common]
2025-06-26 13:59:03.540 [DEBUG   ] Pipeline ure.post_validate directory is '/home/portnoy/u0/sytoanngo/ONEFlux/data/US-ARc_sample_output/12_ure' [oneflux.pipeline.common]
2025-06-26 13:59:03.541 [DEBUG   ] Pipeline ure.post_validate in '/home/portnoy/u0/sytoanngo/ONEFlux/data/US-ARc_sample_output/12_ure' found file pattern 'US-ARc_DT_RECO_mef_matrix_mm_y_????_????.csv' (1 occurrences): ['US-ARc_DT_RECO_mef_matrix_mm_y_2005_2006.csv'] [oneflux.pipeline.common]
2025-06-26 13:59:03.541 [DEBUG   ] Pipeline ure.post_validate directory is '/home/portnoy/u0/sytoanngo/ONEFlux/data/US-ARc_sample_output/12_ure' [oneflux.pipeline.common]
2025-06-26 13:59:03.542 [WARNING ] Pipeline ure.post_validate file with pattern 'US-ARc_DT_RECO_mef_matrix_ww_c_????_????.csv' not found in '/home/portnoy/u0/sytoanngo/ONEFlux/data/US-ARc_sample_output/12_ure' [oneflux.pipeline.common]
2025-06-26 13:59:03.542 [DEBUG   ] Pipeline ure.post_validate directory is '/home/portnoy/u0/sytoanngo/ONEFlux/data/US-ARc_sample_output/12_ure' [oneflux.pipeline.common]
2025-06-26 13:59:03.543 [DEBUG   ] Pipeline ure.post_validate in '/home/portnoy/u0/sytoanngo/ONEFlux/data/US-ARc_sample_output/12_ure' found file pattern 'US-ARc_DT_RECO_mef_matrix_ww_y_????_????.csv' (1 occurrences): ['US-ARc_DT_RECO_mef_matrix_ww_y_2005_2006.csv'] [oneflux.pipeline.common]
2025-06-26 13:59:03.544 [DEBUG   ] Pipeline ure.post_validate directory is '/home/portnoy/u0/sytoanngo/ONEFlux/data/US-ARc_sample_output/12_ure' [oneflux.pipeline.common]
2025-06-26 13:59:03.545 [WARNING ] Pipeline ure.post_validate file with pattern 'US-ARc_DT_RECO_mef_matrix_yy_c_????_????.csv' not found in '/home/portnoy/u0/sytoanngo/ONEFlux/data/US-ARc_sample_output/12_ure' [oneflux.pipeline.common]
2025-06-26 13:59:03.545 [DEBUG   ] Pipeline ure.post_validate directory is '/home/portnoy/u0/sytoanngo/ONEFlux/data/US-ARc_sample_output/12_ure' [oneflux.pipeline.common]
2025-06-26 13:59:03.546 [DEBUG   ] Pipeline ure.post_validate in '/home/portnoy/u0/sytoanngo/ONEFlux/data/US-ARc_sample_output/12_ure' found file pattern 'US-ARc_DT_RECO_mef_matrix_yy_y_????_????.csv' (1 occurrences): ['US-ARc_DT_RECO_mef_matrix_yy_y_2005_2006.csv'] [oneflux.pipeline.common]
2025-06-26 13:59:03.546 [DEBUG   ] Pipeline ure.post_validate directory is '/home/portnoy/u0/sytoanngo/ONEFlux/data/US-ARc_sample_output/12_ure' [oneflux.pipeline.common]
2025-06-26 13:59:03.547 [WARNING ] Pipeline ure.post_validate file with pattern 'US-ARc_NT_GPP_mef_matrix_dd_c_????_????.csv' not found in '/home/portnoy/u0/sytoanngo/ONEFlux/data/US-ARc_sample_output/12_ure' [oneflux.pipeline.common]
2025-06-26 13:59:03.547 [DEBUG   ] Pipeline ure.post_validate directory is '/home/portnoy/u0/sytoanngo/ONEFlux/data/US-ARc_sample_output/12_ure' [oneflux.pipeline.common]
2025-06-26 13:59:03.548 [DEBUG   ] Pipeline ure.post_validate in '/home/portnoy/u0/sytoanngo/ONEFlux/data/US-ARc_sample_output/12_ure' found file pattern 'US-ARc_NT_GPP_mef_matrix_dd_y_????_????.csv' (1 occurrences): ['US-ARc_NT_GPP_mef_matrix_dd_y_2005_2006.csv'] [oneflux.pipeline.common]
2025-06-26 13:59:03.549 [DEBUG   ] Pipeline ure.post_validate directory is '/home/portnoy/u0/sytoanngo/ONEFlux/data/US-ARc_sample_output/12_ure' [oneflux.pipeline.common]
2025-06-26 13:59:03.550 [WARNING ] Pipeline ure.post_validate file with pattern 'US-ARc_NT_GPP_mef_matrix_hh_c_????_????.csv' not found in '/home/portnoy/u0/sytoanngo/ONEFlux/data/US-ARc_sample_output/12_ure' [oneflux.pipeline.common]
2025-06-26 13:59:03.550 [DEBUG   ] Pipeline ure.post_validate directory is '/home/portnoy/u0/sytoanngo/ONEFlux/data/US-ARc_sample_output/12_ure' [oneflux.pipeline.common]
2025-06-26 13:59:03.551 [DEBUG   ] Pipeline ure.post_validate in '/home/portnoy/u0/sytoanngo/ONEFlux/data/US-ARc_sample_output/12_ure' found file pattern 'US-ARc_NT_GPP_mef_matrix_hh_y_????_????.csv' (1 occurrences): ['US-ARc_NT_GPP_mef_matrix_hh_y_2005_2006.csv'] [oneflux.pipeline.common]
2025-06-26 13:59:03.551 [DEBUG   ] Pipeline ure.post_validate directory is '/home/portnoy/u0/sytoanngo/ONEFlux/data/US-ARc_sample_output/12_ure' [oneflux.pipeline.common]
2025-06-26 13:59:03.552 [WARNING ] Pipeline ure.post_validate file with pattern 'US-ARc_NT_GPP_mef_matrix_mm_c_????_????.csv' not found in '/home/portnoy/u0/sytoanngo/ONEFlux/data/US-ARc_sample_output/12_ure' [oneflux.pipeline.common]
2025-06-26 13:59:03.552 [DEBUG   ] Pipeline ure.post_validate directory is '/home/portnoy/u0/sytoanngo/ONEFlux/data/US-ARc_sample_output/12_ure' [oneflux.pipeline.common]
2025-06-26 13:59:03.553 [DEBUG   ] Pipeline ure.post_validate in '/home/portnoy/u0/sytoanngo/ONEFlux/data/US-ARc_sample_output/12_ure' found file pattern 'US-ARc_NT_GPP_mef_matrix_mm_y_????_????.csv' (1 occurrences): ['US-ARc_NT_GPP_mef_matrix_mm_y_2005_2006.csv'] [oneflux.pipeline.common]
2025-06-26 13:59:03.553 [DEBUG   ] Pipeline ure.post_validate directory is '/home/portnoy/u0/sytoanngo/ONEFlux/data/US-ARc_sample_output/12_ure' [oneflux.pipeline.common]
2025-06-26 13:59:03.555 [WARNING ] Pipeline ure.post_validate file with pattern 'US-ARc_NT_GPP_mef_matrix_ww_c_????_????.csv' not found in '/home/portnoy/u0/sytoanngo/ONEFlux/data/US-ARc_sample_output/12_ure' [oneflux.pipeline.common]
2025-06-26 13:59:03.555 [DEBUG   ] Pipeline ure.post_validate directory is '/home/portnoy/u0/sytoanngo/ONEFlux/data/US-ARc_sample_output/12_ure' [oneflux.pipeline.common]
2025-06-26 13:59:03.556 [DEBUG   ] Pipeline ure.post_validate in '/home/portnoy/u0/sytoanngo/ONEFlux/data/US-ARc_sample_output/12_ure' found file pattern 'US-ARc_NT_GPP_mef_matrix_ww_y_????_????.csv' (1 occurrences): ['US-ARc_NT_GPP_mef_matrix_ww_y_2005_2006.csv'] [oneflux.pipeline.common]
2025-06-26 13:59:03.556 [DEBUG   ] Pipeline ure.post_validate directory is '/home/portnoy/u0/sytoanngo/ONEFlux/data/US-ARc_sample_output/12_ure' [oneflux.pipeline.common]
2025-06-26 13:59:03.557 [WARNING ] Pipeline ure.post_validate file with pattern 'US-ARc_NT_GPP_mef_matrix_yy_c_????_????.csv' not found in '/home/portnoy/u0/sytoanngo/ONEFlux/data/US-ARc_sample_output/12_ure' [oneflux.pipeline.common]
2025-06-26 13:59:03.557 [DEBUG   ] Pipeline ure.post_validate directory is '/home/portnoy/u0/sytoanngo/ONEFlux/data/US-ARc_sample_output/12_ure' [oneflux.pipeline.common]
2025-06-26 13:59:03.558 [DEBUG   ] Pipeline ure.post_validate in '/home/portnoy/u0/sytoanngo/ONEFlux/data/US-ARc_sample_output/12_ure' found file pattern 'US-ARc_NT_GPP_mef_matrix_yy_y_????_????.csv' (1 occurrences): ['US-ARc_NT_GPP_mef_matrix_yy_y_2005_2006.csv'] [oneflux.pipeline.common]
2025-06-26 13:59:03.558 [DEBUG   ] Pipeline ure.post_validate directory is '/home/portnoy/u0/sytoanngo/ONEFlux/data/US-ARc_sample_output/12_ure' [oneflux.pipeline.common]
2025-06-26 13:59:03.559 [WARNING ] Pipeline ure.post_validate file with pattern 'US-ARc_NT_RECO_mef_matrix_dd_c_????_????.csv' not found in '/home/portnoy/u0/sytoanngo/ONEFlux/data/US-ARc_sample_output/12_ure' [oneflux.pipeline.common]
2025-06-26 13:59:03.559 [DEBUG   ] Pipeline ure.post_validate directory is '/home/portnoy/u0/sytoanngo/ONEFlux/data/US-ARc_sample_output/12_ure' [oneflux.pipeline.common]
2025-06-26 13:59:03.561 [DEBUG   ] Pipeline ure.post_validate in '/home/portnoy/u0/sytoanngo/ONEFlux/data/US-ARc_sample_output/12_ure' found file pattern 'US-ARc_NT_RECO_mef_matrix_dd_y_????_????.csv' (1 occurrences): ['US-ARc_NT_RECO_mef_matrix_dd_y_2005_2006.csv'] [oneflux.pipeline.common]
2025-06-26 13:59:03.561 [DEBUG   ] Pipeline ure.post_validate directory is '/home/portnoy/u0/sytoanngo/ONEFlux/data/US-ARc_sample_output/12_ure' [oneflux.pipeline.common]
2025-06-26 13:59:03.562 [WARNING ] Pipeline ure.post_validate file with pattern 'US-ARc_NT_RECO_mef_matrix_hh_c_????_????.csv' not found in '/home/portnoy/u0/sytoanngo/ONEFlux/data/US-ARc_sample_output/12_ure' [oneflux.pipeline.common]
2025-06-26 13:59:03.562 [DEBUG   ] Pipeline ure.post_validate directory is '/home/portnoy/u0/sytoanngo/ONEFlux/data/US-ARc_sample_output/12_ure' [oneflux.pipeline.common]
2025-06-26 13:59:03.563 [DEBUG   ] Pipeline ure.post_validate in '/home/portnoy/u0/sytoanngo/ONEFlux/data/US-ARc_sample_output/12_ure' found file pattern 'US-ARc_NT_RECO_mef_matrix_hh_y_????_????.csv' (1 occurrences): ['US-ARc_NT_RECO_mef_matrix_hh_y_2005_2006.csv'] [oneflux.pipeline.common]
2025-06-26 13:59:03.563 [DEBUG   ] Pipeline ure.post_validate directory is '/home/portnoy/u0/sytoanngo/ONEFlux/data/US-ARc_sample_output/12_ure' [oneflux.pipeline.common]
2025-06-26 13:59:03.564 [WARNING ] Pipeline ure.post_validate file with pattern 'US-ARc_NT_RECO_mef_matrix_mm_c_????_????.csv' not found in '/home/portnoy/u0/sytoanngo/ONEFlux/data/US-ARc_sample_output/12_ure' [oneflux.pipeline.common]
2025-06-26 13:59:03.564 [DEBUG   ] Pipeline ure.post_validate directory is '/home/portnoy/u0/sytoanngo/ONEFlux/data/US-ARc_sample_output/12_ure' [oneflux.pipeline.common]
2025-06-26 13:59:03.565 [DEBUG   ] Pipeline ure.post_validate in '/home/portnoy/u0/sytoanngo/ONEFlux/data/US-ARc_sample_output/12_ure' found file pattern 'US-ARc_NT_RECO_mef_matrix_mm_y_????_????.csv' (1 occurrences): ['US-ARc_NT_RECO_mef_matrix_mm_y_2005_2006.csv'] [oneflux.pipeline.common]
2025-06-26 13:59:03.566 [DEBUG   ] Pipeline ure.post_validate directory is '/home/portnoy/u0/sytoanngo/ONEFlux/data/US-ARc_sample_output/12_ure' [oneflux.pipeline.common]
2025-06-26 13:59:03.567 [WARNING ] Pipeline ure.post_validate file with pattern 'US-ARc_NT_RECO_mef_matrix_ww_c_????_????.csv' not found in '/home/portnoy/u0/sytoanngo/ONEFlux/data/US-ARc_sample_output/12_ure' [oneflux.pipeline.common]
2025-06-26 13:59:03.567 [DEBUG   ] Pipeline ure.post_validate directory is '/home/portnoy/u0/sytoanngo/ONEFlux/data/US-ARc_sample_output/12_ure' [oneflux.pipeline.common]
2025-06-26 13:59:03.568 [DEBUG   ] Pipeline ure.post_validate in '/home/portnoy/u0/sytoanngo/ONEFlux/data/US-ARc_sample_output/12_ure' found file pattern 'US-ARc_NT_RECO_mef_matrix_ww_y_????_????.csv' (1 occurrences): ['US-ARc_NT_RECO_mef_matrix_ww_y_2005_2006.csv'] [oneflux.pipeline.common]
2025-06-26 13:59:03.568 [DEBUG   ] Pipeline ure.post_validate directory is '/home/portnoy/u0/sytoanngo/ONEFlux/data/US-ARc_sample_output/12_ure' [oneflux.pipeline.common]
2025-06-26 13:59:03.569 [WARNING ] Pipeline ure.post_validate file with pattern 'US-ARc_NT_RECO_mef_matrix_yy_c_????_????.csv' not found in '/home/portnoy/u0/sytoanngo/ONEFlux/data/US-ARc_sample_output/12_ure' [oneflux.pipeline.common]
2025-06-26 13:59:03.569 [DEBUG   ] Pipeline ure.post_validate directory is '/home/portnoy/u0/sytoanngo/ONEFlux/data/US-ARc_sample_output/12_ure' [oneflux.pipeline.common]
2025-06-26 13:59:03.570 [DEBUG   ] Pipeline ure.post_validate in '/home/portnoy/u0/sytoanngo/ONEFlux/data/US-ARc_sample_output/12_ure' found file pattern 'US-ARc_NT_RECO_mef_matrix_yy_y_????_????.csv' (1 occurrences): ['US-ARc_NT_RECO_mef_matrix_yy_y_2005_2006.csv'] [oneflux.pipeline.common]
2025-06-26 13:59:03.585 [DEBUG   ] Pipeline fluxnet2015.run moved directory '/home/portnoy/u0/sytoanngo/ONEFlux/data/US-ARc_sample_output/99_fluxnet2015' to '/home/portnoy/u0/sytoanngo/ONEFlux/data/US-ARc_sample_output/99_fluxnet2015__rocky_run20250626T135903' [oneflux.pipeline.common]
2025-06-26 13:59:03.585 [DEBUG   ] Created '/home/portnoy/u0/sytoanngo/ONEFlux/data/US-ARc_sample_output/99_fluxnet2015' [oneflux.pipeline.common]
2025-06-26 13:59:03.586 [INFO    ] Execution command oneflux.pipeline.site_data_product.run_site [oneflux.pipeline.wrappers]
2025-06-26 13:59:03.586 [DEBUG   ] Processing 'hh' resolution [oneflux.pipeline.site_data_product]
2025-06-26 13:59:03.586 [DEBUG   ] Loading meteo/hh file: /home/portnoy/u0/sytoanngo/ONEFlux/data/US-ARc_sample_output/07_meteo_proc/US-ARc_meteo_hh.csv [oneflux.pipeline.site_data_product]
2025-06-26 13:59:30.746 [INFO    ] Checking range of values for SWC (US-ARc) [oneflux.pipeline.site_data_product]
2025-06-26 13:59:30.747 [DEBUG   ] Found 1 SWC variables (['SWC_1_f']) for US-ARc, checking ranges [oneflux.pipeline.site_data_product]
2025-06-26 13:59:33.501 [DEBUG   ] SWC variable 'SWC_1_f' stats (US-ARc, 2005): negative_count=0  min=11.57  max=45.191 [oneflux.pipeline.site_data_product]
2025-06-26 13:59:33.656 [DEBUG   ] SWC variable 'SWC_1_f' stats (US-ARc, 2006): negative_count=0  min=10.865  max=34.305 [oneflux.pipeline.site_data_product]
2025-06-26 13:59:34.886 [DEBUG   ] Done with checking SWC vars for US-ARc [oneflux.pipeline.site_data_product]
2025-06-26 13:59:34.886 [DEBUG   ] Loading nee/hh file: /home/portnoy/u0/sytoanngo/ONEFlux/data/US-ARc_sample_output/08_nee_proc/US-ARc_NEE_hh.csv [oneflux.pipeline.site_data_product]
2025-06-26 13:59:36.336 [DEBUG   ] Loading energy/hh file: /home/portnoy/u0/sytoanngo/ONEFlux/data/US-ARc_sample_output/09_energy_proc/US-ARc_energy_hh.csv [oneflux.pipeline.site_data_product]
2025-06-26 13:59:37.463 [INFO    ] Skipping SR_RECO, file not found: /home/portnoy/u0/sytoanngo/ONEFlux/data/US-ARc_sample_output/12_ure/US-ARc_SR_RECO_hh.csv [oneflux.pipeline.site_data_product]
2025-06-26 13:59:37.463 [DEBUG   ] Loading partitioning/hh file: /home/portnoy/u0/sytoanngo/ONEFlux/data/US-ARc_sample_output/12_ure/US-ARc_DT_RECO_hh.csv [oneflux.pipeline.site_data_product]
2025-06-26 13:59:38.127 [DEBUG   ] Loading partitioning/hh file: /home/portnoy/u0/sytoanngo/ONEFlux/data/US-ARc_sample_output/12_ure/US-ARc_DT_GPP_hh.csv [oneflux.pipeline.site_data_product]
2025-06-26 13:59:38.724 [DEBUG   ] Loading partitioning/hh file: /home/portnoy/u0/sytoanngo/ONEFlux/data/US-ARc_sample_output/12_ure/US-ARc_NT_RECO_hh.csv [oneflux.pipeline.site_data_product]
2025-06-26 13:59:39.378 [DEBUG   ] Loading partitioning/hh file: /home/portnoy/u0/sytoanngo/ONEFlux/data/US-ARc_sample_output/12_ure/US-ARc_NT_GPP_hh.csv [oneflux.pipeline.site_data_product]
2025-06-26 13:59:40.060 [DEBUG   ] US-ARc: SR RECO file headers: ('TIMESTAMP_START', 'TIMESTAMP_END', 'RECO', 'RECO_n') [oneflux.pipeline.site_data_product]
2025-06-26 13:59:40.108 [DEBUG   ] Merged UNC headers: ('TIMESTAMP_START', 'TIMESTAMP_END', 'DT_RECO_ref_y', 'DT_RECO_ust50_y', 'DT_RECO_mean_y', 'DT_RECO_SE_y', 'DT_RECO_05_y', 'DT_RECO_16_y', 'DT_RECO_25_y', 'DT_RECO_50_y', 'DT_RECO_75_y', 'DT_RECO_84_y', 'DT_RECO_95_y', 'DT_GPP_ref_y', 'DT_GPP_ust50_y', 'DT_GPP_mean_y', 'DT_GPP_SE_y', 'DT_GPP_05_y', 'DT_GPP_16_y', 'DT_GPP_25_y', 'DT_GPP_50_y', 'DT_GPP_75_y', 'DT_GPP_84_y', 'DT_GPP_95_y', 'NT_RECO_ref_y', 'NT_RECO_ust50_y', 'NT_RECO_mean_y', 'NT_RECO_SE_y', 'NT_RECO_05_y', 'NT_RECO_16_y', 'NT_RECO_25_y', 'NT_RECO_50_y', 'NT_RECO_75_y', 'NT_RECO_84_y', 'NT_RECO_95_y', 'NT_GPP_ref_y', 'NT_GPP_ust50_y', 'NT_GPP_mean_y', 'NT_GPP_SE_y', 'NT_GPP_05_y', 'NT_GPP_16_y', 'NT_GPP_25_y', 'NT_GPP_50_y', 'NT_GPP_75_y', 'NT_GPP_84_y', 'NT_GPP_95_y', 'SR_RECO', 'SR_RECO_n') [oneflux.pipeline.site_data_product]
2025-06-26 13:59:40.203 [INFO    ] METEO number of records differs from ENERGY, assuming complete meteo and removing extra records [oneflux.pipeline.site_data_product]
2025-06-26 13:59:41.681 [DEBUG   ] Time slice results for 2005-2006: a[280512]=200501010000  a[315551]=200612312330 [oneflux.pipeline.site_data_product]
2025-06-26 13:59:41.685 [DEBUG   ] US-ARc: updating names for meteo data [oneflux.pipeline.site_data_product]
2025-06-26 13:59:41.685 [WARNING ] Unknown variable removed: 'DTIME' [oneflux.pipeline.site_data_product]
2025-06-26 13:59:41.704 [DEBUG   ] US-ARc: updating names for full meteo data [oneflux.pipeline.site_data_product]
2025-06-26 13:59:41.705 [WARNING ] Unknown variable removed: 'DTIME' [oneflux.pipeline.site_data_product]
2025-06-26 13:59:41.883 [DEBUG   ] US-ARc: updating names for energy data [oneflux.pipeline.site_data_product]
2025-06-26 13:59:41.883 [WARNING ] Unknown variable removed: 'DTIME' [oneflux.pipeline.site_data_product]
2025-06-26 13:59:41.889 [DEBUG   ] US-ARc: updating names for nee data [oneflux.pipeline.site_data_product]
2025-06-26 13:59:41.889 [WARNING ] Unknown variable removed: 'DTIME' [oneflux.pipeline.site_data_product]
2025-06-26 13:59:41.899 [DEBUG   ] US-ARc: updating names for unc data [oneflux.pipeline.site_data_product]
2025-06-26 13:59:42.058 [DEBUG   ] Pipeline gen_data_products_site directory is '/home/portnoy/u0/sytoanngo/ONEFlux/data/US-ARc_sample_output/01_qc_visual/qcv_files' [oneflux.pipeline.common]
2025-06-26 13:59:42.059 [DEBUG   ] Pipeline gen_data_products_site in '/home/portnoy/u0/sytoanngo/ONEFlux/data/US-ARc_sample_output/01_qc_visual/qcv_files' found file pattern '*_qcv_*.csv' (2 occurrences): ['US-ARc_qcv_2005.csv', 'US-ARc_qcv_2006.csv'] [oneflux.pipeline.common]
2025-06-26 13:59:42.059 [DEBUG   ] Loading qc-data/hh file: /home/portnoy/u0/sytoanngo/ONEFlux/data/US-ARc_sample_output/01_qc_visual/qcv_files/US-ARc_qcv_2005.csv [oneflux.pipeline.site_data_product]
2025-06-26 13:59:42.555 [DEBUG   ] Loading qc-data/hh file: /home/portnoy/u0/sytoanngo/ONEFlux/data/US-ARc_sample_output/01_qc_visual/qcv_files/US-ARc_qcv_2006.csv [oneflux.pipeline.site_data_product]
2025-06-26 13:59:43.055 [DEBUG   ] US-ARc: updating names for qc data [oneflux.pipeline.site_data_product]
2025-06-26 13:59:43.055 [WARNING ] Unknown QC variable removed: 'NEE_pi' [oneflux.pipeline.site_data_product]
2025-06-26 13:59:43.172 [DEBUG   ] Aggregating daily DD QC Data [oneflux.pipeline.site_data_product]
2025-06-26 13:59:43.173 [DEBUG   ] Aggregating day 0 [oneflux.pipeline.site_data_product]
2025-06-26 13:59:46.585 [DEBUG   ] Aggregating day 300 [oneflux.pipeline.site_data_product]
2025-06-26 13:59:49.882 [DEBUG   ] Aggregating day 600 [oneflux.pipeline.site_data_product]
2025-06-26 13:59:51.304 [DEBUG   ] Aggregating weekly WW QC Data [oneflux.pipeline.site_data_product]
2025-06-26 13:59:51.331 [DEBUG   ] Aggregating monthly MM QC Data [oneflux.pipeline.site_data_product]
2025-06-26 13:59:51.341 [DEBUG   ] Aggregating yearly YY QC Data [oneflux.pipeline.site_data_product]
2025-06-26 13:59:51.343 [INFO    ] Saving Tier 2 FULLSET CSV file: /home/portnoy/u0/sytoanngo/ONEFlux/data/US-ARc_sample_output/99_fluxnet2015/FLX_US-ARc_FLUXNET2015_FULLSET_HH_2005-2006_beta-5.csv [oneflux.pipeline.site_data_product]
2025-06-26 13:59:51.401 [DEBUG   ] Writing /home/portnoy/u0/sytoanngo/ONEFlux/data/US-ARc_sample_output/99_fluxnet2015/FLX_US-ARc_FLUXNET2015_FULLSET_HH_2005-2006_beta-5.csv: line 0 [oneflux.pipeline.site_data_product]
2025-06-26 13:59:51.753 [DEBUG   ] Writing /home/portnoy/u0/sytoanngo/ONEFlux/data/US-ARc_sample_output/99_fluxnet2015/FLX_US-ARc_FLUXNET2015_FULLSET_HH_2005-2006_beta-5.csv: line 1000 [oneflux.pipeline.site_data_product]
2025-06-26 13:59:52.105 [DEBUG   ] Writing /home/portnoy/u0/sytoanngo/ONEFlux/data/US-ARc_sample_output/99_fluxnet2015/FLX_US-ARc_FLUXNET2015_FULLSET_HH_2005-2006_beta-5.csv: line 2000 [oneflux.pipeline.site_data_product]
2025-06-26 13:59:52.488 [DEBUG   ] Writing /home/portnoy/u0/sytoanngo/ONEFlux/data/US-ARc_sample_output/99_fluxnet2015/FLX_US-ARc_FLUXNET2015_FULLSET_HH_2005-2006_beta-5.csv: line 3000 [oneflux.pipeline.site_data_product]
2025-06-26 13:59:52.914 [DEBUG   ] Writing /home/portnoy/u0/sytoanngo/ONEFlux/data/US-ARc_sample_output/99_fluxnet2015/FLX_US-ARc_FLUXNET2015_FULLSET_HH_2005-2006_beta-5.csv: line 4000 [oneflux.pipeline.site_data_product]
2025-06-26 13:59:53.344 [DEBUG   ] Writing /home/portnoy/u0/sytoanngo/ONEFlux/data/US-ARc_sample_output/99_fluxnet2015/FLX_US-ARc_FLUXNET2015_FULLSET_HH_2005-2006_beta-5.csv: line 5000 [oneflux.pipeline.site_data_product]
2025-06-26 13:59:53.751 [DEBUG   ] Writing /home/portnoy/u0/sytoanngo/ONEFlux/data/US-ARc_sample_output/99_fluxnet2015/FLX_US-ARc_FLUXNET2015_FULLSET_HH_2005-2006_beta-5.csv: line 6000 [oneflux.pipeline.site_data_product]
2025-06-26 13:59:54.151 [DEBUG   ] Writing /home/portnoy/u0/sytoanngo/ONEFlux/data/US-ARc_sample_output/99_fluxnet2015/FLX_US-ARc_FLUXNET2015_FULLSET_HH_2005-2006_beta-5.csv: line 7000 [oneflux.pipeline.site_data_product]
2025-06-26 13:59:54.551 [DEBUG   ] Writing /home/portnoy/u0/sytoanngo/ONEFlux/data/US-ARc_sample_output/99_fluxnet2015/FLX_US-ARc_FLUXNET2015_FULLSET_HH_2005-2006_beta-5.csv: line 8000 [oneflux.pipeline.site_data_product]
2025-06-26 13:59:54.953 [DEBUG   ] Writing /home/portnoy/u0/sytoanngo/ONEFlux/data/US-ARc_sample_output/99_fluxnet2015/FLX_US-ARc_FLUXNET2015_FULLSET_HH_2005-2006_beta-5.csv: line 9000 [oneflux.pipeline.site_data_product]
2025-06-26 13:59:55.384 [DEBUG   ] Writing /home/portnoy/u0/sytoanngo/ONEFlux/data/US-ARc_sample_output/99_fluxnet2015/FLX_US-ARc_FLUXNET2015_FULLSET_HH_2005-2006_beta-5.csv: line 10000 [oneflux.pipeline.site_data_product]
2025-06-26 13:59:55.814 [DEBUG   ] Writing /home/portnoy/u0/sytoanngo/ONEFlux/data/US-ARc_sample_output/99_fluxnet2015/FLX_US-ARc_FLUXNET2015_FULLSET_HH_2005-2006_beta-5.csv: line 11000 [oneflux.pipeline.site_data_product]
2025-06-26 13:59:56.244 [DEBUG   ] Writing /home/portnoy/u0/sytoanngo/ONEFlux/data/US-ARc_sample_output/99_fluxnet2015/FLX_US-ARc_FLUXNET2015_FULLSET_HH_2005-2006_beta-5.csv: line 12000 [oneflux.pipeline.site_data_product]
2025-06-26 13:59:56.674 [DEBUG   ] Writing /home/portnoy/u0/sytoanngo/ONEFlux/data/US-ARc_sample_output/99_fluxnet2015/FLX_US-ARc_FLUXNET2015_FULLSET_HH_2005-2006_beta-5.csv: line 13000 [oneflux.pipeline.site_data_product]
2025-06-26 13:59:57.094 [DEBUG   ] Writing /home/portnoy/u0/sytoanngo/ONEFlux/data/US-ARc_sample_output/99_fluxnet2015/FLX_US-ARc_FLUXNET2015_FULLSET_HH_2005-2006_beta-5.csv: line 14000 [oneflux.pipeline.site_data_product]
2025-06-26 13:59:57.493 [DEBUG   ] Writing /home/portnoy/u0/sytoanngo/ONEFlux/data/US-ARc_sample_output/99_fluxnet2015/FLX_US-ARc_FLUXNET2015_FULLSET_HH_2005-2006_beta-5.csv: line 15000 [oneflux.pipeline.site_data_product]
2025-06-26 13:59:57.894 [DEBUG   ] Writing /home/portnoy/u0/sytoanngo/ONEFlux/data/US-ARc_sample_output/99_fluxnet2015/FLX_US-ARc_FLUXNET2015_FULLSET_HH_2005-2006_beta-5.csv: line 16000 [oneflux.pipeline.site_data_product]
2025-06-26 13:59:58.295 [DEBUG   ] Writing /home/portnoy/u0/sytoanngo/ONEFlux/data/US-ARc_sample_output/99_fluxnet2015/FLX_US-ARc_FLUXNET2015_FULLSET_HH_2005-2006_beta-5.csv: line 17000 [oneflux.pipeline.site_data_product]
2025-06-26 13:59:58.696 [DEBUG   ] Writing /home/portnoy/u0/sytoanngo/ONEFlux/data/US-ARc_sample_output/99_fluxnet2015/FLX_US-ARc_FLUXNET2015_FULLSET_HH_2005-2006_beta-5.csv: line 18000 [oneflux.pipeline.site_data_product]
2025-06-26 13:59:59.097 [DEBUG   ] Writing /home/portnoy/u0/sytoanngo/ONEFlux/data/US-ARc_sample_output/99_fluxnet2015/FLX_US-ARc_FLUXNET2015_FULLSET_HH_2005-2006_beta-5.csv: line 19000 [oneflux.pipeline.site_data_product]
2025-06-26 13:59:59.496 [DEBUG   ] Writing /home/portnoy/u0/sytoanngo/ONEFlux/data/US-ARc_sample_output/99_fluxnet2015/FLX_US-ARc_FLUXNET2015_FULLSET_HH_2005-2006_beta-5.csv: line 20000 [oneflux.pipeline.site_data_product]
2025-06-26 13:59:59.899 [DEBUG   ] Writing /home/portnoy/u0/sytoanngo/ONEFlux/data/US-ARc_sample_output/99_fluxnet2015/FLX_US-ARc_FLUXNET2015_FULLSET_HH_2005-2006_beta-5.csv: line 21000 [oneflux.pipeline.site_data_product]
2025-06-26 14:00:00.302 [DEBUG   ] Writing /home/portnoy/u0/sytoanngo/ONEFlux/data/US-ARc_sample_output/99_fluxnet2015/FLX_US-ARc_FLUXNET2015_FULLSET_HH_2005-2006_beta-5.csv: line 22000 [oneflux.pipeline.site_data_product]
2025-06-26 14:00:00.705 [DEBUG   ] Writing /home/portnoy/u0/sytoanngo/ONEFlux/data/US-ARc_sample_output/99_fluxnet2015/FLX_US-ARc_FLUXNET2015_FULLSET_HH_2005-2006_beta-5.csv: line 23000 [oneflux.pipeline.site_data_product]
2025-06-26 14:00:01.105 [DEBUG   ] Writing /home/portnoy/u0/sytoanngo/ONEFlux/data/US-ARc_sample_output/99_fluxnet2015/FLX_US-ARc_FLUXNET2015_FULLSET_HH_2005-2006_beta-5.csv: line 24000 [oneflux.pipeline.site_data_product]
2025-06-26 14:00:01.504 [DEBUG   ] Writing /home/portnoy/u0/sytoanngo/ONEFlux/data/US-ARc_sample_output/99_fluxnet2015/FLX_US-ARc_FLUXNET2015_FULLSET_HH_2005-2006_beta-5.csv: line 25000 [oneflux.pipeline.site_data_product]
2025-06-26 14:00:01.903 [DEBUG   ] Writing /home/portnoy/u0/sytoanngo/ONEFlux/data/US-ARc_sample_output/99_fluxnet2015/FLX_US-ARc_FLUXNET2015_FULLSET_HH_2005-2006_beta-5.csv: line 26000 [oneflux.pipeline.site_data_product]
2025-06-26 14:00:02.302 [DEBUG   ] Writing /home/portnoy/u0/sytoanngo/ONEFlux/data/US-ARc_sample_output/99_fluxnet2015/FLX_US-ARc_FLUXNET2015_FULLSET_HH_2005-2006_beta-5.csv: line 27000 [oneflux.pipeline.site_data_product]
2025-06-26 14:00:02.702 [DEBUG   ] Writing /home/portnoy/u0/sytoanngo/ONEFlux/data/US-ARc_sample_output/99_fluxnet2015/FLX_US-ARc_FLUXNET2015_FULLSET_HH_2005-2006_beta-5.csv: line 28000 [oneflux.pipeline.site_data_product]
2025-06-26 14:00:03.102 [DEBUG   ] Writing /home/portnoy/u0/sytoanngo/ONEFlux/data/US-ARc_sample_output/99_fluxnet2015/FLX_US-ARc_FLUXNET2015_FULLSET_HH_2005-2006_beta-5.csv: line 29000 [oneflux.pipeline.site_data_product]
2025-06-26 14:00:03.502 [DEBUG   ] Writing /home/portnoy/u0/sytoanngo/ONEFlux/data/US-ARc_sample_output/99_fluxnet2015/FLX_US-ARc_FLUXNET2015_FULLSET_HH_2005-2006_beta-5.csv: line 30000 [oneflux.pipeline.site_data_product]
2025-06-26 14:00:03.901 [DEBUG   ] Writing /home/portnoy/u0/sytoanngo/ONEFlux/data/US-ARc_sample_output/99_fluxnet2015/FLX_US-ARc_FLUXNET2015_FULLSET_HH_2005-2006_beta-5.csv: line 31000 [oneflux.pipeline.site_data_product]
2025-06-26 14:00:04.301 [DEBUG   ] Writing /home/portnoy/u0/sytoanngo/ONEFlux/data/US-ARc_sample_output/99_fluxnet2015/FLX_US-ARc_FLUXNET2015_FULLSET_HH_2005-2006_beta-5.csv: line 32000 [oneflux.pipeline.site_data_product]
2025-06-26 14:00:04.673 [DEBUG   ] Writing /home/portnoy/u0/sytoanngo/ONEFlux/data/US-ARc_sample_output/99_fluxnet2015/FLX_US-ARc_FLUXNET2015_FULLSET_HH_2005-2006_beta-5.csv: line 33000 [oneflux.pipeline.site_data_product]
2025-06-26 14:00:05.000 [DEBUG   ] Writing /home/portnoy/u0/sytoanngo/ONEFlux/data/US-ARc_sample_output/99_fluxnet2015/FLX_US-ARc_FLUXNET2015_FULLSET_HH_2005-2006_beta-5.csv: line 34000 [oneflux.pipeline.site_data_product]
2025-06-26 14:00:05.327 [DEBUG   ] Writing /home/portnoy/u0/sytoanngo/ONEFlux/data/US-ARc_sample_output/99_fluxnet2015/FLX_US-ARc_FLUXNET2015_FULLSET_HH_2005-2006_beta-5.csv: line 35000 [oneflux.pipeline.site_data_product]
2025-06-26 14:00:05.624 [INFO    ] Tier 1 FULLSET CSV same as Tier 2 (all), reusing file: /home/portnoy/u0/sytoanngo/ONEFlux/data/US-ARc_sample_output/99_fluxnet2015/FLX_US-ARc_FLUXNET2015_FULLSET_HH_2005-2006_beta-5.csv [oneflux.pipeline.site_data_product]
2025-06-26 14:00:05.624 [INFO    ] Saving ERA-Interim CSV file: /home/portnoy/u0/sytoanngo/ONEFlux/data/US-ARc_sample_output/99_fluxnet2015/FLX_US-ARc_FLUXNET2015_ERAI_HH_1989-2014_beta-5.csv [oneflux.pipeline.site_data_product]
2025-06-26 14:00:05.679 [DEBUG   ] Writing /home/portnoy/u0/sytoanngo/ONEFlux/data/US-ARc_sample_output/99_fluxnet2015/FLX_US-ARc_FLUXNET2015_ERAI_HH_1989-2014_beta-5.csv: line 0 [oneflux.pipeline.site_data_product]
2025-06-26 14:00:05.696 [DEBUG   ] Writing /home/portnoy/u0/sytoanngo/ONEFlux/data/US-ARc_sample_output/99_fluxnet2015/FLX_US-ARc_FLUXNET2015_ERAI_HH_1989-2014_beta-5.csv: line 1000 [oneflux.pipeline.site_data_product]
2025-06-26 14:00:05.711 [DEBUG   ] Writing /home/portnoy/u0/sytoanngo/ONEFlux/data/US-ARc_sample_output/99_fluxnet2015/FLX_US-ARc_FLUXNET2015_ERAI_HH_1989-2014_beta-5.csv: line 2000 [oneflux.pipeline.site_data_product]
2025-06-26 14:00:05.727 [DEBUG   ] Writing /home/portnoy/u0/sytoanngo/ONEFlux/data/US-ARc_sample_output/99_fluxnet2015/FLX_US-ARc_FLUXNET2015_ERAI_HH_1989-2014_beta-5.csv: line 3000 [oneflux.pipeline.site_data_product]
2025-06-26 14:00:05.743 [DEBUG   ] Writing /home/portnoy/u0/sytoanngo/ONEFlux/data/US-ARc_sample_output/99_fluxnet2015/FLX_US-ARc_FLUXNET2015_ERAI_HH_1989-2014_beta-5.csv: line 4000 [oneflux.pipeline.site_data_product]
2025-06-26 14:00:05.759 [DEBUG   ] Writing /home/portnoy/u0/sytoanngo/ONEFlux/data/US-ARc_sample_output/99_fluxnet2015/FLX_US-ARc_FLUXNET2015_ERAI_HH_1989-2014_beta-5.csv: line 5000 [oneflux.pipeline.site_data_product]
2025-06-26 14:00:05.774 [DEBUG   ] Writing /home/portnoy/u0/sytoanngo/ONEFlux/data/US-ARc_sample_output/99_fluxnet2015/FLX_US-ARc_FLUXNET2015_ERAI_HH_1989-2014_beta-5.csv: line 6000 [oneflux.pipeline.site_data_product]
2025-06-26 14:00:05.790 [DEBUG   ] Writing /home/portnoy/u0/sytoanngo/ONEFlux/data/US-ARc_sample_output/99_fluxnet2015/FLX_US-ARc_FLUXNET2015_ERAI_HH_1989-2014_beta-5.csv: line 7000 [oneflux.pipeline.site_data_product]
2025-06-26 14:00:05.806 [DEBUG   ] Writing /home/portnoy/u0/sytoanngo/ONEFlux/data/US-ARc_sample_output/99_fluxnet2015/FLX_US-ARc_FLUXNET2015_ERAI_HH_1989-2014_beta-5.csv: line 8000 [oneflux.pipeline.site_data_product]
2025-06-26 14:00:05.822 [DEBUG   ] Writing /home/portnoy/u0/sytoanngo/ONEFlux/data/US-ARc_sample_output/99_fluxnet2015/FLX_US-ARc_FLUXNET2015_ERAI_HH_1989-2014_beta-5.csv: line 9000 [oneflux.pipeline.site_data_product]
2025-06-26 14:00:05.838 [DEBUG   ] Writing /home/portnoy/u0/sytoanngo/ONEFlux/data/US-ARc_sample_output/99_fluxnet2015/FLX_US-ARc_FLUXNET2015_ERAI_HH_1989-2014_beta-5.csv: line 10000 [oneflux.pipeline.site_data_product]
2025-06-26 14:00:05.853 [DEBUG   ] Writing /home/portnoy/u0/sytoanngo/ONEFlux/data/US-ARc_sample_output/99_fluxnet2015/FLX_US-ARc_FLUXNET2015_ERAI_HH_1989-2014_beta-5.csv: line 11000 [oneflux.pipeline.site_data_product]
2025-06-26 14:00:05.869 [DEBUG   ] Writing /home/portnoy/u0/sytoanngo/ONEFlux/data/US-ARc_sample_output/99_fluxnet2015/FLX_US-ARc_FLUXNET2015_ERAI_HH_1989-2014_beta-5.csv: line 12000 [oneflux.pipeline.site_data_product]
2025-06-26 14:00:05.885 [DEBUG   ] Writing /home/portnoy/u0/sytoanngo/ONEFlux/data/US-ARc_sample_output/99_fluxnet2015/FLX_US-ARc_FLUXNET2015_ERAI_HH_1989-2014_beta-5.csv: line 13000 [oneflux.pipeline.site_data_product]
2025-06-26 14:00:05.901 [DEBUG   ] Writing /home/portnoy/u0/sytoanngo/ONEFlux/data/US-ARc_sample_output/99_fluxnet2015/FLX_US-ARc_FLUXNET2015_ERAI_HH_1989-2014_beta-5.csv: line 14000 [oneflux.pipeline.site_data_product]
2025-06-26 14:00:05.916 [DEBUG   ] Writing /home/portnoy/u0/sytoanngo/ONEFlux/data/US-ARc_sample_output/99_fluxnet2015/FLX_US-ARc_FLUXNET2015_ERAI_HH_1989-2014_beta-5.csv: line 15000 [oneflux.pipeline.site_data_product]
2025-06-26 14:00:05.932 [DEBUG   ] Writing /home/portnoy/u0/sytoanngo/ONEFlux/data/US-ARc_sample_output/99_fluxnet2015/FLX_US-ARc_FLUXNET2015_ERAI_HH_1989-2014_beta-5.csv: line 16000 [oneflux.pipeline.site_data_product]
2025-06-26 14:00:05.948 [DEBUG   ] Writing /home/portnoy/u0/sytoanngo/ONEFlux/data/US-ARc_sample_output/99_fluxnet2015/FLX_US-ARc_FLUXNET2015_ERAI_HH_1989-2014_beta-5.csv: line 17000 [oneflux.pipeline.site_data_product]
2025-06-26 14:00:05.963 [DEBUG   ] Writing /home/portnoy/u0/sytoanngo/ONEFlux/data/US-ARc_sample_output/99_fluxnet2015/FLX_US-ARc_FLUXNET2015_ERAI_HH_1989-2014_beta-5.csv: line 18000 [oneflux.pipeline.site_data_product]
2025-06-26 14:00:05.979 [DEBUG   ] Writing /home/portnoy/u0/sytoanngo/ONEFlux/data/US-ARc_sample_output/99_fluxnet2015/FLX_US-ARc_FLUXNET2015_ERAI_HH_1989-2014_beta-5.csv: line 19000 [oneflux.pipeline.site_data_product]
2025-06-26 14:00:05.995 [DEBUG   ] Writing /home/portnoy/u0/sytoanngo/ONEFlux/data/US-ARc_sample_output/99_fluxnet2015/FLX_US-ARc_FLUXNET2015_ERAI_HH_1989-2014_beta-5.csv: line 20000 [oneflux.pipeline.site_data_product]
2025-06-26 14:00:06.010 [DEBUG   ] Writing /home/portnoy/u0/sytoanngo/ONEFlux/data/US-ARc_sample_output/99_fluxnet2015/FLX_US-ARc_FLUXNET2015_ERAI_HH_1989-2014_beta-5.csv: line 21000 [oneflux.pipeline.site_data_product]
2025-06-26 14:00:06.026 [DEBUG   ] Writing /home/portnoy/u0/sytoanngo/ONEFlux/data/US-ARc_sample_output/99_fluxnet2015/FLX_US-ARc_FLUXNET2015_ERAI_HH_1989-2014_beta-5.csv: line 22000 [oneflux.pipeline.site_data_product]
2025-06-26 14:00:06.042 [DEBUG   ] Writing /home/portnoy/u0/sytoanngo/ONEFlux/data/US-ARc_sample_output/99_fluxnet2015/FLX_US-ARc_FLUXNET2015_ERAI_HH_1989-2014_beta-5.csv: line 23000 [oneflux.pipeline.site_data_product]
2025-06-26 14:00:06.057 [DEBUG   ] Writing /home/portnoy/u0/sytoanngo/ONEFlux/data/US-ARc_sample_output/99_fluxnet2015/FLX_US-ARc_FLUXNET2015_ERAI_HH_1989-2014_beta-5.csv: line 24000 [oneflux.pipeline.site_data_product]
2025-06-26 14:00:06.073 [DEBUG   ] Writing /home/portnoy/u0/sytoanngo/ONEFlux/data/US-ARc_sample_output/99_fluxnet2015/FLX_US-ARc_FLUXNET2015_ERAI_HH_1989-2014_beta-5.csv: line 25000 [oneflux.pipeline.site_data_product]
2025-06-26 14:00:06.089 [DEBUG   ] Writing /home/portnoy/u0/sytoanngo/ONEFlux/data/US-ARc_sample_output/99_fluxnet2015/FLX_US-ARc_FLUXNET2015_ERAI_HH_1989-2014_beta-5.csv: line 26000 [oneflux.pipeline.site_data_product]
2025-06-26 14:00:06.105 [DEBUG   ] Writing /home/portnoy/u0/sytoanngo/ONEFlux/data/US-ARc_sample_output/99_fluxnet2015/FLX_US-ARc_FLUXNET2015_ERAI_HH_1989-2014_beta-5.csv: line 27000 [oneflux.pipeline.site_data_product]
2025-06-26 14:00:06.121 [DEBUG   ] Writing /home/portnoy/u0/sytoanngo/ONEFlux/data/US-ARc_sample_output/99_fluxnet2015/FLX_US-ARc_FLUXNET2015_ERAI_HH_1989-2014_beta-5.csv: line 28000 [oneflux.pipeline.site_data_product]
2025-06-26 14:00:06.137 [DEBUG   ] Writing /home/portnoy/u0/sytoanngo/ONEFlux/data/US-ARc_sample_output/99_fluxnet2015/FLX_US-ARc_FLUXNET2015_ERAI_HH_1989-2014_beta-5.csv: line 29000 [oneflux.pipeline.site_data_product]
2025-06-26 14:00:06.152 [DEBUG   ] Writing /home/portnoy/u0/sytoanngo/ONEFlux/data/US-ARc_sample_output/99_fluxnet2015/FLX_US-ARc_FLUXNET2015_ERAI_HH_1989-2014_beta-5.csv: line 30000 [oneflux.pipeline.site_data_product]
2025-06-26 14:00:06.168 [DEBUG   ] Writing /home/portnoy/u0/sytoanngo/ONEFlux/data/US-ARc_sample_output/99_fluxnet2015/FLX_US-ARc_FLUXNET2015_ERAI_HH_1989-2014_beta-5.csv: line 31000 [oneflux.pipeline.site_data_product]
2025-06-26 14:00:06.184 [DEBUG   ] Writing /home/portnoy/u0/sytoanngo/ONEFlux/data/US-ARc_sample_output/99_fluxnet2015/FLX_US-ARc_FLUXNET2015_ERAI_HH_1989-2014_beta-5.csv: line 32000 [oneflux.pipeline.site_data_product]
2025-06-26 14:00:06.199 [DEBUG   ] Writing /home/portnoy/u0/sytoanngo/ONEFlux/data/US-ARc_sample_output/99_fluxnet2015/FLX_US-ARc_FLUXNET2015_ERAI_HH_1989-2014_beta-5.csv: line 33000 [oneflux.pipeline.site_data_product]
2025-06-26 14:00:06.215 [DEBUG   ] Writing /home/portnoy/u0/sytoanngo/ONEFlux/data/US-ARc_sample_output/99_fluxnet2015/FLX_US-ARc_FLUXNET2015_ERAI_HH_1989-2014_beta-5.csv: line 34000 [oneflux.pipeline.site_data_product]
2025-06-26 14:00:06.231 [DEBUG   ] Writing /home/portnoy/u0/sytoanngo/ONEFlux/data/US-ARc_sample_output/99_fluxnet2015/FLX_US-ARc_FLUXNET2015_ERAI_HH_1989-2014_beta-5.csv: line 35000 [oneflux.pipeline.site_data_product]
2025-06-26 14:00:06.246 [DEBUG   ] Writing /home/portnoy/u0/sytoanngo/ONEFlux/data/US-ARc_sample_output/99_fluxnet2015/FLX_US-ARc_FLUXNET2015_ERAI_HH_1989-2014_beta-5.csv: line 36000 [oneflux.pipeline.site_data_product]
2025-06-26 14:00:06.262 [DEBUG   ] Writing /home/portnoy/u0/sytoanngo/ONEFlux/data/US-ARc_sample_output/99_fluxnet2015/FLX_US-ARc_FLUXNET2015_ERAI_HH_1989-2014_beta-5.csv: line 37000 [oneflux.pipeline.site_data_product]
2025-06-26 14:00:06.278 [DEBUG   ] Writing /home/portnoy/u0/sytoanngo/ONEFlux/data/US-ARc_sample_output/99_fluxnet2015/FLX_US-ARc_FLUXNET2015_ERAI_HH_1989-2014_beta-5.csv: line 38000 [oneflux.pipeline.site_data_product]
2025-06-26 14:00:06.293 [DEBUG   ] Writing /home/portnoy/u0/sytoanngo/ONEFlux/data/US-ARc_sample_output/99_fluxnet2015/FLX_US-ARc_FLUXNET2015_ERAI_HH_1989-2014_beta-5.csv: line 39000 [oneflux.pipeline.site_data_product]
2025-06-26 14:00:06.309 [DEBUG   ] Writing /home/portnoy/u0/sytoanngo/ONEFlux/data/US-ARc_sample_output/99_fluxnet2015/FLX_US-ARc_FLUXNET2015_ERAI_HH_1989-2014_beta-5.csv: line 40000 [oneflux.pipeline.site_data_product]
2025-06-26 14:00:06.325 [DEBUG   ] Writing /home/portnoy/u0/sytoanngo/ONEFlux/data/US-ARc_sample_output/99_fluxnet2015/FLX_US-ARc_FLUXNET2015_ERAI_HH_1989-2014_beta-5.csv: line 41000 [oneflux.pipeline.site_data_product]
2025-06-26 14:00:06.341 [DEBUG   ] Writing /home/portnoy/u0/sytoanngo/ONEFlux/data/US-ARc_sample_output/99_fluxnet2015/FLX_US-ARc_FLUXNET2015_ERAI_HH_1989-2014_beta-5.csv: line 42000 [oneflux.pipeline.site_data_product]
2025-06-26 14:00:06.356 [DEBUG   ] Writing /home/portnoy/u0/sytoanngo/ONEFlux/data/US-ARc_sample_output/99_fluxnet2015/FLX_US-ARc_FLUXNET2015_ERAI_HH_1989-2014_beta-5.csv: line 43000 [oneflux.pipeline.site_data_product]
2025-06-26 14:00:06.372 [DEBUG   ] Writing /home/portnoy/u0/sytoanngo/ONEFlux/data/US-ARc_sample_output/99_fluxnet2015/FLX_US-ARc_FLUXNET2015_ERAI_HH_1989-2014_beta-5.csv: line 44000 [oneflux.pipeline.site_data_product]
2025-06-26 14:00:06.388 [DEBUG   ] Writing /home/portnoy/u0/sytoanngo/ONEFlux/data/US-ARc_sample_output/99_fluxnet2015/FLX_US-ARc_FLUXNET2015_ERAI_HH_1989-2014_beta-5.csv: line 45000 [oneflux.pipeline.site_data_product]
2025-06-26 14:00:06.404 [DEBUG   ] Writing /home/portnoy/u0/sytoanngo/ONEFlux/data/US-ARc_sample_output/99_fluxnet2015/FLX_US-ARc_FLUXNET2015_ERAI_HH_1989-2014_beta-5.csv: line 46000 [oneflux.pipeline.site_data_product]
2025-06-26 14:00:06.420 [DEBUG   ] Writing /home/portnoy/u0/sytoanngo/ONEFlux/data/US-ARc_sample_output/99_fluxnet2015/FLX_US-ARc_FLUXNET2015_ERAI_HH_1989-2014_beta-5.csv: line 47000 [oneflux.pipeline.site_data_product]
2025-06-26 14:00:06.435 [DEBUG   ] Writing /home/portnoy/u0/sytoanngo/ONEFlux/data/US-ARc_sample_output/99_fluxnet2015/FLX_US-ARc_FLUXNET2015_ERAI_HH_1989-2014_beta-5.csv: line 48000 [oneflux.pipeline.site_data_product]
2025-06-26 14:00:06.451 [DEBUG   ] Writing /home/portnoy/u0/sytoanngo/ONEFlux/data/US-ARc_sample_output/99_fluxnet2015/FLX_US-ARc_FLUXNET2015_ERAI_HH_1989-2014_beta-5.csv: line 49000 [oneflux.pipeline.site_data_product]
2025-06-26 14:00:06.467 [DEBUG   ] Writing /home/portnoy/u0/sytoanngo/ONEFlux/data/US-ARc_sample_output/99_fluxnet2015/FLX_US-ARc_FLUXNET2015_ERAI_HH_1989-2014_beta-5.csv: line 50000 [oneflux.pipeline.site_data_product]
2025-06-26 14:00:06.482 [DEBUG   ] Writing /home/portnoy/u0/sytoanngo/ONEFlux/data/US-ARc_sample_output/99_fluxnet2015/FLX_US-ARc_FLUXNET2015_ERAI_HH_1989-2014_beta-5.csv: line 51000 [oneflux.pipeline.site_data_product]
2025-06-26 14:00:06.498 [DEBUG   ] Writing /home/portnoy/u0/sytoanngo/ONEFlux/data/US-ARc_sample_output/99_fluxnet2015/FLX_US-ARc_FLUXNET2015_ERAI_HH_1989-2014_beta-5.csv: line 52000 [oneflux.pipeline.site_data_product]
2025-06-26 14:00:06.513 [DEBUG   ] Writing /home/portnoy/u0/sytoanngo/ONEFlux/data/US-ARc_sample_output/99_fluxnet2015/FLX_US-ARc_FLUXNET2015_ERAI_HH_1989-2014_beta-5.csv: line 53000 [oneflux.pipeline.site_data_product]
2025-06-26 14:00:06.529 [DEBUG   ] Writing /home/portnoy/u0/sytoanngo/ONEFlux/data/US-ARc_sample_output/99_fluxnet2015/FLX_US-ARc_FLUXNET2015_ERAI_HH_1989-2014_beta-5.csv: line 54000 [oneflux.pipeline.site_data_product]
2025-06-26 14:00:06.545 [DEBUG   ] Writing /home/portnoy/u0/sytoanngo/ONEFlux/data/US-ARc_sample_output/99_fluxnet2015/FLX_US-ARc_FLUXNET2015_ERAI_HH_1989-2014_beta-5.csv: line 55000 [oneflux.pipeline.site_data_product]
2025-06-26 14:00:06.560 [DEBUG   ] Writing /home/portnoy/u0/sytoanngo/ONEFlux/data/US-ARc_sample_output/99_fluxnet2015/FLX_US-ARc_FLUXNET2015_ERAI_HH_1989-2014_beta-5.csv: line 56000 [oneflux.pipeline.site_data_product]
2025-06-26 14:00:06.576 [DEBUG   ] Writing /home/portnoy/u0/sytoanngo/ONEFlux/data/US-ARc_sample_output/99_fluxnet2015/FLX_US-ARc_FLUXNET2015_ERAI_HH_1989-2014_beta-5.csv: line 57000 [oneflux.pipeline.site_data_product]
2025-06-26 14:00:06.592 [DEBUG   ] Writing /home/portnoy/u0/sytoanngo/ONEFlux/data/US-ARc_sample_output/99_fluxnet2015/FLX_US-ARc_FLUXNET2015_ERAI_HH_1989-2014_beta-5.csv: line 58000 [oneflux.pipeline.site_data_product]
2025-06-26 14:00:06.608 [DEBUG   ] Writing /home/portnoy/u0/sytoanngo/ONEFlux/data/US-ARc_sample_output/99_fluxnet2015/FLX_US-ARc_FLUXNET2015_ERAI_HH_1989-2014_beta-5.csv: line 59000 [oneflux.pipeline.site_data_product]
2025-06-26 14:00:06.624 [DEBUG   ] Writing /home/portnoy/u0/sytoanngo/ONEFlux/data/US-ARc_sample_output/99_fluxnet2015/FLX_US-ARc_FLUXNET2015_ERAI_HH_1989-2014_beta-5.csv: line 60000 [oneflux.pipeline.site_data_product]
2025-06-26 14:00:06.639 [DEBUG   ] Writing /home/portnoy/u0/sytoanngo/ONEFlux/data/US-ARc_sample_output/99_fluxnet2015/FLX_US-ARc_FLUXNET2015_ERAI_HH_1989-2014_beta-5.csv: line 61000 [oneflux.pipeline.site_data_product]
2025-06-26 14:00:06.655 [DEBUG   ] Writing /home/portnoy/u0/sytoanngo/ONEFlux/data/US-ARc_sample_output/99_fluxnet2015/FLX_US-ARc_FLUXNET2015_ERAI_HH_1989-2014_beta-5.csv: line 62000 [oneflux.pipeline.site_data_product]
2025-06-26 14:00:06.671 [DEBUG   ] Writing /home/portnoy/u0/sytoanngo/ONEFlux/data/US-ARc_sample_output/99_fluxnet2015/FLX_US-ARc_FLUXNET2015_ERAI_HH_1989-2014_beta-5.csv: line 63000 [oneflux.pipeline.site_data_product]
2025-06-26 14:00:06.687 [DEBUG   ] Writing /home/portnoy/u0/sytoanngo/ONEFlux/data/US-ARc_sample_output/99_fluxnet2015/FLX_US-ARc_FLUXNET2015_ERAI_HH_1989-2014_beta-5.csv: line 64000 [oneflux.pipeline.site_data_product]
2025-06-26 14:00:06.703 [DEBUG   ] Writing /home/portnoy/u0/sytoanngo/ONEFlux/data/US-ARc_sample_output/99_fluxnet2015/FLX_US-ARc_FLUXNET2015_ERAI_HH_1989-2014_beta-5.csv: line 65000 [oneflux.pipeline.site_data_product]
2025-06-26 14:00:06.718 [DEBUG   ] Writing /home/portnoy/u0/sytoanngo/ONEFlux/data/US-ARc_sample_output/99_fluxnet2015/FLX_US-ARc_FLUXNET2015_ERAI_HH_1989-2014_beta-5.csv: line 66000 [oneflux.pipeline.site_data_product]
2025-06-26 14:00:06.734 [DEBUG   ] Writing /home/portnoy/u0/sytoanngo/ONEFlux/data/US-ARc_sample_output/99_fluxnet2015/FLX_US-ARc_FLUXNET2015_ERAI_HH_1989-2014_beta-5.csv: line 67000 [oneflux.pipeline.site_data_product]
2025-06-26 14:00:06.750 [DEBUG   ] Writing /home/portnoy/u0/sytoanngo/ONEFlux/data/US-ARc_sample_output/99_fluxnet2015/FLX_US-ARc_FLUXNET2015_ERAI_HH_1989-2014_beta-5.csv: line 68000 [oneflux.pipeline.site_data_product]
2025-06-26 14:00:06.765 [DEBUG   ] Writing /home/portnoy/u0/sytoanngo/ONEFlux/data/US-ARc_sample_output/99_fluxnet2015/FLX_US-ARc_FLUXNET2015_ERAI_HH_1989-2014_beta-5.csv: line 69000 [oneflux.pipeline.site_data_product]
2025-06-26 14:00:06.781 [DEBUG   ] Writing /home/portnoy/u0/sytoanngo/ONEFlux/data/US-ARc_sample_output/99_fluxnet2015/FLX_US-ARc_FLUXNET2015_ERAI_HH_1989-2014_beta-5.csv: line 70000 [oneflux.pipeline.site_data_product]
2025-06-26 14:00:06.797 [DEBUG   ] Writing /home/portnoy/u0/sytoanngo/ONEFlux/data/US-ARc_sample_output/99_fluxnet2015/FLX_US-ARc_FLUXNET2015_ERAI_HH_1989-2014_beta-5.csv: line 71000 [oneflux.pipeline.site_data_product]
2025-06-26 14:00:06.812 [DEBUG   ] Writing /home/portnoy/u0/sytoanngo/ONEFlux/data/US-ARc_sample_output/99_fluxnet2015/FLX_US-ARc_FLUXNET2015_ERAI_HH_1989-2014_beta-5.csv: line 72000 [oneflux.pipeline.site_data_product]
2025-06-26 14:00:06.828 [DEBUG   ] Writing /home/portnoy/u0/sytoanngo/ONEFlux/data/US-ARc_sample_output/99_fluxnet2015/FLX_US-ARc_FLUXNET2015_ERAI_HH_1989-2014_beta-5.csv: line 73000 [oneflux.pipeline.site_data_product]
2025-06-26 14:00:06.844 [DEBUG   ] Writing /home/portnoy/u0/sytoanngo/ONEFlux/data/US-ARc_sample_output/99_fluxnet2015/FLX_US-ARc_FLUXNET2015_ERAI_HH_1989-2014_beta-5.csv: line 74000 [oneflux.pipeline.site_data_product]
2025-06-26 14:00:06.859 [DEBUG   ] Writing /home/portnoy/u0/sytoanngo/ONEFlux/data/US-ARc_sample_output/99_fluxnet2015/FLX_US-ARc_FLUXNET2015_ERAI_HH_1989-2014_beta-5.csv: line 75000 [oneflux.pipeline.site_data_product]
2025-06-26 14:00:06.875 [DEBUG   ] Writing /home/portnoy/u0/sytoanngo/ONEFlux/data/US-ARc_sample_output/99_fluxnet2015/FLX_US-ARc_FLUXNET2015_ERAI_HH_1989-2014_beta-5.csv: line 76000 [oneflux.pipeline.site_data_product]
2025-06-26 14:00:06.891 [DEBUG   ] Writing /home/portnoy/u0/sytoanngo/ONEFlux/data/US-ARc_sample_output/99_fluxnet2015/FLX_US-ARc_FLUXNET2015_ERAI_HH_1989-2014_beta-5.csv: line 77000 [oneflux.pipeline.site_data_product]
2025-06-26 14:00:06.907 [DEBUG   ] Writing /home/portnoy/u0/sytoanngo/ONEFlux/data/US-ARc_sample_output/99_fluxnet2015/FLX_US-ARc_FLUXNET2015_ERAI_HH_1989-2014_beta-5.csv: line 78000 [oneflux.pipeline.site_data_product]
2025-06-26 14:00:06.923 [DEBUG   ] Writing /home/portnoy/u0/sytoanngo/ONEFlux/data/US-ARc_sample_output/99_fluxnet2015/FLX_US-ARc_FLUXNET2015_ERAI_HH_1989-2014_beta-5.csv: line 79000 [oneflux.pipeline.site_data_product]
2025-06-26 14:00:06.938 [DEBUG   ] Writing /home/portnoy/u0/sytoanngo/ONEFlux/data/US-ARc_sample_output/99_fluxnet2015/FLX_US-ARc_FLUXNET2015_ERAI_HH_1989-2014_beta-5.csv: line 80000 [oneflux.pipeline.site_data_product]
2025-06-26 14:00:06.954 [DEBUG   ] Writing /home/portnoy/u0/sytoanngo/ONEFlux/data/US-ARc_sample_output/99_fluxnet2015/FLX_US-ARc_FLUXNET2015_ERAI_HH_1989-2014_beta-5.csv: line 81000 [oneflux.pipeline.site_data_product]
2025-06-26 14:00:06.970 [DEBUG   ] Writing /home/portnoy/u0/sytoanngo/ONEFlux/data/US-ARc_sample_output/99_fluxnet2015/FLX_US-ARc_FLUXNET2015_ERAI_HH_1989-2014_beta-5.csv: line 82000 [oneflux.pipeline.site_data_product]
2025-06-26 14:00:06.986 [DEBUG   ] Writing /home/portnoy/u0/sytoanngo/ONEFlux/data/US-ARc_sample_output/99_fluxnet2015/FLX_US-ARc_FLUXNET2015_ERAI_HH_1989-2014_beta-5.csv: line 83000 [oneflux.pipeline.site_data_product]
2025-06-26 14:00:07.001 [DEBUG   ] Writing /home/portnoy/u0/sytoanngo/ONEFlux/data/US-ARc_sample_output/99_fluxnet2015/FLX_US-ARc_FLUXNET2015_ERAI_HH_1989-2014_beta-5.csv: line 84000 [oneflux.pipeline.site_data_product]
2025-06-26 14:00:07.017 [DEBUG   ] Writing /home/portnoy/u0/sytoanngo/ONEFlux/data/US-ARc_sample_output/99_fluxnet2015/FLX_US-ARc_FLUXNET2015_ERAI_HH_1989-2014_beta-5.csv: line 85000 [oneflux.pipeline.site_data_product]
2025-06-26 14:00:07.033 [DEBUG   ] Writing /home/portnoy/u0/sytoanngo/ONEFlux/data/US-ARc_sample_output/99_fluxnet2015/FLX_US-ARc_FLUXNET2015_ERAI_HH_1989-2014_beta-5.csv: line 86000 [oneflux.pipeline.site_data_product]
2025-06-26 14:00:07.048 [DEBUG   ] Writing /home/portnoy/u0/sytoanngo/ONEFlux/data/US-ARc_sample_output/99_fluxnet2015/FLX_US-ARc_FLUXNET2015_ERAI_HH_1989-2014_beta-5.csv: line 87000 [oneflux.pipeline.site_data_product]
2025-06-26 14:00:07.064 [DEBUG   ] Writing /home/portnoy/u0/sytoanngo/ONEFlux/data/US-ARc_sample_output/99_fluxnet2015/FLX_US-ARc_FLUXNET2015_ERAI_HH_1989-2014_beta-5.csv: line 88000 [oneflux.pipeline.site_data_product]
2025-06-26 14:00:07.080 [DEBUG   ] Writing /home/portnoy/u0/sytoanngo/ONEFlux/data/US-ARc_sample_output/99_fluxnet2015/FLX_US-ARc_FLUXNET2015_ERAI_HH_1989-2014_beta-5.csv: line 89000 [oneflux.pipeline.site_data_product]
2025-06-26 14:00:07.095 [DEBUG   ] Writing /home/portnoy/u0/sytoanngo/ONEFlux/data/US-ARc_sample_output/99_fluxnet2015/FLX_US-ARc_FLUXNET2015_ERAI_HH_1989-2014_beta-5.csv: line 90000 [oneflux.pipeline.site_data_product]
2025-06-26 14:00:07.111 [DEBUG   ] Writing /home/portnoy/u0/sytoanngo/ONEFlux/data/US-ARc_sample_output/99_fluxnet2015/FLX_US-ARc_FLUXNET2015_ERAI_HH_1989-2014_beta-5.csv: line 91000 [oneflux.pipeline.site_data_product]
2025-06-26 14:00:07.127 [DEBUG   ] Writing /home/portnoy/u0/sytoanngo/ONEFlux/data/US-ARc_sample_output/99_fluxnet2015/FLX_US-ARc_FLUXNET2015_ERAI_HH_1989-2014_beta-5.csv: line 92000 [oneflux.pipeline.site_data_product]
2025-06-26 14:00:07.143 [DEBUG   ] Writing /home/portnoy/u0/sytoanngo/ONEFlux/data/US-ARc_sample_output/99_fluxnet2015/FLX_US-ARc_FLUXNET2015_ERAI_HH_1989-2014_beta-5.csv: line 93000 [oneflux.pipeline.site_data_product]
2025-06-26 14:00:07.158 [DEBUG   ] Writing /home/portnoy/u0/sytoanngo/ONEFlux/data/US-ARc_sample_output/99_fluxnet2015/FLX_US-ARc_FLUXNET2015_ERAI_HH_1989-2014_beta-5.csv: line 94000 [oneflux.pipeline.site_data_product]
2025-06-26 14:00:07.174 [DEBUG   ] Writing /home/portnoy/u0/sytoanngo/ONEFlux/data/US-ARc_sample_output/99_fluxnet2015/FLX_US-ARc_FLUXNET2015_ERAI_HH_1989-2014_beta-5.csv: line 95000 [oneflux.pipeline.site_data_product]
2025-06-26 14:00:07.190 [DEBUG   ] Writing /home/portnoy/u0/sytoanngo/ONEFlux/data/US-ARc_sample_output/99_fluxnet2015/FLX_US-ARc_FLUXNET2015_ERAI_HH_1989-2014_beta-5.csv: line 96000 [oneflux.pipeline.site_data_product]
2025-06-26 14:00:07.206 [DEBUG   ] Writing /home/portnoy/u0/sytoanngo/ONEFlux/data/US-ARc_sample_output/99_fluxnet2015/FLX_US-ARc_FLUXNET2015_ERAI_HH_1989-2014_beta-5.csv: line 97000 [oneflux.pipeline.site_data_product]
2025-06-26 14:00:07.222 [DEBUG   ] Writing /home/portnoy/u0/sytoanngo/ONEFlux/data/US-ARc_sample_output/99_fluxnet2015/FLX_US-ARc_FLUXNET2015_ERAI_HH_1989-2014_beta-5.csv: line 98000 [oneflux.pipeline.site_data_product]
2025-06-26 14:00:07.237 [DEBUG   ] Writing /home/portnoy/u0/sytoanngo/ONEFlux/data/US-ARc_sample_output/99_fluxnet2015/FLX_US-ARc_FLUXNET2015_ERAI_HH_1989-2014_beta-5.csv: line 99000 [oneflux.pipeline.site_data_product]
2025-06-26 14:00:07.253 [DEBUG   ] Writing /home/portnoy/u0/sytoanngo/ONEFlux/data/US-ARc_sample_output/99_fluxnet2015/FLX_US-ARc_FLUXNET2015_ERAI_HH_1989-2014_beta-5.csv: line 100000 [oneflux.pipeline.site_data_product]
2025-06-26 14:00:07.269 [DEBUG   ] Writing /home/portnoy/u0/sytoanngo/ONEFlux/data/US-ARc_sample_output/99_fluxnet2015/FLX_US-ARc_FLUXNET2015_ERAI_HH_1989-2014_beta-5.csv: line 101000 [oneflux.pipeline.site_data_product]
2025-06-26 14:00:07.285 [DEBUG   ] Writing /home/portnoy/u0/sytoanngo/ONEFlux/data/US-ARc_sample_output/99_fluxnet2015/FLX_US-ARc_FLUXNET2015_ERAI_HH_1989-2014_beta-5.csv: line 102000 [oneflux.pipeline.site_data_product]
2025-06-26 14:00:07.300 [DEBUG   ] Writing /home/portnoy/u0/sytoanngo/ONEFlux/data/US-ARc_sample_output/99_fluxnet2015/FLX_US-ARc_FLUXNET2015_ERAI_HH_1989-2014_beta-5.csv: line 103000 [oneflux.pipeline.site_data_product]
2025-06-26 14:00:07.316 [DEBUG   ] Writing /home/portnoy/u0/sytoanngo/ONEFlux/data/US-ARc_sample_output/99_fluxnet2015/FLX_US-ARc_FLUXNET2015_ERAI_HH_1989-2014_beta-5.csv: line 104000 [oneflux.pipeline.site_data_product]
2025-06-26 14:00:07.332 [DEBUG   ] Writing /home/portnoy/u0/sytoanngo/ONEFlux/data/US-ARc_sample_output/99_fluxnet2015/FLX_US-ARc_FLUXNET2015_ERAI_HH_1989-2014_beta-5.csv: line 105000 [oneflux.pipeline.site_data_product]
2025-06-26 14:00:07.347 [DEBUG   ] Writing /home/portnoy/u0/sytoanngo/ONEFlux/data/US-ARc_sample_output/99_fluxnet2015/FLX_US-ARc_FLUXNET2015_ERAI_HH_1989-2014_beta-5.csv: line 106000 [oneflux.pipeline.site_data_product]
2025-06-26 14:00:07.363 [DEBUG   ] Writing /home/portnoy/u0/sytoanngo/ONEFlux/data/US-ARc_sample_output/99_fluxnet2015/FLX_US-ARc_FLUXNET2015_ERAI_HH_1989-2014_beta-5.csv: line 107000 [oneflux.pipeline.site_data_product]
2025-06-26 14:00:07.378 [DEBUG   ] Writing /home/portnoy/u0/sytoanngo/ONEFlux/data/US-ARc_sample_output/99_fluxnet2015/FLX_US-ARc_FLUXNET2015_ERAI_HH_1989-2014_beta-5.csv: line 108000 [oneflux.pipeline.site_data_product]
2025-06-26 14:00:07.394 [DEBUG   ] Writing /home/portnoy/u0/sytoanngo/ONEFlux/data/US-ARc_sample_output/99_fluxnet2015/FLX_US-ARc_FLUXNET2015_ERAI_HH_1989-2014_beta-5.csv: line 109000 [oneflux.pipeline.site_data_product]
2025-06-26 14:00:07.410 [DEBUG   ] Writing /home/portnoy/u0/sytoanngo/ONEFlux/data/US-ARc_sample_output/99_fluxnet2015/FLX_US-ARc_FLUXNET2015_ERAI_HH_1989-2014_beta-5.csv: line 110000 [oneflux.pipeline.site_data_product]
2025-06-26 14:00:07.425 [DEBUG   ] Writing /home/portnoy/u0/sytoanngo/ONEFlux/data/US-ARc_sample_output/99_fluxnet2015/FLX_US-ARc_FLUXNET2015_ERAI_HH_1989-2014_beta-5.csv: line 111000 [oneflux.pipeline.site_data_product]
2025-06-26 14:00:07.441 [DEBUG   ] Writing /home/portnoy/u0/sytoanngo/ONEFlux/data/US-ARc_sample_output/99_fluxnet2015/FLX_US-ARc_FLUXNET2015_ERAI_HH_1989-2014_beta-5.csv: line 112000 [oneflux.pipeline.site_data_product]
2025-06-26 14:00:07.457 [DEBUG   ] Writing /home/portnoy/u0/sytoanngo/ONEFlux/data/US-ARc_sample_output/99_fluxnet2015/FLX_US-ARc_FLUXNET2015_ERAI_HH_1989-2014_beta-5.csv: line 113000 [oneflux.pipeline.site_data_product]
2025-06-26 14:00:07.473 [DEBUG   ] Writing /home/portnoy/u0/sytoanngo/ONEFlux/data/US-ARc_sample_output/99_fluxnet2015/FLX_US-ARc_FLUXNET2015_ERAI_HH_1989-2014_beta-5.csv: line 114000 [oneflux.pipeline.site_data_product]
2025-06-26 14:00:07.489 [DEBUG   ] Writing /home/portnoy/u0/sytoanngo/ONEFlux/data/US-ARc_sample_output/99_fluxnet2015/FLX_US-ARc_FLUXNET2015_ERAI_HH_1989-2014_beta-5.csv: line 115000 [oneflux.pipeline.site_data_product]
2025-06-26 14:00:07.505 [DEBUG   ] Writing /home/portnoy/u0/sytoanngo/ONEFlux/data/US-ARc_sample_output/99_fluxnet2015/FLX_US-ARc_FLUXNET2015_ERAI_HH_1989-2014_beta-5.csv: line 116000 [oneflux.pipeline.site_data_product]
2025-06-26 14:00:07.521 [DEBUG   ] Writing /home/portnoy/u0/sytoanngo/ONEFlux/data/US-ARc_sample_output/99_fluxnet2015/FLX_US-ARc_FLUXNET2015_ERAI_HH_1989-2014_beta-5.csv: line 117000 [oneflux.pipeline.site_data_product]
2025-06-26 14:00:07.536 [DEBUG   ] Writing /home/portnoy/u0/sytoanngo/ONEFlux/data/US-ARc_sample_output/99_fluxnet2015/FLX_US-ARc_FLUXNET2015_ERAI_HH_1989-2014_beta-5.csv: line 118000 [oneflux.pipeline.site_data_product]
2025-06-26 14:00:07.552 [DEBUG   ] Writing /home/portnoy/u0/sytoanngo/ONEFlux/data/US-ARc_sample_output/99_fluxnet2015/FLX_US-ARc_FLUXNET2015_ERAI_HH_1989-2014_beta-5.csv: line 119000 [oneflux.pipeline.site_data_product]
2025-06-26 14:00:07.568 [DEBUG   ] Writing /home/portnoy/u0/sytoanngo/ONEFlux/data/US-ARc_sample_output/99_fluxnet2015/FLX_US-ARc_FLUXNET2015_ERAI_HH_1989-2014_beta-5.csv: line 120000 [oneflux.pipeline.site_data_product]
2025-06-26 14:00:07.584 [DEBUG   ] Writing /home/portnoy/u0/sytoanngo/ONEFlux/data/US-ARc_sample_output/99_fluxnet2015/FLX_US-ARc_FLUXNET2015_ERAI_HH_1989-2014_beta-5.csv: line 121000 [oneflux.pipeline.site_data_product]
2025-06-26 14:00:07.599 [DEBUG   ] Writing /home/portnoy/u0/sytoanngo/ONEFlux/data/US-ARc_sample_output/99_fluxnet2015/FLX_US-ARc_FLUXNET2015_ERAI_HH_1989-2014_beta-5.csv: line 122000 [oneflux.pipeline.site_data_product]
2025-06-26 14:00:07.615 [DEBUG   ] Writing /home/portnoy/u0/sytoanngo/ONEFlux/data/US-ARc_sample_output/99_fluxnet2015/FLX_US-ARc_FLUXNET2015_ERAI_HH_1989-2014_beta-5.csv: line 123000 [oneflux.pipeline.site_data_product]
2025-06-26 14:00:07.631 [DEBUG   ] Writing /home/portnoy/u0/sytoanngo/ONEFlux/data/US-ARc_sample_output/99_fluxnet2015/FLX_US-ARc_FLUXNET2015_ERAI_HH_1989-2014_beta-5.csv: line 124000 [oneflux.pipeline.site_data_product]
2025-06-26 14:00:07.646 [DEBUG   ] Writing /home/portnoy/u0/sytoanngo/ONEFlux/data/US-ARc_sample_output/99_fluxnet2015/FLX_US-ARc_FLUXNET2015_ERAI_HH_1989-2014_beta-5.csv: line 125000 [oneflux.pipeline.site_data_product]
2025-06-26 14:00:07.662 [DEBUG   ] Writing /home/portnoy/u0/sytoanngo/ONEFlux/data/US-ARc_sample_output/99_fluxnet2015/FLX_US-ARc_FLUXNET2015_ERAI_HH_1989-2014_beta-5.csv: line 126000 [oneflux.pipeline.site_data_product]
2025-06-26 14:00:07.678 [DEBUG   ] Writing /home/portnoy/u0/sytoanngo/ONEFlux/data/US-ARc_sample_output/99_fluxnet2015/FLX_US-ARc_FLUXNET2015_ERAI_HH_1989-2014_beta-5.csv: line 127000 [oneflux.pipeline.site_data_product]
2025-06-26 14:00:07.693 [DEBUG   ] Writing /home/portnoy/u0/sytoanngo/ONEFlux/data/US-ARc_sample_output/99_fluxnet2015/FLX_US-ARc_FLUXNET2015_ERAI_HH_1989-2014_beta-5.csv: line 128000 [oneflux.pipeline.site_data_product]
2025-06-26 14:00:07.709 [DEBUG   ] Writing /home/portnoy/u0/sytoanngo/ONEFlux/data/US-ARc_sample_output/99_fluxnet2015/FLX_US-ARc_FLUXNET2015_ERAI_HH_1989-2014_beta-5.csv: line 129000 [oneflux.pipeline.site_data_product]
2025-06-26 14:00:07.723 [DEBUG   ] Writing /home/portnoy/u0/sytoanngo/ONEFlux/data/US-ARc_sample_output/99_fluxnet2015/FLX_US-ARc_FLUXNET2015_ERAI_HH_1989-2014_beta-5.csv: line 130000 [oneflux.pipeline.site_data_product]
2025-06-26 14:00:07.738 [DEBUG   ] Writing /home/portnoy/u0/sytoanngo/ONEFlux/data/US-ARc_sample_output/99_fluxnet2015/FLX_US-ARc_FLUXNET2015_ERAI_HH_1989-2014_beta-5.csv: line 131000 [oneflux.pipeline.site_data_product]
2025-06-26 14:00:07.753 [DEBUG   ] Writing /home/portnoy/u0/sytoanngo/ONEFlux/data/US-ARc_sample_output/99_fluxnet2015/FLX_US-ARc_FLUXNET2015_ERAI_HH_1989-2014_beta-5.csv: line 132000 [oneflux.pipeline.site_data_product]
2025-06-26 14:00:07.767 [DEBUG   ] Writing /home/portnoy/u0/sytoanngo/ONEFlux/data/US-ARc_sample_output/99_fluxnet2015/FLX_US-ARc_FLUXNET2015_ERAI_HH_1989-2014_beta-5.csv: line 133000 [oneflux.pipeline.site_data_product]
2025-06-26 14:00:07.782 [DEBUG   ] Writing /home/portnoy/u0/sytoanngo/ONEFlux/data/US-ARc_sample_output/99_fluxnet2015/FLX_US-ARc_FLUXNET2015_ERAI_HH_1989-2014_beta-5.csv: line 134000 [oneflux.pipeline.site_data_product]
2025-06-26 14:00:07.797 [DEBUG   ] Writing /home/portnoy/u0/sytoanngo/ONEFlux/data/US-ARc_sample_output/99_fluxnet2015/FLX_US-ARc_FLUXNET2015_ERAI_HH_1989-2014_beta-5.csv: line 135000 [oneflux.pipeline.site_data_product]
2025-06-26 14:00:07.811 [DEBUG   ] Writing /home/portnoy/u0/sytoanngo/ONEFlux/data/US-ARc_sample_output/99_fluxnet2015/FLX_US-ARc_FLUXNET2015_ERAI_HH_1989-2014_beta-5.csv: line 136000 [oneflux.pipeline.site_data_product]
2025-06-26 14:00:07.826 [DEBUG   ] Writing /home/portnoy/u0/sytoanngo/ONEFlux/data/US-ARc_sample_output/99_fluxnet2015/FLX_US-ARc_FLUXNET2015_ERAI_HH_1989-2014_beta-5.csv: line 137000 [oneflux.pipeline.site_data_product]
2025-06-26 14:00:07.840 [DEBUG   ] Writing /home/portnoy/u0/sytoanngo/ONEFlux/data/US-ARc_sample_output/99_fluxnet2015/FLX_US-ARc_FLUXNET2015_ERAI_HH_1989-2014_beta-5.csv: line 138000 [oneflux.pipeline.site_data_product]
2025-06-26 14:00:07.855 [DEBUG   ] Writing /home/portnoy/u0/sytoanngo/ONEFlux/data/US-ARc_sample_output/99_fluxnet2015/FLX_US-ARc_FLUXNET2015_ERAI_HH_1989-2014_beta-5.csv: line 139000 [oneflux.pipeline.site_data_product]
2025-06-26 14:00:07.869 [DEBUG   ] Writing /home/portnoy/u0/sytoanngo/ONEFlux/data/US-ARc_sample_output/99_fluxnet2015/FLX_US-ARc_FLUXNET2015_ERAI_HH_1989-2014_beta-5.csv: line 140000 [oneflux.pipeline.site_data_product]
2025-06-26 14:00:07.884 [DEBUG   ] Writing /home/portnoy/u0/sytoanngo/ONEFlux/data/US-ARc_sample_output/99_fluxnet2015/FLX_US-ARc_FLUXNET2015_ERAI_HH_1989-2014_beta-5.csv: line 141000 [oneflux.pipeline.site_data_product]
2025-06-26 14:00:07.898 [DEBUG   ] Writing /home/portnoy/u0/sytoanngo/ONEFlux/data/US-ARc_sample_output/99_fluxnet2015/FLX_US-ARc_FLUXNET2015_ERAI_HH_1989-2014_beta-5.csv: line 142000 [oneflux.pipeline.site_data_product]
2025-06-26 14:00:07.913 [DEBUG   ] Writing /home/portnoy/u0/sytoanngo/ONEFlux/data/US-ARc_sample_output/99_fluxnet2015/FLX_US-ARc_FLUXNET2015_ERAI_HH_1989-2014_beta-5.csv: line 143000 [oneflux.pipeline.site_data_product]
2025-06-26 14:00:07.927 [DEBUG   ] Writing /home/portnoy/u0/sytoanngo/ONEFlux/data/US-ARc_sample_output/99_fluxnet2015/FLX_US-ARc_FLUXNET2015_ERAI_HH_1989-2014_beta-5.csv: line 144000 [oneflux.pipeline.site_data_product]
2025-06-26 14:00:07.942 [DEBUG   ] Writing /home/portnoy/u0/sytoanngo/ONEFlux/data/US-ARc_sample_output/99_fluxnet2015/FLX_US-ARc_FLUXNET2015_ERAI_HH_1989-2014_beta-5.csv: line 145000 [oneflux.pipeline.site_data_product]
2025-06-26 14:00:07.957 [DEBUG   ] Writing /home/portnoy/u0/sytoanngo/ONEFlux/data/US-ARc_sample_output/99_fluxnet2015/FLX_US-ARc_FLUXNET2015_ERAI_HH_1989-2014_beta-5.csv: line 146000 [oneflux.pipeline.site_data_product]
2025-06-26 14:00:07.971 [DEBUG   ] Writing /home/portnoy/u0/sytoanngo/ONEFlux/data/US-ARc_sample_output/99_fluxnet2015/FLX_US-ARc_FLUXNET2015_ERAI_HH_1989-2014_beta-5.csv: line 147000 [oneflux.pipeline.site_data_product]
2025-06-26 14:00:07.986 [DEBUG   ] Writing /home/portnoy/u0/sytoanngo/ONEFlux/data/US-ARc_sample_output/99_fluxnet2015/FLX_US-ARc_FLUXNET2015_ERAI_HH_1989-2014_beta-5.csv: line 148000 [oneflux.pipeline.site_data_product]
2025-06-26 14:00:08.001 [DEBUG   ] Writing /home/portnoy/u0/sytoanngo/ONEFlux/data/US-ARc_sample_output/99_fluxnet2015/FLX_US-ARc_FLUXNET2015_ERAI_HH_1989-2014_beta-5.csv: line 149000 [oneflux.pipeline.site_data_product]
2025-06-26 14:00:08.016 [DEBUG   ] Writing /home/portnoy/u0/sytoanngo/ONEFlux/data/US-ARc_sample_output/99_fluxnet2015/FLX_US-ARc_FLUXNET2015_ERAI_HH_1989-2014_beta-5.csv: line 150000 [oneflux.pipeline.site_data_product]
2025-06-26 14:00:08.030 [DEBUG   ] Writing /home/portnoy/u0/sytoanngo/ONEFlux/data/US-ARc_sample_output/99_fluxnet2015/FLX_US-ARc_FLUXNET2015_ERAI_HH_1989-2014_beta-5.csv: line 151000 [oneflux.pipeline.site_data_product]
2025-06-26 14:00:08.045 [DEBUG   ] Writing /home/portnoy/u0/sytoanngo/ONEFlux/data/US-ARc_sample_output/99_fluxnet2015/FLX_US-ARc_FLUXNET2015_ERAI_HH_1989-2014_beta-5.csv: line 152000 [oneflux.pipeline.site_data_product]
2025-06-26 14:00:08.060 [DEBUG   ] Writing /home/portnoy/u0/sytoanngo/ONEFlux/data/US-ARc_sample_output/99_fluxnet2015/FLX_US-ARc_FLUXNET2015_ERAI_HH_1989-2014_beta-5.csv: line 153000 [oneflux.pipeline.site_data_product]
2025-06-26 14:00:08.074 [DEBUG   ] Writing /home/portnoy/u0/sytoanngo/ONEFlux/data/US-ARc_sample_output/99_fluxnet2015/FLX_US-ARc_FLUXNET2015_ERAI_HH_1989-2014_beta-5.csv: line 154000 [oneflux.pipeline.site_data_product]
2025-06-26 14:00:08.089 [DEBUG   ] Writing /home/portnoy/u0/sytoanngo/ONEFlux/data/US-ARc_sample_output/99_fluxnet2015/FLX_US-ARc_FLUXNET2015_ERAI_HH_1989-2014_beta-5.csv: line 155000 [oneflux.pipeline.site_data_product]
2025-06-26 14:00:08.103 [DEBUG   ] Writing /home/portnoy/u0/sytoanngo/ONEFlux/data/US-ARc_sample_output/99_fluxnet2015/FLX_US-ARc_FLUXNET2015_ERAI_HH_1989-2014_beta-5.csv: line 156000 [oneflux.pipeline.site_data_product]
2025-06-26 14:00:08.118 [DEBUG   ] Writing /home/portnoy/u0/sytoanngo/ONEFlux/data/US-ARc_sample_output/99_fluxnet2015/FLX_US-ARc_FLUXNET2015_ERAI_HH_1989-2014_beta-5.csv: line 157000 [oneflux.pipeline.site_data_product]
2025-06-26 14:00:08.132 [DEBUG   ] Writing /home/portnoy/u0/sytoanngo/ONEFlux/data/US-ARc_sample_output/99_fluxnet2015/FLX_US-ARc_FLUXNET2015_ERAI_HH_1989-2014_beta-5.csv: line 158000 [oneflux.pipeline.site_data_product]
2025-06-26 14:00:08.147 [DEBUG   ] Writing /home/portnoy/u0/sytoanngo/ONEFlux/data/US-ARc_sample_output/99_fluxnet2015/FLX_US-ARc_FLUXNET2015_ERAI_HH_1989-2014_beta-5.csv: line 159000 [oneflux.pipeline.site_data_product]
2025-06-26 14:00:08.161 [DEBUG   ] Writing /home/portnoy/u0/sytoanngo/ONEFlux/data/US-ARc_sample_output/99_fluxnet2015/FLX_US-ARc_FLUXNET2015_ERAI_HH_1989-2014_beta-5.csv: line 160000 [oneflux.pipeline.site_data_product]
2025-06-26 14:00:08.176 [DEBUG   ] Writing /home/portnoy/u0/sytoanngo/ONEFlux/data/US-ARc_sample_output/99_fluxnet2015/FLX_US-ARc_FLUXNET2015_ERAI_HH_1989-2014_beta-5.csv: line 161000 [oneflux.pipeline.site_data_product]
2025-06-26 14:00:08.190 [DEBUG   ] Writing /home/portnoy/u0/sytoanngo/ONEFlux/data/US-ARc_sample_output/99_fluxnet2015/FLX_US-ARc_FLUXNET2015_ERAI_HH_1989-2014_beta-5.csv: line 162000 [oneflux.pipeline.site_data_product]
2025-06-26 14:00:08.205 [DEBUG   ] Writing /home/portnoy/u0/sytoanngo/ONEFlux/data/US-ARc_sample_output/99_fluxnet2015/FLX_US-ARc_FLUXNET2015_ERAI_HH_1989-2014_beta-5.csv: line 163000 [oneflux.pipeline.site_data_product]
2025-06-26 14:00:08.220 [DEBUG   ] Writing /home/portnoy/u0/sytoanngo/ONEFlux/data/US-ARc_sample_output/99_fluxnet2015/FLX_US-ARc_FLUXNET2015_ERAI_HH_1989-2014_beta-5.csv: line 164000 [oneflux.pipeline.site_data_product]
2025-06-26 14:00:08.234 [DEBUG   ] Writing /home/portnoy/u0/sytoanngo/ONEFlux/data/US-ARc_sample_output/99_fluxnet2015/FLX_US-ARc_FLUXNET2015_ERAI_HH_1989-2014_beta-5.csv: line 165000 [oneflux.pipeline.site_data_product]
2025-06-26 14:00:08.249 [DEBUG   ] Writing /home/portnoy/u0/sytoanngo/ONEFlux/data/US-ARc_sample_output/99_fluxnet2015/FLX_US-ARc_FLUXNET2015_ERAI_HH_1989-2014_beta-5.csv: line 166000 [oneflux.pipeline.site_data_product]
2025-06-26 14:00:08.264 [DEBUG   ] Writing /home/portnoy/u0/sytoanngo/ONEFlux/data/US-ARc_sample_output/99_fluxnet2015/FLX_US-ARc_FLUXNET2015_ERAI_HH_1989-2014_beta-5.csv: line 167000 [oneflux.pipeline.site_data_product]
2025-06-26 14:00:08.278 [DEBUG   ] Writing /home/portnoy/u0/sytoanngo/ONEFlux/data/US-ARc_sample_output/99_fluxnet2015/FLX_US-ARc_FLUXNET2015_ERAI_HH_1989-2014_beta-5.csv: line 168000 [oneflux.pipeline.site_data_product]
2025-06-26 14:00:08.293 [DEBUG   ] Writing /home/portnoy/u0/sytoanngo/ONEFlux/data/US-ARc_sample_output/99_fluxnet2015/FLX_US-ARc_FLUXNET2015_ERAI_HH_1989-2014_beta-5.csv: line 169000 [oneflux.pipeline.site_data_product]
2025-06-26 14:00:08.308 [DEBUG   ] Writing /home/portnoy/u0/sytoanngo/ONEFlux/data/US-ARc_sample_output/99_fluxnet2015/FLX_US-ARc_FLUXNET2015_ERAI_HH_1989-2014_beta-5.csv: line 170000 [oneflux.pipeline.site_data_product]
2025-06-26 14:00:08.322 [DEBUG   ] Writing /home/portnoy/u0/sytoanngo/ONEFlux/data/US-ARc_sample_output/99_fluxnet2015/FLX_US-ARc_FLUXNET2015_ERAI_HH_1989-2014_beta-5.csv: line 171000 [oneflux.pipeline.site_data_product]
2025-06-26 14:00:08.337 [DEBUG   ] Writing /home/portnoy/u0/sytoanngo/ONEFlux/data/US-ARc_sample_output/99_fluxnet2015/FLX_US-ARc_FLUXNET2015_ERAI_HH_1989-2014_beta-5.csv: line 172000 [oneflux.pipeline.site_data_product]
2025-06-26 14:00:08.351 [DEBUG   ] Writing /home/portnoy/u0/sytoanngo/ONEFlux/data/US-ARc_sample_output/99_fluxnet2015/FLX_US-ARc_FLUXNET2015_ERAI_HH_1989-2014_beta-5.csv: line 173000 [oneflux.pipeline.site_data_product]
2025-06-26 14:00:08.366 [DEBUG   ] Writing /home/portnoy/u0/sytoanngo/ONEFlux/data/US-ARc_sample_output/99_fluxnet2015/FLX_US-ARc_FLUXNET2015_ERAI_HH_1989-2014_beta-5.csv: line 174000 [oneflux.pipeline.site_data_product]
2025-06-26 14:00:08.380 [DEBUG   ] Writing /home/portnoy/u0/sytoanngo/ONEFlux/data/US-ARc_sample_output/99_fluxnet2015/FLX_US-ARc_FLUXNET2015_ERAI_HH_1989-2014_beta-5.csv: line 175000 [oneflux.pipeline.site_data_product]
2025-06-26 14:00:08.395 [DEBUG   ] Writing /home/portnoy/u0/sytoanngo/ONEFlux/data/US-ARc_sample_output/99_fluxnet2015/FLX_US-ARc_FLUXNET2015_ERAI_HH_1989-2014_beta-5.csv: line 176000 [oneflux.pipeline.site_data_product]
2025-06-26 14:00:08.409 [DEBUG   ] Writing /home/portnoy/u0/sytoanngo/ONEFlux/data/US-ARc_sample_output/99_fluxnet2015/FLX_US-ARc_FLUXNET2015_ERAI_HH_1989-2014_beta-5.csv: line 177000 [oneflux.pipeline.site_data_product]
2025-06-26 14:00:08.424 [DEBUG   ] Writing /home/portnoy/u0/sytoanngo/ONEFlux/data/US-ARc_sample_output/99_fluxnet2015/FLX_US-ARc_FLUXNET2015_ERAI_HH_1989-2014_beta-5.csv: line 178000 [oneflux.pipeline.site_data_product]
2025-06-26 14:00:08.438 [DEBUG   ] Writing /home/portnoy/u0/sytoanngo/ONEFlux/data/US-ARc_sample_output/99_fluxnet2015/FLX_US-ARc_FLUXNET2015_ERAI_HH_1989-2014_beta-5.csv: line 179000 [oneflux.pipeline.site_data_product]
2025-06-26 14:00:08.453 [DEBUG   ] Writing /home/portnoy/u0/sytoanngo/ONEFlux/data/US-ARc_sample_output/99_fluxnet2015/FLX_US-ARc_FLUXNET2015_ERAI_HH_1989-2014_beta-5.csv: line 180000 [oneflux.pipeline.site_data_product]
2025-06-26 14:00:08.468 [DEBUG   ] Writing /home/portnoy/u0/sytoanngo/ONEFlux/data/US-ARc_sample_output/99_fluxnet2015/FLX_US-ARc_FLUXNET2015_ERAI_HH_1989-2014_beta-5.csv: line 181000 [oneflux.pipeline.site_data_product]
2025-06-26 14:00:08.482 [DEBUG   ] Writing /home/portnoy/u0/sytoanngo/ONEFlux/data/US-ARc_sample_output/99_fluxnet2015/FLX_US-ARc_FLUXNET2015_ERAI_HH_1989-2014_beta-5.csv: line 182000 [oneflux.pipeline.site_data_product]
2025-06-26 14:00:08.497 [DEBUG   ] Writing /home/portnoy/u0/sytoanngo/ONEFlux/data/US-ARc_sample_output/99_fluxnet2015/FLX_US-ARc_FLUXNET2015_ERAI_HH_1989-2014_beta-5.csv: line 183000 [oneflux.pipeline.site_data_product]
2025-06-26 14:00:08.512 [DEBUG   ] Writing /home/portnoy/u0/sytoanngo/ONEFlux/data/US-ARc_sample_output/99_fluxnet2015/FLX_US-ARc_FLUXNET2015_ERAI_HH_1989-2014_beta-5.csv: line 184000 [oneflux.pipeline.site_data_product]
2025-06-26 14:00:08.526 [DEBUG   ] Writing /home/portnoy/u0/sytoanngo/ONEFlux/data/US-ARc_sample_output/99_fluxnet2015/FLX_US-ARc_FLUXNET2015_ERAI_HH_1989-2014_beta-5.csv: line 185000 [oneflux.pipeline.site_data_product]
2025-06-26 14:00:08.541 [DEBUG   ] Writing /home/portnoy/u0/sytoanngo/ONEFlux/data/US-ARc_sample_output/99_fluxnet2015/FLX_US-ARc_FLUXNET2015_ERAI_HH_1989-2014_beta-5.csv: line 186000 [oneflux.pipeline.site_data_product]
2025-06-26 14:00:08.556 [DEBUG   ] Writing /home/portnoy/u0/sytoanngo/ONEFlux/data/US-ARc_sample_output/99_fluxnet2015/FLX_US-ARc_FLUXNET2015_ERAI_HH_1989-2014_beta-5.csv: line 187000 [oneflux.pipeline.site_data_product]
2025-06-26 14:00:08.571 [DEBUG   ] Writing /home/portnoy/u0/sytoanngo/ONEFlux/data/US-ARc_sample_output/99_fluxnet2015/FLX_US-ARc_FLUXNET2015_ERAI_HH_1989-2014_beta-5.csv: line 188000 [oneflux.pipeline.site_data_product]
2025-06-26 14:00:08.585 [DEBUG   ] Writing /home/portnoy/u0/sytoanngo/ONEFlux/data/US-ARc_sample_output/99_fluxnet2015/FLX_US-ARc_FLUXNET2015_ERAI_HH_1989-2014_beta-5.csv: line 189000 [oneflux.pipeline.site_data_product]
2025-06-26 14:00:08.600 [DEBUG   ] Writing /home/portnoy/u0/sytoanngo/ONEFlux/data/US-ARc_sample_output/99_fluxnet2015/FLX_US-ARc_FLUXNET2015_ERAI_HH_1989-2014_beta-5.csv: line 190000 [oneflux.pipeline.site_data_product]
2025-06-26 14:00:08.614 [DEBUG   ] Writing /home/portnoy/u0/sytoanngo/ONEFlux/data/US-ARc_sample_output/99_fluxnet2015/FLX_US-ARc_FLUXNET2015_ERAI_HH_1989-2014_beta-5.csv: line 191000 [oneflux.pipeline.site_data_product]
2025-06-26 14:00:08.629 [DEBUG   ] Writing /home/portnoy/u0/sytoanngo/ONEFlux/data/US-ARc_sample_output/99_fluxnet2015/FLX_US-ARc_FLUXNET2015_ERAI_HH_1989-2014_beta-5.csv: line 192000 [oneflux.pipeline.site_data_product]
2025-06-26 14:00:08.644 [DEBUG   ] Writing /home/portnoy/u0/sytoanngo/ONEFlux/data/US-ARc_sample_output/99_fluxnet2015/FLX_US-ARc_FLUXNET2015_ERAI_HH_1989-2014_beta-5.csv: line 193000 [oneflux.pipeline.site_data_product]
2025-06-26 14:00:08.658 [DEBUG   ] Writing /home/portnoy/u0/sytoanngo/ONEFlux/data/US-ARc_sample_output/99_fluxnet2015/FLX_US-ARc_FLUXNET2015_ERAI_HH_1989-2014_beta-5.csv: line 194000 [oneflux.pipeline.site_data_product]
2025-06-26 14:00:08.673 [DEBUG   ] Writing /home/portnoy/u0/sytoanngo/ONEFlux/data/US-ARc_sample_output/99_fluxnet2015/FLX_US-ARc_FLUXNET2015_ERAI_HH_1989-2014_beta-5.csv: line 195000 [oneflux.pipeline.site_data_product]
2025-06-26 14:00:08.687 [DEBUG   ] Writing /home/portnoy/u0/sytoanngo/ONEFlux/data/US-ARc_sample_output/99_fluxnet2015/FLX_US-ARc_FLUXNET2015_ERAI_HH_1989-2014_beta-5.csv: line 196000 [oneflux.pipeline.site_data_product]
2025-06-26 14:00:08.702 [DEBUG   ] Writing /home/portnoy/u0/sytoanngo/ONEFlux/data/US-ARc_sample_output/99_fluxnet2015/FLX_US-ARc_FLUXNET2015_ERAI_HH_1989-2014_beta-5.csv: line 197000 [oneflux.pipeline.site_data_product]
2025-06-26 14:00:08.716 [DEBUG   ] Writing /home/portnoy/u0/sytoanngo/ONEFlux/data/US-ARc_sample_output/99_fluxnet2015/FLX_US-ARc_FLUXNET2015_ERAI_HH_1989-2014_beta-5.csv: line 198000 [oneflux.pipeline.site_data_product]
2025-06-26 14:00:08.731 [DEBUG   ] Writing /home/portnoy/u0/sytoanngo/ONEFlux/data/US-ARc_sample_output/99_fluxnet2015/FLX_US-ARc_FLUXNET2015_ERAI_HH_1989-2014_beta-5.csv: line 199000 [oneflux.pipeline.site_data_product]
2025-06-26 14:00:08.746 [DEBUG   ] Writing /home/portnoy/u0/sytoanngo/ONEFlux/data/US-ARc_sample_output/99_fluxnet2015/FLX_US-ARc_FLUXNET2015_ERAI_HH_1989-2014_beta-5.csv: line 200000 [oneflux.pipeline.site_data_product]
2025-06-26 14:00:08.760 [DEBUG   ] Writing /home/portnoy/u0/sytoanngo/ONEFlux/data/US-ARc_sample_output/99_fluxnet2015/FLX_US-ARc_FLUXNET2015_ERAI_HH_1989-2014_beta-5.csv: line 201000 [oneflux.pipeline.site_data_product]
2025-06-26 14:00:08.775 [DEBUG   ] Writing /home/portnoy/u0/sytoanngo/ONEFlux/data/US-ARc_sample_output/99_fluxnet2015/FLX_US-ARc_FLUXNET2015_ERAI_HH_1989-2014_beta-5.csv: line 202000 [oneflux.pipeline.site_data_product]
2025-06-26 14:00:08.790 [DEBUG   ] Writing /home/portnoy/u0/sytoanngo/ONEFlux/data/US-ARc_sample_output/99_fluxnet2015/FLX_US-ARc_FLUXNET2015_ERAI_HH_1989-2014_beta-5.csv: line 203000 [oneflux.pipeline.site_data_product]
2025-06-26 14:00:08.804 [DEBUG   ] Writing /home/portnoy/u0/sytoanngo/ONEFlux/data/US-ARc_sample_output/99_fluxnet2015/FLX_US-ARc_FLUXNET2015_ERAI_HH_1989-2014_beta-5.csv: line 204000 [oneflux.pipeline.site_data_product]
2025-06-26 14:00:08.819 [DEBUG   ] Writing /home/portnoy/u0/sytoanngo/ONEFlux/data/US-ARc_sample_output/99_fluxnet2015/FLX_US-ARc_FLUXNET2015_ERAI_HH_1989-2014_beta-5.csv: line 205000 [oneflux.pipeline.site_data_product]
2025-06-26 14:00:08.834 [DEBUG   ] Writing /home/portnoy/u0/sytoanngo/ONEFlux/data/US-ARc_sample_output/99_fluxnet2015/FLX_US-ARc_FLUXNET2015_ERAI_HH_1989-2014_beta-5.csv: line 206000 [oneflux.pipeline.site_data_product]
2025-06-26 14:00:08.848 [DEBUG   ] Writing /home/portnoy/u0/sytoanngo/ONEFlux/data/US-ARc_sample_output/99_fluxnet2015/FLX_US-ARc_FLUXNET2015_ERAI_HH_1989-2014_beta-5.csv: line 207000 [oneflux.pipeline.site_data_product]
2025-06-26 14:00:08.863 [DEBUG   ] Writing /home/portnoy/u0/sytoanngo/ONEFlux/data/US-ARc_sample_output/99_fluxnet2015/FLX_US-ARc_FLUXNET2015_ERAI_HH_1989-2014_beta-5.csv: line 208000 [oneflux.pipeline.site_data_product]
2025-06-26 14:00:08.877 [DEBUG   ] Writing /home/portnoy/u0/sytoanngo/ONEFlux/data/US-ARc_sample_output/99_fluxnet2015/FLX_US-ARc_FLUXNET2015_ERAI_HH_1989-2014_beta-5.csv: line 209000 [oneflux.pipeline.site_data_product]
2025-06-26 14:00:08.892 [DEBUG   ] Writing /home/portnoy/u0/sytoanngo/ONEFlux/data/US-ARc_sample_output/99_fluxnet2015/FLX_US-ARc_FLUXNET2015_ERAI_HH_1989-2014_beta-5.csv: line 210000 [oneflux.pipeline.site_data_product]
2025-06-26 14:00:08.906 [DEBUG   ] Writing /home/portnoy/u0/sytoanngo/ONEFlux/data/US-ARc_sample_output/99_fluxnet2015/FLX_US-ARc_FLUXNET2015_ERAI_HH_1989-2014_beta-5.csv: line 211000 [oneflux.pipeline.site_data_product]
2025-06-26 14:00:08.921 [DEBUG   ] Writing /home/portnoy/u0/sytoanngo/ONEFlux/data/US-ARc_sample_output/99_fluxnet2015/FLX_US-ARc_FLUXNET2015_ERAI_HH_1989-2014_beta-5.csv: line 212000 [oneflux.pipeline.site_data_product]
2025-06-26 14:00:08.935 [DEBUG   ] Writing /home/portnoy/u0/sytoanngo/ONEFlux/data/US-ARc_sample_output/99_fluxnet2015/FLX_US-ARc_FLUXNET2015_ERAI_HH_1989-2014_beta-5.csv: line 213000 [oneflux.pipeline.site_data_product]
2025-06-26 14:00:08.950 [DEBUG   ] Writing /home/portnoy/u0/sytoanngo/ONEFlux/data/US-ARc_sample_output/99_fluxnet2015/FLX_US-ARc_FLUXNET2015_ERAI_HH_1989-2014_beta-5.csv: line 214000 [oneflux.pipeline.site_data_product]
2025-06-26 14:00:08.964 [DEBUG   ] Writing /home/portnoy/u0/sytoanngo/ONEFlux/data/US-ARc_sample_output/99_fluxnet2015/FLX_US-ARc_FLUXNET2015_ERAI_HH_1989-2014_beta-5.csv: line 215000 [oneflux.pipeline.site_data_product]
2025-06-26 14:00:08.979 [DEBUG   ] Writing /home/portnoy/u0/sytoanngo/ONEFlux/data/US-ARc_sample_output/99_fluxnet2015/FLX_US-ARc_FLUXNET2015_ERAI_HH_1989-2014_beta-5.csv: line 216000 [oneflux.pipeline.site_data_product]
2025-06-26 14:00:08.994 [DEBUG   ] Writing /home/portnoy/u0/sytoanngo/ONEFlux/data/US-ARc_sample_output/99_fluxnet2015/FLX_US-ARc_FLUXNET2015_ERAI_HH_1989-2014_beta-5.csv: line 217000 [oneflux.pipeline.site_data_product]
2025-06-26 14:00:09.008 [DEBUG   ] Writing /home/portnoy/u0/sytoanngo/ONEFlux/data/US-ARc_sample_output/99_fluxnet2015/FLX_US-ARc_FLUXNET2015_ERAI_HH_1989-2014_beta-5.csv: line 218000 [oneflux.pipeline.site_data_product]
2025-06-26 14:00:09.023 [DEBUG   ] Writing /home/portnoy/u0/sytoanngo/ONEFlux/data/US-ARc_sample_output/99_fluxnet2015/FLX_US-ARc_FLUXNET2015_ERAI_HH_1989-2014_beta-5.csv: line 219000 [oneflux.pipeline.site_data_product]
2025-06-26 14:00:09.038 [DEBUG   ] Writing /home/portnoy/u0/sytoanngo/ONEFlux/data/US-ARc_sample_output/99_fluxnet2015/FLX_US-ARc_FLUXNET2015_ERAI_HH_1989-2014_beta-5.csv: line 220000 [oneflux.pipeline.site_data_product]
2025-06-26 14:00:09.053 [DEBUG   ] Writing /home/portnoy/u0/sytoanngo/ONEFlux/data/US-ARc_sample_output/99_fluxnet2015/FLX_US-ARc_FLUXNET2015_ERAI_HH_1989-2014_beta-5.csv: line 221000 [oneflux.pipeline.site_data_product]
2025-06-26 14:00:09.067 [DEBUG   ] Writing /home/portnoy/u0/sytoanngo/ONEFlux/data/US-ARc_sample_output/99_fluxnet2015/FLX_US-ARc_FLUXNET2015_ERAI_HH_1989-2014_beta-5.csv: line 222000 [oneflux.pipeline.site_data_product]
2025-06-26 14:00:09.082 [DEBUG   ] Writing /home/portnoy/u0/sytoanngo/ONEFlux/data/US-ARc_sample_output/99_fluxnet2015/FLX_US-ARc_FLUXNET2015_ERAI_HH_1989-2014_beta-5.csv: line 223000 [oneflux.pipeline.site_data_product]
2025-06-26 14:00:09.097 [DEBUG   ] Writing /home/portnoy/u0/sytoanngo/ONEFlux/data/US-ARc_sample_output/99_fluxnet2015/FLX_US-ARc_FLUXNET2015_ERAI_HH_1989-2014_beta-5.csv: line 224000 [oneflux.pipeline.site_data_product]
2025-06-26 14:00:09.111 [DEBUG   ] Writing /home/portnoy/u0/sytoanngo/ONEFlux/data/US-ARc_sample_output/99_fluxnet2015/FLX_US-ARc_FLUXNET2015_ERAI_HH_1989-2014_beta-5.csv: line 225000 [oneflux.pipeline.site_data_product]
2025-06-26 14:00:09.126 [DEBUG   ] Writing /home/portnoy/u0/sytoanngo/ONEFlux/data/US-ARc_sample_output/99_fluxnet2015/FLX_US-ARc_FLUXNET2015_ERAI_HH_1989-2014_beta-5.csv: line 226000 [oneflux.pipeline.site_data_product]
2025-06-26 14:00:09.140 [DEBUG   ] Writing /home/portnoy/u0/sytoanngo/ONEFlux/data/US-ARc_sample_output/99_fluxnet2015/FLX_US-ARc_FLUXNET2015_ERAI_HH_1989-2014_beta-5.csv: line 227000 [oneflux.pipeline.site_data_product]
2025-06-26 14:00:09.155 [DEBUG   ] Writing /home/portnoy/u0/sytoanngo/ONEFlux/data/US-ARc_sample_output/99_fluxnet2015/FLX_US-ARc_FLUXNET2015_ERAI_HH_1989-2014_beta-5.csv: line 228000 [oneflux.pipeline.site_data_product]
2025-06-26 14:00:09.169 [DEBUG   ] Writing /home/portnoy/u0/sytoanngo/ONEFlux/data/US-ARc_sample_output/99_fluxnet2015/FLX_US-ARc_FLUXNET2015_ERAI_HH_1989-2014_beta-5.csv: line 229000 [oneflux.pipeline.site_data_product]
2025-06-26 14:00:09.184 [DEBUG   ] Writing /home/portnoy/u0/sytoanngo/ONEFlux/data/US-ARc_sample_output/99_fluxnet2015/FLX_US-ARc_FLUXNET2015_ERAI_HH_1989-2014_beta-5.csv: line 230000 [oneflux.pipeline.site_data_product]
2025-06-26 14:00:09.198 [DEBUG   ] Writing /home/portnoy/u0/sytoanngo/ONEFlux/data/US-ARc_sample_output/99_fluxnet2015/FLX_US-ARc_FLUXNET2015_ERAI_HH_1989-2014_beta-5.csv: line 231000 [oneflux.pipeline.site_data_product]
2025-06-26 14:00:09.213 [DEBUG   ] Writing /home/portnoy/u0/sytoanngo/ONEFlux/data/US-ARc_sample_output/99_fluxnet2015/FLX_US-ARc_FLUXNET2015_ERAI_HH_1989-2014_beta-5.csv: line 232000 [oneflux.pipeline.site_data_product]
2025-06-26 14:00:09.227 [DEBUG   ] Writing /home/portnoy/u0/sytoanngo/ONEFlux/data/US-ARc_sample_output/99_fluxnet2015/FLX_US-ARc_FLUXNET2015_ERAI_HH_1989-2014_beta-5.csv: line 233000 [oneflux.pipeline.site_data_product]
2025-06-26 14:00:09.242 [DEBUG   ] Writing /home/portnoy/u0/sytoanngo/ONEFlux/data/US-ARc_sample_output/99_fluxnet2015/FLX_US-ARc_FLUXNET2015_ERAI_HH_1989-2014_beta-5.csv: line 234000 [oneflux.pipeline.site_data_product]
2025-06-26 14:00:09.257 [DEBUG   ] Writing /home/portnoy/u0/sytoanngo/ONEFlux/data/US-ARc_sample_output/99_fluxnet2015/FLX_US-ARc_FLUXNET2015_ERAI_HH_1989-2014_beta-5.csv: line 235000 [oneflux.pipeline.site_data_product]
2025-06-26 14:00:09.272 [DEBUG   ] Writing /home/portnoy/u0/sytoanngo/ONEFlux/data/US-ARc_sample_output/99_fluxnet2015/FLX_US-ARc_FLUXNET2015_ERAI_HH_1989-2014_beta-5.csv: line 236000 [oneflux.pipeline.site_data_product]
2025-06-26 14:00:09.286 [DEBUG   ] Writing /home/portnoy/u0/sytoanngo/ONEFlux/data/US-ARc_sample_output/99_fluxnet2015/FLX_US-ARc_FLUXNET2015_ERAI_HH_1989-2014_beta-5.csv: line 237000 [oneflux.pipeline.site_data_product]
2025-06-26 14:00:09.301 [DEBUG   ] Writing /home/portnoy/u0/sytoanngo/ONEFlux/data/US-ARc_sample_output/99_fluxnet2015/FLX_US-ARc_FLUXNET2015_ERAI_HH_1989-2014_beta-5.csv: line 238000 [oneflux.pipeline.site_data_product]
2025-06-26 14:00:09.316 [DEBUG   ] Writing /home/portnoy/u0/sytoanngo/ONEFlux/data/US-ARc_sample_output/99_fluxnet2015/FLX_US-ARc_FLUXNET2015_ERAI_HH_1989-2014_beta-5.csv: line 239000 [oneflux.pipeline.site_data_product]
2025-06-26 14:00:09.330 [DEBUG   ] Writing /home/portnoy/u0/sytoanngo/ONEFlux/data/US-ARc_sample_output/99_fluxnet2015/FLX_US-ARc_FLUXNET2015_ERAI_HH_1989-2014_beta-5.csv: line 240000 [oneflux.pipeline.site_data_product]
2025-06-26 14:00:09.345 [DEBUG   ] Writing /home/portnoy/u0/sytoanngo/ONEFlux/data/US-ARc_sample_output/99_fluxnet2015/FLX_US-ARc_FLUXNET2015_ERAI_HH_1989-2014_beta-5.csv: line 241000 [oneflux.pipeline.site_data_product]
2025-06-26 14:00:09.359 [DEBUG   ] Writing /home/portnoy/u0/sytoanngo/ONEFlux/data/US-ARc_sample_output/99_fluxnet2015/FLX_US-ARc_FLUXNET2015_ERAI_HH_1989-2014_beta-5.csv: line 242000 [oneflux.pipeline.site_data_product]
2025-06-26 14:00:09.374 [DEBUG   ] Writing /home/portnoy/u0/sytoanngo/ONEFlux/data/US-ARc_sample_output/99_fluxnet2015/FLX_US-ARc_FLUXNET2015_ERAI_HH_1989-2014_beta-5.csv: line 243000 [oneflux.pipeline.site_data_product]
2025-06-26 14:00:09.388 [DEBUG   ] Writing /home/portnoy/u0/sytoanngo/ONEFlux/data/US-ARc_sample_output/99_fluxnet2015/FLX_US-ARc_FLUXNET2015_ERAI_HH_1989-2014_beta-5.csv: line 244000 [oneflux.pipeline.site_data_product]
2025-06-26 14:00:09.403 [DEBUG   ] Writing /home/portnoy/u0/sytoanngo/ONEFlux/data/US-ARc_sample_output/99_fluxnet2015/FLX_US-ARc_FLUXNET2015_ERAI_HH_1989-2014_beta-5.csv: line 245000 [oneflux.pipeline.site_data_product]
2025-06-26 14:00:09.417 [DEBUG   ] Writing /home/portnoy/u0/sytoanngo/ONEFlux/data/US-ARc_sample_output/99_fluxnet2015/FLX_US-ARc_FLUXNET2015_ERAI_HH_1989-2014_beta-5.csv: line 246000 [oneflux.pipeline.site_data_product]
2025-06-26 14:00:09.432 [DEBUG   ] Writing /home/portnoy/u0/sytoanngo/ONEFlux/data/US-ARc_sample_output/99_fluxnet2015/FLX_US-ARc_FLUXNET2015_ERAI_HH_1989-2014_beta-5.csv: line 247000 [oneflux.pipeline.site_data_product]
2025-06-26 14:00:09.446 [DEBUG   ] Writing /home/portnoy/u0/sytoanngo/ONEFlux/data/US-ARc_sample_output/99_fluxnet2015/FLX_US-ARc_FLUXNET2015_ERAI_HH_1989-2014_beta-5.csv: line 248000 [oneflux.pipeline.site_data_product]
2025-06-26 14:00:09.461 [DEBUG   ] Writing /home/portnoy/u0/sytoanngo/ONEFlux/data/US-ARc_sample_output/99_fluxnet2015/FLX_US-ARc_FLUXNET2015_ERAI_HH_1989-2014_beta-5.csv: line 249000 [oneflux.pipeline.site_data_product]
2025-06-26 14:00:09.475 [DEBUG   ] Writing /home/portnoy/u0/sytoanngo/ONEFlux/data/US-ARc_sample_output/99_fluxnet2015/FLX_US-ARc_FLUXNET2015_ERAI_HH_1989-2014_beta-5.csv: line 250000 [oneflux.pipeline.site_data_product]
2025-06-26 14:00:09.490 [DEBUG   ] Writing /home/portnoy/u0/sytoanngo/ONEFlux/data/US-ARc_sample_output/99_fluxnet2015/FLX_US-ARc_FLUXNET2015_ERAI_HH_1989-2014_beta-5.csv: line 251000 [oneflux.pipeline.site_data_product]
2025-06-26 14:00:09.505 [DEBUG   ] Writing /home/portnoy/u0/sytoanngo/ONEFlux/data/US-ARc_sample_output/99_fluxnet2015/FLX_US-ARc_FLUXNET2015_ERAI_HH_1989-2014_beta-5.csv: line 252000 [oneflux.pipeline.site_data_product]
2025-06-26 14:00:09.519 [DEBUG   ] Writing /home/portnoy/u0/sytoanngo/ONEFlux/data/US-ARc_sample_output/99_fluxnet2015/FLX_US-ARc_FLUXNET2015_ERAI_HH_1989-2014_beta-5.csv: line 253000 [oneflux.pipeline.site_data_product]
2025-06-26 14:00:09.534 [DEBUG   ] Writing /home/portnoy/u0/sytoanngo/ONEFlux/data/US-ARc_sample_output/99_fluxnet2015/FLX_US-ARc_FLUXNET2015_ERAI_HH_1989-2014_beta-5.csv: line 254000 [oneflux.pipeline.site_data_product]
2025-06-26 14:00:09.548 [DEBUG   ] Writing /home/portnoy/u0/sytoanngo/ONEFlux/data/US-ARc_sample_output/99_fluxnet2015/FLX_US-ARc_FLUXNET2015_ERAI_HH_1989-2014_beta-5.csv: line 255000 [oneflux.pipeline.site_data_product]
2025-06-26 14:00:09.563 [DEBUG   ] Writing /home/portnoy/u0/sytoanngo/ONEFlux/data/US-ARc_sample_output/99_fluxnet2015/FLX_US-ARc_FLUXNET2015_ERAI_HH_1989-2014_beta-5.csv: line 256000 [oneflux.pipeline.site_data_product]
2025-06-26 14:00:09.578 [DEBUG   ] Writing /home/portnoy/u0/sytoanngo/ONEFlux/data/US-ARc_sample_output/99_fluxnet2015/FLX_US-ARc_FLUXNET2015_ERAI_HH_1989-2014_beta-5.csv: line 257000 [oneflux.pipeline.site_data_product]
2025-06-26 14:00:09.592 [DEBUG   ] Writing /home/portnoy/u0/sytoanngo/ONEFlux/data/US-ARc_sample_output/99_fluxnet2015/FLX_US-ARc_FLUXNET2015_ERAI_HH_1989-2014_beta-5.csv: line 258000 [oneflux.pipeline.site_data_product]
2025-06-26 14:00:09.607 [DEBUG   ] Writing /home/portnoy/u0/sytoanngo/ONEFlux/data/US-ARc_sample_output/99_fluxnet2015/FLX_US-ARc_FLUXNET2015_ERAI_HH_1989-2014_beta-5.csv: line 259000 [oneflux.pipeline.site_data_product]
2025-06-26 14:00:09.622 [DEBUG   ] Writing /home/portnoy/u0/sytoanngo/ONEFlux/data/US-ARc_sample_output/99_fluxnet2015/FLX_US-ARc_FLUXNET2015_ERAI_HH_1989-2014_beta-5.csv: line 260000 [oneflux.pipeline.site_data_product]
2025-06-26 14:00:09.636 [DEBUG   ] Writing /home/portnoy/u0/sytoanngo/ONEFlux/data/US-ARc_sample_output/99_fluxnet2015/FLX_US-ARc_FLUXNET2015_ERAI_HH_1989-2014_beta-5.csv: line 261000 [oneflux.pipeline.site_data_product]
2025-06-26 14:00:09.651 [DEBUG   ] Writing /home/portnoy/u0/sytoanngo/ONEFlux/data/US-ARc_sample_output/99_fluxnet2015/FLX_US-ARc_FLUXNET2015_ERAI_HH_1989-2014_beta-5.csv: line 262000 [oneflux.pipeline.site_data_product]
2025-06-26 14:00:09.666 [DEBUG   ] Writing /home/portnoy/u0/sytoanngo/ONEFlux/data/US-ARc_sample_output/99_fluxnet2015/FLX_US-ARc_FLUXNET2015_ERAI_HH_1989-2014_beta-5.csv: line 263000 [oneflux.pipeline.site_data_product]
2025-06-26 14:00:09.680 [DEBUG   ] Writing /home/portnoy/u0/sytoanngo/ONEFlux/data/US-ARc_sample_output/99_fluxnet2015/FLX_US-ARc_FLUXNET2015_ERAI_HH_1989-2014_beta-5.csv: line 264000 [oneflux.pipeline.site_data_product]
2025-06-26 14:00:09.695 [DEBUG   ] Writing /home/portnoy/u0/sytoanngo/ONEFlux/data/US-ARc_sample_output/99_fluxnet2015/FLX_US-ARc_FLUXNET2015_ERAI_HH_1989-2014_beta-5.csv: line 265000 [oneflux.pipeline.site_data_product]
2025-06-26 14:00:09.709 [DEBUG   ] Writing /home/portnoy/u0/sytoanngo/ONEFlux/data/US-ARc_sample_output/99_fluxnet2015/FLX_US-ARc_FLUXNET2015_ERAI_HH_1989-2014_beta-5.csv: line 266000 [oneflux.pipeline.site_data_product]
2025-06-26 14:00:09.724 [DEBUG   ] Writing /home/portnoy/u0/sytoanngo/ONEFlux/data/US-ARc_sample_output/99_fluxnet2015/FLX_US-ARc_FLUXNET2015_ERAI_HH_1989-2014_beta-5.csv: line 267000 [oneflux.pipeline.site_data_product]
2025-06-26 14:00:09.738 [DEBUG   ] Writing /home/portnoy/u0/sytoanngo/ONEFlux/data/US-ARc_sample_output/99_fluxnet2015/FLX_US-ARc_FLUXNET2015_ERAI_HH_1989-2014_beta-5.csv: line 268000 [oneflux.pipeline.site_data_product]
2025-06-26 14:00:09.753 [DEBUG   ] Writing /home/portnoy/u0/sytoanngo/ONEFlux/data/US-ARc_sample_output/99_fluxnet2015/FLX_US-ARc_FLUXNET2015_ERAI_HH_1989-2014_beta-5.csv: line 269000 [oneflux.pipeline.site_data_product]
2025-06-26 14:00:09.768 [DEBUG   ] Writing /home/portnoy/u0/sytoanngo/ONEFlux/data/US-ARc_sample_output/99_fluxnet2015/FLX_US-ARc_FLUXNET2015_ERAI_HH_1989-2014_beta-5.csv: line 270000 [oneflux.pipeline.site_data_product]
2025-06-26 14:00:09.783 [DEBUG   ] Writing /home/portnoy/u0/sytoanngo/ONEFlux/data/US-ARc_sample_output/99_fluxnet2015/FLX_US-ARc_FLUXNET2015_ERAI_HH_1989-2014_beta-5.csv: line 271000 [oneflux.pipeline.site_data_product]
2025-06-26 14:00:09.797 [DEBUG   ] Writing /home/portnoy/u0/sytoanngo/ONEFlux/data/US-ARc_sample_output/99_fluxnet2015/FLX_US-ARc_FLUXNET2015_ERAI_HH_1989-2014_beta-5.csv: line 272000 [oneflux.pipeline.site_data_product]
2025-06-26 14:00:09.812 [DEBUG   ] Writing /home/portnoy/u0/sytoanngo/ONEFlux/data/US-ARc_sample_output/99_fluxnet2015/FLX_US-ARc_FLUXNET2015_ERAI_HH_1989-2014_beta-5.csv: line 273000 [oneflux.pipeline.site_data_product]
2025-06-26 14:00:09.827 [DEBUG   ] Writing /home/portnoy/u0/sytoanngo/ONEFlux/data/US-ARc_sample_output/99_fluxnet2015/FLX_US-ARc_FLUXNET2015_ERAI_HH_1989-2014_beta-5.csv: line 274000 [oneflux.pipeline.site_data_product]
2025-06-26 14:00:09.841 [DEBUG   ] Writing /home/portnoy/u0/sytoanngo/ONEFlux/data/US-ARc_sample_output/99_fluxnet2015/FLX_US-ARc_FLUXNET2015_ERAI_HH_1989-2014_beta-5.csv: line 275000 [oneflux.pipeline.site_data_product]
2025-06-26 14:00:09.856 [DEBUG   ] Writing /home/portnoy/u0/sytoanngo/ONEFlux/data/US-ARc_sample_output/99_fluxnet2015/FLX_US-ARc_FLUXNET2015_ERAI_HH_1989-2014_beta-5.csv: line 276000 [oneflux.pipeline.site_data_product]
2025-06-26 14:00:09.871 [DEBUG   ] Writing /home/portnoy/u0/sytoanngo/ONEFlux/data/US-ARc_sample_output/99_fluxnet2015/FLX_US-ARc_FLUXNET2015_ERAI_HH_1989-2014_beta-5.csv: line 277000 [oneflux.pipeline.site_data_product]
2025-06-26 14:00:09.885 [DEBUG   ] Writing /home/portnoy/u0/sytoanngo/ONEFlux/data/US-ARc_sample_output/99_fluxnet2015/FLX_US-ARc_FLUXNET2015_ERAI_HH_1989-2014_beta-5.csv: line 278000 [oneflux.pipeline.site_data_product]
2025-06-26 14:00:09.900 [DEBUG   ] Writing /home/portnoy/u0/sytoanngo/ONEFlux/data/US-ARc_sample_output/99_fluxnet2015/FLX_US-ARc_FLUXNET2015_ERAI_HH_1989-2014_beta-5.csv: line 279000 [oneflux.pipeline.site_data_product]
2025-06-26 14:00:09.914 [DEBUG   ] Writing /home/portnoy/u0/sytoanngo/ONEFlux/data/US-ARc_sample_output/99_fluxnet2015/FLX_US-ARc_FLUXNET2015_ERAI_HH_1989-2014_beta-5.csv: line 280000 [oneflux.pipeline.site_data_product]
2025-06-26 14:00:09.929 [DEBUG   ] Writing /home/portnoy/u0/sytoanngo/ONEFlux/data/US-ARc_sample_output/99_fluxnet2015/FLX_US-ARc_FLUXNET2015_ERAI_HH_1989-2014_beta-5.csv: line 281000 [oneflux.pipeline.site_data_product]
2025-06-26 14:00:09.943 [DEBUG   ] Writing /home/portnoy/u0/sytoanngo/ONEFlux/data/US-ARc_sample_output/99_fluxnet2015/FLX_US-ARc_FLUXNET2015_ERAI_HH_1989-2014_beta-5.csv: line 282000 [oneflux.pipeline.site_data_product]
2025-06-26 14:00:09.958 [DEBUG   ] Writing /home/portnoy/u0/sytoanngo/ONEFlux/data/US-ARc_sample_output/99_fluxnet2015/FLX_US-ARc_FLUXNET2015_ERAI_HH_1989-2014_beta-5.csv: line 283000 [oneflux.pipeline.site_data_product]
2025-06-26 14:00:09.972 [DEBUG   ] Writing /home/portnoy/u0/sytoanngo/ONEFlux/data/US-ARc_sample_output/99_fluxnet2015/FLX_US-ARc_FLUXNET2015_ERAI_HH_1989-2014_beta-5.csv: line 284000 [oneflux.pipeline.site_data_product]
2025-06-26 14:00:09.987 [DEBUG   ] Writing /home/portnoy/u0/sytoanngo/ONEFlux/data/US-ARc_sample_output/99_fluxnet2015/FLX_US-ARc_FLUXNET2015_ERAI_HH_1989-2014_beta-5.csv: line 285000 [oneflux.pipeline.site_data_product]
2025-06-26 14:00:10.001 [DEBUG   ] Writing /home/portnoy/u0/sytoanngo/ONEFlux/data/US-ARc_sample_output/99_fluxnet2015/FLX_US-ARc_FLUXNET2015_ERAI_HH_1989-2014_beta-5.csv: line 286000 [oneflux.pipeline.site_data_product]
2025-06-26 14:00:10.016 [DEBUG   ] Writing /home/portnoy/u0/sytoanngo/ONEFlux/data/US-ARc_sample_output/99_fluxnet2015/FLX_US-ARc_FLUXNET2015_ERAI_HH_1989-2014_beta-5.csv: line 287000 [oneflux.pipeline.site_data_product]
2025-06-26 14:00:10.031 [DEBUG   ] Writing /home/portnoy/u0/sytoanngo/ONEFlux/data/US-ARc_sample_output/99_fluxnet2015/FLX_US-ARc_FLUXNET2015_ERAI_HH_1989-2014_beta-5.csv: line 288000 [oneflux.pipeline.site_data_product]
2025-06-26 14:00:10.045 [DEBUG   ] Writing /home/portnoy/u0/sytoanngo/ONEFlux/data/US-ARc_sample_output/99_fluxnet2015/FLX_US-ARc_FLUXNET2015_ERAI_HH_1989-2014_beta-5.csv: line 289000 [oneflux.pipeline.site_data_product]
2025-06-26 14:00:10.060 [DEBUG   ] Writing /home/portnoy/u0/sytoanngo/ONEFlux/data/US-ARc_sample_output/99_fluxnet2015/FLX_US-ARc_FLUXNET2015_ERAI_HH_1989-2014_beta-5.csv: line 290000 [oneflux.pipeline.site_data_product]
2025-06-26 14:00:10.075 [DEBUG   ] Writing /home/portnoy/u0/sytoanngo/ONEFlux/data/US-ARc_sample_output/99_fluxnet2015/FLX_US-ARc_FLUXNET2015_ERAI_HH_1989-2014_beta-5.csv: line 291000 [oneflux.pipeline.site_data_product]
2025-06-26 14:00:10.089 [DEBUG   ] Writing /home/portnoy/u0/sytoanngo/ONEFlux/data/US-ARc_sample_output/99_fluxnet2015/FLX_US-ARc_FLUXNET2015_ERAI_HH_1989-2014_beta-5.csv: line 292000 [oneflux.pipeline.site_data_product]
2025-06-26 14:00:10.104 [DEBUG   ] Writing /home/portnoy/u0/sytoanngo/ONEFlux/data/US-ARc_sample_output/99_fluxnet2015/FLX_US-ARc_FLUXNET2015_ERAI_HH_1989-2014_beta-5.csv: line 293000 [oneflux.pipeline.site_data_product]
2025-06-26 14:00:10.119 [DEBUG   ] Writing /home/portnoy/u0/sytoanngo/ONEFlux/data/US-ARc_sample_output/99_fluxnet2015/FLX_US-ARc_FLUXNET2015_ERAI_HH_1989-2014_beta-5.csv: line 294000 [oneflux.pipeline.site_data_product]
2025-06-26 14:00:10.133 [DEBUG   ] Writing /home/portnoy/u0/sytoanngo/ONEFlux/data/US-ARc_sample_output/99_fluxnet2015/FLX_US-ARc_FLUXNET2015_ERAI_HH_1989-2014_beta-5.csv: line 295000 [oneflux.pipeline.site_data_product]
2025-06-26 14:00:10.148 [DEBUG   ] Writing /home/portnoy/u0/sytoanngo/ONEFlux/data/US-ARc_sample_output/99_fluxnet2015/FLX_US-ARc_FLUXNET2015_ERAI_HH_1989-2014_beta-5.csv: line 296000 [oneflux.pipeline.site_data_product]
2025-06-26 14:00:10.163 [DEBUG   ] Writing /home/portnoy/u0/sytoanngo/ONEFlux/data/US-ARc_sample_output/99_fluxnet2015/FLX_US-ARc_FLUXNET2015_ERAI_HH_1989-2014_beta-5.csv: line 297000 [oneflux.pipeline.site_data_product]
2025-06-26 14:00:10.178 [DEBUG   ] Writing /home/portnoy/u0/sytoanngo/ONEFlux/data/US-ARc_sample_output/99_fluxnet2015/FLX_US-ARc_FLUXNET2015_ERAI_HH_1989-2014_beta-5.csv: line 298000 [oneflux.pipeline.site_data_product]
2025-06-26 14:00:10.193 [DEBUG   ] Writing /home/portnoy/u0/sytoanngo/ONEFlux/data/US-ARc_sample_output/99_fluxnet2015/FLX_US-ARc_FLUXNET2015_ERAI_HH_1989-2014_beta-5.csv: line 299000 [oneflux.pipeline.site_data_product]
2025-06-26 14:00:10.207 [DEBUG   ] Writing /home/portnoy/u0/sytoanngo/ONEFlux/data/US-ARc_sample_output/99_fluxnet2015/FLX_US-ARc_FLUXNET2015_ERAI_HH_1989-2014_beta-5.csv: line 300000 [oneflux.pipeline.site_data_product]
2025-06-26 14:00:10.222 [DEBUG   ] Writing /home/portnoy/u0/sytoanngo/ONEFlux/data/US-ARc_sample_output/99_fluxnet2015/FLX_US-ARc_FLUXNET2015_ERAI_HH_1989-2014_beta-5.csv: line 301000 [oneflux.pipeline.site_data_product]
2025-06-26 14:00:10.237 [DEBUG   ] Writing /home/portnoy/u0/sytoanngo/ONEFlux/data/US-ARc_sample_output/99_fluxnet2015/FLX_US-ARc_FLUXNET2015_ERAI_HH_1989-2014_beta-5.csv: line 302000 [oneflux.pipeline.site_data_product]
2025-06-26 14:00:10.251 [DEBUG   ] Writing /home/portnoy/u0/sytoanngo/ONEFlux/data/US-ARc_sample_output/99_fluxnet2015/FLX_US-ARc_FLUXNET2015_ERAI_HH_1989-2014_beta-5.csv: line 303000 [oneflux.pipeline.site_data_product]
2025-06-26 14:00:10.266 [DEBUG   ] Writing /home/portnoy/u0/sytoanngo/ONEFlux/data/US-ARc_sample_output/99_fluxnet2015/FLX_US-ARc_FLUXNET2015_ERAI_HH_1989-2014_beta-5.csv: line 304000 [oneflux.pipeline.site_data_product]
2025-06-26 14:00:10.281 [DEBUG   ] Writing /home/portnoy/u0/sytoanngo/ONEFlux/data/US-ARc_sample_output/99_fluxnet2015/FLX_US-ARc_FLUXNET2015_ERAI_HH_1989-2014_beta-5.csv: line 305000 [oneflux.pipeline.site_data_product]
2025-06-26 14:00:10.295 [DEBUG   ] Writing /home/portnoy/u0/sytoanngo/ONEFlux/data/US-ARc_sample_output/99_fluxnet2015/FLX_US-ARc_FLUXNET2015_ERAI_HH_1989-2014_beta-5.csv: line 306000 [oneflux.pipeline.site_data_product]
2025-06-26 14:00:10.310 [DEBUG   ] Writing /home/portnoy/u0/sytoanngo/ONEFlux/data/US-ARc_sample_output/99_fluxnet2015/FLX_US-ARc_FLUXNET2015_ERAI_HH_1989-2014_beta-5.csv: line 307000 [oneflux.pipeline.site_data_product]
2025-06-26 14:00:10.325 [DEBUG   ] Writing /home/portnoy/u0/sytoanngo/ONEFlux/data/US-ARc_sample_output/99_fluxnet2015/FLX_US-ARc_FLUXNET2015_ERAI_HH_1989-2014_beta-5.csv: line 308000 [oneflux.pipeline.site_data_product]
2025-06-26 14:00:10.339 [DEBUG   ] Writing /home/portnoy/u0/sytoanngo/ONEFlux/data/US-ARc_sample_output/99_fluxnet2015/FLX_US-ARc_FLUXNET2015_ERAI_HH_1989-2014_beta-5.csv: line 309000 [oneflux.pipeline.site_data_product]
2025-06-26 14:00:10.354 [DEBUG   ] Writing /home/portnoy/u0/sytoanngo/ONEFlux/data/US-ARc_sample_output/99_fluxnet2015/FLX_US-ARc_FLUXNET2015_ERAI_HH_1989-2014_beta-5.csv: line 310000 [oneflux.pipeline.site_data_product]
2025-06-26 14:00:10.369 [DEBUG   ] Writing /home/portnoy/u0/sytoanngo/ONEFlux/data/US-ARc_sample_output/99_fluxnet2015/FLX_US-ARc_FLUXNET2015_ERAI_HH_1989-2014_beta-5.csv: line 311000 [oneflux.pipeline.site_data_product]
2025-06-26 14:00:10.383 [DEBUG   ] Writing /home/portnoy/u0/sytoanngo/ONEFlux/data/US-ARc_sample_output/99_fluxnet2015/FLX_US-ARc_FLUXNET2015_ERAI_HH_1989-2014_beta-5.csv: line 312000 [oneflux.pipeline.site_data_product]
2025-06-26 14:00:10.398 [DEBUG   ] Writing /home/portnoy/u0/sytoanngo/ONEFlux/data/US-ARc_sample_output/99_fluxnet2015/FLX_US-ARc_FLUXNET2015_ERAI_HH_1989-2014_beta-5.csv: line 313000 [oneflux.pipeline.site_data_product]
2025-06-26 14:00:10.412 [DEBUG   ] Writing /home/portnoy/u0/sytoanngo/ONEFlux/data/US-ARc_sample_output/99_fluxnet2015/FLX_US-ARc_FLUXNET2015_ERAI_HH_1989-2014_beta-5.csv: line 314000 [oneflux.pipeline.site_data_product]
2025-06-26 14:00:10.427 [DEBUG   ] Writing /home/portnoy/u0/sytoanngo/ONEFlux/data/US-ARc_sample_output/99_fluxnet2015/FLX_US-ARc_FLUXNET2015_ERAI_HH_1989-2014_beta-5.csv: line 315000 [oneflux.pipeline.site_data_product]
2025-06-26 14:00:10.441 [DEBUG   ] Writing /home/portnoy/u0/sytoanngo/ONEFlux/data/US-ARc_sample_output/99_fluxnet2015/FLX_US-ARc_FLUXNET2015_ERAI_HH_1989-2014_beta-5.csv: line 316000 [oneflux.pipeline.site_data_product]
2025-06-26 14:00:10.456 [DEBUG   ] Writing /home/portnoy/u0/sytoanngo/ONEFlux/data/US-ARc_sample_output/99_fluxnet2015/FLX_US-ARc_FLUXNET2015_ERAI_HH_1989-2014_beta-5.csv: line 317000 [oneflux.pipeline.site_data_product]
2025-06-26 14:00:10.470 [DEBUG   ] Writing /home/portnoy/u0/sytoanngo/ONEFlux/data/US-ARc_sample_output/99_fluxnet2015/FLX_US-ARc_FLUXNET2015_ERAI_HH_1989-2014_beta-5.csv: line 318000 [oneflux.pipeline.site_data_product]
2025-06-26 14:00:10.485 [DEBUG   ] Writing /home/portnoy/u0/sytoanngo/ONEFlux/data/US-ARc_sample_output/99_fluxnet2015/FLX_US-ARc_FLUXNET2015_ERAI_HH_1989-2014_beta-5.csv: line 319000 [oneflux.pipeline.site_data_product]
2025-06-26 14:00:10.499 [DEBUG   ] Writing /home/portnoy/u0/sytoanngo/ONEFlux/data/US-ARc_sample_output/99_fluxnet2015/FLX_US-ARc_FLUXNET2015_ERAI_HH_1989-2014_beta-5.csv: line 320000 [oneflux.pipeline.site_data_product]
2025-06-26 14:00:10.514 [DEBUG   ] Writing /home/portnoy/u0/sytoanngo/ONEFlux/data/US-ARc_sample_output/99_fluxnet2015/FLX_US-ARc_FLUXNET2015_ERAI_HH_1989-2014_beta-5.csv: line 321000 [oneflux.pipeline.site_data_product]
2025-06-26 14:00:10.529 [DEBUG   ] Writing /home/portnoy/u0/sytoanngo/ONEFlux/data/US-ARc_sample_output/99_fluxnet2015/FLX_US-ARc_FLUXNET2015_ERAI_HH_1989-2014_beta-5.csv: line 322000 [oneflux.pipeline.site_data_product]
2025-06-26 14:00:10.543 [DEBUG   ] Writing /home/portnoy/u0/sytoanngo/ONEFlux/data/US-ARc_sample_output/99_fluxnet2015/FLX_US-ARc_FLUXNET2015_ERAI_HH_1989-2014_beta-5.csv: line 323000 [oneflux.pipeline.site_data_product]
2025-06-26 14:00:10.558 [DEBUG   ] Writing /home/portnoy/u0/sytoanngo/ONEFlux/data/US-ARc_sample_output/99_fluxnet2015/FLX_US-ARc_FLUXNET2015_ERAI_HH_1989-2014_beta-5.csv: line 324000 [oneflux.pipeline.site_data_product]
2025-06-26 14:00:10.573 [DEBUG   ] Writing /home/portnoy/u0/sytoanngo/ONEFlux/data/US-ARc_sample_output/99_fluxnet2015/FLX_US-ARc_FLUXNET2015_ERAI_HH_1989-2014_beta-5.csv: line 325000 [oneflux.pipeline.site_data_product]
2025-06-26 14:00:10.587 [DEBUG   ] Writing /home/portnoy/u0/sytoanngo/ONEFlux/data/US-ARc_sample_output/99_fluxnet2015/FLX_US-ARc_FLUXNET2015_ERAI_HH_1989-2014_beta-5.csv: line 326000 [oneflux.pipeline.site_data_product]
2025-06-26 14:00:10.602 [DEBUG   ] Writing /home/portnoy/u0/sytoanngo/ONEFlux/data/US-ARc_sample_output/99_fluxnet2015/FLX_US-ARc_FLUXNET2015_ERAI_HH_1989-2014_beta-5.csv: line 327000 [oneflux.pipeline.site_data_product]
2025-06-26 14:00:10.617 [DEBUG   ] Writing /home/portnoy/u0/sytoanngo/ONEFlux/data/US-ARc_sample_output/99_fluxnet2015/FLX_US-ARc_FLUXNET2015_ERAI_HH_1989-2014_beta-5.csv: line 328000 [oneflux.pipeline.site_data_product]
2025-06-26 14:00:10.631 [DEBUG   ] Writing /home/portnoy/u0/sytoanngo/ONEFlux/data/US-ARc_sample_output/99_fluxnet2015/FLX_US-ARc_FLUXNET2015_ERAI_HH_1989-2014_beta-5.csv: line 329000 [oneflux.pipeline.site_data_product]
2025-06-26 14:00:10.646 [DEBUG   ] Writing /home/portnoy/u0/sytoanngo/ONEFlux/data/US-ARc_sample_output/99_fluxnet2015/FLX_US-ARc_FLUXNET2015_ERAI_HH_1989-2014_beta-5.csv: line 330000 [oneflux.pipeline.site_data_product]
2025-06-26 14:00:10.661 [DEBUG   ] Writing /home/portnoy/u0/sytoanngo/ONEFlux/data/US-ARc_sample_output/99_fluxnet2015/FLX_US-ARc_FLUXNET2015_ERAI_HH_1989-2014_beta-5.csv: line 331000 [oneflux.pipeline.site_data_product]
2025-06-26 14:00:10.676 [DEBUG   ] Writing /home/portnoy/u0/sytoanngo/ONEFlux/data/US-ARc_sample_output/99_fluxnet2015/FLX_US-ARc_FLUXNET2015_ERAI_HH_1989-2014_beta-5.csv: line 332000 [oneflux.pipeline.site_data_product]
2025-06-26 14:00:10.690 [DEBUG   ] Writing /home/portnoy/u0/sytoanngo/ONEFlux/data/US-ARc_sample_output/99_fluxnet2015/FLX_US-ARc_FLUXNET2015_ERAI_HH_1989-2014_beta-5.csv: line 333000 [oneflux.pipeline.site_data_product]
2025-06-26 14:00:10.705 [DEBUG   ] Writing /home/portnoy/u0/sytoanngo/ONEFlux/data/US-ARc_sample_output/99_fluxnet2015/FLX_US-ARc_FLUXNET2015_ERAI_HH_1989-2014_beta-5.csv: line 334000 [oneflux.pipeline.site_data_product]
2025-06-26 14:00:10.719 [DEBUG   ] Writing /home/portnoy/u0/sytoanngo/ONEFlux/data/US-ARc_sample_output/99_fluxnet2015/FLX_US-ARc_FLUXNET2015_ERAI_HH_1989-2014_beta-5.csv: line 335000 [oneflux.pipeline.site_data_product]
2025-06-26 14:00:10.734 [DEBUG   ] Writing /home/portnoy/u0/sytoanngo/ONEFlux/data/US-ARc_sample_output/99_fluxnet2015/FLX_US-ARc_FLUXNET2015_ERAI_HH_1989-2014_beta-5.csv: line 336000 [oneflux.pipeline.site_data_product]
2025-06-26 14:00:10.748 [DEBUG   ] Writing /home/portnoy/u0/sytoanngo/ONEFlux/data/US-ARc_sample_output/99_fluxnet2015/FLX_US-ARc_FLUXNET2015_ERAI_HH_1989-2014_beta-5.csv: line 337000 [oneflux.pipeline.site_data_product]
2025-06-26 14:00:10.763 [DEBUG   ] Writing /home/portnoy/u0/sytoanngo/ONEFlux/data/US-ARc_sample_output/99_fluxnet2015/FLX_US-ARc_FLUXNET2015_ERAI_HH_1989-2014_beta-5.csv: line 338000 [oneflux.pipeline.site_data_product]
2025-06-26 14:00:10.778 [DEBUG   ] Writing /home/portnoy/u0/sytoanngo/ONEFlux/data/US-ARc_sample_output/99_fluxnet2015/FLX_US-ARc_FLUXNET2015_ERAI_HH_1989-2014_beta-5.csv: line 339000 [oneflux.pipeline.site_data_product]
2025-06-26 14:00:10.793 [DEBUG   ] Writing /home/portnoy/u0/sytoanngo/ONEFlux/data/US-ARc_sample_output/99_fluxnet2015/FLX_US-ARc_FLUXNET2015_ERAI_HH_1989-2014_beta-5.csv: line 340000 [oneflux.pipeline.site_data_product]
2025-06-26 14:00:10.807 [DEBUG   ] Writing /home/portnoy/u0/sytoanngo/ONEFlux/data/US-ARc_sample_output/99_fluxnet2015/FLX_US-ARc_FLUXNET2015_ERAI_HH_1989-2014_beta-5.csv: line 341000 [oneflux.pipeline.site_data_product]
2025-06-26 14:00:10.822 [DEBUG   ] Writing /home/portnoy/u0/sytoanngo/ONEFlux/data/US-ARc_sample_output/99_fluxnet2015/FLX_US-ARc_FLUXNET2015_ERAI_HH_1989-2014_beta-5.csv: line 342000 [oneflux.pipeline.site_data_product]
2025-06-26 14:00:10.837 [DEBUG   ] Writing /home/portnoy/u0/sytoanngo/ONEFlux/data/US-ARc_sample_output/99_fluxnet2015/FLX_US-ARc_FLUXNET2015_ERAI_HH_1989-2014_beta-5.csv: line 343000 [oneflux.pipeline.site_data_product]
2025-06-26 14:00:10.851 [DEBUG   ] Writing /home/portnoy/u0/sytoanngo/ONEFlux/data/US-ARc_sample_output/99_fluxnet2015/FLX_US-ARc_FLUXNET2015_ERAI_HH_1989-2014_beta-5.csv: line 344000 [oneflux.pipeline.site_data_product]
2025-06-26 14:00:10.866 [DEBUG   ] Writing /home/portnoy/u0/sytoanngo/ONEFlux/data/US-ARc_sample_output/99_fluxnet2015/FLX_US-ARc_FLUXNET2015_ERAI_HH_1989-2014_beta-5.csv: line 345000 [oneflux.pipeline.site_data_product]
2025-06-26 14:00:10.881 [DEBUG   ] Writing /home/portnoy/u0/sytoanngo/ONEFlux/data/US-ARc_sample_output/99_fluxnet2015/FLX_US-ARc_FLUXNET2015_ERAI_HH_1989-2014_beta-5.csv: line 346000 [oneflux.pipeline.site_data_product]
2025-06-26 14:00:10.895 [DEBUG   ] Writing /home/portnoy/u0/sytoanngo/ONEFlux/data/US-ARc_sample_output/99_fluxnet2015/FLX_US-ARc_FLUXNET2015_ERAI_HH_1989-2014_beta-5.csv: line 347000 [oneflux.pipeline.site_data_product]
2025-06-26 14:00:10.910 [DEBUG   ] Writing /home/portnoy/u0/sytoanngo/ONEFlux/data/US-ARc_sample_output/99_fluxnet2015/FLX_US-ARc_FLUXNET2015_ERAI_HH_1989-2014_beta-5.csv: line 348000 [oneflux.pipeline.site_data_product]
2025-06-26 14:00:10.924 [DEBUG   ] Writing /home/portnoy/u0/sytoanngo/ONEFlux/data/US-ARc_sample_output/99_fluxnet2015/FLX_US-ARc_FLUXNET2015_ERAI_HH_1989-2014_beta-5.csv: line 349000 [oneflux.pipeline.site_data_product]
2025-06-26 14:00:10.939 [DEBUG   ] Writing /home/portnoy/u0/sytoanngo/ONEFlux/data/US-ARc_sample_output/99_fluxnet2015/FLX_US-ARc_FLUXNET2015_ERAI_HH_1989-2014_beta-5.csv: line 350000 [oneflux.pipeline.site_data_product]
2025-06-26 14:00:10.953 [DEBUG   ] Writing /home/portnoy/u0/sytoanngo/ONEFlux/data/US-ARc_sample_output/99_fluxnet2015/FLX_US-ARc_FLUXNET2015_ERAI_HH_1989-2014_beta-5.csv: line 351000 [oneflux.pipeline.site_data_product]
2025-06-26 14:00:10.968 [DEBUG   ] Writing /home/portnoy/u0/sytoanngo/ONEFlux/data/US-ARc_sample_output/99_fluxnet2015/FLX_US-ARc_FLUXNET2015_ERAI_HH_1989-2014_beta-5.csv: line 352000 [oneflux.pipeline.site_data_product]
2025-06-26 14:00:10.983 [DEBUG   ] Writing /home/portnoy/u0/sytoanngo/ONEFlux/data/US-ARc_sample_output/99_fluxnet2015/FLX_US-ARc_FLUXNET2015_ERAI_HH_1989-2014_beta-5.csv: line 353000 [oneflux.pipeline.site_data_product]
2025-06-26 14:00:10.997 [DEBUG   ] Writing /home/portnoy/u0/sytoanngo/ONEFlux/data/US-ARc_sample_output/99_fluxnet2015/FLX_US-ARc_FLUXNET2015_ERAI_HH_1989-2014_beta-5.csv: line 354000 [oneflux.pipeline.site_data_product]
2025-06-26 14:00:11.012 [DEBUG   ] Writing /home/portnoy/u0/sytoanngo/ONEFlux/data/US-ARc_sample_output/99_fluxnet2015/FLX_US-ARc_FLUXNET2015_ERAI_HH_1989-2014_beta-5.csv: line 355000 [oneflux.pipeline.site_data_product]
2025-06-26 14:00:11.027 [DEBUG   ] Writing /home/portnoy/u0/sytoanngo/ONEFlux/data/US-ARc_sample_output/99_fluxnet2015/FLX_US-ARc_FLUXNET2015_ERAI_HH_1989-2014_beta-5.csv: line 356000 [oneflux.pipeline.site_data_product]
2025-06-26 14:00:11.041 [DEBUG   ] Writing /home/portnoy/u0/sytoanngo/ONEFlux/data/US-ARc_sample_output/99_fluxnet2015/FLX_US-ARc_FLUXNET2015_ERAI_HH_1989-2014_beta-5.csv: line 357000 [oneflux.pipeline.site_data_product]
2025-06-26 14:00:11.056 [DEBUG   ] Writing /home/portnoy/u0/sytoanngo/ONEFlux/data/US-ARc_sample_output/99_fluxnet2015/FLX_US-ARc_FLUXNET2015_ERAI_HH_1989-2014_beta-5.csv: line 358000 [oneflux.pipeline.site_data_product]
2025-06-26 14:00:11.071 [DEBUG   ] Writing /home/portnoy/u0/sytoanngo/ONEFlux/data/US-ARc_sample_output/99_fluxnet2015/FLX_US-ARc_FLUXNET2015_ERAI_HH_1989-2014_beta-5.csv: line 359000 [oneflux.pipeline.site_data_product]
2025-06-26 14:00:11.086 [DEBUG   ] Writing /home/portnoy/u0/sytoanngo/ONEFlux/data/US-ARc_sample_output/99_fluxnet2015/FLX_US-ARc_FLUXNET2015_ERAI_HH_1989-2014_beta-5.csv: line 360000 [oneflux.pipeline.site_data_product]
2025-06-26 14:00:11.100 [DEBUG   ] Writing /home/portnoy/u0/sytoanngo/ONEFlux/data/US-ARc_sample_output/99_fluxnet2015/FLX_US-ARc_FLUXNET2015_ERAI_HH_1989-2014_beta-5.csv: line 361000 [oneflux.pipeline.site_data_product]
2025-06-26 14:00:11.115 [DEBUG   ] Writing /home/portnoy/u0/sytoanngo/ONEFlux/data/US-ARc_sample_output/99_fluxnet2015/FLX_US-ARc_FLUXNET2015_ERAI_HH_1989-2014_beta-5.csv: line 362000 [oneflux.pipeline.site_data_product]
2025-06-26 14:00:11.130 [DEBUG   ] Writing /home/portnoy/u0/sytoanngo/ONEFlux/data/US-ARc_sample_output/99_fluxnet2015/FLX_US-ARc_FLUXNET2015_ERAI_HH_1989-2014_beta-5.csv: line 363000 [oneflux.pipeline.site_data_product]
2025-06-26 14:00:11.144 [DEBUG   ] Writing /home/portnoy/u0/sytoanngo/ONEFlux/data/US-ARc_sample_output/99_fluxnet2015/FLX_US-ARc_FLUXNET2015_ERAI_HH_1989-2014_beta-5.csv: line 364000 [oneflux.pipeline.site_data_product]
2025-06-26 14:00:11.159 [DEBUG   ] Writing /home/portnoy/u0/sytoanngo/ONEFlux/data/US-ARc_sample_output/99_fluxnet2015/FLX_US-ARc_FLUXNET2015_ERAI_HH_1989-2014_beta-5.csv: line 365000 [oneflux.pipeline.site_data_product]
2025-06-26 14:00:11.173 [DEBUG   ] Writing /home/portnoy/u0/sytoanngo/ONEFlux/data/US-ARc_sample_output/99_fluxnet2015/FLX_US-ARc_FLUXNET2015_ERAI_HH_1989-2014_beta-5.csv: line 366000 [oneflux.pipeline.site_data_product]
2025-06-26 14:00:11.188 [DEBUG   ] Writing /home/portnoy/u0/sytoanngo/ONEFlux/data/US-ARc_sample_output/99_fluxnet2015/FLX_US-ARc_FLUXNET2015_ERAI_HH_1989-2014_beta-5.csv: line 367000 [oneflux.pipeline.site_data_product]
2025-06-26 14:00:11.202 [DEBUG   ] Writing /home/portnoy/u0/sytoanngo/ONEFlux/data/US-ARc_sample_output/99_fluxnet2015/FLX_US-ARc_FLUXNET2015_ERAI_HH_1989-2014_beta-5.csv: line 368000 [oneflux.pipeline.site_data_product]
2025-06-26 14:00:11.217 [DEBUG   ] Writing /home/portnoy/u0/sytoanngo/ONEFlux/data/US-ARc_sample_output/99_fluxnet2015/FLX_US-ARc_FLUXNET2015_ERAI_HH_1989-2014_beta-5.csv: line 369000 [oneflux.pipeline.site_data_product]
2025-06-26 14:00:11.231 [DEBUG   ] Writing /home/portnoy/u0/sytoanngo/ONEFlux/data/US-ARc_sample_output/99_fluxnet2015/FLX_US-ARc_FLUXNET2015_ERAI_HH_1989-2014_beta-5.csv: line 370000 [oneflux.pipeline.site_data_product]
2025-06-26 14:00:11.246 [DEBUG   ] Writing /home/portnoy/u0/sytoanngo/ONEFlux/data/US-ARc_sample_output/99_fluxnet2015/FLX_US-ARc_FLUXNET2015_ERAI_HH_1989-2014_beta-5.csv: line 371000 [oneflux.pipeline.site_data_product]
2025-06-26 14:00:11.260 [DEBUG   ] Writing /home/portnoy/u0/sytoanngo/ONEFlux/data/US-ARc_sample_output/99_fluxnet2015/FLX_US-ARc_FLUXNET2015_ERAI_HH_1989-2014_beta-5.csv: line 372000 [oneflux.pipeline.site_data_product]
2025-06-26 14:00:11.275 [DEBUG   ] Writing /home/portnoy/u0/sytoanngo/ONEFlux/data/US-ARc_sample_output/99_fluxnet2015/FLX_US-ARc_FLUXNET2015_ERAI_HH_1989-2014_beta-5.csv: line 373000 [oneflux.pipeline.site_data_product]
2025-06-26 14:00:11.289 [DEBUG   ] Writing /home/portnoy/u0/sytoanngo/ONEFlux/data/US-ARc_sample_output/99_fluxnet2015/FLX_US-ARc_FLUXNET2015_ERAI_HH_1989-2014_beta-5.csv: line 374000 [oneflux.pipeline.site_data_product]
2025-06-26 14:00:11.304 [DEBUG   ] Writing /home/portnoy/u0/sytoanngo/ONEFlux/data/US-ARc_sample_output/99_fluxnet2015/FLX_US-ARc_FLUXNET2015_ERAI_HH_1989-2014_beta-5.csv: line 375000 [oneflux.pipeline.site_data_product]
2025-06-26 14:00:11.319 [DEBUG   ] Writing /home/portnoy/u0/sytoanngo/ONEFlux/data/US-ARc_sample_output/99_fluxnet2015/FLX_US-ARc_FLUXNET2015_ERAI_HH_1989-2014_beta-5.csv: line 376000 [oneflux.pipeline.site_data_product]
2025-06-26 14:00:11.334 [DEBUG   ] Writing /home/portnoy/u0/sytoanngo/ONEFlux/data/US-ARc_sample_output/99_fluxnet2015/FLX_US-ARc_FLUXNET2015_ERAI_HH_1989-2014_beta-5.csv: line 377000 [oneflux.pipeline.site_data_product]
2025-06-26 14:00:11.348 [DEBUG   ] Writing /home/portnoy/u0/sytoanngo/ONEFlux/data/US-ARc_sample_output/99_fluxnet2015/FLX_US-ARc_FLUXNET2015_ERAI_HH_1989-2014_beta-5.csv: line 378000 [oneflux.pipeline.site_data_product]
2025-06-26 14:00:11.363 [DEBUG   ] Writing /home/portnoy/u0/sytoanngo/ONEFlux/data/US-ARc_sample_output/99_fluxnet2015/FLX_US-ARc_FLUXNET2015_ERAI_HH_1989-2014_beta-5.csv: line 379000 [oneflux.pipeline.site_data_product]
2025-06-26 14:00:11.378 [DEBUG   ] Writing /home/portnoy/u0/sytoanngo/ONEFlux/data/US-ARc_sample_output/99_fluxnet2015/FLX_US-ARc_FLUXNET2015_ERAI_HH_1989-2014_beta-5.csv: line 380000 [oneflux.pipeline.site_data_product]
2025-06-26 14:00:11.392 [DEBUG   ] Writing /home/portnoy/u0/sytoanngo/ONEFlux/data/US-ARc_sample_output/99_fluxnet2015/FLX_US-ARc_FLUXNET2015_ERAI_HH_1989-2014_beta-5.csv: line 381000 [oneflux.pipeline.site_data_product]
2025-06-26 14:00:11.407 [DEBUG   ] Writing /home/portnoy/u0/sytoanngo/ONEFlux/data/US-ARc_sample_output/99_fluxnet2015/FLX_US-ARc_FLUXNET2015_ERAI_HH_1989-2014_beta-5.csv: line 382000 [oneflux.pipeline.site_data_product]
2025-06-26 14:00:11.421 [DEBUG   ] Writing /home/portnoy/u0/sytoanngo/ONEFlux/data/US-ARc_sample_output/99_fluxnet2015/FLX_US-ARc_FLUXNET2015_ERAI_HH_1989-2014_beta-5.csv: line 383000 [oneflux.pipeline.site_data_product]
2025-06-26 14:00:11.436 [DEBUG   ] Writing /home/portnoy/u0/sytoanngo/ONEFlux/data/US-ARc_sample_output/99_fluxnet2015/FLX_US-ARc_FLUXNET2015_ERAI_HH_1989-2014_beta-5.csv: line 384000 [oneflux.pipeline.site_data_product]
2025-06-26 14:00:11.451 [DEBUG   ] Writing /home/portnoy/u0/sytoanngo/ONEFlux/data/US-ARc_sample_output/99_fluxnet2015/FLX_US-ARc_FLUXNET2015_ERAI_HH_1989-2014_beta-5.csv: line 385000 [oneflux.pipeline.site_data_product]
2025-06-26 14:00:11.465 [DEBUG   ] Writing /home/portnoy/u0/sytoanngo/ONEFlux/data/US-ARc_sample_output/99_fluxnet2015/FLX_US-ARc_FLUXNET2015_ERAI_HH_1989-2014_beta-5.csv: line 386000 [oneflux.pipeline.site_data_product]
2025-06-26 14:00:11.479 [DEBUG   ] Writing /home/portnoy/u0/sytoanngo/ONEFlux/data/US-ARc_sample_output/99_fluxnet2015/FLX_US-ARc_FLUXNET2015_ERAI_HH_1989-2014_beta-5.csv: line 387000 [oneflux.pipeline.site_data_product]
2025-06-26 14:00:11.494 [DEBUG   ] Writing /home/portnoy/u0/sytoanngo/ONEFlux/data/US-ARc_sample_output/99_fluxnet2015/FLX_US-ARc_FLUXNET2015_ERAI_HH_1989-2014_beta-5.csv: line 388000 [oneflux.pipeline.site_data_product]
2025-06-26 14:00:11.509 [DEBUG   ] Writing /home/portnoy/u0/sytoanngo/ONEFlux/data/US-ARc_sample_output/99_fluxnet2015/FLX_US-ARc_FLUXNET2015_ERAI_HH_1989-2014_beta-5.csv: line 389000 [oneflux.pipeline.site_data_product]
2025-06-26 14:00:11.523 [DEBUG   ] Writing /home/portnoy/u0/sytoanngo/ONEFlux/data/US-ARc_sample_output/99_fluxnet2015/FLX_US-ARc_FLUXNET2015_ERAI_HH_1989-2014_beta-5.csv: line 390000 [oneflux.pipeline.site_data_product]
2025-06-26 14:00:11.538 [DEBUG   ] Writing /home/portnoy/u0/sytoanngo/ONEFlux/data/US-ARc_sample_output/99_fluxnet2015/FLX_US-ARc_FLUXNET2015_ERAI_HH_1989-2014_beta-5.csv: line 391000 [oneflux.pipeline.site_data_product]
2025-06-26 14:00:11.552 [DEBUG   ] Writing /home/portnoy/u0/sytoanngo/ONEFlux/data/US-ARc_sample_output/99_fluxnet2015/FLX_US-ARc_FLUXNET2015_ERAI_HH_1989-2014_beta-5.csv: line 392000 [oneflux.pipeline.site_data_product]
2025-06-26 14:00:11.567 [DEBUG   ] Writing /home/portnoy/u0/sytoanngo/ONEFlux/data/US-ARc_sample_output/99_fluxnet2015/FLX_US-ARc_FLUXNET2015_ERAI_HH_1989-2014_beta-5.csv: line 393000 [oneflux.pipeline.site_data_product]
2025-06-26 14:00:11.582 [DEBUG   ] Writing /home/portnoy/u0/sytoanngo/ONEFlux/data/US-ARc_sample_output/99_fluxnet2015/FLX_US-ARc_FLUXNET2015_ERAI_HH_1989-2014_beta-5.csv: line 394000 [oneflux.pipeline.site_data_product]
2025-06-26 14:00:11.596 [DEBUG   ] Writing /home/portnoy/u0/sytoanngo/ONEFlux/data/US-ARc_sample_output/99_fluxnet2015/FLX_US-ARc_FLUXNET2015_ERAI_HH_1989-2014_beta-5.csv: line 395000 [oneflux.pipeline.site_data_product]
2025-06-26 14:00:11.611 [DEBUG   ] Writing /home/portnoy/u0/sytoanngo/ONEFlux/data/US-ARc_sample_output/99_fluxnet2015/FLX_US-ARc_FLUXNET2015_ERAI_HH_1989-2014_beta-5.csv: line 396000 [oneflux.pipeline.site_data_product]
2025-06-26 14:00:11.626 [DEBUG   ] Writing /home/portnoy/u0/sytoanngo/ONEFlux/data/US-ARc_sample_output/99_fluxnet2015/FLX_US-ARc_FLUXNET2015_ERAI_HH_1989-2014_beta-5.csv: line 397000 [oneflux.pipeline.site_data_product]
2025-06-26 14:00:11.641 [DEBUG   ] Writing /home/portnoy/u0/sytoanngo/ONEFlux/data/US-ARc_sample_output/99_fluxnet2015/FLX_US-ARc_FLUXNET2015_ERAI_HH_1989-2014_beta-5.csv: line 398000 [oneflux.pipeline.site_data_product]
2025-06-26 14:00:11.655 [DEBUG   ] Writing /home/portnoy/u0/sytoanngo/ONEFlux/data/US-ARc_sample_output/99_fluxnet2015/FLX_US-ARc_FLUXNET2015_ERAI_HH_1989-2014_beta-5.csv: line 399000 [oneflux.pipeline.site_data_product]
2025-06-26 14:00:11.670 [DEBUG   ] Writing /home/portnoy/u0/sytoanngo/ONEFlux/data/US-ARc_sample_output/99_fluxnet2015/FLX_US-ARc_FLUXNET2015_ERAI_HH_1989-2014_beta-5.csv: line 400000 [oneflux.pipeline.site_data_product]
2025-06-26 14:00:11.685 [DEBUG   ] Writing /home/portnoy/u0/sytoanngo/ONEFlux/data/US-ARc_sample_output/99_fluxnet2015/FLX_US-ARc_FLUXNET2015_ERAI_HH_1989-2014_beta-5.csv: line 401000 [oneflux.pipeline.site_data_product]
2025-06-26 14:00:11.699 [DEBUG   ] Writing /home/portnoy/u0/sytoanngo/ONEFlux/data/US-ARc_sample_output/99_fluxnet2015/FLX_US-ARc_FLUXNET2015_ERAI_HH_1989-2014_beta-5.csv: line 402000 [oneflux.pipeline.site_data_product]
2025-06-26 14:00:11.714 [DEBUG   ] Writing /home/portnoy/u0/sytoanngo/ONEFlux/data/US-ARc_sample_output/99_fluxnet2015/FLX_US-ARc_FLUXNET2015_ERAI_HH_1989-2014_beta-5.csv: line 403000 [oneflux.pipeline.site_data_product]
2025-06-26 14:00:11.728 [DEBUG   ] Writing /home/portnoy/u0/sytoanngo/ONEFlux/data/US-ARc_sample_output/99_fluxnet2015/FLX_US-ARc_FLUXNET2015_ERAI_HH_1989-2014_beta-5.csv: line 404000 [oneflux.pipeline.site_data_product]
2025-06-26 14:00:11.743 [DEBUG   ] Writing /home/portnoy/u0/sytoanngo/ONEFlux/data/US-ARc_sample_output/99_fluxnet2015/FLX_US-ARc_FLUXNET2015_ERAI_HH_1989-2014_beta-5.csv: line 405000 [oneflux.pipeline.site_data_product]
2025-06-26 14:00:11.757 [DEBUG   ] Writing /home/portnoy/u0/sytoanngo/ONEFlux/data/US-ARc_sample_output/99_fluxnet2015/FLX_US-ARc_FLUXNET2015_ERAI_HH_1989-2014_beta-5.csv: line 406000 [oneflux.pipeline.site_data_product]
2025-06-26 14:00:11.772 [DEBUG   ] Writing /home/portnoy/u0/sytoanngo/ONEFlux/data/US-ARc_sample_output/99_fluxnet2015/FLX_US-ARc_FLUXNET2015_ERAI_HH_1989-2014_beta-5.csv: line 407000 [oneflux.pipeline.site_data_product]
2025-06-26 14:00:11.786 [DEBUG   ] Writing /home/portnoy/u0/sytoanngo/ONEFlux/data/US-ARc_sample_output/99_fluxnet2015/FLX_US-ARc_FLUXNET2015_ERAI_HH_1989-2014_beta-5.csv: line 408000 [oneflux.pipeline.site_data_product]
2025-06-26 14:00:11.801 [DEBUG   ] Writing /home/portnoy/u0/sytoanngo/ONEFlux/data/US-ARc_sample_output/99_fluxnet2015/FLX_US-ARc_FLUXNET2015_ERAI_HH_1989-2014_beta-5.csv: line 409000 [oneflux.pipeline.site_data_product]
2025-06-26 14:00:11.816 [DEBUG   ] Writing /home/portnoy/u0/sytoanngo/ONEFlux/data/US-ARc_sample_output/99_fluxnet2015/FLX_US-ARc_FLUXNET2015_ERAI_HH_1989-2014_beta-5.csv: line 410000 [oneflux.pipeline.site_data_product]
2025-06-26 14:00:11.830 [DEBUG   ] Writing /home/portnoy/u0/sytoanngo/ONEFlux/data/US-ARc_sample_output/99_fluxnet2015/FLX_US-ARc_FLUXNET2015_ERAI_HH_1989-2014_beta-5.csv: line 411000 [oneflux.pipeline.site_data_product]
2025-06-26 14:00:11.845 [DEBUG   ] Writing /home/portnoy/u0/sytoanngo/ONEFlux/data/US-ARc_sample_output/99_fluxnet2015/FLX_US-ARc_FLUXNET2015_ERAI_HH_1989-2014_beta-5.csv: line 412000 [oneflux.pipeline.site_data_product]
2025-06-26 14:00:11.860 [DEBUG   ] Writing /home/portnoy/u0/sytoanngo/ONEFlux/data/US-ARc_sample_output/99_fluxnet2015/FLX_US-ARc_FLUXNET2015_ERAI_HH_1989-2014_beta-5.csv: line 413000 [oneflux.pipeline.site_data_product]
2025-06-26 14:00:11.875 [DEBUG   ] Writing /home/portnoy/u0/sytoanngo/ONEFlux/data/US-ARc_sample_output/99_fluxnet2015/FLX_US-ARc_FLUXNET2015_ERAI_HH_1989-2014_beta-5.csv: line 414000 [oneflux.pipeline.site_data_product]
2025-06-26 14:00:11.889 [DEBUG   ] Writing /home/portnoy/u0/sytoanngo/ONEFlux/data/US-ARc_sample_output/99_fluxnet2015/FLX_US-ARc_FLUXNET2015_ERAI_HH_1989-2014_beta-5.csv: line 415000 [oneflux.pipeline.site_data_product]
2025-06-26 14:00:11.904 [DEBUG   ] Writing /home/portnoy/u0/sytoanngo/ONEFlux/data/US-ARc_sample_output/99_fluxnet2015/FLX_US-ARc_FLUXNET2015_ERAI_HH_1989-2014_beta-5.csv: line 416000 [oneflux.pipeline.site_data_product]
2025-06-26 14:00:11.918 [DEBUG   ] Writing /home/portnoy/u0/sytoanngo/ONEFlux/data/US-ARc_sample_output/99_fluxnet2015/FLX_US-ARc_FLUXNET2015_ERAI_HH_1989-2014_beta-5.csv: line 417000 [oneflux.pipeline.site_data_product]
2025-06-26 14:00:11.933 [DEBUG   ] Writing /home/portnoy/u0/sytoanngo/ONEFlux/data/US-ARc_sample_output/99_fluxnet2015/FLX_US-ARc_FLUXNET2015_ERAI_HH_1989-2014_beta-5.csv: line 418000 [oneflux.pipeline.site_data_product]
2025-06-26 14:00:11.948 [DEBUG   ] Writing /home/portnoy/u0/sytoanngo/ONEFlux/data/US-ARc_sample_output/99_fluxnet2015/FLX_US-ARc_FLUXNET2015_ERAI_HH_1989-2014_beta-5.csv: line 419000 [oneflux.pipeline.site_data_product]
2025-06-26 14:00:11.962 [DEBUG   ] Writing /home/portnoy/u0/sytoanngo/ONEFlux/data/US-ARc_sample_output/99_fluxnet2015/FLX_US-ARc_FLUXNET2015_ERAI_HH_1989-2014_beta-5.csv: line 420000 [oneflux.pipeline.site_data_product]
2025-06-26 14:00:11.977 [DEBUG   ] Writing /home/portnoy/u0/sytoanngo/ONEFlux/data/US-ARc_sample_output/99_fluxnet2015/FLX_US-ARc_FLUXNET2015_ERAI_HH_1989-2014_beta-5.csv: line 421000 [oneflux.pipeline.site_data_product]
2025-06-26 14:00:11.991 [DEBUG   ] Writing /home/portnoy/u0/sytoanngo/ONEFlux/data/US-ARc_sample_output/99_fluxnet2015/FLX_US-ARc_FLUXNET2015_ERAI_HH_1989-2014_beta-5.csv: line 422000 [oneflux.pipeline.site_data_product]
2025-06-26 14:00:12.006 [DEBUG   ] Writing /home/portnoy/u0/sytoanngo/ONEFlux/data/US-ARc_sample_output/99_fluxnet2015/FLX_US-ARc_FLUXNET2015_ERAI_HH_1989-2014_beta-5.csv: line 423000 [oneflux.pipeline.site_data_product]
2025-06-26 14:00:12.020 [DEBUG   ] Writing /home/portnoy/u0/sytoanngo/ONEFlux/data/US-ARc_sample_output/99_fluxnet2015/FLX_US-ARc_FLUXNET2015_ERAI_HH_1989-2014_beta-5.csv: line 424000 [oneflux.pipeline.site_data_product]
2025-06-26 14:00:12.035 [DEBUG   ] Writing /home/portnoy/u0/sytoanngo/ONEFlux/data/US-ARc_sample_output/99_fluxnet2015/FLX_US-ARc_FLUXNET2015_ERAI_HH_1989-2014_beta-5.csv: line 425000 [oneflux.pipeline.site_data_product]
2025-06-26 14:00:12.050 [DEBUG   ] Writing /home/portnoy/u0/sytoanngo/ONEFlux/data/US-ARc_sample_output/99_fluxnet2015/FLX_US-ARc_FLUXNET2015_ERAI_HH_1989-2014_beta-5.csv: line 426000 [oneflux.pipeline.site_data_product]
2025-06-26 14:00:12.064 [DEBUG   ] Writing /home/portnoy/u0/sytoanngo/ONEFlux/data/US-ARc_sample_output/99_fluxnet2015/FLX_US-ARc_FLUXNET2015_ERAI_HH_1989-2014_beta-5.csv: line 427000 [oneflux.pipeline.site_data_product]
2025-06-26 14:00:12.079 [DEBUG   ] Writing /home/portnoy/u0/sytoanngo/ONEFlux/data/US-ARc_sample_output/99_fluxnet2015/FLX_US-ARc_FLUXNET2015_ERAI_HH_1989-2014_beta-5.csv: line 428000 [oneflux.pipeline.site_data_product]
2025-06-26 14:00:12.094 [DEBUG   ] Writing /home/portnoy/u0/sytoanngo/ONEFlux/data/US-ARc_sample_output/99_fluxnet2015/FLX_US-ARc_FLUXNET2015_ERAI_HH_1989-2014_beta-5.csv: line 429000 [oneflux.pipeline.site_data_product]
2025-06-26 14:00:12.108 [DEBUG   ] Writing /home/portnoy/u0/sytoanngo/ONEFlux/data/US-ARc_sample_output/99_fluxnet2015/FLX_US-ARc_FLUXNET2015_ERAI_HH_1989-2014_beta-5.csv: line 430000 [oneflux.pipeline.site_data_product]
2025-06-26 14:00:12.123 [DEBUG   ] Writing /home/portnoy/u0/sytoanngo/ONEFlux/data/US-ARc_sample_output/99_fluxnet2015/FLX_US-ARc_FLUXNET2015_ERAI_HH_1989-2014_beta-5.csv: line 431000 [oneflux.pipeline.site_data_product]
2025-06-26 14:00:12.138 [DEBUG   ] Writing /home/portnoy/u0/sytoanngo/ONEFlux/data/US-ARc_sample_output/99_fluxnet2015/FLX_US-ARc_FLUXNET2015_ERAI_HH_1989-2014_beta-5.csv: line 432000 [oneflux.pipeline.site_data_product]
2025-06-26 14:00:12.152 [DEBUG   ] Writing /home/portnoy/u0/sytoanngo/ONEFlux/data/US-ARc_sample_output/99_fluxnet2015/FLX_US-ARc_FLUXNET2015_ERAI_HH_1989-2014_beta-5.csv: line 433000 [oneflux.pipeline.site_data_product]
2025-06-26 14:00:12.167 [DEBUG   ] Writing /home/portnoy/u0/sytoanngo/ONEFlux/data/US-ARc_sample_output/99_fluxnet2015/FLX_US-ARc_FLUXNET2015_ERAI_HH_1989-2014_beta-5.csv: line 434000 [oneflux.pipeline.site_data_product]
2025-06-26 14:00:12.182 [DEBUG   ] Writing /home/portnoy/u0/sytoanngo/ONEFlux/data/US-ARc_sample_output/99_fluxnet2015/FLX_US-ARc_FLUXNET2015_ERAI_HH_1989-2014_beta-5.csv: line 435000 [oneflux.pipeline.site_data_product]
2025-06-26 14:00:12.196 [DEBUG   ] Writing /home/portnoy/u0/sytoanngo/ONEFlux/data/US-ARc_sample_output/99_fluxnet2015/FLX_US-ARc_FLUXNET2015_ERAI_HH_1989-2014_beta-5.csv: line 436000 [oneflux.pipeline.site_data_product]
2025-06-26 14:00:12.211 [DEBUG   ] Writing /home/portnoy/u0/sytoanngo/ONEFlux/data/US-ARc_sample_output/99_fluxnet2015/FLX_US-ARc_FLUXNET2015_ERAI_HH_1989-2014_beta-5.csv: line 437000 [oneflux.pipeline.site_data_product]
2025-06-26 14:00:12.225 [DEBUG   ] Writing /home/portnoy/u0/sytoanngo/ONEFlux/data/US-ARc_sample_output/99_fluxnet2015/FLX_US-ARc_FLUXNET2015_ERAI_HH_1989-2014_beta-5.csv: line 438000 [oneflux.pipeline.site_data_product]
2025-06-26 14:00:12.240 [DEBUG   ] Writing /home/portnoy/u0/sytoanngo/ONEFlux/data/US-ARc_sample_output/99_fluxnet2015/FLX_US-ARc_FLUXNET2015_ERAI_HH_1989-2014_beta-5.csv: line 439000 [oneflux.pipeline.site_data_product]
2025-06-26 14:00:12.254 [DEBUG   ] Writing /home/portnoy/u0/sytoanngo/ONEFlux/data/US-ARc_sample_output/99_fluxnet2015/FLX_US-ARc_FLUXNET2015_ERAI_HH_1989-2014_beta-5.csv: line 440000 [oneflux.pipeline.site_data_product]
2025-06-26 14:00:12.269 [DEBUG   ] Writing /home/portnoy/u0/sytoanngo/ONEFlux/data/US-ARc_sample_output/99_fluxnet2015/FLX_US-ARc_FLUXNET2015_ERAI_HH_1989-2014_beta-5.csv: line 441000 [oneflux.pipeline.site_data_product]
2025-06-26 14:00:12.283 [DEBUG   ] Writing /home/portnoy/u0/sytoanngo/ONEFlux/data/US-ARc_sample_output/99_fluxnet2015/FLX_US-ARc_FLUXNET2015_ERAI_HH_1989-2014_beta-5.csv: line 442000 [oneflux.pipeline.site_data_product]
2025-06-26 14:00:12.298 [DEBUG   ] Writing /home/portnoy/u0/sytoanngo/ONEFlux/data/US-ARc_sample_output/99_fluxnet2015/FLX_US-ARc_FLUXNET2015_ERAI_HH_1989-2014_beta-5.csv: line 443000 [oneflux.pipeline.site_data_product]
2025-06-26 14:00:12.312 [DEBUG   ] Writing /home/portnoy/u0/sytoanngo/ONEFlux/data/US-ARc_sample_output/99_fluxnet2015/FLX_US-ARc_FLUXNET2015_ERAI_HH_1989-2014_beta-5.csv: line 444000 [oneflux.pipeline.site_data_product]
2025-06-26 14:00:12.327 [DEBUG   ] Writing /home/portnoy/u0/sytoanngo/ONEFlux/data/US-ARc_sample_output/99_fluxnet2015/FLX_US-ARc_FLUXNET2015_ERAI_HH_1989-2014_beta-5.csv: line 445000 [oneflux.pipeline.site_data_product]
2025-06-26 14:00:12.342 [DEBUG   ] Writing /home/portnoy/u0/sytoanngo/ONEFlux/data/US-ARc_sample_output/99_fluxnet2015/FLX_US-ARc_FLUXNET2015_ERAI_HH_1989-2014_beta-5.csv: line 446000 [oneflux.pipeline.site_data_product]
2025-06-26 14:00:12.356 [DEBUG   ] Writing /home/portnoy/u0/sytoanngo/ONEFlux/data/US-ARc_sample_output/99_fluxnet2015/FLX_US-ARc_FLUXNET2015_ERAI_HH_1989-2014_beta-5.csv: line 447000 [oneflux.pipeline.site_data_product]
2025-06-26 14:00:12.371 [DEBUG   ] Writing /home/portnoy/u0/sytoanngo/ONEFlux/data/US-ARc_sample_output/99_fluxnet2015/FLX_US-ARc_FLUXNET2015_ERAI_HH_1989-2014_beta-5.csv: line 448000 [oneflux.pipeline.site_data_product]
2025-06-26 14:00:12.386 [DEBUG   ] Writing /home/portnoy/u0/sytoanngo/ONEFlux/data/US-ARc_sample_output/99_fluxnet2015/FLX_US-ARc_FLUXNET2015_ERAI_HH_1989-2014_beta-5.csv: line 449000 [oneflux.pipeline.site_data_product]
2025-06-26 14:00:12.401 [DEBUG   ] Writing /home/portnoy/u0/sytoanngo/ONEFlux/data/US-ARc_sample_output/99_fluxnet2015/FLX_US-ARc_FLUXNET2015_ERAI_HH_1989-2014_beta-5.csv: line 450000 [oneflux.pipeline.site_data_product]
2025-06-26 14:00:12.415 [DEBUG   ] Writing /home/portnoy/u0/sytoanngo/ONEFlux/data/US-ARc_sample_output/99_fluxnet2015/FLX_US-ARc_FLUXNET2015_ERAI_HH_1989-2014_beta-5.csv: line 451000 [oneflux.pipeline.site_data_product]
2025-06-26 14:00:12.430 [DEBUG   ] Writing /home/portnoy/u0/sytoanngo/ONEFlux/data/US-ARc_sample_output/99_fluxnet2015/FLX_US-ARc_FLUXNET2015_ERAI_HH_1989-2014_beta-5.csv: line 452000 [oneflux.pipeline.site_data_product]
2025-06-26 14:00:12.444 [DEBUG   ] Writing /home/portnoy/u0/sytoanngo/ONEFlux/data/US-ARc_sample_output/99_fluxnet2015/FLX_US-ARc_FLUXNET2015_ERAI_HH_1989-2014_beta-5.csv: line 453000 [oneflux.pipeline.site_data_product]
2025-06-26 14:00:12.459 [DEBUG   ] Writing /home/portnoy/u0/sytoanngo/ONEFlux/data/US-ARc_sample_output/99_fluxnet2015/FLX_US-ARc_FLUXNET2015_ERAI_HH_1989-2014_beta-5.csv: line 454000 [oneflux.pipeline.site_data_product]
2025-06-26 14:00:12.473 [DEBUG   ] Writing /home/portnoy/u0/sytoanngo/ONEFlux/data/US-ARc_sample_output/99_fluxnet2015/FLX_US-ARc_FLUXNET2015_ERAI_HH_1989-2014_beta-5.csv: line 455000 [oneflux.pipeline.site_data_product]
2025-06-26 14:00:12.762 [INFO    ] Saving Tier 2 SUBSET CSV file: /home/portnoy/u0/sytoanngo/ONEFlux/data/US-ARc_sample_output/99_fluxnet2015/FLX_US-ARc_FLUXNET2015_SUBSET_HH_2005-2006_beta-5.csv [oneflux.pipeline.site_data_product]
2025-06-26 14:00:12.796 [DEBUG   ] Writing /home/portnoy/u0/sytoanngo/ONEFlux/data/US-ARc_sample_output/99_fluxnet2015/FLX_US-ARc_FLUXNET2015_SUBSET_HH_2005-2006_beta-5.csv: line 0 [oneflux.pipeline.site_data_product]
2025-06-26 14:00:12.983 [DEBUG   ] Writing /home/portnoy/u0/sytoanngo/ONEFlux/data/US-ARc_sample_output/99_fluxnet2015/FLX_US-ARc_FLUXNET2015_SUBSET_HH_2005-2006_beta-5.csv: line 1000 [oneflux.pipeline.site_data_product]
2025-06-26 14:00:13.170 [DEBUG   ] Writing /home/portnoy/u0/sytoanngo/ONEFlux/data/US-ARc_sample_output/99_fluxnet2015/FLX_US-ARc_FLUXNET2015_SUBSET_HH_2005-2006_beta-5.csv: line 2000 [oneflux.pipeline.site_data_product]
2025-06-26 14:00:13.366 [DEBUG   ] Writing /home/portnoy/u0/sytoanngo/ONEFlux/data/US-ARc_sample_output/99_fluxnet2015/FLX_US-ARc_FLUXNET2015_SUBSET_HH_2005-2006_beta-5.csv: line 3000 [oneflux.pipeline.site_data_product]
2025-06-26 14:00:13.577 [DEBUG   ] Writing /home/portnoy/u0/sytoanngo/ONEFlux/data/US-ARc_sample_output/99_fluxnet2015/FLX_US-ARc_FLUXNET2015_SUBSET_HH_2005-2006_beta-5.csv: line 4000 [oneflux.pipeline.site_data_product]
2025-06-26 14:00:13.789 [DEBUG   ] Writing /home/portnoy/u0/sytoanngo/ONEFlux/data/US-ARc_sample_output/99_fluxnet2015/FLX_US-ARc_FLUXNET2015_SUBSET_HH_2005-2006_beta-5.csv: line 5000 [oneflux.pipeline.site_data_product]
2025-06-26 14:00:14.000 [DEBUG   ] Writing /home/portnoy/u0/sytoanngo/ONEFlux/data/US-ARc_sample_output/99_fluxnet2015/FLX_US-ARc_FLUXNET2015_SUBSET_HH_2005-2006_beta-5.csv: line 6000 [oneflux.pipeline.site_data_product]
2025-06-26 14:00:14.212 [DEBUG   ] Writing /home/portnoy/u0/sytoanngo/ONEFlux/data/US-ARc_sample_output/99_fluxnet2015/FLX_US-ARc_FLUXNET2015_SUBSET_HH_2005-2006_beta-5.csv: line 7000 [oneflux.pipeline.site_data_product]
2025-06-26 14:00:14.425 [DEBUG   ] Writing /home/portnoy/u0/sytoanngo/ONEFlux/data/US-ARc_sample_output/99_fluxnet2015/FLX_US-ARc_FLUXNET2015_SUBSET_HH_2005-2006_beta-5.csv: line 8000 [oneflux.pipeline.site_data_product]
2025-06-26 14:00:14.637 [DEBUG   ] Writing /home/portnoy/u0/sytoanngo/ONEFlux/data/US-ARc_sample_output/99_fluxnet2015/FLX_US-ARc_FLUXNET2015_SUBSET_HH_2005-2006_beta-5.csv: line 9000 [oneflux.pipeline.site_data_product]
2025-06-26 14:00:14.849 [DEBUG   ] Writing /home/portnoy/u0/sytoanngo/ONEFlux/data/US-ARc_sample_output/99_fluxnet2015/FLX_US-ARc_FLUXNET2015_SUBSET_HH_2005-2006_beta-5.csv: line 10000 [oneflux.pipeline.site_data_product]
2025-06-26 14:00:15.047 [DEBUG   ] Writing /home/portnoy/u0/sytoanngo/ONEFlux/data/US-ARc_sample_output/99_fluxnet2015/FLX_US-ARc_FLUXNET2015_SUBSET_HH_2005-2006_beta-5.csv: line 11000 [oneflux.pipeline.site_data_product]
2025-06-26 14:00:15.244 [DEBUG   ] Writing /home/portnoy/u0/sytoanngo/ONEFlux/data/US-ARc_sample_output/99_fluxnet2015/FLX_US-ARc_FLUXNET2015_SUBSET_HH_2005-2006_beta-5.csv: line 12000 [oneflux.pipeline.site_data_product]
2025-06-26 14:00:15.440 [DEBUG   ] Writing /home/portnoy/u0/sytoanngo/ONEFlux/data/US-ARc_sample_output/99_fluxnet2015/FLX_US-ARc_FLUXNET2015_SUBSET_HH_2005-2006_beta-5.csv: line 13000 [oneflux.pipeline.site_data_product]
2025-06-26 14:00:15.637 [DEBUG   ] Writing /home/portnoy/u0/sytoanngo/ONEFlux/data/US-ARc_sample_output/99_fluxnet2015/FLX_US-ARc_FLUXNET2015_SUBSET_HH_2005-2006_beta-5.csv: line 14000 [oneflux.pipeline.site_data_product]
2025-06-26 14:00:15.835 [DEBUG   ] Writing /home/portnoy/u0/sytoanngo/ONEFlux/data/US-ARc_sample_output/99_fluxnet2015/FLX_US-ARc_FLUXNET2015_SUBSET_HH_2005-2006_beta-5.csv: line 15000 [oneflux.pipeline.site_data_product]
2025-06-26 14:00:16.032 [DEBUG   ] Writing /home/portnoy/u0/sytoanngo/ONEFlux/data/US-ARc_sample_output/99_fluxnet2015/FLX_US-ARc_FLUXNET2015_SUBSET_HH_2005-2006_beta-5.csv: line 16000 [oneflux.pipeline.site_data_product]
2025-06-26 14:00:16.229 [DEBUG   ] Writing /home/portnoy/u0/sytoanngo/ONEFlux/data/US-ARc_sample_output/99_fluxnet2015/FLX_US-ARc_FLUXNET2015_SUBSET_HH_2005-2006_beta-5.csv: line 17000 [oneflux.pipeline.site_data_product]
2025-06-26 14:00:16.426 [DEBUG   ] Writing /home/portnoy/u0/sytoanngo/ONEFlux/data/US-ARc_sample_output/99_fluxnet2015/FLX_US-ARc_FLUXNET2015_SUBSET_HH_2005-2006_beta-5.csv: line 18000 [oneflux.pipeline.site_data_product]
2025-06-26 14:00:16.623 [DEBUG   ] Writing /home/portnoy/u0/sytoanngo/ONEFlux/data/US-ARc_sample_output/99_fluxnet2015/FLX_US-ARc_FLUXNET2015_SUBSET_HH_2005-2006_beta-5.csv: line 19000 [oneflux.pipeline.site_data_product]
2025-06-26 14:00:16.820 [DEBUG   ] Writing /home/portnoy/u0/sytoanngo/ONEFlux/data/US-ARc_sample_output/99_fluxnet2015/FLX_US-ARc_FLUXNET2015_SUBSET_HH_2005-2006_beta-5.csv: line 20000 [oneflux.pipeline.site_data_product]
2025-06-26 14:00:17.017 [DEBUG   ] Writing /home/portnoy/u0/sytoanngo/ONEFlux/data/US-ARc_sample_output/99_fluxnet2015/FLX_US-ARc_FLUXNET2015_SUBSET_HH_2005-2006_beta-5.csv: line 21000 [oneflux.pipeline.site_data_product]
2025-06-26 14:00:17.214 [DEBUG   ] Writing /home/portnoy/u0/sytoanngo/ONEFlux/data/US-ARc_sample_output/99_fluxnet2015/FLX_US-ARc_FLUXNET2015_SUBSET_HH_2005-2006_beta-5.csv: line 22000 [oneflux.pipeline.site_data_product]
2025-06-26 14:00:17.411 [DEBUG   ] Writing /home/portnoy/u0/sytoanngo/ONEFlux/data/US-ARc_sample_output/99_fluxnet2015/FLX_US-ARc_FLUXNET2015_SUBSET_HH_2005-2006_beta-5.csv: line 23000 [oneflux.pipeline.site_data_product]
2025-06-26 14:00:17.609 [DEBUG   ] Writing /home/portnoy/u0/sytoanngo/ONEFlux/data/US-ARc_sample_output/99_fluxnet2015/FLX_US-ARc_FLUXNET2015_SUBSET_HH_2005-2006_beta-5.csv: line 24000 [oneflux.pipeline.site_data_product]
2025-06-26 14:00:17.806 [DEBUG   ] Writing /home/portnoy/u0/sytoanngo/ONEFlux/data/US-ARc_sample_output/99_fluxnet2015/FLX_US-ARc_FLUXNET2015_SUBSET_HH_2005-2006_beta-5.csv: line 25000 [oneflux.pipeline.site_data_product]
2025-06-26 14:00:18.003 [DEBUG   ] Writing /home/portnoy/u0/sytoanngo/ONEFlux/data/US-ARc_sample_output/99_fluxnet2015/FLX_US-ARc_FLUXNET2015_SUBSET_HH_2005-2006_beta-5.csv: line 26000 [oneflux.pipeline.site_data_product]
2025-06-26 14:00:18.200 [DEBUG   ] Writing /home/portnoy/u0/sytoanngo/ONEFlux/data/US-ARc_sample_output/99_fluxnet2015/FLX_US-ARc_FLUXNET2015_SUBSET_HH_2005-2006_beta-5.csv: line 27000 [oneflux.pipeline.site_data_product]
2025-06-26 14:00:18.397 [DEBUG   ] Writing /home/portnoy/u0/sytoanngo/ONEFlux/data/US-ARc_sample_output/99_fluxnet2015/FLX_US-ARc_FLUXNET2015_SUBSET_HH_2005-2006_beta-5.csv: line 28000 [oneflux.pipeline.site_data_product]
2025-06-26 14:00:18.594 [DEBUG   ] Writing /home/portnoy/u0/sytoanngo/ONEFlux/data/US-ARc_sample_output/99_fluxnet2015/FLX_US-ARc_FLUXNET2015_SUBSET_HH_2005-2006_beta-5.csv: line 29000 [oneflux.pipeline.site_data_product]
2025-06-26 14:00:18.791 [DEBUG   ] Writing /home/portnoy/u0/sytoanngo/ONEFlux/data/US-ARc_sample_output/99_fluxnet2015/FLX_US-ARc_FLUXNET2015_SUBSET_HH_2005-2006_beta-5.csv: line 30000 [oneflux.pipeline.site_data_product]
2025-06-26 14:00:18.988 [DEBUG   ] Writing /home/portnoy/u0/sytoanngo/ONEFlux/data/US-ARc_sample_output/99_fluxnet2015/FLX_US-ARc_FLUXNET2015_SUBSET_HH_2005-2006_beta-5.csv: line 31000 [oneflux.pipeline.site_data_product]
2025-06-26 14:00:19.185 [DEBUG   ] Writing /home/portnoy/u0/sytoanngo/ONEFlux/data/US-ARc_sample_output/99_fluxnet2015/FLX_US-ARc_FLUXNET2015_SUBSET_HH_2005-2006_beta-5.csv: line 32000 [oneflux.pipeline.site_data_product]
2025-06-26 14:00:19.372 [DEBUG   ] Writing /home/portnoy/u0/sytoanngo/ONEFlux/data/US-ARc_sample_output/99_fluxnet2015/FLX_US-ARc_FLUXNET2015_SUBSET_HH_2005-2006_beta-5.csv: line 33000 [oneflux.pipeline.site_data_product]
2025-06-26 14:00:19.544 [DEBUG   ] Writing /home/portnoy/u0/sytoanngo/ONEFlux/data/US-ARc_sample_output/99_fluxnet2015/FLX_US-ARc_FLUXNET2015_SUBSET_HH_2005-2006_beta-5.csv: line 34000 [oneflux.pipeline.site_data_product]
2025-06-26 14:00:19.717 [DEBUG   ] Writing /home/portnoy/u0/sytoanngo/ONEFlux/data/US-ARc_sample_output/99_fluxnet2015/FLX_US-ARc_FLUXNET2015_SUBSET_HH_2005-2006_beta-5.csv: line 35000 [oneflux.pipeline.site_data_product]
2025-06-26 14:00:19.856 [INFO    ] Tier 1 SUBSET CSV same as Tier 2 (all), reusing file: /home/portnoy/u0/sytoanngo/ONEFlux/data/US-ARc_sample_output/99_fluxnet2015/FLX_US-ARc_FLUXNET2015_SUBSET_HH_2005-2006_beta-5.csv [oneflux.pipeline.site_data_product]
2025-06-26 14:00:19.856 [DEBUG   ] Processing 'dd' resolution [oneflux.pipeline.site_data_product]
2025-06-26 14:00:19.857 [DEBUG   ] Loading meteo/dd file: /home/portnoy/u0/sytoanngo/ONEFlux/data/US-ARc_sample_output/07_meteo_proc/US-ARc_meteo_dd.csv [oneflux.pipeline.site_data_product]
2025-06-26 14:00:20.502 [INFO    ] Checking range of values for SWC (US-ARc) [oneflux.pipeline.site_data_product]
2025-06-26 14:00:20.502 [DEBUG   ] Found 1 SWC variables (['SWC_1_f']) for US-ARc, checking ranges [oneflux.pipeline.site_data_product]
2025-06-26 14:00:20.557 [DEBUG   ] SWC variable 'SWC_1_f' stats (US-ARc, 2005): negative_count=0  min=11.63  max=34.318 [oneflux.pipeline.site_data_product]
2025-06-26 14:00:20.560 [DEBUG   ] SWC variable 'SWC_1_f' stats (US-ARc, 2006): negative_count=0  min=11.023  max=31.567 [oneflux.pipeline.site_data_product]
2025-06-26 14:00:20.586 [DEBUG   ] Done with checking SWC vars for US-ARc [oneflux.pipeline.site_data_product]
2025-06-26 14:00:20.587 [DEBUG   ] Loading nee/dd file: /home/portnoy/u0/sytoanngo/ONEFlux/data/US-ARc_sample_output/08_nee_proc/US-ARc_NEE_dd.csv [oneflux.pipeline.site_data_product]
2025-06-26 14:00:20.671 [DEBUG   ] Loading energy/dd file: /home/portnoy/u0/sytoanngo/ONEFlux/data/US-ARc_sample_output/09_energy_proc/US-ARc_energy_dd.csv [oneflux.pipeline.site_data_product]
2025-06-26 14:00:20.689 [INFO    ] Skipping SR_RECO, file not found: /home/portnoy/u0/sytoanngo/ONEFlux/data/US-ARc_sample_output/12_ure/US-ARc_SR_RECO_dd.csv [oneflux.pipeline.site_data_product]
2025-06-26 14:00:20.690 [DEBUG   ] Loading partitioning/dd file: /home/portnoy/u0/sytoanngo/ONEFlux/data/US-ARc_sample_output/12_ure/US-ARc_DT_RECO_dd.csv [oneflux.pipeline.site_data_product]
2025-06-26 14:00:20.702 [DEBUG   ] Loading partitioning/dd file: /home/portnoy/u0/sytoanngo/ONEFlux/data/US-ARc_sample_output/12_ure/US-ARc_DT_GPP_dd.csv [oneflux.pipeline.site_data_product]
2025-06-26 14:00:20.713 [DEBUG   ] Loading partitioning/dd file: /home/portnoy/u0/sytoanngo/ONEFlux/data/US-ARc_sample_output/12_ure/US-ARc_NT_RECO_dd.csv [oneflux.pipeline.site_data_product]
2025-06-26 14:00:20.724 [DEBUG   ] Loading partitioning/dd file: /home/portnoy/u0/sytoanngo/ONEFlux/data/US-ARc_sample_output/12_ure/US-ARc_NT_GPP_dd.csv [oneflux.pipeline.site_data_product]
2025-06-26 14:00:20.735 [DEBUG   ] US-ARc: SR RECO file headers: ('TIMESTAMP', 'DOY', 'RECO', 'RECO_n') [oneflux.pipeline.site_data_product]
2025-06-26 14:00:20.736 [DEBUG   ] Merged UNC headers: ('TIMESTAMP', 'DT_RECO_ref_y', 'DT_RECO_ust50_y', 'DT_RECO_mean_y', 'DT_RECO_SE_y', 'DT_RECO_05_y', 'DT_RECO_16_y', 'DT_RECO_25_y', 'DT_RECO_50_y', 'DT_RECO_75_y', 'DT_RECO_84_y', 'DT_RECO_95_y', 'DT_GPP_ref_y', 'DT_GPP_ust50_y', 'DT_GPP_mean_y', 'DT_GPP_SE_y', 'DT_GPP_05_y', 'DT_GPP_16_y', 'DT_GPP_25_y', 'DT_GPP_50_y', 'DT_GPP_75_y', 'DT_GPP_84_y', 'DT_GPP_95_y', 'NT_RECO_ref_y', 'NT_RECO_ust50_y', 'NT_RECO_mean_y', 'NT_RECO_SE_y', 'NT_RECO_05_y', 'NT_RECO_16_y', 'NT_RECO_25_y', 'NT_RECO_50_y', 'NT_RECO_75_y', 'NT_RECO_84_y', 'NT_RECO_95_y', 'NT_GPP_ref_y', 'NT_GPP_ust50_y', 'NT_GPP_mean_y', 'NT_GPP_SE_y', 'NT_GPP_05_y', 'NT_GPP_16_y', 'NT_GPP_25_y', 'NT_GPP_50_y', 'NT_GPP_75_y', 'NT_GPP_84_y', 'NT_GPP_95_y', 'SR_RECO', 'SR_RECO_n') [oneflux.pipeline.site_data_product]
2025-06-26 14:00:20.745 [INFO    ] METEO number of records differs from ENERGY, assuming complete meteo and removing extra records [oneflux.pipeline.site_data_product]
2025-06-26 14:00:20.777 [DEBUG   ] Time slice results for 2005-2006: a[5844]=20050101  a[6573]=20061231 [oneflux.pipeline.site_data_product]
2025-06-26 14:00:20.777 [DEBUG   ] US-ARc: updating names for meteo data [oneflux.pipeline.site_data_product]
2025-06-26 14:00:20.778 [DEBUG   ] US-ARc: updating names for full meteo data [oneflux.pipeline.site_data_product]
2025-06-26 14:00:20.778 [DEBUG   ] US-ARc: updating names for energy data [oneflux.pipeline.site_data_product]
2025-06-26 14:00:20.778 [WARNING ] Unknown variable removed: 'DOY' [oneflux.pipeline.site_data_product]
2025-06-26 14:00:20.778 [DEBUG   ] US-ARc: updating names for nee data [oneflux.pipeline.site_data_product]
2025-06-26 14:00:20.778 [WARNING ] Unknown variable removed: 'DOY' [oneflux.pipeline.site_data_product]
2025-06-26 14:00:20.779 [DEBUG   ] US-ARc: updating names for unc data [oneflux.pipeline.site_data_product]
2025-06-26 14:00:20.780 [DEBUG   ] Skip duplicate header: NIGHT_D [oneflux.pipeline.site_data_product]
2025-06-26 14:00:20.780 [DEBUG   ] Skip duplicate header: DAY_D [oneflux.pipeline.site_data_product]
2025-06-26 14:00:20.787 [INFO    ] Saving Tier 2 FULLSET CSV file: /home/portnoy/u0/sytoanngo/ONEFlux/data/US-ARc_sample_output/99_fluxnet2015/FLX_US-ARc_FLUXNET2015_FULLSET_DD_2005-2006_beta-5.csv [oneflux.pipeline.site_data_product]
2025-06-26 14:00:20.789 [DEBUG   ] Writing /home/portnoy/u0/sytoanngo/ONEFlux/data/US-ARc_sample_output/99_fluxnet2015/FLX_US-ARc_FLUXNET2015_FULLSET_DD_2005-2006_beta-5.csv: line 0 [oneflux.pipeline.site_data_product]
2025-06-26 14:00:21.044 [INFO    ] Tier 1 FULLSET CSV same as Tier 2 (all), reusing file: /home/portnoy/u0/sytoanngo/ONEFlux/data/US-ARc_sample_output/99_fluxnet2015/FLX_US-ARc_FLUXNET2015_FULLSET_DD_2005-2006_beta-5.csv [oneflux.pipeline.site_data_product]
2025-06-26 14:00:21.044 [INFO    ] Saving ERA-Interim CSV file: /home/portnoy/u0/sytoanngo/ONEFlux/data/US-ARc_sample_output/99_fluxnet2015/FLX_US-ARc_FLUXNET2015_ERAI_DD_1989-2014_beta-5.csv [oneflux.pipeline.site_data_product]
2025-06-26 14:00:21.046 [DEBUG   ] Writing /home/portnoy/u0/sytoanngo/ONEFlux/data/US-ARc_sample_output/99_fluxnet2015/FLX_US-ARc_FLUXNET2015_ERAI_DD_1989-2014_beta-5.csv: line 0 [oneflux.pipeline.site_data_product]
2025-06-26 14:00:21.070 [DEBUG   ] Writing /home/portnoy/u0/sytoanngo/ONEFlux/data/US-ARc_sample_output/99_fluxnet2015/FLX_US-ARc_FLUXNET2015_ERAI_DD_1989-2014_beta-5.csv: line 1000 [oneflux.pipeline.site_data_product]
2025-06-26 14:00:21.090 [DEBUG   ] Writing /home/portnoy/u0/sytoanngo/ONEFlux/data/US-ARc_sample_output/99_fluxnet2015/FLX_US-ARc_FLUXNET2015_ERAI_DD_1989-2014_beta-5.csv: line 2000 [oneflux.pipeline.site_data_product]
2025-06-26 14:00:21.111 [DEBUG   ] Writing /home/portnoy/u0/sytoanngo/ONEFlux/data/US-ARc_sample_output/99_fluxnet2015/FLX_US-ARc_FLUXNET2015_ERAI_DD_1989-2014_beta-5.csv: line 3000 [oneflux.pipeline.site_data_product]
2025-06-26 14:00:21.131 [DEBUG   ] Writing /home/portnoy/u0/sytoanngo/ONEFlux/data/US-ARc_sample_output/99_fluxnet2015/FLX_US-ARc_FLUXNET2015_ERAI_DD_1989-2014_beta-5.csv: line 4000 [oneflux.pipeline.site_data_product]
2025-06-26 14:00:21.152 [DEBUG   ] Writing /home/portnoy/u0/sytoanngo/ONEFlux/data/US-ARc_sample_output/99_fluxnet2015/FLX_US-ARc_FLUXNET2015_ERAI_DD_1989-2014_beta-5.csv: line 5000 [oneflux.pipeline.site_data_product]
2025-06-26 14:00:21.172 [DEBUG   ] Writing /home/portnoy/u0/sytoanngo/ONEFlux/data/US-ARc_sample_output/99_fluxnet2015/FLX_US-ARc_FLUXNET2015_ERAI_DD_1989-2014_beta-5.csv: line 6000 [oneflux.pipeline.site_data_product]
2025-06-26 14:00:21.192 [DEBUG   ] Writing /home/portnoy/u0/sytoanngo/ONEFlux/data/US-ARc_sample_output/99_fluxnet2015/FLX_US-ARc_FLUXNET2015_ERAI_DD_1989-2014_beta-5.csv: line 7000 [oneflux.pipeline.site_data_product]
2025-06-26 14:00:21.213 [DEBUG   ] Writing /home/portnoy/u0/sytoanngo/ONEFlux/data/US-ARc_sample_output/99_fluxnet2015/FLX_US-ARc_FLUXNET2015_ERAI_DD_1989-2014_beta-5.csv: line 8000 [oneflux.pipeline.site_data_product]
2025-06-26 14:00:21.233 [DEBUG   ] Writing /home/portnoy/u0/sytoanngo/ONEFlux/data/US-ARc_sample_output/99_fluxnet2015/FLX_US-ARc_FLUXNET2015_ERAI_DD_1989-2014_beta-5.csv: line 9000 [oneflux.pipeline.site_data_product]
2025-06-26 14:00:21.252 [INFO    ] Saving Tier 2 SUBSET CSV file: /home/portnoy/u0/sytoanngo/ONEFlux/data/US-ARc_sample_output/99_fluxnet2015/FLX_US-ARc_FLUXNET2015_SUBSET_DD_2005-2006_beta-5.csv [oneflux.pipeline.site_data_product]
2025-06-26 14:00:21.253 [DEBUG   ] Writing /home/portnoy/u0/sytoanngo/ONEFlux/data/US-ARc_sample_output/99_fluxnet2015/FLX_US-ARc_FLUXNET2015_SUBSET_DD_2005-2006_beta-5.csv: line 0 [oneflux.pipeline.site_data_product]
2025-06-26 14:00:21.334 [INFO    ] Tier 1 SUBSET CSV same as Tier 2 (all), reusing file: /home/portnoy/u0/sytoanngo/ONEFlux/data/US-ARc_sample_output/99_fluxnet2015/FLX_US-ARc_FLUXNET2015_SUBSET_DD_2005-2006_beta-5.csv [oneflux.pipeline.site_data_product]
2025-06-26 14:00:21.335 [DEBUG   ] Processing 'ww' resolution [oneflux.pipeline.site_data_product]
2025-06-26 14:00:21.335 [DEBUG   ] Loading meteo/ww file: /home/portnoy/u0/sytoanngo/ONEFlux/data/US-ARc_sample_output/07_meteo_proc/US-ARc_meteo_ww.csv [oneflux.pipeline.site_data_product]
2025-06-26 14:00:21.424 [INFO    ] Checking range of values for SWC (US-ARc) [oneflux.pipeline.site_data_product]
2025-06-26 14:00:21.424 [DEBUG   ] Found 1 SWC variables (['SWC_1_f']) for US-ARc, checking ranges [oneflux.pipeline.site_data_product]
2025-06-26 14:00:21.433 [DEBUG   ] SWC variable 'SWC_1_f' stats (US-ARc, 2005): negative_count=0  min=12.09  max=31.573 [oneflux.pipeline.site_data_product]
2025-06-26 14:00:21.434 [DEBUG   ] SWC variable 'SWC_1_f' stats (US-ARc, 2006): negative_count=0  min=11.225  max=29.882 [oneflux.pipeline.site_data_product]
2025-06-26 14:00:21.438 [DEBUG   ] Done with checking SWC vars for US-ARc [oneflux.pipeline.site_data_product]
2025-06-26 14:00:21.438 [DEBUG   ] Loading nee/ww file: /home/portnoy/u0/sytoanngo/ONEFlux/data/US-ARc_sample_output/08_nee_proc/US-ARc_NEE_ww.csv [oneflux.pipeline.site_data_product]
2025-06-26 14:00:21.450 [DEBUG   ] Loading energy/ww file: /home/portnoy/u0/sytoanngo/ONEFlux/data/US-ARc_sample_output/09_energy_proc/US-ARc_energy_ww.csv [oneflux.pipeline.site_data_product]
2025-06-26 14:00:21.454 [INFO    ] Skipping SR_RECO, file not found: /home/portnoy/u0/sytoanngo/ONEFlux/data/US-ARc_sample_output/12_ure/US-ARc_SR_RECO_ww.csv [oneflux.pipeline.site_data_product]
2025-06-26 14:00:21.454 [DEBUG   ] Loading partitioning/ww file: /home/portnoy/u0/sytoanngo/ONEFlux/data/US-ARc_sample_output/12_ure/US-ARc_DT_RECO_ww.csv [oneflux.pipeline.site_data_product]
2025-06-26 14:00:21.457 [DEBUG   ] Loading partitioning/ww file: /home/portnoy/u0/sytoanngo/ONEFlux/data/US-ARc_sample_output/12_ure/US-ARc_DT_GPP_ww.csv [oneflux.pipeline.site_data_product]
2025-06-26 14:00:21.460 [DEBUG   ] Loading partitioning/ww file: /home/portnoy/u0/sytoanngo/ONEFlux/data/US-ARc_sample_output/12_ure/US-ARc_NT_RECO_ww.csv [oneflux.pipeline.site_data_product]
2025-06-26 14:00:21.463 [DEBUG   ] Loading partitioning/ww file: /home/portnoy/u0/sytoanngo/ONEFlux/data/US-ARc_sample_output/12_ure/US-ARc_NT_GPP_ww.csv [oneflux.pipeline.site_data_product]
2025-06-26 14:00:21.467 [DEBUG   ] US-ARc: SR RECO file headers: ('TIMESTAMP_START', 'TIMESTAMP_END', 'RECO', 'RECO_n') [oneflux.pipeline.site_data_product]
2025-06-26 14:00:21.467 [DEBUG   ] Merged UNC headers: ('TIMESTAMP_START', 'TIMESTAMP_END', 'DT_RECO_ref_y', 'DT_RECO_ust50_y', 'DT_RECO_mean_y', 'DT_RECO_SE_y', 'DT_RECO_05_y', 'DT_RECO_16_y', 'DT_RECO_25_y', 'DT_RECO_50_y', 'DT_RECO_75_y', 'DT_RECO_84_y', 'DT_RECO_95_y', 'DT_GPP_ref_y', 'DT_GPP_ust50_y', 'DT_GPP_mean_y', 'DT_GPP_SE_y', 'DT_GPP_05_y', 'DT_GPP_16_y', 'DT_GPP_25_y', 'DT_GPP_50_y', 'DT_GPP_75_y', 'DT_GPP_84_y', 'DT_GPP_95_y', 'NT_RECO_ref_y', 'NT_RECO_ust50_y', 'NT_RECO_mean_y', 'NT_RECO_SE_y', 'NT_RECO_05_y', 'NT_RECO_16_y', 'NT_RECO_25_y', 'NT_RECO_50_y', 'NT_RECO_75_y', 'NT_RECO_84_y', 'NT_RECO_95_y', 'NT_GPP_ref_y', 'NT_GPP_ust50_y', 'NT_GPP_mean_y', 'NT_GPP_SE_y', 'NT_GPP_05_y', 'NT_GPP_16_y', 'NT_GPP_25_y', 'NT_GPP_50_y', 'NT_GPP_75_y', 'NT_GPP_84_y', 'NT_GPP_95_y', 'SR_RECO', 'SR_RECO_n') [oneflux.pipeline.site_data_product]
2025-06-26 14:00:21.468 [INFO    ] METEO number of records differs from ENERGY, assuming complete meteo and removing extra records [oneflux.pipeline.site_data_product]
2025-06-26 14:00:21.473 [DEBUG   ] Time slice results for 2005-2006: a[832]=20050101  a[935]=20061224 [oneflux.pipeline.site_data_product]
2025-06-26 14:00:21.474 [DEBUG   ] US-ARc: updating names for meteo data [oneflux.pipeline.site_data_product]
2025-06-26 14:00:21.474 [WARNING ] Unknown variable removed: 'WEEK' [oneflux.pipeline.site_data_product]
2025-06-26 14:00:21.474 [DEBUG   ] US-ARc: updating names for full meteo data [oneflux.pipeline.site_data_product]
2025-06-26 14:00:21.474 [WARNING ] Unknown variable removed: 'WEEK' [oneflux.pipeline.site_data_product]
2025-06-26 14:00:21.475 [DEBUG   ] US-ARc: updating names for energy data [oneflux.pipeline.site_data_product]
2025-06-26 14:00:21.475 [WARNING ] Unknown variable removed: 'WEEK' [oneflux.pipeline.site_data_product]
2025-06-26 14:00:21.475 [DEBUG   ] US-ARc: updating names for nee data [oneflux.pipeline.site_data_product]
2025-06-26 14:00:21.475 [WARNING ] Unknown variable removed: 'WEEK' [oneflux.pipeline.site_data_product]
2025-06-26 14:00:21.475 [DEBUG   ] US-ARc: updating names for unc data [oneflux.pipeline.site_data_product]
2025-06-26 14:00:21.476 [DEBUG   ] Skip duplicate header: NIGHT_D [oneflux.pipeline.site_data_product]
2025-06-26 14:00:21.476 [DEBUG   ] Skip duplicate header: DAY_D [oneflux.pipeline.site_data_product]
2025-06-26 14:00:21.479 [INFO    ] Saving Tier 2 FULLSET CSV file: /home/portnoy/u0/sytoanngo/ONEFlux/data/US-ARc_sample_output/99_fluxnet2015/FLX_US-ARc_FLUXNET2015_FULLSET_WW_2005-2006_beta-5.csv [oneflux.pipeline.site_data_product]
2025-06-26 14:00:21.481 [DEBUG   ] Writing /home/portnoy/u0/sytoanngo/ONEFlux/data/US-ARc_sample_output/99_fluxnet2015/FLX_US-ARc_FLUXNET2015_FULLSET_WW_2005-2006_beta-5.csv: line 0 [oneflux.pipeline.site_data_product]
2025-06-26 14:00:21.516 [INFO    ] Tier 1 FULLSET CSV same as Tier 2 (all), reusing file: /home/portnoy/u0/sytoanngo/ONEFlux/data/US-ARc_sample_output/99_fluxnet2015/FLX_US-ARc_FLUXNET2015_FULLSET_WW_2005-2006_beta-5.csv [oneflux.pipeline.site_data_product]
2025-06-26 14:00:21.516 [INFO    ] Saving ERA-Interim CSV file: /home/portnoy/u0/sytoanngo/ONEFlux/data/US-ARc_sample_output/99_fluxnet2015/FLX_US-ARc_FLUXNET2015_ERAI_WW_1989-2014_beta-5.csv [oneflux.pipeline.site_data_product]
2025-06-26 14:00:21.517 [DEBUG   ] Writing /home/portnoy/u0/sytoanngo/ONEFlux/data/US-ARc_sample_output/99_fluxnet2015/FLX_US-ARc_FLUXNET2015_ERAI_WW_1989-2014_beta-5.csv: line 0 [oneflux.pipeline.site_data_product]
2025-06-26 14:00:21.541 [DEBUG   ] Writing /home/portnoy/u0/sytoanngo/ONEFlux/data/US-ARc_sample_output/99_fluxnet2015/FLX_US-ARc_FLUXNET2015_ERAI_WW_1989-2014_beta-5.csv: line 1000 [oneflux.pipeline.site_data_product]
2025-06-26 14:00:21.552 [INFO    ] Saving Tier 2 SUBSET CSV file: /home/portnoy/u0/sytoanngo/ONEFlux/data/US-ARc_sample_output/99_fluxnet2015/FLX_US-ARc_FLUXNET2015_SUBSET_WW_2005-2006_beta-5.csv [oneflux.pipeline.site_data_product]
2025-06-26 14:00:21.553 [DEBUG   ] Writing /home/portnoy/u0/sytoanngo/ONEFlux/data/US-ARc_sample_output/99_fluxnet2015/FLX_US-ARc_FLUXNET2015_SUBSET_WW_2005-2006_beta-5.csv: line 0 [oneflux.pipeline.site_data_product]
2025-06-26 14:00:21.565 [INFO    ] Tier 1 SUBSET CSV same as Tier 2 (all), reusing file: /home/portnoy/u0/sytoanngo/ONEFlux/data/US-ARc_sample_output/99_fluxnet2015/FLX_US-ARc_FLUXNET2015_SUBSET_WW_2005-2006_beta-5.csv [oneflux.pipeline.site_data_product]
2025-06-26 14:00:21.566 [DEBUG   ] Processing 'mm' resolution [oneflux.pipeline.site_data_product]
2025-06-26 14:00:21.566 [DEBUG   ] Loading meteo/mm file: /home/portnoy/u0/sytoanngo/ONEFlux/data/US-ARc_sample_output/07_meteo_proc/US-ARc_meteo_mm.csv [oneflux.pipeline.site_data_product]
2025-06-26 14:00:21.588 [INFO    ] Checking range of values for SWC (US-ARc) [oneflux.pipeline.site_data_product]
2025-06-26 14:00:21.588 [DEBUG   ] Found 1 SWC variables (['SWC_1_f']) for US-ARc, checking ranges [oneflux.pipeline.site_data_product]
2025-06-26 14:00:21.590 [DEBUG   ] SWC variable 'SWC_1_f' stats (US-ARc, 2005): negative_count=0  min=14.501  max=28.344 [oneflux.pipeline.site_data_product]
2025-06-26 14:00:21.591 [DEBUG   ] SWC variable 'SWC_1_f' stats (US-ARc, 2006): negative_count=0  min=15.076  max=24.945 [oneflux.pipeline.site_data_product]
2025-06-26 14:00:21.592 [DEBUG   ] Done with checking SWC vars for US-ARc [oneflux.pipeline.site_data_product]
2025-06-26 14:00:21.592 [DEBUG   ] Loading nee/mm file: /home/portnoy/u0/sytoanngo/ONEFlux/data/US-ARc_sample_output/08_nee_proc/US-ARc_NEE_mm.csv [oneflux.pipeline.site_data_product]
2025-06-26 14:00:21.598 [DEBUG   ] Loading energy/mm file: /home/portnoy/u0/sytoanngo/ONEFlux/data/US-ARc_sample_output/09_energy_proc/US-ARc_energy_mm.csv [oneflux.pipeline.site_data_product]
2025-06-26 14:00:21.601 [INFO    ] Skipping SR_RECO, file not found: /home/portnoy/u0/sytoanngo/ONEFlux/data/US-ARc_sample_output/12_ure/US-ARc_SR_RECO_mm.csv [oneflux.pipeline.site_data_product]
2025-06-26 14:00:21.601 [DEBUG   ] Loading partitioning/mm file: /home/portnoy/u0/sytoanngo/ONEFlux/data/US-ARc_sample_output/12_ure/US-ARc_DT_RECO_mm.csv [oneflux.pipeline.site_data_product]
2025-06-26 14:00:21.603 [DEBUG   ] Loading partitioning/mm file: /home/portnoy/u0/sytoanngo/ONEFlux/data/US-ARc_sample_output/12_ure/US-ARc_DT_GPP_mm.csv [oneflux.pipeline.site_data_product]
2025-06-26 14:00:21.604 [DEBUG   ] Loading partitioning/mm file: /home/portnoy/u0/sytoanngo/ONEFlux/data/US-ARc_sample_output/12_ure/US-ARc_NT_RECO_mm.csv [oneflux.pipeline.site_data_product]
2025-06-26 14:00:21.606 [DEBUG   ] Loading partitioning/mm file: /home/portnoy/u0/sytoanngo/ONEFlux/data/US-ARc_sample_output/12_ure/US-ARc_NT_GPP_mm.csv [oneflux.pipeline.site_data_product]
2025-06-26 14:00:21.608 [DEBUG   ] US-ARc: SR RECO file headers: ('TIMESTAMP', 'RECO', 'RECO_n') [oneflux.pipeline.site_data_product]
2025-06-26 14:00:21.609 [DEBUG   ] Merged UNC headers: ('TIMESTAMP', 'DT_RECO_ref_y', 'DT_RECO_ust50_y', 'DT_RECO_mean_y', 'DT_RECO_SE_y', 'DT_RECO_05_y', 'DT_RECO_16_y', 'DT_RECO_25_y', 'DT_RECO_50_y', 'DT_RECO_75_y', 'DT_RECO_84_y', 'DT_RECO_95_y', 'DT_GPP_ref_y', 'DT_GPP_ust50_y', 'DT_GPP_mean_y', 'DT_GPP_SE_y', 'DT_GPP_05_y', 'DT_GPP_16_y', 'DT_GPP_25_y', 'DT_GPP_50_y', 'DT_GPP_75_y', 'DT_GPP_84_y', 'DT_GPP_95_y', 'NT_RECO_ref_y', 'NT_RECO_ust50_y', 'NT_RECO_mean_y', 'NT_RECO_SE_y', 'NT_RECO_05_y', 'NT_RECO_16_y', 'NT_RECO_25_y', 'NT_RECO_50_y', 'NT_RECO_75_y', 'NT_RECO_84_y', 'NT_RECO_95_y', 'NT_GPP_ref_y', 'NT_GPP_ust50_y', 'NT_GPP_mean_y', 'NT_GPP_SE_y', 'NT_GPP_05_y', 'NT_GPP_16_y', 'NT_GPP_25_y', 'NT_GPP_50_y', 'NT_GPP_75_y', 'NT_GPP_84_y', 'NT_GPP_95_y', 'SR_RECO', 'SR_RECO_n') [oneflux.pipeline.site_data_product]
2025-06-26 14:00:21.609 [INFO    ] METEO number of records differs from ENERGY, assuming complete meteo and removing extra records [oneflux.pipeline.site_data_product]
2025-06-26 14:00:21.611 [DEBUG   ] Time slice results for 2005-2006: a[192]=200501  a[215]=200612 [oneflux.pipeline.site_data_product]
2025-06-26 14:00:21.611 [DEBUG   ] US-ARc: updating names for meteo data [oneflux.pipeline.site_data_product]
2025-06-26 14:00:21.611 [DEBUG   ] US-ARc: updating names for full meteo data [oneflux.pipeline.site_data_product]
2025-06-26 14:00:21.611 [DEBUG   ] US-ARc: updating names for energy data [oneflux.pipeline.site_data_product]
2025-06-26 14:00:21.611 [DEBUG   ] US-ARc: updating names for nee data [oneflux.pipeline.site_data_product]
2025-06-26 14:00:21.612 [DEBUG   ] US-ARc: updating names for unc data [oneflux.pipeline.site_data_product]
2025-06-26 14:00:21.612 [DEBUG   ] Skip duplicate header: NIGHT_D [oneflux.pipeline.site_data_product]
2025-06-26 14:00:21.612 [DEBUG   ] Skip duplicate header: DAY_D [oneflux.pipeline.site_data_product]
2025-06-26 14:00:21.615 [INFO    ] Saving Tier 2 FULLSET CSV file: /home/portnoy/u0/sytoanngo/ONEFlux/data/US-ARc_sample_output/99_fluxnet2015/FLX_US-ARc_FLUXNET2015_FULLSET_MM_2005-2006_beta-5.csv [oneflux.pipeline.site_data_product]
2025-06-26 14:00:21.617 [DEBUG   ] Writing /home/portnoy/u0/sytoanngo/ONEFlux/data/US-ARc_sample_output/99_fluxnet2015/FLX_US-ARc_FLUXNET2015_FULLSET_MM_2005-2006_beta-5.csv: line 0 [oneflux.pipeline.site_data_product]
2025-06-26 14:00:21.626 [INFO    ] Tier 1 FULLSET CSV same as Tier 2 (all), reusing file: /home/portnoy/u0/sytoanngo/ONEFlux/data/US-ARc_sample_output/99_fluxnet2015/FLX_US-ARc_FLUXNET2015_FULLSET_MM_2005-2006_beta-5.csv [oneflux.pipeline.site_data_product]
2025-06-26 14:00:21.626 [INFO    ] Saving ERA-Interim CSV file: /home/portnoy/u0/sytoanngo/ONEFlux/data/US-ARc_sample_output/99_fluxnet2015/FLX_US-ARc_FLUXNET2015_ERAI_MM_1989-2014_beta-5.csv [oneflux.pipeline.site_data_product]
2025-06-26 14:00:21.627 [DEBUG   ] Writing /home/portnoy/u0/sytoanngo/ONEFlux/data/US-ARc_sample_output/99_fluxnet2015/FLX_US-ARc_FLUXNET2015_ERAI_MM_1989-2014_beta-5.csv: line 0 [oneflux.pipeline.site_data_product]
2025-06-26 14:00:21.635 [INFO    ] Saving Tier 2 SUBSET CSV file: /home/portnoy/u0/sytoanngo/ONEFlux/data/US-ARc_sample_output/99_fluxnet2015/FLX_US-ARc_FLUXNET2015_SUBSET_MM_2005-2006_beta-5.csv [oneflux.pipeline.site_data_product]
2025-06-26 14:00:21.636 [DEBUG   ] Writing /home/portnoy/u0/sytoanngo/ONEFlux/data/US-ARc_sample_output/99_fluxnet2015/FLX_US-ARc_FLUXNET2015_SUBSET_MM_2005-2006_beta-5.csv: line 0 [oneflux.pipeline.site_data_product]
2025-06-26 14:00:21.640 [INFO    ] Tier 1 SUBSET CSV same as Tier 2 (all), reusing file: /home/portnoy/u0/sytoanngo/ONEFlux/data/US-ARc_sample_output/99_fluxnet2015/FLX_US-ARc_FLUXNET2015_SUBSET_MM_2005-2006_beta-5.csv [oneflux.pipeline.site_data_product]
2025-06-26 14:00:21.640 [DEBUG   ] Processing 'yy' resolution [oneflux.pipeline.site_data_product]
2025-06-26 14:00:21.641 [DEBUG   ] Loading meteo/yy file: /home/portnoy/u0/sytoanngo/ONEFlux/data/US-ARc_sample_output/07_meteo_proc/US-ARc_meteo_yy.csv [oneflux.pipeline.site_data_product]
2025-06-26 14:00:21.646 [INFO    ] Checking range of values for SWC (US-ARc) [oneflux.pipeline.site_data_product]
2025-06-26 14:00:21.646 [DEBUG   ] Found 1 SWC variables (['SWC_1_f']) for US-ARc, checking ranges [oneflux.pipeline.site_data_product]
2025-06-26 14:00:21.647 [DEBUG   ] Done with checking SWC vars for US-ARc [oneflux.pipeline.site_data_product]
2025-06-26 14:00:21.647 [DEBUG   ] Loading nee/yy file: /home/portnoy/u0/sytoanngo/ONEFlux/data/US-ARc_sample_output/08_nee_proc/US-ARc_NEE_yy.csv [oneflux.pipeline.site_data_product]
2025-06-26 14:00:21.652 [DEBUG   ] Loading energy/yy file: /home/portnoy/u0/sytoanngo/ONEFlux/data/US-ARc_sample_output/09_energy_proc/US-ARc_energy_yy.csv [oneflux.pipeline.site_data_product]
2025-06-26 14:00:21.654 [INFO    ] Skipping SR_RECO, file not found: /home/portnoy/u0/sytoanngo/ONEFlux/data/US-ARc_sample_output/12_ure/US-ARc_SR_RECO_yy.csv [oneflux.pipeline.site_data_product]
2025-06-26 14:00:21.654 [DEBUG   ] Loading partitioning/yy file: /home/portnoy/u0/sytoanngo/ONEFlux/data/US-ARc_sample_output/12_ure/US-ARc_DT_RECO_yy.csv [oneflux.pipeline.site_data_product]
2025-06-26 14:00:21.656 [DEBUG   ] Loading partitioning/yy file: /home/portnoy/u0/sytoanngo/ONEFlux/data/US-ARc_sample_output/12_ure/US-ARc_DT_GPP_yy.csv [oneflux.pipeline.site_data_product]
2025-06-26 14:00:21.657 [DEBUG   ] Loading partitioning/yy file: /home/portnoy/u0/sytoanngo/ONEFlux/data/US-ARc_sample_output/12_ure/US-ARc_NT_RECO_yy.csv [oneflux.pipeline.site_data_product]
2025-06-26 14:00:21.659 [DEBUG   ] Loading partitioning/yy file: /home/portnoy/u0/sytoanngo/ONEFlux/data/US-ARc_sample_output/12_ure/US-ARc_NT_GPP_yy.csv [oneflux.pipeline.site_data_product]
2025-06-26 14:00:21.660 [DEBUG   ] US-ARc: SR RECO file headers: ('TIMESTAMP', 'RECO', 'RECO_n') [oneflux.pipeline.site_data_product]
2025-06-26 14:00:21.661 [DEBUG   ] Merged UNC headers: ('TIMESTAMP', 'DT_RECO_ref_y', 'DT_RECO_ust50_y', 'DT_RECO_mean_y', 'DT_RECO_SE_y', 'DT_RECO_05_y', 'DT_RECO_16_y', 'DT_RECO_25_y', 'DT_RECO_50_y', 'DT_RECO_75_y', 'DT_RECO_84_y', 'DT_RECO_95_y', 'DT_GPP_ref_y', 'DT_GPP_ust50_y', 'DT_GPP_mean_y', 'DT_GPP_SE_y', 'DT_GPP_05_y', 'DT_GPP_16_y', 'DT_GPP_25_y', 'DT_GPP_50_y', 'DT_GPP_75_y', 'DT_GPP_84_y', 'DT_GPP_95_y', 'NT_RECO_ref_y', 'NT_RECO_ust50_y', 'NT_RECO_mean_y', 'NT_RECO_SE_y', 'NT_RECO_05_y', 'NT_RECO_16_y', 'NT_RECO_25_y', 'NT_RECO_50_y', 'NT_RECO_75_y', 'NT_RECO_84_y', 'NT_RECO_95_y', 'NT_GPP_ref_y', 'NT_GPP_ust50_y', 'NT_GPP_mean_y', 'NT_GPP_SE_y', 'NT_GPP_05_y', 'NT_GPP_16_y', 'NT_GPP_25_y', 'NT_GPP_50_y', 'NT_GPP_75_y', 'NT_GPP_84_y', 'NT_GPP_95_y', 'SR_RECO', 'SR_RECO_n') [oneflux.pipeline.site_data_product]
2025-06-26 14:00:21.662 [INFO    ] METEO number of records differs from ENERGY, assuming complete meteo and removing extra records [oneflux.pipeline.site_data_product]
2025-06-26 14:00:21.662 [DEBUG   ] Time slice results for 2005-2006: a[16]=2005  a[17]=2006 [oneflux.pipeline.site_data_product]
2025-06-26 14:00:21.662 [DEBUG   ] US-ARc: updating names for meteo data [oneflux.pipeline.site_data_product]
2025-06-26 14:00:21.663 [DEBUG   ] US-ARc: updating names for full meteo data [oneflux.pipeline.site_data_product]
2025-06-26 14:00:21.663 [DEBUG   ] US-ARc: updating names for energy data [oneflux.pipeline.site_data_product]
2025-06-26 14:00:21.663 [DEBUG   ] US-ARc: updating names for nee data [oneflux.pipeline.site_data_product]
2025-06-26 14:00:21.663 [DEBUG   ] US-ARc: updating names for unc data [oneflux.pipeline.site_data_product]
2025-06-26 14:00:21.666 [INFO    ] Saving Tier 2 FULLSET CSV file: /home/portnoy/u0/sytoanngo/ONEFlux/data/US-ARc_sample_output/99_fluxnet2015/FLX_US-ARc_FLUXNET2015_FULLSET_YY_2005-2006_beta-5.csv [oneflux.pipeline.site_data_product]
2025-06-26 14:00:21.668 [DEBUG   ] Writing /home/portnoy/u0/sytoanngo/ONEFlux/data/US-ARc_sample_output/99_fluxnet2015/FLX_US-ARc_FLUXNET2015_FULLSET_YY_2005-2006_beta-5.csv: line 0 [oneflux.pipeline.site_data_product]
2025-06-26 14:00:21.669 [INFO    ] Tier 1 FULLSET CSV same as Tier 2 (all), reusing file: /home/portnoy/u0/sytoanngo/ONEFlux/data/US-ARc_sample_output/99_fluxnet2015/FLX_US-ARc_FLUXNET2015_FULLSET_YY_2005-2006_beta-5.csv [oneflux.pipeline.site_data_product]
2025-06-26 14:00:21.670 [INFO    ] Saving ERA-Interim CSV file: /home/portnoy/u0/sytoanngo/ONEFlux/data/US-ARc_sample_output/99_fluxnet2015/FLX_US-ARc_FLUXNET2015_ERAI_YY_1989-2014_beta-5.csv [oneflux.pipeline.site_data_product]
2025-06-26 14:00:21.670 [DEBUG   ] Writing /home/portnoy/u0/sytoanngo/ONEFlux/data/US-ARc_sample_output/99_fluxnet2015/FLX_US-ARc_FLUXNET2015_ERAI_YY_1989-2014_beta-5.csv: line 0 [oneflux.pipeline.site_data_product]
2025-06-26 14:00:21.672 [INFO    ] Saving Tier 2 SUBSET CSV file: /home/portnoy/u0/sytoanngo/ONEFlux/data/US-ARc_sample_output/99_fluxnet2015/FLX_US-ARc_FLUXNET2015_SUBSET_YY_2005-2006_beta-5.csv [oneflux.pipeline.site_data_product]
2025-06-26 14:00:21.673 [DEBUG   ] Writing /home/portnoy/u0/sytoanngo/ONEFlux/data/US-ARc_sample_output/99_fluxnet2015/FLX_US-ARc_FLUXNET2015_SUBSET_YY_2005-2006_beta-5.csv: line 0 [oneflux.pipeline.site_data_product]
2025-06-26 14:00:21.674 [INFO    ] Tier 1 SUBSET CSV same as Tier 2 (all), reusing file: /home/portnoy/u0/sytoanngo/ONEFlux/data/US-ARc_sample_output/99_fluxnet2015/FLX_US-ARc_FLUXNET2015_SUBSET_YY_2005-2006_beta-5.csv [oneflux.pipeline.site_data_product]
2025-06-26 14:00:21.675 [DEBUG   ] US-ARc: wrote years metadata file: /home/portnoy/u0/sytoanngo/ONEFlux/data/US-ARc_sample_output/99_fluxnet2015/FLX_US-ARc_FLUXNET2015_YEARS_beta-5.csv [oneflux.pipeline.site_data_product]
2025-06-26 14:00:21.675 [INFO    ] Starting generation of AUX-INFO files for US-ARc [oneflux.pipeline.aux_info_files]
2025-06-26 14:00:21.675 [DEBUG   ] US-ARc: starting generation of AUXMETEO file [oneflux.pipeline.aux_info_files]
2025-06-26 14:00:21.676 [INFO    ] US-ARc: writing auxiliary METEO file: /home/portnoy/u0/sytoanngo/ONEFlux/data/US-ARc_sample_output/99_fluxnet2015/FLX_US-ARc_FLUXNET2015_AUXMETEO_2005-2006_beta-5.csv [oneflux.pipeline.aux_info_files]
2025-06-26 14:00:21.677 [DEBUG   ] US-ARc: finished generation of AUXMETEO file: /home/portnoy/u0/sytoanngo/ONEFlux/data/US-ARc_sample_output/99_fluxnet2015/FLX_US-ARc_FLUXNET2015_AUXMETEO_2005-2006_beta-5.csv [oneflux.pipeline.aux_info_files]
2025-06-26 14:00:21.678 [DEBUG   ] US-ARc: starting generation of AUXNEE file [oneflux.pipeline.aux_info_files]
2025-06-26 14:00:21.678 [WARNING ] US-ARc: looking for alternate USTAR CUT percentiles file, NOT found: /home/portnoy/u0/sytoanngo/ONEFlux/data/US-ARc_sample_output/08_nee_proc/US-ARc_2005_2006_USTAR_percentiles_c.csv [oneflux.pipeline.aux_info_files]
2025-06-26 14:00:21.678 [DEBUG   ] Pipeline aux_info_files directory is '/home/portnoy/u0/sytoanngo/ONEFlux/data/US-ARc_sample_output/08_nee_proc' [oneflux.pipeline.common]
2025-06-26 14:00:21.679 [WARNING ] Pipeline aux_info_files file with pattern 'US-ARc_????_????_USTAR_percentiles_c.csv' not found in '/home/portnoy/u0/sytoanngo/ONEFlux/data/US-ARc_sample_output/08_nee_proc' [oneflux.pipeline.common]
2025-06-26 14:00:21.679 [WARNING ] US-ARc: incorrect number of alternate NEE_PERC_USTAR_CUT files found (1-2 years record?): [] [oneflux.pipeline.aux_info_files]
2025-06-26 14:00:21.679 [DEBUG   ] US-ARc: processing file: /home/portnoy/u0/sytoanngo/ONEFlux/data/US-ARc_sample_output/08_nee_proc/US-ARc_2005_2006_USTAR_percentiles_c.csv [oneflux.pipeline.aux_info_files]
2025-06-26 14:00:21.679 [WARNING ] US-ARc: too few years, NEE CUT USTAR percentiles file not created: /home/portnoy/u0/sytoanngo/ONEFlux/data/US-ARc_sample_output/08_nee_proc/US-ARc_2005_2006_USTAR_percentiles_c.csv [oneflux.pipeline.aux_info_files]
2025-06-26 14:00:21.680 [DEBUG   ] US-ARc: processing file: /home/portnoy/u0/sytoanngo/ONEFlux/data/US-ARc_sample_output/08_nee_proc/US-ARc_USTAR_percentiles_y.csv [oneflux.pipeline.aux_info_files]
2025-06-26 14:00:21.683 [DEBUG   ] US-ARc: processing file: /home/portnoy/u0/sytoanngo/ONEFlux/data/US-ARc_sample_output/12_ure/US-ARc_NT_RECO_hh_info.txt [oneflux.pipeline.aux_info_files]
2025-06-26 14:00:21.684 [DEBUG   ] US-ARc: processing file: /home/portnoy/u0/sytoanngo/ONEFlux/data/US-ARc_sample_output/12_ure/US-ARc_NT_GPP_hh_info.txt [oneflux.pipeline.aux_info_files]
2025-06-26 14:00:21.685 [DEBUG   ] US-ARc: processing file: /home/portnoy/u0/sytoanngo/ONEFlux/data/US-ARc_sample_output/12_ure/US-ARc_DT_RECO_hh_info.txt [oneflux.pipeline.aux_info_files]
2025-06-26 14:00:21.685 [DEBUG   ] US-ARc: processing file: /home/portnoy/u0/sytoanngo/ONEFlux/data/US-ARc_sample_output/12_ure/US-ARc_DT_GPP_hh_info.txt [oneflux.pipeline.aux_info_files]
2025-06-26 14:00:21.688 [DEBUG   ] US-ARc: processing file: /home/portnoy/u0/sytoanngo/ONEFlux/data/US-ARc_sample_output/12_ure/US-ARc_NT_RECO_dd_info.txt [oneflux.pipeline.aux_info_files]
2025-06-26 14:00:21.688 [DEBUG   ] US-ARc: processing file: /home/portnoy/u0/sytoanngo/ONEFlux/data/US-ARc_sample_output/12_ure/US-ARc_NT_GPP_dd_info.txt [oneflux.pipeline.aux_info_files]
2025-06-26 14:00:21.689 [DEBUG   ] US-ARc: processing file: /home/portnoy/u0/sytoanngo/ONEFlux/data/US-ARc_sample_output/12_ure/US-ARc_DT_RECO_dd_info.txt [oneflux.pipeline.aux_info_files]
2025-06-26 14:00:21.690 [DEBUG   ] US-ARc: processing file: /home/portnoy/u0/sytoanngo/ONEFlux/data/US-ARc_sample_output/12_ure/US-ARc_DT_GPP_dd_info.txt [oneflux.pipeline.aux_info_files]
2025-06-26 14:00:21.692 [DEBUG   ] US-ARc: processing file: /home/portnoy/u0/sytoanngo/ONEFlux/data/US-ARc_sample_output/12_ure/US-ARc_NT_RECO_ww_info.txt [oneflux.pipeline.aux_info_files]
2025-06-26 14:00:21.693 [DEBUG   ] US-ARc: processing file: /home/portnoy/u0/sytoanngo/ONEFlux/data/US-ARc_sample_output/12_ure/US-ARc_NT_GPP_ww_info.txt [oneflux.pipeline.aux_info_files]
2025-06-26 14:00:21.694 [DEBUG   ] US-ARc: processing file: /home/portnoy/u0/sytoanngo/ONEFlux/data/US-ARc_sample_output/12_ure/US-ARc_DT_RECO_ww_info.txt [oneflux.pipeline.aux_info_files]
2025-06-26 14:00:21.694 [DEBUG   ] US-ARc: processing file: /home/portnoy/u0/sytoanngo/ONEFlux/data/US-ARc_sample_output/12_ure/US-ARc_DT_GPP_ww_info.txt [oneflux.pipeline.aux_info_files]
2025-06-26 14:00:21.697 [DEBUG   ] US-ARc: processing file: /home/portnoy/u0/sytoanngo/ONEFlux/data/US-ARc_sample_output/12_ure/US-ARc_NT_RECO_mm_info.txt [oneflux.pipeline.aux_info_files]
2025-06-26 14:00:21.697 [DEBUG   ] US-ARc: processing file: /home/portnoy/u0/sytoanngo/ONEFlux/data/US-ARc_sample_output/12_ure/US-ARc_NT_GPP_mm_info.txt [oneflux.pipeline.aux_info_files]
2025-06-26 14:00:21.698 [DEBUG   ] US-ARc: processing file: /home/portnoy/u0/sytoanngo/ONEFlux/data/US-ARc_sample_output/12_ure/US-ARc_DT_RECO_mm_info.txt [oneflux.pipeline.aux_info_files]
2025-06-26 14:00:21.699 [DEBUG   ] US-ARc: processing file: /home/portnoy/u0/sytoanngo/ONEFlux/data/US-ARc_sample_output/12_ure/US-ARc_DT_GPP_mm_info.txt [oneflux.pipeline.aux_info_files]
2025-06-26 14:00:21.701 [DEBUG   ] US-ARc: processing file: /home/portnoy/u0/sytoanngo/ONEFlux/data/US-ARc_sample_output/12_ure/US-ARc_NT_RECO_yy_info.txt [oneflux.pipeline.aux_info_files]
2025-06-26 14:00:21.702 [DEBUG   ] US-ARc: processing file: /home/portnoy/u0/sytoanngo/ONEFlux/data/US-ARc_sample_output/12_ure/US-ARc_NT_GPP_yy_info.txt [oneflux.pipeline.aux_info_files]
2025-06-26 14:00:21.703 [DEBUG   ] US-ARc: processing file: /home/portnoy/u0/sytoanngo/ONEFlux/data/US-ARc_sample_output/12_ure/US-ARc_DT_RECO_yy_info.txt [oneflux.pipeline.aux_info_files]
2025-06-26 14:00:21.703 [DEBUG   ] US-ARc: processing file: /home/portnoy/u0/sytoanngo/ONEFlux/data/US-ARc_sample_output/12_ure/US-ARc_DT_GPP_yy_info.txt [oneflux.pipeline.aux_info_files]
2025-06-26 14:00:21.704 [INFO    ] US-ARc: writing auxiliary NEE file: /home/portnoy/u0/sytoanngo/ONEFlux/data/US-ARc_sample_output/99_fluxnet2015/FLX_US-ARc_FLUXNET2015_AUXNEE_2005-2006_beta-5.csv [oneflux.pipeline.aux_info_files]
2025-06-26 14:00:21.706 [DEBUG   ] US-ARc: finished generation of AUXNEE file: /home/portnoy/u0/sytoanngo/ONEFlux/data/US-ARc_sample_output/99_fluxnet2015/FLX_US-ARc_FLUXNET2015_AUXNEE_2005-2006_beta-5.csv [oneflux.pipeline.aux_info_files]
2025-06-26 14:00:21.706 [INFO    ] Finished generation of AUX-INFO files for US-ARc [oneflux.pipeline.aux_info_files]
2025-06-26 14:00:21.706 [INFO    ] Generating ZIP and stats for: /home/portnoy/u0/sytoanngo/ONEFlux/data/US-ARc_sample_output/99_fluxnet2015/FLX_US-ARc_FLUXNET2015_FULLSET_2005-2006_beta-5.zip [oneflux.pipeline.site_data_product]
2025-06-26 14:00:21.707 [DEBUG   ] Compressing files into '/home/portnoy/u0/sytoanngo/ONEFlux/data/US-ARc_sample_output/99_fluxnet2015/FLX_US-ARc_FLUXNET2015_FULLSET_2005-2006_beta-5.zip' using zip option w [oneflux.utils.files]
2025-06-26 14:00:21.707 [DEBUG   ] Adding '/home/portnoy/u0/sytoanngo/ONEFlux/data/US-ARc_sample_output/99_fluxnet2015/FLX_US-ARc_FLUXNET2015_FULLSET_HH_2005-2006_beta-5.csv' [oneflux.utils.files]
2025-06-26 14:00:23.468 [DEBUG   ] Adding '/home/portnoy/u0/sytoanngo/ONEFlux/data/US-ARc_sample_output/99_fluxnet2015/FLX_US-ARc_FLUXNET2015_FULLSET_DD_2005-2006_beta-5.csv' [oneflux.utils.files]
2025-06-26 14:00:23.529 [DEBUG   ] Adding '/home/portnoy/u0/sytoanngo/ONEFlux/data/US-ARc_sample_output/99_fluxnet2015/FLX_US-ARc_FLUXNET2015_FULLSET_WW_2005-2006_beta-5.csv' [oneflux.utils.files]
2025-06-26 14:00:23.540 [DEBUG   ] Adding '/home/portnoy/u0/sytoanngo/ONEFlux/data/US-ARc_sample_output/99_fluxnet2015/FLX_US-ARc_FLUXNET2015_FULLSET_MM_2005-2006_beta-5.csv' [oneflux.utils.files]
2025-06-26 14:00:23.542 [DEBUG   ] Adding '/home/portnoy/u0/sytoanngo/ONEFlux/data/US-ARc_sample_output/99_fluxnet2015/FLX_US-ARc_FLUXNET2015_FULLSET_YY_2005-2006_beta-5.csv' [oneflux.utils.files]
2025-06-26 14:00:23.543 [DEBUG   ] Adding '/home/portnoy/u0/sytoanngo/ONEFlux/data/US-ARc_sample_output/99_fluxnet2015/FLX_US-ARc_FLUXNET2015_AUXMETEO_2005-2006_beta-5.csv' [oneflux.utils.files]
2025-06-26 14:00:23.544 [DEBUG   ] Adding '/home/portnoy/u0/sytoanngo/ONEFlux/data/US-ARc_sample_output/99_fluxnet2015/FLX_US-ARc_FLUXNET2015_AUXNEE_2005-2006_beta-5.csv' [oneflux.utils.files]
2025-06-26 14:00:23.545 [DEBUG   ] Adding '/home/portnoy/u0/sytoanngo/ONEFlux/data/US-ARc_sample_output/99_fluxnet2015/FLX_US-ARc_FLUXNET2015_ERAI_HH_1989-2014_beta-5.csv' [oneflux.utils.files]
2025-06-26 14:00:25.249 [DEBUG   ] Adding '/home/portnoy/u0/sytoanngo/ONEFlux/data/US-ARc_sample_output/99_fluxnet2015/FLX_US-ARc_FLUXNET2015_ERAI_DD_1989-2014_beta-5.csv' [oneflux.utils.files]
2025-06-26 14:00:25.317 [DEBUG   ] Adding '/home/portnoy/u0/sytoanngo/ONEFlux/data/US-ARc_sample_output/99_fluxnet2015/FLX_US-ARc_FLUXNET2015_ERAI_WW_1989-2014_beta-5.csv' [oneflux.utils.files]
2025-06-26 14:00:25.328 [DEBUG   ] Adding '/home/portnoy/u0/sytoanngo/ONEFlux/data/US-ARc_sample_output/99_fluxnet2015/FLX_US-ARc_FLUXNET2015_ERAI_MM_1989-2014_beta-5.csv' [oneflux.utils.files]
2025-06-26 14:00:25.331 [DEBUG   ] Adding '/home/portnoy/u0/sytoanngo/ONEFlux/data/US-ARc_sample_output/99_fluxnet2015/FLX_US-ARc_FLUXNET2015_ERAI_YY_1989-2014_beta-5.csv' [oneflux.utils.files]
2025-06-26 14:00:25.806 [INFO    ] Generating ZIP and stats for: /home/portnoy/u0/sytoanngo/ONEFlux/data/US-ARc_sample_output/99_fluxnet2015/FLX_US-ARc_FLUXNET2015_SUBSET_2005-2006_beta-5.zip [oneflux.pipeline.site_data_product]
2025-06-26 14:00:25.807 [DEBUG   ] Compressing files into '/home/portnoy/u0/sytoanngo/ONEFlux/data/US-ARc_sample_output/99_fluxnet2015/FLX_US-ARc_FLUXNET2015_SUBSET_2005-2006_beta-5.zip' using zip option w [oneflux.utils.files]
2025-06-26 14:00:25.807 [DEBUG   ] Adding '/home/portnoy/u0/sytoanngo/ONEFlux/data/US-ARc_sample_output/99_fluxnet2015/FLX_US-ARc_FLUXNET2015_SUBSET_HH_2005-2006_beta-5.csv' [oneflux.utils.files]
2025-06-26 14:00:26.691 [DEBUG   ] Adding '/home/portnoy/u0/sytoanngo/ONEFlux/data/US-ARc_sample_output/99_fluxnet2015/FLX_US-ARc_FLUXNET2015_SUBSET_DD_2005-2006_beta-5.csv' [oneflux.utils.files]
2025-06-26 14:00:26.714 [DEBUG   ] Adding '/home/portnoy/u0/sytoanngo/ONEFlux/data/US-ARc_sample_output/99_fluxnet2015/FLX_US-ARc_FLUXNET2015_SUBSET_WW_2005-2006_beta-5.csv' [oneflux.utils.files]
2025-06-26 14:00:26.717 [DEBUG   ] Adding '/home/portnoy/u0/sytoanngo/ONEFlux/data/US-ARc_sample_output/99_fluxnet2015/FLX_US-ARc_FLUXNET2015_SUBSET_MM_2005-2006_beta-5.csv' [oneflux.utils.files]
2025-06-26 14:00:26.719 [DEBUG   ] Adding '/home/portnoy/u0/sytoanngo/ONEFlux/data/US-ARc_sample_output/99_fluxnet2015/FLX_US-ARc_FLUXNET2015_SUBSET_YY_2005-2006_beta-5.csv' [oneflux.utils.files]
2025-06-26 14:00:26.720 [DEBUG   ] Adding '/home/portnoy/u0/sytoanngo/ONEFlux/data/US-ARc_sample_output/99_fluxnet2015/FLX_US-ARc_FLUXNET2015_AUXMETEO_2005-2006_beta-5.csv' [oneflux.utils.files]
2025-06-26 14:00:26.721 [DEBUG   ] Adding '/home/portnoy/u0/sytoanngo/ONEFlux/data/US-ARc_sample_output/99_fluxnet2015/FLX_US-ARc_FLUXNET2015_AUXNEE_2005-2006_beta-5.csv' [oneflux.utils.files]
2025-06-26 14:00:26.850 [INFO    ] Generation of plots for site US-ARc started [oneflux.pipeline.site_plots]
2025-06-26 14:00:26.851 [DEBUG   ] Loading: /home/portnoy/u0/sytoanngo/ONEFlux/data/US-ARc_sample_output/99_fluxnet2015/FLX_US-ARc_FLUXNET2015_FULLSET_HH_2005-2006_beta-5.csv [oneflux.pipeline.site_plots]
2025-06-26 14:00:36.104 [DEBUG   ] Loading: /home/portnoy/u0/sytoanngo/ONEFlux/data/US-ARc_sample_output/99_fluxnet2015/FLX_US-ARc_FLUXNET2015_FULLSET_DD_2005-2006_beta-5.csv [oneflux.pipeline.site_plots]
2025-06-26 14:00:36.368 [DEBUG   ] Loading: /home/portnoy/u0/sytoanngo/ONEFlux/data/US-ARc_sample_output/99_fluxnet2015/FLX_US-ARc_FLUXNET2015_FULLSET_WW_2005-2006_beta-5.csv [oneflux.pipeline.site_plots]
2025-06-26 14:00:36.419 [DEBUG   ] Loading: /home/portnoy/u0/sytoanngo/ONEFlux/data/US-ARc_sample_output/99_fluxnet2015/FLX_US-ARc_FLUXNET2015_FULLSET_MM_2005-2006_beta-5.csv [oneflux.pipeline.site_plots]
2025-06-26 14:00:36.446 [DEBUG   ] Loading: /home/portnoy/u0/sytoanngo/ONEFlux/data/US-ARc_sample_output/99_fluxnet2015/FLX_US-ARc_FLUXNET2015_FULLSET_YY_2005-2006_beta-5.csv [oneflux.pipeline.site_plots]
2025-06-26 14:00:36.467 [DEBUG   ] Plotting HH for '/home/portnoy/u0/sytoanngo/ONEFlux/data/US-ARc_sample_output/99_fluxnet2015/FLX_US-ARc_FLUXNET2015_FIG-NEE_2005-2006_beta-5.png' [oneflux.pipeline.site_plots]
2025-06-26 14:00:36.485 [WARNING ] /home/portnoy/u0/sytoanngo/miniconda3/envs/oneflux/lib/python2.7/site-packages/pandas/plotting/_converter.py:129: FutureWarning: Using an implicitly registered datetime converter for a matplotlib plotting method. The converter was registered by pandas on import. Future versions of pandas will require you to explicitly register matplotlib converters.  To register the converters: 	>>> from pandas.plotting import register_matplotlib_converters 	>>> register_matplotlib_converters()   warnings.warn(msg, FutureWarning)  [py.warnings]
2025-06-26 14:00:36.789 [DEBUG   ] Plotting DD for '/home/portnoy/u0/sytoanngo/ONEFlux/data/US-ARc_sample_output/99_fluxnet2015/FLX_US-ARc_FLUXNET2015_FIG-NEE_2005-2006_beta-5.png' [oneflux.pipeline.site_plots]
2025-06-26 14:00:36.845 [DEBUG   ] Plotting WW for '/home/portnoy/u0/sytoanngo/ONEFlux/data/US-ARc_sample_output/99_fluxnet2015/FLX_US-ARc_FLUXNET2015_FIG-NEE_2005-2006_beta-5.png' [oneflux.pipeline.site_plots]
2025-06-26 14:00:36.899 [DEBUG   ] Plotting MM for '/home/portnoy/u0/sytoanngo/ONEFlux/data/US-ARc_sample_output/99_fluxnet2015/FLX_US-ARc_FLUXNET2015_FIG-NEE_2005-2006_beta-5.png' [oneflux.pipeline.site_plots]
2025-06-26 14:00:36.958 [DEBUG   ] Plotting YY for '/home/portnoy/u0/sytoanngo/ONEFlux/data/US-ARc_sample_output/99_fluxnet2015/FLX_US-ARc_FLUXNET2015_FIG-NEE_2005-2006_beta-5.png' [oneflux.pipeline.site_plots]
2025-06-26 14:00:37.641 [DEBUG   ] findfont: Matching :family=sans-serif:style=normal:variant=normal:weight=normal:stretch=normal:size=10.0 to DejaVu Sans (u'/home/portnoy/u0/sytoanngo/ONEFlux/venv/lib/python2.7/site-packages/matplotlib/mpl-data/fonts/ttf/DejaVuSans.ttf') with score of 0.050000 [matplotlib.font_manager]
2025-06-26 14:00:37.697 [DEBUG   ] findfont: Matching :family=sans-serif:style=normal:variant=normal:weight=normal:stretch=normal:size=8.0 to DejaVu Sans (u'/home/portnoy/u0/sytoanngo/ONEFlux/venv/lib/python2.7/site-packages/matplotlib/mpl-data/fonts/ttf/DejaVuSans.ttf') with score of 0.050000 [matplotlib.font_manager]
2025-06-26 14:00:38.022 [DEBUG   ] findfont: Matching :family=sans-serif:style=normal:variant=normal:weight=normal:stretch=normal:size=14.4 to DejaVu Sans (u'/home/portnoy/u0/sytoanngo/ONEFlux/venv/lib/python2.7/site-packages/matplotlib/mpl-data/fonts/ttf/DejaVuSans.ttf') with score of 0.050000 [matplotlib.font_manager]
2025-06-26 14:00:38.541 [DEBUG   ] Saved '/home/portnoy/u0/sytoanngo/ONEFlux/data/US-ARc_sample_output/99_fluxnet2015/FLX_US-ARc_FLUXNET2015_FIG-NEE_2005-2006_beta-5.png' [oneflux.pipeline.site_plots]
2025-06-26 14:00:38.543 [DEBUG   ] Plotting HH for '/home/portnoy/u0/sytoanngo/ONEFlux/data/US-ARc_sample_output/99_fluxnet2015/FLX_US-ARc_FLUXNET2015_FIG-RECO_2005-2006_beta-5.png' [oneflux.pipeline.site_plots]
2025-06-26 14:00:39.076 [DEBUG   ] Plotting DD for '/home/portnoy/u0/sytoanngo/ONEFlux/data/US-ARc_sample_output/99_fluxnet2015/FLX_US-ARc_FLUXNET2015_FIG-RECO_2005-2006_beta-5.png' [oneflux.pipeline.site_plots]
2025-06-26 14:00:39.150 [DEBUG   ] Plotting WW for '/home/portnoy/u0/sytoanngo/ONEFlux/data/US-ARc_sample_output/99_fluxnet2015/FLX_US-ARc_FLUXNET2015_FIG-RECO_2005-2006_beta-5.png' [oneflux.pipeline.site_plots]
2025-06-26 14:00:39.212 [DEBUG   ] Plotting MM for '/home/portnoy/u0/sytoanngo/ONEFlux/data/US-ARc_sample_output/99_fluxnet2015/FLX_US-ARc_FLUXNET2015_FIG-RECO_2005-2006_beta-5.png' [oneflux.pipeline.site_plots]
2025-06-26 14:00:39.276 [DEBUG   ] Plotting YY for '/home/portnoy/u0/sytoanngo/ONEFlux/data/US-ARc_sample_output/99_fluxnet2015/FLX_US-ARc_FLUXNET2015_FIG-RECO_2005-2006_beta-5.png' [oneflux.pipeline.site_plots]
2025-06-26 14:00:40.659 [DEBUG   ] Saved '/home/portnoy/u0/sytoanngo/ONEFlux/data/US-ARc_sample_output/99_fluxnet2015/FLX_US-ARc_FLUXNET2015_FIG-RECO_2005-2006_beta-5.png' [oneflux.pipeline.site_plots]
2025-06-26 14:00:40.663 [DEBUG   ] Plotting HH for '/home/portnoy/u0/sytoanngo/ONEFlux/data/US-ARc_sample_output/99_fluxnet2015/FLX_US-ARc_FLUXNET2015_FIG-GPP_2005-2006_beta-5.png' [oneflux.pipeline.site_plots]
2025-06-26 14:00:41.196 [DEBUG   ] Plotting DD for '/home/portnoy/u0/sytoanngo/ONEFlux/data/US-ARc_sample_output/99_fluxnet2015/FLX_US-ARc_FLUXNET2015_FIG-GPP_2005-2006_beta-5.png' [oneflux.pipeline.site_plots]
2025-06-26 14:00:41.270 [DEBUG   ] Plotting WW for '/home/portnoy/u0/sytoanngo/ONEFlux/data/US-ARc_sample_output/99_fluxnet2015/FLX_US-ARc_FLUXNET2015_FIG-GPP_2005-2006_beta-5.png' [oneflux.pipeline.site_plots]
2025-06-26 14:00:41.332 [DEBUG   ] Plotting MM for '/home/portnoy/u0/sytoanngo/ONEFlux/data/US-ARc_sample_output/99_fluxnet2015/FLX_US-ARc_FLUXNET2015_FIG-GPP_2005-2006_beta-5.png' [oneflux.pipeline.site_plots]
2025-06-26 14:00:41.396 [DEBUG   ] Plotting YY for '/home/portnoy/u0/sytoanngo/ONEFlux/data/US-ARc_sample_output/99_fluxnet2015/FLX_US-ARc_FLUXNET2015_FIG-GPP_2005-2006_beta-5.png' [oneflux.pipeline.site_plots]
2025-06-26 14:00:42.965 [DEBUG   ] Saved '/home/portnoy/u0/sytoanngo/ONEFlux/data/US-ARc_sample_output/99_fluxnet2015/FLX_US-ARc_FLUXNET2015_FIG-GPP_2005-2006_beta-5.png' [oneflux.pipeline.site_plots]
2025-06-26 14:00:42.970 [DEBUG   ] Plotting HH for '/home/portnoy/u0/sytoanngo/ONEFlux/data/US-ARc_sample_output/99_fluxnet2015/FLX_US-ARc_FLUXNET2015_FIG-LE_2005-2006_beta-5.png' [oneflux.pipeline.site_plots]
2025-06-26 14:00:43.174 [DEBUG   ] Plotting DD for '/home/portnoy/u0/sytoanngo/ONEFlux/data/US-ARc_sample_output/99_fluxnet2015/FLX_US-ARc_FLUXNET2015_FIG-LE_2005-2006_beta-5.png' [oneflux.pipeline.site_plots]
2025-06-26 14:00:43.227 [DEBUG   ] Plotting WW for '/home/portnoy/u0/sytoanngo/ONEFlux/data/US-ARc_sample_output/99_fluxnet2015/FLX_US-ARc_FLUXNET2015_FIG-LE_2005-2006_beta-5.png' [oneflux.pipeline.site_plots]
2025-06-26 14:00:43.356 [DEBUG   ] Plotting MM for '/home/portnoy/u0/sytoanngo/ONEFlux/data/US-ARc_sample_output/99_fluxnet2015/FLX_US-ARc_FLUXNET2015_FIG-LE_2005-2006_beta-5.png' [oneflux.pipeline.site_plots]
2025-06-26 14:00:43.400 [DEBUG   ] Plotting YY for '/home/portnoy/u0/sytoanngo/ONEFlux/data/US-ARc_sample_output/99_fluxnet2015/FLX_US-ARc_FLUXNET2015_FIG-LE_2005-2006_beta-5.png' [oneflux.pipeline.site_plots]
2025-06-26 14:00:44.428 [DEBUG   ] Saved '/home/portnoy/u0/sytoanngo/ONEFlux/data/US-ARc_sample_output/99_fluxnet2015/FLX_US-ARc_FLUXNET2015_FIG-LE_2005-2006_beta-5.png' [oneflux.pipeline.site_plots]
2025-06-26 14:00:44.430 [DEBUG   ] Plotting HH for '/home/portnoy/u0/sytoanngo/ONEFlux/data/US-ARc_sample_output/99_fluxnet2015/FLX_US-ARc_FLUXNET2015_FIG-H_2005-2006_beta-5.png' [oneflux.pipeline.site_plots]
2025-06-26 14:00:44.632 [DEBUG   ] Plotting DD for '/home/portnoy/u0/sytoanngo/ONEFlux/data/US-ARc_sample_output/99_fluxnet2015/FLX_US-ARc_FLUXNET2015_FIG-H_2005-2006_beta-5.png' [oneflux.pipeline.site_plots]
2025-06-26 14:00:44.686 [DEBUG   ] Plotting WW for '/home/portnoy/u0/sytoanngo/ONEFlux/data/US-ARc_sample_output/99_fluxnet2015/FLX_US-ARc_FLUXNET2015_FIG-H_2005-2006_beta-5.png' [oneflux.pipeline.site_plots]
2025-06-26 14:00:44.731 [DEBUG   ] Plotting MM for '/home/portnoy/u0/sytoanngo/ONEFlux/data/US-ARc_sample_output/99_fluxnet2015/FLX_US-ARc_FLUXNET2015_FIG-H_2005-2006_beta-5.png' [oneflux.pipeline.site_plots]
2025-06-26 14:00:44.777 [DEBUG   ] Plotting YY for '/home/portnoy/u0/sytoanngo/ONEFlux/data/US-ARc_sample_output/99_fluxnet2015/FLX_US-ARc_FLUXNET2015_FIG-H_2005-2006_beta-5.png' [oneflux.pipeline.site_plots]
2025-06-26 14:00:45.911 [DEBUG   ] Saved '/home/portnoy/u0/sytoanngo/ONEFlux/data/US-ARc_sample_output/99_fluxnet2015/FLX_US-ARc_FLUXNET2015_FIG-H_2005-2006_beta-5.png' [oneflux.pipeline.site_plots]
2025-06-26 14:00:45.913 [INFO    ] Generation of plots for site US-ARc finished [oneflux.pipeline.site_plots]
2025-06-26 14:00:45.913 [DEBUG   ] Pipeline fluxnet2015 writing site CSV manifest file: /home/portnoy/u0/sytoanngo/ONEFlux/data/US-ARc_sample_output/99_fluxnet2015/report_CSV_rocky_run20250626T135903.csv [oneflux.pipeline.wrappers]
2025-06-26 14:00:45.915 [DEBUG   ] Pipeline fluxnet2015 writing site ZIP manifest file: /home/portnoy/u0/sytoanngo/ONEFlux/data/US-ARc_sample_output/99_fluxnet2015/report_ZIP_rocky_run20250626T135903.csv [oneflux.pipeline.wrappers]
2025-06-26 14:00:45.916 [DEBUG   ] Pipeline fluxnet2015.post_validate directory is '/home/portnoy/u0/sytoanngo/ONEFlux/data/US-ARc_sample_output/99_fluxnet2015' [oneflux.pipeline.common]
2025-06-26 14:00:45.916 [DEBUG   ] Pipeline fluxnet2015.post_validate directory is '/home/portnoy/u0/sytoanngo/ONEFlux/data/US-ARc_sample_output/99_fluxnet2015' [oneflux.pipeline.common]
2025-06-26 14:00:45.918 [DEBUG   ] Pipeline fluxnet2015.post_validate in '/home/portnoy/u0/sytoanngo/ONEFlux/data/US-ARc_sample_output/99_fluxnet2015' found file pattern 'FLX_US-ARc_FLUXNET2015_AUXMETEO_????-????_*-*.csv' (1 occurrences): ['FLX_US-ARc_FLUXNET2015_AUXMETEO_2005-2006_beta-5.csv'] [oneflux.pipeline.common]
2025-06-26 14:00:45.918 [DEBUG   ] Pipeline fluxnet2015.post_validate directory is '/home/portnoy/u0/sytoanngo/ONEFlux/data/US-ARc_sample_output/99_fluxnet2015' [oneflux.pipeline.common]
2025-06-26 14:00:45.919 [DEBUG   ] Pipeline fluxnet2015.post_validate in '/home/portnoy/u0/sytoanngo/ONEFlux/data/US-ARc_sample_output/99_fluxnet2015' found file pattern 'FLX_US-ARc_FLUXNET2015_AUXNEE_????-????_*-*.csv' (1 occurrences): ['FLX_US-ARc_FLUXNET2015_AUXNEE_2005-2006_beta-5.csv'] [oneflux.pipeline.common]
2025-06-26 14:00:45.920 [DEBUG   ] Pipeline fluxnet2015.post_validate directory is '/home/portnoy/u0/sytoanngo/ONEFlux/data/US-ARc_sample_output/99_fluxnet2015' [oneflux.pipeline.common]
2025-06-26 14:00:45.921 [DEBUG   ] Pipeline fluxnet2015.post_validate in '/home/portnoy/u0/sytoanngo/ONEFlux/data/US-ARc_sample_output/99_fluxnet2015' found file pattern 'FLX_US-ARc_FLUXNET2015_FULLSET_DD_????-????_*-*.csv' (1 occurrences): ['FLX_US-ARc_FLUXNET2015_FULLSET_DD_2005-2006_beta-5.csv'] [oneflux.pipeline.common]
2025-06-26 14:00:45.921 [DEBUG   ] Pipeline fluxnet2015.post_validate directory is '/home/portnoy/u0/sytoanngo/ONEFlux/data/US-ARc_sample_output/99_fluxnet2015' [oneflux.pipeline.common]
2025-06-26 14:00:45.923 [DEBUG   ] Pipeline fluxnet2015.post_validate in '/home/portnoy/u0/sytoanngo/ONEFlux/data/US-ARc_sample_output/99_fluxnet2015' found file pattern 'FLX_US-ARc_FLUXNET2015_FULLSET_HH_????-????_*-*.csv' (1 occurrences): ['FLX_US-ARc_FLUXNET2015_FULLSET_HH_2005-2006_beta-5.csv'] [oneflux.pipeline.common]
2025-06-26 14:00:45.923 [DEBUG   ] Pipeline fluxnet2015.post_validate directory is '/home/portnoy/u0/sytoanngo/ONEFlux/data/US-ARc_sample_output/99_fluxnet2015' [oneflux.pipeline.common]
2025-06-26 14:00:45.924 [DEBUG   ] Pipeline fluxnet2015.post_validate in '/home/portnoy/u0/sytoanngo/ONEFlux/data/US-ARc_sample_output/99_fluxnet2015' found file pattern 'FLX_US-ARc_FLUXNET2015_FULLSET_MM_????-????_*-*.csv' (1 occurrences): ['FLX_US-ARc_FLUXNET2015_FULLSET_MM_2005-2006_beta-5.csv'] [oneflux.pipeline.common]
2025-06-26 14:00:45.924 [DEBUG   ] Pipeline fluxnet2015.post_validate directory is '/home/portnoy/u0/sytoanngo/ONEFlux/data/US-ARc_sample_output/99_fluxnet2015' [oneflux.pipeline.common]
2025-06-26 14:00:45.925 [DEBUG   ] Pipeline fluxnet2015.post_validate in '/home/portnoy/u0/sytoanngo/ONEFlux/data/US-ARc_sample_output/99_fluxnet2015' found file pattern 'FLX_US-ARc_FLUXNET2015_FULLSET_WW_????-????_*-*.csv' (1 occurrences): ['FLX_US-ARc_FLUXNET2015_FULLSET_WW_2005-2006_beta-5.csv'] [oneflux.pipeline.common]
2025-06-26 14:00:45.926 [DEBUG   ] Pipeline fluxnet2015.post_validate directory is '/home/portnoy/u0/sytoanngo/ONEFlux/data/US-ARc_sample_output/99_fluxnet2015' [oneflux.pipeline.common]
2025-06-26 14:00:45.927 [DEBUG   ] Pipeline fluxnet2015.post_validate in '/home/portnoy/u0/sytoanngo/ONEFlux/data/US-ARc_sample_output/99_fluxnet2015' found file pattern 'FLX_US-ARc_FLUXNET2015_FULLSET_YY_????-????_*-*.csv' (1 occurrences): ['FLX_US-ARc_FLUXNET2015_FULLSET_YY_2005-2006_beta-5.csv'] [oneflux.pipeline.common]
2025-06-26 14:00:45.927 [DEBUG   ] Pipeline fluxnet2015.post_validate directory is '/home/portnoy/u0/sytoanngo/ONEFlux/data/US-ARc_sample_output/99_fluxnet2015' [oneflux.pipeline.common]
2025-06-26 14:00:45.928 [DEBUG   ] Pipeline fluxnet2015.post_validate in '/home/portnoy/u0/sytoanngo/ONEFlux/data/US-ARc_sample_output/99_fluxnet2015' found file pattern 'FLX_US-ARc_FLUXNET2015_SUBSET_DD_????-????_*-*.csv' (1 occurrences): ['FLX_US-ARc_FLUXNET2015_SUBSET_DD_2005-2006_beta-5.csv'] [oneflux.pipeline.common]
2025-06-26 14:00:45.928 [DEBUG   ] Pipeline fluxnet2015.post_validate directory is '/home/portnoy/u0/sytoanngo/ONEFlux/data/US-ARc_sample_output/99_fluxnet2015' [oneflux.pipeline.common]
2025-06-26 14:00:45.930 [DEBUG   ] Pipeline fluxnet2015.post_validate in '/home/portnoy/u0/sytoanngo/ONEFlux/data/US-ARc_sample_output/99_fluxnet2015' found file pattern 'FLX_US-ARc_FLUXNET2015_SUBSET_HH_????-????_*-*.csv' (1 occurrences): ['FLX_US-ARc_FLUXNET2015_SUBSET_HH_2005-2006_beta-5.csv'] [oneflux.pipeline.common]
2025-06-26 14:00:45.930 [DEBUG   ] Pipeline fluxnet2015.post_validate directory is '/home/portnoy/u0/sytoanngo/ONEFlux/data/US-ARc_sample_output/99_fluxnet2015' [oneflux.pipeline.common]
2025-06-26 14:00:45.931 [DEBUG   ] Pipeline fluxnet2015.post_validate in '/home/portnoy/u0/sytoanngo/ONEFlux/data/US-ARc_sample_output/99_fluxnet2015' found file pattern 'FLX_US-ARc_FLUXNET2015_SUBSET_MM_????-????_*-*.csv' (1 occurrences): ['FLX_US-ARc_FLUXNET2015_SUBSET_MM_2005-2006_beta-5.csv'] [oneflux.pipeline.common]
2025-06-26 14:00:45.931 [DEBUG   ] Pipeline fluxnet2015.post_validate directory is '/home/portnoy/u0/sytoanngo/ONEFlux/data/US-ARc_sample_output/99_fluxnet2015' [oneflux.pipeline.common]
2025-06-26 14:00:45.932 [DEBUG   ] Pipeline fluxnet2015.post_validate in '/home/portnoy/u0/sytoanngo/ONEFlux/data/US-ARc_sample_output/99_fluxnet2015' found file pattern 'FLX_US-ARc_FLUXNET2015_SUBSET_WW_????-????_*-*.csv' (1 occurrences): ['FLX_US-ARc_FLUXNET2015_SUBSET_WW_2005-2006_beta-5.csv'] [oneflux.pipeline.common]
2025-06-26 14:00:45.933 [DEBUG   ] Pipeline fluxnet2015.post_validate directory is '/home/portnoy/u0/sytoanngo/ONEFlux/data/US-ARc_sample_output/99_fluxnet2015' [oneflux.pipeline.common]
2025-06-26 14:00:45.934 [DEBUG   ] Pipeline fluxnet2015.post_validate in '/home/portnoy/u0/sytoanngo/ONEFlux/data/US-ARc_sample_output/99_fluxnet2015' found file pattern 'FLX_US-ARc_FLUXNET2015_SUBSET_YY_????-????_*-*.csv' (1 occurrences): ['FLX_US-ARc_FLUXNET2015_SUBSET_YY_2005-2006_beta-5.csv'] [oneflux.pipeline.common]
2025-06-26 14:00:45.934 [DEBUG   ] Pipeline fluxnet2015.post_validate directory is '/home/portnoy/u0/sytoanngo/ONEFlux/data/US-ARc_sample_output/99_fluxnet2015' [oneflux.pipeline.common]
2025-06-26 14:00:45.935 [DEBUG   ] Pipeline fluxnet2015.post_validate in '/home/portnoy/u0/sytoanngo/ONEFlux/data/US-ARc_sample_output/99_fluxnet2015' found file pattern 'FLX_US-ARc_FLUXNET2015_FULLSET_????-????_*-*.zip' (1 occurrences): ['FLX_US-ARc_FLUXNET2015_FULLSET_2005-2006_beta-5.zip'] [oneflux.pipeline.common]
2025-06-26 14:00:45.935 [DEBUG   ] Pipeline fluxnet2015.post_validate directory is '/home/portnoy/u0/sytoanngo/ONEFlux/data/US-ARc_sample_output/99_fluxnet2015' [oneflux.pipeline.common]
2025-06-26 14:00:45.936 [DEBUG   ] Pipeline fluxnet2015.post_validate in '/home/portnoy/u0/sytoanngo/ONEFlux/data/US-ARc_sample_output/99_fluxnet2015' found file pattern 'FLX_US-ARc_FLUXNET2015_SUBSET_????-????_*-*.zip' (1 occurrences): ['FLX_US-ARc_FLUXNET2015_SUBSET_2005-2006_beta-5.zip'] [oneflux.pipeline.common]
2025-06-26 14:00:45.936 [INFO    ] Checking FLUXNET2015 FULLSET data product files for variables (US-ARc) [oneflux.pipeline.wrappers]
2025-06-26 14:00:45.938 [INFO    ] Variable 'PPFD_DIF' might be missing from headers of file: /home/portnoy/u0/sytoanngo/ONEFlux/data/US-ARc_sample_output/99_fluxnet2015/FLX_US-ARc_FLUXNET2015_FULLSET_DD_2005-2006_beta-5.csv [oneflux.pipeline.common]
2025-06-26 14:00:45.938 [INFO    ] Variable 'PPFD_DIF_QC' might be missing from headers of file: /home/portnoy/u0/sytoanngo/ONEFlux/data/US-ARc_sample_output/99_fluxnet2015/FLX_US-ARc_FLUXNET2015_FULLSET_DD_2005-2006_beta-5.csv [oneflux.pipeline.common]
2025-06-26 14:00:45.938 [INFO    ] Variable 'PPFD_OUT' might be missing from headers of file: /home/portnoy/u0/sytoanngo/ONEFlux/data/US-ARc_sample_output/99_fluxnet2015/FLX_US-ARc_FLUXNET2015_FULLSET_DD_2005-2006_beta-5.csv [oneflux.pipeline.common]
2025-06-26 14:00:45.938 [INFO    ] Variable 'PPFD_OUT_QC' might be missing from headers of file: /home/portnoy/u0/sytoanngo/ONEFlux/data/US-ARc_sample_output/99_fluxnet2015/FLX_US-ARc_FLUXNET2015_FULLSET_DD_2005-2006_beta-5.csv [oneflux.pipeline.common]
2025-06-26 14:00:45.938 [INFO    ] Variable 'SW_DIF' might be missing from headers of file: /home/portnoy/u0/sytoanngo/ONEFlux/data/US-ARc_sample_output/99_fluxnet2015/FLX_US-ARc_FLUXNET2015_FULLSET_DD_2005-2006_beta-5.csv [oneflux.pipeline.common]
2025-06-26 14:00:45.938 [INFO    ] Variable 'SW_DIF_QC' might be missing from headers of file: /home/portnoy/u0/sytoanngo/ONEFlux/data/US-ARc_sample_output/99_fluxnet2015/FLX_US-ARc_FLUXNET2015_FULLSET_DD_2005-2006_beta-5.csv [oneflux.pipeline.common]
2025-06-26 14:00:45.939 [INFO    ] Variable 'SW_OUT' might be missing from headers of file: /home/portnoy/u0/sytoanngo/ONEFlux/data/US-ARc_sample_output/99_fluxnet2015/FLX_US-ARc_FLUXNET2015_FULLSET_DD_2005-2006_beta-5.csv [oneflux.pipeline.common]
2025-06-26 14:00:45.939 [INFO    ] Variable 'SW_OUT_QC' might be missing from headers of file: /home/portnoy/u0/sytoanngo/ONEFlux/data/US-ARc_sample_output/99_fluxnet2015/FLX_US-ARc_FLUXNET2015_FULLSET_DD_2005-2006_beta-5.csv [oneflux.pipeline.common]
2025-06-26 14:00:45.939 [INFO    ] Variable 'LW_OUT' might be missing from headers of file: /home/portnoy/u0/sytoanngo/ONEFlux/data/US-ARc_sample_output/99_fluxnet2015/FLX_US-ARc_FLUXNET2015_FULLSET_DD_2005-2006_beta-5.csv [oneflux.pipeline.common]
2025-06-26 14:00:45.939 [INFO    ] Variable 'LW_OUT_QC' might be missing from headers of file: /home/portnoy/u0/sytoanngo/ONEFlux/data/US-ARc_sample_output/99_fluxnet2015/FLX_US-ARc_FLUXNET2015_FULLSET_DD_2005-2006_beta-5.csv [oneflux.pipeline.common]
2025-06-26 14:00:45.939 [INFO    ] Variable 'PA' might be missing from headers of file: /home/portnoy/u0/sytoanngo/ONEFlux/data/US-ARc_sample_output/99_fluxnet2015/FLX_US-ARc_FLUXNET2015_FULLSET_DD_2005-2006_beta-5.csv [oneflux.pipeline.common]
2025-06-26 14:00:45.939 [INFO    ] Variable 'P' might be missing from headers of file: /home/portnoy/u0/sytoanngo/ONEFlux/data/US-ARc_sample_output/99_fluxnet2015/FLX_US-ARc_FLUXNET2015_FULLSET_DD_2005-2006_beta-5.csv [oneflux.pipeline.common]
2025-06-26 14:00:45.939 [INFO    ] Variable 'WS' might be missing from headers of file: /home/portnoy/u0/sytoanngo/ONEFlux/data/US-ARc_sample_output/99_fluxnet2015/FLX_US-ARc_FLUXNET2015_FULLSET_DD_2005-2006_beta-5.csv [oneflux.pipeline.common]
2025-06-26 14:00:45.939 [INFO    ] Variable 'WD' might be missing from headers of file: /home/portnoy/u0/sytoanngo/ONEFlux/data/US-ARc_sample_output/99_fluxnet2015/FLX_US-ARc_FLUXNET2015_FULLSET_DD_2005-2006_beta-5.csv [oneflux.pipeline.common]
2025-06-26 14:00:45.940 [INFO    ] Variable 'RH' might be missing from headers of file: /home/portnoy/u0/sytoanngo/ONEFlux/data/US-ARc_sample_output/99_fluxnet2015/FLX_US-ARc_FLUXNET2015_FULLSET_DD_2005-2006_beta-5.csv [oneflux.pipeline.common]
2025-06-26 14:00:45.940 [INFO    ] Variable 'LE_RANDUNC_METHOD' might be missing from headers of file: /home/portnoy/u0/sytoanngo/ONEFlux/data/US-ARc_sample_output/99_fluxnet2015/FLX_US-ARc_FLUXNET2015_FULLSET_DD_2005-2006_beta-5.csv [oneflux.pipeline.common]
2025-06-26 14:00:45.940 [INFO    ] Variable 'LE_RANDUNC_N' might be missing from headers of file: /home/portnoy/u0/sytoanngo/ONEFlux/data/US-ARc_sample_output/99_fluxnet2015/FLX_US-ARc_FLUXNET2015_FULLSET_DD_2005-2006_beta-5.csv [oneflux.pipeline.common]
2025-06-26 14:00:45.940 [INFO    ] Variable 'H_RANDUNC_METHOD' might be missing from headers of file: /home/portnoy/u0/sytoanngo/ONEFlux/data/US-ARc_sample_output/99_fluxnet2015/FLX_US-ARc_FLUXNET2015_FULLSET_DD_2005-2006_beta-5.csv [oneflux.pipeline.common]
2025-06-26 14:00:45.940 [INFO    ] Variable 'H_RANDUNC_N' might be missing from headers of file: /home/portnoy/u0/sytoanngo/ONEFlux/data/US-ARc_sample_output/99_fluxnet2015/FLX_US-ARc_FLUXNET2015_FULLSET_DD_2005-2006_beta-5.csv [oneflux.pipeline.common]
2025-06-26 14:00:45.940 [INFO    ] Variable 'NEE_CUT_REF' might be missing from headers of file: /home/portnoy/u0/sytoanngo/ONEFlux/data/US-ARc_sample_output/99_fluxnet2015/FLX_US-ARc_FLUXNET2015_FULLSET_DD_2005-2006_beta-5.csv [oneflux.pipeline.common]
2025-06-26 14:00:45.940 [INFO    ] Variable 'NEE_CUT_REF_QC' might be missing from headers of file: /home/portnoy/u0/sytoanngo/ONEFlux/data/US-ARc_sample_output/99_fluxnet2015/FLX_US-ARc_FLUXNET2015_FULLSET_DD_2005-2006_beta-5.csv [oneflux.pipeline.common]
2025-06-26 14:00:45.941 [INFO    ] Variable 'NEE_CUT_REF_RANDUNC' might be missing from headers of file: /home/portnoy/u0/sytoanngo/ONEFlux/data/US-ARc_sample_output/99_fluxnet2015/FLX_US-ARc_FLUXNET2015_FULLSET_DD_2005-2006_beta-5.csv [oneflux.pipeline.common]
2025-06-26 14:00:45.941 [INFO    ] Variable 'RECO_NT_CUT_REF' might be missing from headers of file: /home/portnoy/u0/sytoanngo/ONEFlux/data/US-ARc_sample_output/99_fluxnet2015/FLX_US-ARc_FLUXNET2015_FULLSET_DD_2005-2006_beta-5.csv [oneflux.pipeline.common]
2025-06-26 14:00:45.941 [INFO    ] Variable 'GPP_NT_CUT_REF' might be missing from headers of file: /home/portnoy/u0/sytoanngo/ONEFlux/data/US-ARc_sample_output/99_fluxnet2015/FLX_US-ARc_FLUXNET2015_FULLSET_DD_2005-2006_beta-5.csv [oneflux.pipeline.common]
2025-06-26 14:00:45.941 [INFO    ] Variable 'RECO_DT_CUT_REF' might be missing from headers of file: /home/portnoy/u0/sytoanngo/ONEFlux/data/US-ARc_sample_output/99_fluxnet2015/FLX_US-ARc_FLUXNET2015_FULLSET_DD_2005-2006_beta-5.csv [oneflux.pipeline.common]
2025-06-26 14:00:45.941 [INFO    ] Variable 'GPP_DT_CUT_REF' might be missing from headers of file: /home/portnoy/u0/sytoanngo/ONEFlux/data/US-ARc_sample_output/99_fluxnet2015/FLX_US-ARc_FLUXNET2015_FULLSET_DD_2005-2006_beta-5.csv [oneflux.pipeline.common]
2025-06-26 14:00:45.941 [INFO    ] Variable 'TS_F_MDS_2' might be missing from headers of file: /home/portnoy/u0/sytoanngo/ONEFlux/data/US-ARc_sample_output/99_fluxnet2015/FLX_US-ARc_FLUXNET2015_FULLSET_DD_2005-2006_beta-5.csv [oneflux.pipeline.common]
2025-06-26 14:00:45.941 [INFO    ] Variable 'TS_F_MDS_3' might be missing from headers of file: /home/portnoy/u0/sytoanngo/ONEFlux/data/US-ARc_sample_output/99_fluxnet2015/FLX_US-ARc_FLUXNET2015_FULLSET_DD_2005-2006_beta-5.csv [oneflux.pipeline.common]
2025-06-26 14:00:45.942 [INFO    ] Variable 'TS_F_MDS_4' might be missing from headers of file: /home/portnoy/u0/sytoanngo/ONEFlux/data/US-ARc_sample_output/99_fluxnet2015/FLX_US-ARc_FLUXNET2015_FULLSET_DD_2005-2006_beta-5.csv [oneflux.pipeline.common]
2025-06-26 14:00:45.942 [INFO    ] Variable 'TS_F_MDS_5' might be missing from headers of file: /home/portnoy/u0/sytoanngo/ONEFlux/data/US-ARc_sample_output/99_fluxnet2015/FLX_US-ARc_FLUXNET2015_FULLSET_DD_2005-2006_beta-5.csv [oneflux.pipeline.common]
2025-06-26 14:00:45.942 [INFO    ] Variable 'TS_F_MDS_6' might be missing from headers of file: /home/portnoy/u0/sytoanngo/ONEFlux/data/US-ARc_sample_output/99_fluxnet2015/FLX_US-ARc_FLUXNET2015_FULLSET_DD_2005-2006_beta-5.csv [oneflux.pipeline.common]
2025-06-26 14:00:45.942 [INFO    ] Variable 'TS_F_MDS_7' might be missing from headers of file: /home/portnoy/u0/sytoanngo/ONEFlux/data/US-ARc_sample_output/99_fluxnet2015/FLX_US-ARc_FLUXNET2015_FULLSET_DD_2005-2006_beta-5.csv [oneflux.pipeline.common]
2025-06-26 14:00:45.942 [INFO    ] Variable 'TS_F_MDS_8' might be missing from headers of file: /home/portnoy/u0/sytoanngo/ONEFlux/data/US-ARc_sample_output/99_fluxnet2015/FLX_US-ARc_FLUXNET2015_FULLSET_DD_2005-2006_beta-5.csv [oneflux.pipeline.common]
2025-06-26 14:00:45.942 [INFO    ] Variable 'TS_F_MDS_9' might be missing from headers of file: /home/portnoy/u0/sytoanngo/ONEFlux/data/US-ARc_sample_output/99_fluxnet2015/FLX_US-ARc_FLUXNET2015_FULLSET_DD_2005-2006_beta-5.csv [oneflux.pipeline.common]
2025-06-26 14:00:45.942 [INFO    ] Variable 'TS_F_MDS_10' might be missing from headers of file: /home/portnoy/u0/sytoanngo/ONEFlux/data/US-ARc_sample_output/99_fluxnet2015/FLX_US-ARc_FLUXNET2015_FULLSET_DD_2005-2006_beta-5.csv [oneflux.pipeline.common]
2025-06-26 14:00:45.943 [INFO    ] Variable 'TS_F_MDS_11' might be missing from headers of file: /home/portnoy/u0/sytoanngo/ONEFlux/data/US-ARc_sample_output/99_fluxnet2015/FLX_US-ARc_FLUXNET2015_FULLSET_DD_2005-2006_beta-5.csv [oneflux.pipeline.common]
2025-06-26 14:00:45.943 [INFO    ] Variable 'TS_F_MDS_12' might be missing from headers of file: /home/portnoy/u0/sytoanngo/ONEFlux/data/US-ARc_sample_output/99_fluxnet2015/FLX_US-ARc_FLUXNET2015_FULLSET_DD_2005-2006_beta-5.csv [oneflux.pipeline.common]
2025-06-26 14:00:45.943 [INFO    ] Variable 'TS_F_MDS_13' might be missing from headers of file: /home/portnoy/u0/sytoanngo/ONEFlux/data/US-ARc_sample_output/99_fluxnet2015/FLX_US-ARc_FLUXNET2015_FULLSET_DD_2005-2006_beta-5.csv [oneflux.pipeline.common]
2025-06-26 14:00:45.943 [INFO    ] Variable 'TS_F_MDS_14' might be missing from headers of file: /home/portnoy/u0/sytoanngo/ONEFlux/data/US-ARc_sample_output/99_fluxnet2015/FLX_US-ARc_FLUXNET2015_FULLSET_DD_2005-2006_beta-5.csv [oneflux.pipeline.common]
2025-06-26 14:00:45.943 [INFO    ] Variable 'TS_F_MDS_15' might be missing from headers of file: /home/portnoy/u0/sytoanngo/ONEFlux/data/US-ARc_sample_output/99_fluxnet2015/FLX_US-ARc_FLUXNET2015_FULLSET_DD_2005-2006_beta-5.csv [oneflux.pipeline.common]
2025-06-26 14:00:45.943 [INFO    ] Variable 'TS_F_MDS_16' might be missing from headers of file: /home/portnoy/u0/sytoanngo/ONEFlux/data/US-ARc_sample_output/99_fluxnet2015/FLX_US-ARc_FLUXNET2015_FULLSET_DD_2005-2006_beta-5.csv [oneflux.pipeline.common]
2025-06-26 14:00:45.943 [INFO    ] Variable 'TS_F_MDS_17' might be missing from headers of file: /home/portnoy/u0/sytoanngo/ONEFlux/data/US-ARc_sample_output/99_fluxnet2015/FLX_US-ARc_FLUXNET2015_FULLSET_DD_2005-2006_beta-5.csv [oneflux.pipeline.common]
2025-06-26 14:00:45.943 [INFO    ] Variable 'TS_F_MDS_18' might be missing from headers of file: /home/portnoy/u0/sytoanngo/ONEFlux/data/US-ARc_sample_output/99_fluxnet2015/FLX_US-ARc_FLUXNET2015_FULLSET_DD_2005-2006_beta-5.csv [oneflux.pipeline.common]
2025-06-26 14:00:45.944 [INFO    ] Variable 'TS_F_MDS_19' might be missing from headers of file: /home/portnoy/u0/sytoanngo/ONEFlux/data/US-ARc_sample_output/99_fluxnet2015/FLX_US-ARc_FLUXNET2015_FULLSET_DD_2005-2006_beta-5.csv [oneflux.pipeline.common]
2025-06-26 14:00:45.944 [INFO    ] Variable 'TS_F_MDS_2_QC' might be missing from headers of file: /home/portnoy/u0/sytoanngo/ONEFlux/data/US-ARc_sample_output/99_fluxnet2015/FLX_US-ARc_FLUXNET2015_FULLSET_DD_2005-2006_beta-5.csv [oneflux.pipeline.common]
2025-06-26 14:00:45.944 [INFO    ] Variable 'TS_F_MDS_3_QC' might be missing from headers of file: /home/portnoy/u0/sytoanngo/ONEFlux/data/US-ARc_sample_output/99_fluxnet2015/FLX_US-ARc_FLUXNET2015_FULLSET_DD_2005-2006_beta-5.csv [oneflux.pipeline.common]
2025-06-26 14:00:45.944 [INFO    ] Variable 'TS_F_MDS_4_QC' might be missing from headers of file: /home/portnoy/u0/sytoanngo/ONEFlux/data/US-ARc_sample_output/99_fluxnet2015/FLX_US-ARc_FLUXNET2015_FULLSET_DD_2005-2006_beta-5.csv [oneflux.pipeline.common]
2025-06-26 14:00:45.944 [INFO    ] Variable 'TS_F_MDS_5_QC' might be missing from headers of file: /home/portnoy/u0/sytoanngo/ONEFlux/data/US-ARc_sample_output/99_fluxnet2015/FLX_US-ARc_FLUXNET2015_FULLSET_DD_2005-2006_beta-5.csv [oneflux.pipeline.common]
2025-06-26 14:00:45.944 [INFO    ] Variable 'TS_F_MDS_6_QC' might be missing from headers of file: /home/portnoy/u0/sytoanngo/ONEFlux/data/US-ARc_sample_output/99_fluxnet2015/FLX_US-ARc_FLUXNET2015_FULLSET_DD_2005-2006_beta-5.csv [oneflux.pipeline.common]
2025-06-26 14:00:45.944 [INFO    ] Variable 'TS_F_MDS_7_QC' might be missing from headers of file: /home/portnoy/u0/sytoanngo/ONEFlux/data/US-ARc_sample_output/99_fluxnet2015/FLX_US-ARc_FLUXNET2015_FULLSET_DD_2005-2006_beta-5.csv [oneflux.pipeline.common]
2025-06-26 14:00:45.945 [INFO    ] Variable 'TS_F_MDS_8_QC' might be missing from headers of file: /home/portnoy/u0/sytoanngo/ONEFlux/data/US-ARc_sample_output/99_fluxnet2015/FLX_US-ARc_FLUXNET2015_FULLSET_DD_2005-2006_beta-5.csv [oneflux.pipeline.common]
2025-06-26 14:00:45.945 [INFO    ] Variable 'TS_F_MDS_9_QC' might be missing from headers of file: /home/portnoy/u0/sytoanngo/ONEFlux/data/US-ARc_sample_output/99_fluxnet2015/FLX_US-ARc_FLUXNET2015_FULLSET_DD_2005-2006_beta-5.csv [oneflux.pipeline.common]
2025-06-26 14:00:45.945 [INFO    ] Variable 'TS_F_MDS_10_QC' might be missing from headers of file: /home/portnoy/u0/sytoanngo/ONEFlux/data/US-ARc_sample_output/99_fluxnet2015/FLX_US-ARc_FLUXNET2015_FULLSET_DD_2005-2006_beta-5.csv [oneflux.pipeline.common]
2025-06-26 14:00:45.945 [INFO    ] Variable 'TS_F_MDS_11_QC' might be missing from headers of file: /home/portnoy/u0/sytoanngo/ONEFlux/data/US-ARc_sample_output/99_fluxnet2015/FLX_US-ARc_FLUXNET2015_FULLSET_DD_2005-2006_beta-5.csv [oneflux.pipeline.common]
2025-06-26 14:00:45.945 [INFO    ] Variable 'TS_F_MDS_12_QC' might be missing from headers of file: /home/portnoy/u0/sytoanngo/ONEFlux/data/US-ARc_sample_output/99_fluxnet2015/FLX_US-ARc_FLUXNET2015_FULLSET_DD_2005-2006_beta-5.csv [oneflux.pipeline.common]
2025-06-26 14:00:45.945 [INFO    ] Variable 'TS_F_MDS_13_QC' might be missing from headers of file: /home/portnoy/u0/sytoanngo/ONEFlux/data/US-ARc_sample_output/99_fluxnet2015/FLX_US-ARc_FLUXNET2015_FULLSET_DD_2005-2006_beta-5.csv [oneflux.pipeline.common]
2025-06-26 14:00:45.945 [INFO    ] Variable 'TS_F_MDS_14_QC' might be missing from headers of file: /home/portnoy/u0/sytoanngo/ONEFlux/data/US-ARc_sample_output/99_fluxnet2015/FLX_US-ARc_FLUXNET2015_FULLSET_DD_2005-2006_beta-5.csv [oneflux.pipeline.common]
2025-06-26 14:00:45.945 [INFO    ] Variable 'TS_F_MDS_15_QC' might be missing from headers of file: /home/portnoy/u0/sytoanngo/ONEFlux/data/US-ARc_sample_output/99_fluxnet2015/FLX_US-ARc_FLUXNET2015_FULLSET_DD_2005-2006_beta-5.csv [oneflux.pipeline.common]
2025-06-26 14:00:45.946 [INFO    ] Variable 'TS_F_MDS_16_QC' might be missing from headers of file: /home/portnoy/u0/sytoanngo/ONEFlux/data/US-ARc_sample_output/99_fluxnet2015/FLX_US-ARc_FLUXNET2015_FULLSET_DD_2005-2006_beta-5.csv [oneflux.pipeline.common]
2025-06-26 14:00:45.946 [INFO    ] Variable 'TS_F_MDS_17_QC' might be missing from headers of file: /home/portnoy/u0/sytoanngo/ONEFlux/data/US-ARc_sample_output/99_fluxnet2015/FLX_US-ARc_FLUXNET2015_FULLSET_DD_2005-2006_beta-5.csv [oneflux.pipeline.common]
2025-06-26 14:00:45.946 [INFO    ] Variable 'TS_F_MDS_18_QC' might be missing from headers of file: /home/portnoy/u0/sytoanngo/ONEFlux/data/US-ARc_sample_output/99_fluxnet2015/FLX_US-ARc_FLUXNET2015_FULLSET_DD_2005-2006_beta-5.csv [oneflux.pipeline.common]
2025-06-26 14:00:45.946 [INFO    ] Variable 'TS_F_MDS_19_QC' might be missing from headers of file: /home/portnoy/u0/sytoanngo/ONEFlux/data/US-ARc_sample_output/99_fluxnet2015/FLX_US-ARc_FLUXNET2015_FULLSET_DD_2005-2006_beta-5.csv [oneflux.pipeline.common]
2025-06-26 14:00:45.946 [INFO    ] Variable 'SWC_F_MDS_2' might be missing from headers of file: /home/portnoy/u0/sytoanngo/ONEFlux/data/US-ARc_sample_output/99_fluxnet2015/FLX_US-ARc_FLUXNET2015_FULLSET_DD_2005-2006_beta-5.csv [oneflux.pipeline.common]
2025-06-26 14:00:45.946 [INFO    ] Variable 'SWC_F_MDS_3' might be missing from headers of file: /home/portnoy/u0/sytoanngo/ONEFlux/data/US-ARc_sample_output/99_fluxnet2015/FLX_US-ARc_FLUXNET2015_FULLSET_DD_2005-2006_beta-5.csv [oneflux.pipeline.common]
2025-06-26 14:00:45.946 [INFO    ] Variable 'SWC_F_MDS_4' might be missing from headers of file: /home/portnoy/u0/sytoanngo/ONEFlux/data/US-ARc_sample_output/99_fluxnet2015/FLX_US-ARc_FLUXNET2015_FULLSET_DD_2005-2006_beta-5.csv [oneflux.pipeline.common]
2025-06-26 14:00:45.947 [INFO    ] Variable 'SWC_F_MDS_5' might be missing from headers of file: /home/portnoy/u0/sytoanngo/ONEFlux/data/US-ARc_sample_output/99_fluxnet2015/FLX_US-ARc_FLUXNET2015_FULLSET_DD_2005-2006_beta-5.csv [oneflux.pipeline.common]
2025-06-26 14:00:45.947 [INFO    ] Variable 'SWC_F_MDS_6' might be missing from headers of file: /home/portnoy/u0/sytoanngo/ONEFlux/data/US-ARc_sample_output/99_fluxnet2015/FLX_US-ARc_FLUXNET2015_FULLSET_DD_2005-2006_beta-5.csv [oneflux.pipeline.common]
2025-06-26 14:00:45.947 [INFO    ] Variable 'SWC_F_MDS_7' might be missing from headers of file: /home/portnoy/u0/sytoanngo/ONEFlux/data/US-ARc_sample_output/99_fluxnet2015/FLX_US-ARc_FLUXNET2015_FULLSET_DD_2005-2006_beta-5.csv [oneflux.pipeline.common]
2025-06-26 14:00:45.947 [INFO    ] Variable 'SWC_F_MDS_8' might be missing from headers of file: /home/portnoy/u0/sytoanngo/ONEFlux/data/US-ARc_sample_output/99_fluxnet2015/FLX_US-ARc_FLUXNET2015_FULLSET_DD_2005-2006_beta-5.csv [oneflux.pipeline.common]
2025-06-26 14:00:45.947 [INFO    ] Variable 'SWC_F_MDS_9' might be missing from headers of file: /home/portnoy/u0/sytoanngo/ONEFlux/data/US-ARc_sample_output/99_fluxnet2015/FLX_US-ARc_FLUXNET2015_FULLSET_DD_2005-2006_beta-5.csv [oneflux.pipeline.common]
2025-06-26 14:00:45.947 [INFO    ] Variable 'SWC_F_MDS_10' might be missing from headers of file: /home/portnoy/u0/sytoanngo/ONEFlux/data/US-ARc_sample_output/99_fluxnet2015/FLX_US-ARc_FLUXNET2015_FULLSET_DD_2005-2006_beta-5.csv [oneflux.pipeline.common]
2025-06-26 14:00:45.947 [INFO    ] Variable 'SWC_F_MDS_11' might be missing from headers of file: /home/portnoy/u0/sytoanngo/ONEFlux/data/US-ARc_sample_output/99_fluxnet2015/FLX_US-ARc_FLUXNET2015_FULLSET_DD_2005-2006_beta-5.csv [oneflux.pipeline.common]
2025-06-26 14:00:45.947 [INFO    ] Variable 'SWC_F_MDS_12' might be missing from headers of file: /home/portnoy/u0/sytoanngo/ONEFlux/data/US-ARc_sample_output/99_fluxnet2015/FLX_US-ARc_FLUXNET2015_FULLSET_DD_2005-2006_beta-5.csv [oneflux.pipeline.common]
2025-06-26 14:00:45.948 [INFO    ] Variable 'SWC_F_MDS_13' might be missing from headers of file: /home/portnoy/u0/sytoanngo/ONEFlux/data/US-ARc_sample_output/99_fluxnet2015/FLX_US-ARc_FLUXNET2015_FULLSET_DD_2005-2006_beta-5.csv [oneflux.pipeline.common]
2025-06-26 14:00:45.948 [INFO    ] Variable 'SWC_F_MDS_14' might be missing from headers of file: /home/portnoy/u0/sytoanngo/ONEFlux/data/US-ARc_sample_output/99_fluxnet2015/FLX_US-ARc_FLUXNET2015_FULLSET_DD_2005-2006_beta-5.csv [oneflux.pipeline.common]
2025-06-26 14:00:45.948 [INFO    ] Variable 'SWC_F_MDS_15' might be missing from headers of file: /home/portnoy/u0/sytoanngo/ONEFlux/data/US-ARc_sample_output/99_fluxnet2015/FLX_US-ARc_FLUXNET2015_FULLSET_DD_2005-2006_beta-5.csv [oneflux.pipeline.common]
2025-06-26 14:00:45.948 [INFO    ] Variable 'SWC_F_MDS_16' might be missing from headers of file: /home/portnoy/u0/sytoanngo/ONEFlux/data/US-ARc_sample_output/99_fluxnet2015/FLX_US-ARc_FLUXNET2015_FULLSET_DD_2005-2006_beta-5.csv [oneflux.pipeline.common]
2025-06-26 14:00:45.948 [INFO    ] Variable 'SWC_F_MDS_17' might be missing from headers of file: /home/portnoy/u0/sytoanngo/ONEFlux/data/US-ARc_sample_output/99_fluxnet2015/FLX_US-ARc_FLUXNET2015_FULLSET_DD_2005-2006_beta-5.csv [oneflux.pipeline.common]
2025-06-26 14:00:45.948 [INFO    ] Variable 'SWC_F_MDS_18' might be missing from headers of file: /home/portnoy/u0/sytoanngo/ONEFlux/data/US-ARc_sample_output/99_fluxnet2015/FLX_US-ARc_FLUXNET2015_FULLSET_DD_2005-2006_beta-5.csv [oneflux.pipeline.common]
2025-06-26 14:00:45.948 [INFO    ] Variable 'SWC_F_MDS_19' might be missing from headers of file: /home/portnoy/u0/sytoanngo/ONEFlux/data/US-ARc_sample_output/99_fluxnet2015/FLX_US-ARc_FLUXNET2015_FULLSET_DD_2005-2006_beta-5.csv [oneflux.pipeline.common]
2025-06-26 14:00:45.948 [INFO    ] Variable 'SWC_F_MDS_2_QC' might be missing from headers of file: /home/portnoy/u0/sytoanngo/ONEFlux/data/US-ARc_sample_output/99_fluxnet2015/FLX_US-ARc_FLUXNET2015_FULLSET_DD_2005-2006_beta-5.csv [oneflux.pipeline.common]
2025-06-26 14:00:45.949 [INFO    ] Variable 'SWC_F_MDS_3_QC' might be missing from headers of file: /home/portnoy/u0/sytoanngo/ONEFlux/data/US-ARc_sample_output/99_fluxnet2015/FLX_US-ARc_FLUXNET2015_FULLSET_DD_2005-2006_beta-5.csv [oneflux.pipeline.common]
2025-06-26 14:00:45.949 [INFO    ] Variable 'SWC_F_MDS_4_QC' might be missing from headers of file: /home/portnoy/u0/sytoanngo/ONEFlux/data/US-ARc_sample_output/99_fluxnet2015/FLX_US-ARc_FLUXNET2015_FULLSET_DD_2005-2006_beta-5.csv [oneflux.pipeline.common]
2025-06-26 14:00:45.949 [INFO    ] Variable 'SWC_F_MDS_5_QC' might be missing from headers of file: /home/portnoy/u0/sytoanngo/ONEFlux/data/US-ARc_sample_output/99_fluxnet2015/FLX_US-ARc_FLUXNET2015_FULLSET_DD_2005-2006_beta-5.csv [oneflux.pipeline.common]
2025-06-26 14:00:45.949 [INFO    ] Variable 'SWC_F_MDS_6_QC' might be missing from headers of file: /home/portnoy/u0/sytoanngo/ONEFlux/data/US-ARc_sample_output/99_fluxnet2015/FLX_US-ARc_FLUXNET2015_FULLSET_DD_2005-2006_beta-5.csv [oneflux.pipeline.common]
2025-06-26 14:00:45.949 [INFO    ] Variable 'SWC_F_MDS_7_QC' might be missing from headers of file: /home/portnoy/u0/sytoanngo/ONEFlux/data/US-ARc_sample_output/99_fluxnet2015/FLX_US-ARc_FLUXNET2015_FULLSET_DD_2005-2006_beta-5.csv [oneflux.pipeline.common]
2025-06-26 14:00:45.949 [INFO    ] Variable 'SWC_F_MDS_8_QC' might be missing from headers of file: /home/portnoy/u0/sytoanngo/ONEFlux/data/US-ARc_sample_output/99_fluxnet2015/FLX_US-ARc_FLUXNET2015_FULLSET_DD_2005-2006_beta-5.csv [oneflux.pipeline.common]
2025-06-26 14:00:45.949 [INFO    ] Variable 'SWC_F_MDS_9_QC' might be missing from headers of file: /home/portnoy/u0/sytoanngo/ONEFlux/data/US-ARc_sample_output/99_fluxnet2015/FLX_US-ARc_FLUXNET2015_FULLSET_DD_2005-2006_beta-5.csv [oneflux.pipeline.common]
2025-06-26 14:00:45.950 [INFO    ] Variable 'SWC_F_MDS_10_QC' might be missing from headers of file: /home/portnoy/u0/sytoanngo/ONEFlux/data/US-ARc_sample_output/99_fluxnet2015/FLX_US-ARc_FLUXNET2015_FULLSET_DD_2005-2006_beta-5.csv [oneflux.pipeline.common]
2025-06-26 14:00:45.950 [INFO    ] Variable 'SWC_F_MDS_11_QC' might be missing from headers of file: /home/portnoy/u0/sytoanngo/ONEFlux/data/US-ARc_sample_output/99_fluxnet2015/FLX_US-ARc_FLUXNET2015_FULLSET_DD_2005-2006_beta-5.csv [oneflux.pipeline.common]
2025-06-26 14:00:45.950 [INFO    ] Variable 'SWC_F_MDS_12_QC' might be missing from headers of file: /home/portnoy/u0/sytoanngo/ONEFlux/data/US-ARc_sample_output/99_fluxnet2015/FLX_US-ARc_FLUXNET2015_FULLSET_DD_2005-2006_beta-5.csv [oneflux.pipeline.common]
2025-06-26 14:00:45.950 [INFO    ] Variable 'SWC_F_MDS_13_QC' might be missing from headers of file: /home/portnoy/u0/sytoanngo/ONEFlux/data/US-ARc_sample_output/99_fluxnet2015/FLX_US-ARc_FLUXNET2015_FULLSET_DD_2005-2006_beta-5.csv [oneflux.pipeline.common]
2025-06-26 14:00:45.950 [INFO    ] Variable 'SWC_F_MDS_14_QC' might be missing from headers of file: /home/portnoy/u0/sytoanngo/ONEFlux/data/US-ARc_sample_output/99_fluxnet2015/FLX_US-ARc_FLUXNET2015_FULLSET_DD_2005-2006_beta-5.csv [oneflux.pipeline.common]
2025-06-26 14:00:45.950 [INFO    ] Variable 'SWC_F_MDS_15_QC' might be missing from headers of file: /home/portnoy/u0/sytoanngo/ONEFlux/data/US-ARc_sample_output/99_fluxnet2015/FLX_US-ARc_FLUXNET2015_FULLSET_DD_2005-2006_beta-5.csv [oneflux.pipeline.common]
2025-06-26 14:00:45.950 [INFO    ] Variable 'SWC_F_MDS_16_QC' might be missing from headers of file: /home/portnoy/u0/sytoanngo/ONEFlux/data/US-ARc_sample_output/99_fluxnet2015/FLX_US-ARc_FLUXNET2015_FULLSET_DD_2005-2006_beta-5.csv [oneflux.pipeline.common]
2025-06-26 14:00:45.950 [INFO    ] Variable 'SWC_F_MDS_17_QC' might be missing from headers of file: /home/portnoy/u0/sytoanngo/ONEFlux/data/US-ARc_sample_output/99_fluxnet2015/FLX_US-ARc_FLUXNET2015_FULLSET_DD_2005-2006_beta-5.csv [oneflux.pipeline.common]
2025-06-26 14:00:45.951 [INFO    ] Variable 'SWC_F_MDS_18_QC' might be missing from headers of file: /home/portnoy/u0/sytoanngo/ONEFlux/data/US-ARc_sample_output/99_fluxnet2015/FLX_US-ARc_FLUXNET2015_FULLSET_DD_2005-2006_beta-5.csv [oneflux.pipeline.common]
2025-06-26 14:00:45.951 [INFO    ] Variable 'SWC_F_MDS_19_QC' might be missing from headers of file: /home/portnoy/u0/sytoanngo/ONEFlux/data/US-ARc_sample_output/99_fluxnet2015/FLX_US-ARc_FLUXNET2015_FULLSET_DD_2005-2006_beta-5.csv [oneflux.pipeline.common]
2025-06-26 14:00:45.951 [INFO    ] Variable 'NEE_CUT_05' might be missing from headers of file: /home/portnoy/u0/sytoanngo/ONEFlux/data/US-ARc_sample_output/99_fluxnet2015/FLX_US-ARc_FLUXNET2015_FULLSET_DD_2005-2006_beta-5.csv [oneflux.pipeline.common]
2025-06-26 14:00:45.951 [INFO    ] Variable 'NEE_CUT_16' might be missing from headers of file: /home/portnoy/u0/sytoanngo/ONEFlux/data/US-ARc_sample_output/99_fluxnet2015/FLX_US-ARc_FLUXNET2015_FULLSET_DD_2005-2006_beta-5.csv [oneflux.pipeline.common]
2025-06-26 14:00:45.951 [INFO    ] Variable 'NEE_CUT_25' might be missing from headers of file: /home/portnoy/u0/sytoanngo/ONEFlux/data/US-ARc_sample_output/99_fluxnet2015/FLX_US-ARc_FLUXNET2015_FULLSET_DD_2005-2006_beta-5.csv [oneflux.pipeline.common]
2025-06-26 14:00:45.951 [INFO    ] Variable 'NEE_CUT_50' might be missing from headers of file: /home/portnoy/u0/sytoanngo/ONEFlux/data/US-ARc_sample_output/99_fluxnet2015/FLX_US-ARc_FLUXNET2015_FULLSET_DD_2005-2006_beta-5.csv [oneflux.pipeline.common]
2025-06-26 14:00:45.951 [INFO    ] Variable 'NEE_CUT_75' might be missing from headers of file: /home/portnoy/u0/sytoanngo/ONEFlux/data/US-ARc_sample_output/99_fluxnet2015/FLX_US-ARc_FLUXNET2015_FULLSET_DD_2005-2006_beta-5.csv [oneflux.pipeline.common]
2025-06-26 14:00:45.952 [INFO    ] Variable 'NEE_CUT_84' might be missing from headers of file: /home/portnoy/u0/sytoanngo/ONEFlux/data/US-ARc_sample_output/99_fluxnet2015/FLX_US-ARc_FLUXNET2015_FULLSET_DD_2005-2006_beta-5.csv [oneflux.pipeline.common]
2025-06-26 14:00:45.952 [INFO    ] Variable 'NEE_CUT_95' might be missing from headers of file: /home/portnoy/u0/sytoanngo/ONEFlux/data/US-ARc_sample_output/99_fluxnet2015/FLX_US-ARc_FLUXNET2015_FULLSET_DD_2005-2006_beta-5.csv [oneflux.pipeline.common]
2025-06-26 14:00:45.952 [INFO    ] Variable 'NEE_CUT_05_QC' might be missing from headers of file: /home/portnoy/u0/sytoanngo/ONEFlux/data/US-ARc_sample_output/99_fluxnet2015/FLX_US-ARc_FLUXNET2015_FULLSET_DD_2005-2006_beta-5.csv [oneflux.pipeline.common]
2025-06-26 14:00:45.952 [INFO    ] Variable 'NEE_CUT_16_QC' might be missing from headers of file: /home/portnoy/u0/sytoanngo/ONEFlux/data/US-ARc_sample_output/99_fluxnet2015/FLX_US-ARc_FLUXNET2015_FULLSET_DD_2005-2006_beta-5.csv [oneflux.pipeline.common]
2025-06-26 14:00:45.952 [INFO    ] Variable 'NEE_CUT_25_QC' might be missing from headers of file: /home/portnoy/u0/sytoanngo/ONEFlux/data/US-ARc_sample_output/99_fluxnet2015/FLX_US-ARc_FLUXNET2015_FULLSET_DD_2005-2006_beta-5.csv [oneflux.pipeline.common]
2025-06-26 14:00:45.952 [INFO    ] Variable 'NEE_CUT_50_QC' might be missing from headers of file: /home/portnoy/u0/sytoanngo/ONEFlux/data/US-ARc_sample_output/99_fluxnet2015/FLX_US-ARc_FLUXNET2015_FULLSET_DD_2005-2006_beta-5.csv [oneflux.pipeline.common]
2025-06-26 14:00:45.952 [INFO    ] Variable 'NEE_CUT_75_QC' might be missing from headers of file: /home/portnoy/u0/sytoanngo/ONEFlux/data/US-ARc_sample_output/99_fluxnet2015/FLX_US-ARc_FLUXNET2015_FULLSET_DD_2005-2006_beta-5.csv [oneflux.pipeline.common]
2025-06-26 14:00:45.952 [INFO    ] Variable 'NEE_CUT_84_QC' might be missing from headers of file: /home/portnoy/u0/sytoanngo/ONEFlux/data/US-ARc_sample_output/99_fluxnet2015/FLX_US-ARc_FLUXNET2015_FULLSET_DD_2005-2006_beta-5.csv [oneflux.pipeline.common]
2025-06-26 14:00:45.953 [INFO    ] Variable 'NEE_CUT_95_QC' might be missing from headers of file: /home/portnoy/u0/sytoanngo/ONEFlux/data/US-ARc_sample_output/99_fluxnet2015/FLX_US-ARc_FLUXNET2015_FULLSET_DD_2005-2006_beta-5.csv [oneflux.pipeline.common]
2025-06-26 14:00:45.953 [INFO    ] Variable 'RECO_NT_CUT_05' might be missing from headers of file: /home/portnoy/u0/sytoanngo/ONEFlux/data/US-ARc_sample_output/99_fluxnet2015/FLX_US-ARc_FLUXNET2015_FULLSET_DD_2005-2006_beta-5.csv [oneflux.pipeline.common]
2025-06-26 14:00:45.953 [INFO    ] Variable 'RECO_NT_CUT_16' might be missing from headers of file: /home/portnoy/u0/sytoanngo/ONEFlux/data/US-ARc_sample_output/99_fluxnet2015/FLX_US-ARc_FLUXNET2015_FULLSET_DD_2005-2006_beta-5.csv [oneflux.pipeline.common]
2025-06-26 14:00:45.953 [INFO    ] Variable 'RECO_NT_CUT_25' might be missing from headers of file: /home/portnoy/u0/sytoanngo/ONEFlux/data/US-ARc_sample_output/99_fluxnet2015/FLX_US-ARc_FLUXNET2015_FULLSET_DD_2005-2006_beta-5.csv [oneflux.pipeline.common]
2025-06-26 14:00:45.953 [INFO    ] Variable 'RECO_NT_CUT_50' might be missing from headers of file: /home/portnoy/u0/sytoanngo/ONEFlux/data/US-ARc_sample_output/99_fluxnet2015/FLX_US-ARc_FLUXNET2015_FULLSET_DD_2005-2006_beta-5.csv [oneflux.pipeline.common]
2025-06-26 14:00:45.953 [INFO    ] Variable 'RECO_NT_CUT_75' might be missing from headers of file: /home/portnoy/u0/sytoanngo/ONEFlux/data/US-ARc_sample_output/99_fluxnet2015/FLX_US-ARc_FLUXNET2015_FULLSET_DD_2005-2006_beta-5.csv [oneflux.pipeline.common]
2025-06-26 14:00:45.953 [INFO    ] Variable 'RECO_NT_CUT_84' might be missing from headers of file: /home/portnoy/u0/sytoanngo/ONEFlux/data/US-ARc_sample_output/99_fluxnet2015/FLX_US-ARc_FLUXNET2015_FULLSET_DD_2005-2006_beta-5.csv [oneflux.pipeline.common]
2025-06-26 14:00:45.954 [INFO    ] Variable 'RECO_NT_CUT_95' might be missing from headers of file: /home/portnoy/u0/sytoanngo/ONEFlux/data/US-ARc_sample_output/99_fluxnet2015/FLX_US-ARc_FLUXNET2015_FULLSET_DD_2005-2006_beta-5.csv [oneflux.pipeline.common]
2025-06-26 14:00:45.954 [INFO    ] Variable 'GPP_NT_CUT_05' might be missing from headers of file: /home/portnoy/u0/sytoanngo/ONEFlux/data/US-ARc_sample_output/99_fluxnet2015/FLX_US-ARc_FLUXNET2015_FULLSET_DD_2005-2006_beta-5.csv [oneflux.pipeline.common]
2025-06-26 14:00:45.954 [INFO    ] Variable 'GPP_NT_CUT_16' might be missing from headers of file: /home/portnoy/u0/sytoanngo/ONEFlux/data/US-ARc_sample_output/99_fluxnet2015/FLX_US-ARc_FLUXNET2015_FULLSET_DD_2005-2006_beta-5.csv [oneflux.pipeline.common]
2025-06-26 14:00:45.954 [INFO    ] Variable 'GPP_NT_CUT_25' might be missing from headers of file: /home/portnoy/u0/sytoanngo/ONEFlux/data/US-ARc_sample_output/99_fluxnet2015/FLX_US-ARc_FLUXNET2015_FULLSET_DD_2005-2006_beta-5.csv [oneflux.pipeline.common]
2025-06-26 14:00:45.954 [INFO    ] Variable 'GPP_NT_CUT_50' might be missing from headers of file: /home/portnoy/u0/sytoanngo/ONEFlux/data/US-ARc_sample_output/99_fluxnet2015/FLX_US-ARc_FLUXNET2015_FULLSET_DD_2005-2006_beta-5.csv [oneflux.pipeline.common]
2025-06-26 14:00:45.954 [INFO    ] Variable 'GPP_NT_CUT_75' might be missing from headers of file: /home/portnoy/u0/sytoanngo/ONEFlux/data/US-ARc_sample_output/99_fluxnet2015/FLX_US-ARc_FLUXNET2015_FULLSET_DD_2005-2006_beta-5.csv [oneflux.pipeline.common]
2025-06-26 14:00:45.954 [INFO    ] Variable 'GPP_NT_CUT_84' might be missing from headers of file: /home/portnoy/u0/sytoanngo/ONEFlux/data/US-ARc_sample_output/99_fluxnet2015/FLX_US-ARc_FLUXNET2015_FULLSET_DD_2005-2006_beta-5.csv [oneflux.pipeline.common]
2025-06-26 14:00:45.954 [INFO    ] Variable 'GPP_NT_CUT_95' might be missing from headers of file: /home/portnoy/u0/sytoanngo/ONEFlux/data/US-ARc_sample_output/99_fluxnet2015/FLX_US-ARc_FLUXNET2015_FULLSET_DD_2005-2006_beta-5.csv [oneflux.pipeline.common]
2025-06-26 14:00:45.955 [INFO    ] Variable 'RECO_DT_CUT_05' might be missing from headers of file: /home/portnoy/u0/sytoanngo/ONEFlux/data/US-ARc_sample_output/99_fluxnet2015/FLX_US-ARc_FLUXNET2015_FULLSET_DD_2005-2006_beta-5.csv [oneflux.pipeline.common]
2025-06-26 14:00:45.955 [INFO    ] Variable 'RECO_DT_CUT_16' might be missing from headers of file: /home/portnoy/u0/sytoanngo/ONEFlux/data/US-ARc_sample_output/99_fluxnet2015/FLX_US-ARc_FLUXNET2015_FULLSET_DD_2005-2006_beta-5.csv [oneflux.pipeline.common]
2025-06-26 14:00:45.955 [INFO    ] Variable 'RECO_DT_CUT_25' might be missing from headers of file: /home/portnoy/u0/sytoanngo/ONEFlux/data/US-ARc_sample_output/99_fluxnet2015/FLX_US-ARc_FLUXNET2015_FULLSET_DD_2005-2006_beta-5.csv [oneflux.pipeline.common]
2025-06-26 14:00:45.955 [INFO    ] Variable 'RECO_DT_CUT_50' might be missing from headers of file: /home/portnoy/u0/sytoanngo/ONEFlux/data/US-ARc_sample_output/99_fluxnet2015/FLX_US-ARc_FLUXNET2015_FULLSET_DD_2005-2006_beta-5.csv [oneflux.pipeline.common]
2025-06-26 14:00:45.955 [INFO    ] Variable 'RECO_DT_CUT_75' might be missing from headers of file: /home/portnoy/u0/sytoanngo/ONEFlux/data/US-ARc_sample_output/99_fluxnet2015/FLX_US-ARc_FLUXNET2015_FULLSET_DD_2005-2006_beta-5.csv [oneflux.pipeline.common]
2025-06-26 14:00:45.955 [INFO    ] Variable 'RECO_DT_CUT_84' might be missing from headers of file: /home/portnoy/u0/sytoanngo/ONEFlux/data/US-ARc_sample_output/99_fluxnet2015/FLX_US-ARc_FLUXNET2015_FULLSET_DD_2005-2006_beta-5.csv [oneflux.pipeline.common]
2025-06-26 14:00:45.955 [INFO    ] Variable 'RECO_DT_CUT_95' might be missing from headers of file: /home/portnoy/u0/sytoanngo/ONEFlux/data/US-ARc_sample_output/99_fluxnet2015/FLX_US-ARc_FLUXNET2015_FULLSET_DD_2005-2006_beta-5.csv [oneflux.pipeline.common]
2025-06-26 14:00:45.955 [INFO    ] Variable 'GPP_DT_CUT_05' might be missing from headers of file: /home/portnoy/u0/sytoanngo/ONEFlux/data/US-ARc_sample_output/99_fluxnet2015/FLX_US-ARc_FLUXNET2015_FULLSET_DD_2005-2006_beta-5.csv [oneflux.pipeline.common]
2025-06-26 14:00:45.956 [INFO    ] Variable 'GPP_DT_CUT_16' might be missing from headers of file: /home/portnoy/u0/sytoanngo/ONEFlux/data/US-ARc_sample_output/99_fluxnet2015/FLX_US-ARc_FLUXNET2015_FULLSET_DD_2005-2006_beta-5.csv [oneflux.pipeline.common]
2025-06-26 14:00:45.956 [INFO    ] Variable 'GPP_DT_CUT_25' might be missing from headers of file: /home/portnoy/u0/sytoanngo/ONEFlux/data/US-ARc_sample_output/99_fluxnet2015/FLX_US-ARc_FLUXNET2015_FULLSET_DD_2005-2006_beta-5.csv [oneflux.pipeline.common]
2025-06-26 14:00:45.956 [INFO    ] Variable 'GPP_DT_CUT_50' might be missing from headers of file: /home/portnoy/u0/sytoanngo/ONEFlux/data/US-ARc_sample_output/99_fluxnet2015/FLX_US-ARc_FLUXNET2015_FULLSET_DD_2005-2006_beta-5.csv [oneflux.pipeline.common]
2025-06-26 14:00:45.956 [INFO    ] Variable 'GPP_DT_CUT_75' might be missing from headers of file: /home/portnoy/u0/sytoanngo/ONEFlux/data/US-ARc_sample_output/99_fluxnet2015/FLX_US-ARc_FLUXNET2015_FULLSET_DD_2005-2006_beta-5.csv [oneflux.pipeline.common]
2025-06-26 14:00:45.956 [INFO    ] Variable 'GPP_DT_CUT_84' might be missing from headers of file: /home/portnoy/u0/sytoanngo/ONEFlux/data/US-ARc_sample_output/99_fluxnet2015/FLX_US-ARc_FLUXNET2015_FULLSET_DD_2005-2006_beta-5.csv [oneflux.pipeline.common]
2025-06-26 14:00:45.956 [INFO    ] Variable 'GPP_DT_CUT_95' might be missing from headers of file: /home/portnoy/u0/sytoanngo/ONEFlux/data/US-ARc_sample_output/99_fluxnet2015/FLX_US-ARc_FLUXNET2015_FULLSET_DD_2005-2006_beta-5.csv [oneflux.pipeline.common]
2025-06-26 14:00:45.957 [INFO    ] Variable 'PPFD_DIF' might be missing from headers of file: /home/portnoy/u0/sytoanngo/ONEFlux/data/US-ARc_sample_output/99_fluxnet2015/FLX_US-ARc_FLUXNET2015_FULLSET_DD_2005-2006_beta-5.csv [oneflux.pipeline.common]
2025-06-26 14:00:45.957 [INFO    ] Variable 'PPFD_DIF_QC' might be missing from headers of file: /home/portnoy/u0/sytoanngo/ONEFlux/data/US-ARc_sample_output/99_fluxnet2015/FLX_US-ARc_FLUXNET2015_FULLSET_DD_2005-2006_beta-5.csv [oneflux.pipeline.common]
2025-06-26 14:00:45.957 [INFO    ] Variable 'PPFD_OUT' might be missing from headers of file: /home/portnoy/u0/sytoanngo/ONEFlux/data/US-ARc_sample_output/99_fluxnet2015/FLX_US-ARc_FLUXNET2015_FULLSET_DD_2005-2006_beta-5.csv [oneflux.pipeline.common]
2025-06-26 14:00:45.957 [INFO    ] Variable 'PPFD_OUT_QC' might be missing from headers of file: /home/portnoy/u0/sytoanngo/ONEFlux/data/US-ARc_sample_output/99_fluxnet2015/FLX_US-ARc_FLUXNET2015_FULLSET_DD_2005-2006_beta-5.csv [oneflux.pipeline.common]
2025-06-26 14:00:45.957 [INFO    ] Variable 'SW_DIF' might be missing from headers of file: /home/portnoy/u0/sytoanngo/ONEFlux/data/US-ARc_sample_output/99_fluxnet2015/FLX_US-ARc_FLUXNET2015_FULLSET_DD_2005-2006_beta-5.csv [oneflux.pipeline.common]
2025-06-26 14:00:45.957 [INFO    ] Variable 'SW_DIF_QC' might be missing from headers of file: /home/portnoy/u0/sytoanngo/ONEFlux/data/US-ARc_sample_output/99_fluxnet2015/FLX_US-ARc_FLUXNET2015_FULLSET_DD_2005-2006_beta-5.csv [oneflux.pipeline.common]
2025-06-26 14:00:45.958 [INFO    ] Variable 'SW_OUT' might be missing from headers of file: /home/portnoy/u0/sytoanngo/ONEFlux/data/US-ARc_sample_output/99_fluxnet2015/FLX_US-ARc_FLUXNET2015_FULLSET_DD_2005-2006_beta-5.csv [oneflux.pipeline.common]
2025-06-26 14:00:45.958 [INFO    ] Variable 'SW_OUT_QC' might be missing from headers of file: /home/portnoy/u0/sytoanngo/ONEFlux/data/US-ARc_sample_output/99_fluxnet2015/FLX_US-ARc_FLUXNET2015_FULLSET_DD_2005-2006_beta-5.csv [oneflux.pipeline.common]
2025-06-26 14:00:45.958 [INFO    ] Variable 'LW_OUT' might be missing from headers of file: /home/portnoy/u0/sytoanngo/ONEFlux/data/US-ARc_sample_output/99_fluxnet2015/FLX_US-ARc_FLUXNET2015_FULLSET_DD_2005-2006_beta-5.csv [oneflux.pipeline.common]
2025-06-26 14:00:45.958 [INFO    ] Variable 'LW_OUT_QC' might be missing from headers of file: /home/portnoy/u0/sytoanngo/ONEFlux/data/US-ARc_sample_output/99_fluxnet2015/FLX_US-ARc_FLUXNET2015_FULLSET_DD_2005-2006_beta-5.csv [oneflux.pipeline.common]
2025-06-26 14:00:45.958 [INFO    ] Variable 'PA' might be missing from headers of file: /home/portnoy/u0/sytoanngo/ONEFlux/data/US-ARc_sample_output/99_fluxnet2015/FLX_US-ARc_FLUXNET2015_FULLSET_DD_2005-2006_beta-5.csv [oneflux.pipeline.common]
2025-06-26 14:00:45.958 [INFO    ] Variable 'P' might be missing from headers of file: /home/portnoy/u0/sytoanngo/ONEFlux/data/US-ARc_sample_output/99_fluxnet2015/FLX_US-ARc_FLUXNET2015_FULLSET_DD_2005-2006_beta-5.csv [oneflux.pipeline.common]
2025-06-26 14:00:45.958 [INFO    ] Variable 'WS' might be missing from headers of file: /home/portnoy/u0/sytoanngo/ONEFlux/data/US-ARc_sample_output/99_fluxnet2015/FLX_US-ARc_FLUXNET2015_FULLSET_DD_2005-2006_beta-5.csv [oneflux.pipeline.common]
2025-06-26 14:00:45.958 [INFO    ] Variable 'WD' might be missing from headers of file: /home/portnoy/u0/sytoanngo/ONEFlux/data/US-ARc_sample_output/99_fluxnet2015/FLX_US-ARc_FLUXNET2015_FULLSET_DD_2005-2006_beta-5.csv [oneflux.pipeline.common]
2025-06-26 14:00:45.959 [INFO    ] Variable 'RH' might be missing from headers of file: /home/portnoy/u0/sytoanngo/ONEFlux/data/US-ARc_sample_output/99_fluxnet2015/FLX_US-ARc_FLUXNET2015_FULLSET_DD_2005-2006_beta-5.csv [oneflux.pipeline.common]
2025-06-26 14:00:45.959 [INFO    ] Variable 'LE_RANDUNC_METHOD' might be missing from headers of file: /home/portnoy/u0/sytoanngo/ONEFlux/data/US-ARc_sample_output/99_fluxnet2015/FLX_US-ARc_FLUXNET2015_FULLSET_DD_2005-2006_beta-5.csv [oneflux.pipeline.common]
2025-06-26 14:00:45.959 [INFO    ] Variable 'LE_RANDUNC_N' might be missing from headers of file: /home/portnoy/u0/sytoanngo/ONEFlux/data/US-ARc_sample_output/99_fluxnet2015/FLX_US-ARc_FLUXNET2015_FULLSET_DD_2005-2006_beta-5.csv [oneflux.pipeline.common]
2025-06-26 14:00:45.959 [INFO    ] Variable 'H_RANDUNC_METHOD' might be missing from headers of file: /home/portnoy/u0/sytoanngo/ONEFlux/data/US-ARc_sample_output/99_fluxnet2015/FLX_US-ARc_FLUXNET2015_FULLSET_DD_2005-2006_beta-5.csv [oneflux.pipeline.common]
2025-06-26 14:00:45.959 [INFO    ] Variable 'H_RANDUNC_N' might be missing from headers of file: /home/portnoy/u0/sytoanngo/ONEFlux/data/US-ARc_sample_output/99_fluxnet2015/FLX_US-ARc_FLUXNET2015_FULLSET_DD_2005-2006_beta-5.csv [oneflux.pipeline.common]
2025-06-26 14:00:45.959 [INFO    ] Variable 'NEE_CUT_REF' might be missing from headers of file: /home/portnoy/u0/sytoanngo/ONEFlux/data/US-ARc_sample_output/99_fluxnet2015/FLX_US-ARc_FLUXNET2015_FULLSET_DD_2005-2006_beta-5.csv [oneflux.pipeline.common]
2025-06-26 14:00:45.959 [INFO    ] Variable 'NEE_CUT_REF_QC' might be missing from headers of file: /home/portnoy/u0/sytoanngo/ONEFlux/data/US-ARc_sample_output/99_fluxnet2015/FLX_US-ARc_FLUXNET2015_FULLSET_DD_2005-2006_beta-5.csv [oneflux.pipeline.common]
2025-06-26 14:00:45.959 [INFO    ] Variable 'NEE_CUT_REF_RANDUNC' might be missing from headers of file: /home/portnoy/u0/sytoanngo/ONEFlux/data/US-ARc_sample_output/99_fluxnet2015/FLX_US-ARc_FLUXNET2015_FULLSET_DD_2005-2006_beta-5.csv [oneflux.pipeline.common]
2025-06-26 14:00:45.960 [INFO    ] Variable 'RECO_NT_CUT_REF' might be missing from headers of file: /home/portnoy/u0/sytoanngo/ONEFlux/data/US-ARc_sample_output/99_fluxnet2015/FLX_US-ARc_FLUXNET2015_FULLSET_DD_2005-2006_beta-5.csv [oneflux.pipeline.common]
2025-06-26 14:00:45.960 [INFO    ] Variable 'GPP_NT_CUT_REF' might be missing from headers of file: /home/portnoy/u0/sytoanngo/ONEFlux/data/US-ARc_sample_output/99_fluxnet2015/FLX_US-ARc_FLUXNET2015_FULLSET_DD_2005-2006_beta-5.csv [oneflux.pipeline.common]
2025-06-26 14:00:45.960 [INFO    ] Variable 'RECO_DT_CUT_REF' might be missing from headers of file: /home/portnoy/u0/sytoanngo/ONEFlux/data/US-ARc_sample_output/99_fluxnet2015/FLX_US-ARc_FLUXNET2015_FULLSET_DD_2005-2006_beta-5.csv [oneflux.pipeline.common]
2025-06-26 14:00:45.960 [INFO    ] Variable 'GPP_DT_CUT_REF' might be missing from headers of file: /home/portnoy/u0/sytoanngo/ONEFlux/data/US-ARc_sample_output/99_fluxnet2015/FLX_US-ARc_FLUXNET2015_FULLSET_DD_2005-2006_beta-5.csv [oneflux.pipeline.common]
2025-06-26 14:00:45.960 [INFO    ] Variable 'TS_F_MDS_2' might be missing from headers of file: /home/portnoy/u0/sytoanngo/ONEFlux/data/US-ARc_sample_output/99_fluxnet2015/FLX_US-ARc_FLUXNET2015_FULLSET_DD_2005-2006_beta-5.csv [oneflux.pipeline.common]
2025-06-26 14:00:45.960 [INFO    ] Variable 'TS_F_MDS_3' might be missing from headers of file: /home/portnoy/u0/sytoanngo/ONEFlux/data/US-ARc_sample_output/99_fluxnet2015/FLX_US-ARc_FLUXNET2015_FULLSET_DD_2005-2006_beta-5.csv [oneflux.pipeline.common]
2025-06-26 14:00:45.960 [INFO    ] Variable 'TS_F_MDS_4' might be missing from headers of file: /home/portnoy/u0/sytoanngo/ONEFlux/data/US-ARc_sample_output/99_fluxnet2015/FLX_US-ARc_FLUXNET2015_FULLSET_DD_2005-2006_beta-5.csv [oneflux.pipeline.common]
2025-06-26 14:00:45.960 [INFO    ] Variable 'TS_F_MDS_5' might be missing from headers of file: /home/portnoy/u0/sytoanngo/ONEFlux/data/US-ARc_sample_output/99_fluxnet2015/FLX_US-ARc_FLUXNET2015_FULLSET_DD_2005-2006_beta-5.csv [oneflux.pipeline.common]
2025-06-26 14:00:45.961 [INFO    ] Variable 'TS_F_MDS_6' might be missing from headers of file: /home/portnoy/u0/sytoanngo/ONEFlux/data/US-ARc_sample_output/99_fluxnet2015/FLX_US-ARc_FLUXNET2015_FULLSET_DD_2005-2006_beta-5.csv [oneflux.pipeline.common]
2025-06-26 14:00:45.961 [INFO    ] Variable 'TS_F_MDS_7' might be missing from headers of file: /home/portnoy/u0/sytoanngo/ONEFlux/data/US-ARc_sample_output/99_fluxnet2015/FLX_US-ARc_FLUXNET2015_FULLSET_DD_2005-2006_beta-5.csv [oneflux.pipeline.common]
2025-06-26 14:00:45.961 [INFO    ] Variable 'TS_F_MDS_8' might be missing from headers of file: /home/portnoy/u0/sytoanngo/ONEFlux/data/US-ARc_sample_output/99_fluxnet2015/FLX_US-ARc_FLUXNET2015_FULLSET_DD_2005-2006_beta-5.csv [oneflux.pipeline.common]
2025-06-26 14:00:45.961 [INFO    ] Variable 'TS_F_MDS_9' might be missing from headers of file: /home/portnoy/u0/sytoanngo/ONEFlux/data/US-ARc_sample_output/99_fluxnet2015/FLX_US-ARc_FLUXNET2015_FULLSET_DD_2005-2006_beta-5.csv [oneflux.pipeline.common]
2025-06-26 14:00:45.961 [INFO    ] Variable 'TS_F_MDS_10' might be missing from headers of file: /home/portnoy/u0/sytoanngo/ONEFlux/data/US-ARc_sample_output/99_fluxnet2015/FLX_US-ARc_FLUXNET2015_FULLSET_DD_2005-2006_beta-5.csv [oneflux.pipeline.common]
2025-06-26 14:00:45.961 [INFO    ] Variable 'TS_F_MDS_11' might be missing from headers of file: /home/portnoy/u0/sytoanngo/ONEFlux/data/US-ARc_sample_output/99_fluxnet2015/FLX_US-ARc_FLUXNET2015_FULLSET_DD_2005-2006_beta-5.csv [oneflux.pipeline.common]
2025-06-26 14:00:45.961 [INFO    ] Variable 'TS_F_MDS_12' might be missing from headers of file: /home/portnoy/u0/sytoanngo/ONEFlux/data/US-ARc_sample_output/99_fluxnet2015/FLX_US-ARc_FLUXNET2015_FULLSET_DD_2005-2006_beta-5.csv [oneflux.pipeline.common]
2025-06-26 14:00:45.961 [INFO    ] Variable 'TS_F_MDS_13' might be missing from headers of file: /home/portnoy/u0/sytoanngo/ONEFlux/data/US-ARc_sample_output/99_fluxnet2015/FLX_US-ARc_FLUXNET2015_FULLSET_DD_2005-2006_beta-5.csv [oneflux.pipeline.common]
2025-06-26 14:00:45.962 [INFO    ] Variable 'TS_F_MDS_14' might be missing from headers of file: /home/portnoy/u0/sytoanngo/ONEFlux/data/US-ARc_sample_output/99_fluxnet2015/FLX_US-ARc_FLUXNET2015_FULLSET_DD_2005-2006_beta-5.csv [oneflux.pipeline.common]
2025-06-26 14:00:45.962 [INFO    ] Variable 'TS_F_MDS_15' might be missing from headers of file: /home/portnoy/u0/sytoanngo/ONEFlux/data/US-ARc_sample_output/99_fluxnet2015/FLX_US-ARc_FLUXNET2015_FULLSET_DD_2005-2006_beta-5.csv [oneflux.pipeline.common]
2025-06-26 14:00:45.962 [INFO    ] Variable 'TS_F_MDS_16' might be missing from headers of file: /home/portnoy/u0/sytoanngo/ONEFlux/data/US-ARc_sample_output/99_fluxnet2015/FLX_US-ARc_FLUXNET2015_FULLSET_DD_2005-2006_beta-5.csv [oneflux.pipeline.common]
2025-06-26 14:00:45.962 [INFO    ] Variable 'TS_F_MDS_17' might be missing from headers of file: /home/portnoy/u0/sytoanngo/ONEFlux/data/US-ARc_sample_output/99_fluxnet2015/FLX_US-ARc_FLUXNET2015_FULLSET_DD_2005-2006_beta-5.csv [oneflux.pipeline.common]
2025-06-26 14:00:45.962 [INFO    ] Variable 'TS_F_MDS_18' might be missing from headers of file: /home/portnoy/u0/sytoanngo/ONEFlux/data/US-ARc_sample_output/99_fluxnet2015/FLX_US-ARc_FLUXNET2015_FULLSET_DD_2005-2006_beta-5.csv [oneflux.pipeline.common]
2025-06-26 14:00:45.962 [INFO    ] Variable 'TS_F_MDS_19' might be missing from headers of file: /home/portnoy/u0/sytoanngo/ONEFlux/data/US-ARc_sample_output/99_fluxnet2015/FLX_US-ARc_FLUXNET2015_FULLSET_DD_2005-2006_beta-5.csv [oneflux.pipeline.common]
2025-06-26 14:00:45.962 [INFO    ] Variable 'TS_F_MDS_2_QC' might be missing from headers of file: /home/portnoy/u0/sytoanngo/ONEFlux/data/US-ARc_sample_output/99_fluxnet2015/FLX_US-ARc_FLUXNET2015_FULLSET_DD_2005-2006_beta-5.csv [oneflux.pipeline.common]
2025-06-26 14:00:45.962 [INFO    ] Variable 'TS_F_MDS_3_QC' might be missing from headers of file: /home/portnoy/u0/sytoanngo/ONEFlux/data/US-ARc_sample_output/99_fluxnet2015/FLX_US-ARc_FLUXNET2015_FULLSET_DD_2005-2006_beta-5.csv [oneflux.pipeline.common]
2025-06-26 14:00:45.963 [INFO    ] Variable 'TS_F_MDS_4_QC' might be missing from headers of file: /home/portnoy/u0/sytoanngo/ONEFlux/data/US-ARc_sample_output/99_fluxnet2015/FLX_US-ARc_FLUXNET2015_FULLSET_DD_2005-2006_beta-5.csv [oneflux.pipeline.common]
2025-06-26 14:00:45.963 [INFO    ] Variable 'TS_F_MDS_5_QC' might be missing from headers of file: /home/portnoy/u0/sytoanngo/ONEFlux/data/US-ARc_sample_output/99_fluxnet2015/FLX_US-ARc_FLUXNET2015_FULLSET_DD_2005-2006_beta-5.csv [oneflux.pipeline.common]
2025-06-26 14:00:45.963 [INFO    ] Variable 'TS_F_MDS_6_QC' might be missing from headers of file: /home/portnoy/u0/sytoanngo/ONEFlux/data/US-ARc_sample_output/99_fluxnet2015/FLX_US-ARc_FLUXNET2015_FULLSET_DD_2005-2006_beta-5.csv [oneflux.pipeline.common]
2025-06-26 14:00:45.963 [INFO    ] Variable 'TS_F_MDS_7_QC' might be missing from headers of file: /home/portnoy/u0/sytoanngo/ONEFlux/data/US-ARc_sample_output/99_fluxnet2015/FLX_US-ARc_FLUXNET2015_FULLSET_DD_2005-2006_beta-5.csv [oneflux.pipeline.common]
2025-06-26 14:00:45.963 [INFO    ] Variable 'TS_F_MDS_8_QC' might be missing from headers of file: /home/portnoy/u0/sytoanngo/ONEFlux/data/US-ARc_sample_output/99_fluxnet2015/FLX_US-ARc_FLUXNET2015_FULLSET_DD_2005-2006_beta-5.csv [oneflux.pipeline.common]
2025-06-26 14:00:45.963 [INFO    ] Variable 'TS_F_MDS_9_QC' might be missing from headers of file: /home/portnoy/u0/sytoanngo/ONEFlux/data/US-ARc_sample_output/99_fluxnet2015/FLX_US-ARc_FLUXNET2015_FULLSET_DD_2005-2006_beta-5.csv [oneflux.pipeline.common]
2025-06-26 14:00:45.963 [INFO    ] Variable 'TS_F_MDS_10_QC' might be missing from headers of file: /home/portnoy/u0/sytoanngo/ONEFlux/data/US-ARc_sample_output/99_fluxnet2015/FLX_US-ARc_FLUXNET2015_FULLSET_DD_2005-2006_beta-5.csv [oneflux.pipeline.common]
2025-06-26 14:00:45.963 [INFO    ] Variable 'TS_F_MDS_11_QC' might be missing from headers of file: /home/portnoy/u0/sytoanngo/ONEFlux/data/US-ARc_sample_output/99_fluxnet2015/FLX_US-ARc_FLUXNET2015_FULLSET_DD_2005-2006_beta-5.csv [oneflux.pipeline.common]
2025-06-26 14:00:45.964 [INFO    ] Variable 'TS_F_MDS_12_QC' might be missing from headers of file: /home/portnoy/u0/sytoanngo/ONEFlux/data/US-ARc_sample_output/99_fluxnet2015/FLX_US-ARc_FLUXNET2015_FULLSET_DD_2005-2006_beta-5.csv [oneflux.pipeline.common]
2025-06-26 14:00:45.964 [INFO    ] Variable 'TS_F_MDS_13_QC' might be missing from headers of file: /home/portnoy/u0/sytoanngo/ONEFlux/data/US-ARc_sample_output/99_fluxnet2015/FLX_US-ARc_FLUXNET2015_FULLSET_DD_2005-2006_beta-5.csv [oneflux.pipeline.common]
2025-06-26 14:00:45.964 [INFO    ] Variable 'TS_F_MDS_14_QC' might be missing from headers of file: /home/portnoy/u0/sytoanngo/ONEFlux/data/US-ARc_sample_output/99_fluxnet2015/FLX_US-ARc_FLUXNET2015_FULLSET_DD_2005-2006_beta-5.csv [oneflux.pipeline.common]
2025-06-26 14:00:45.964 [INFO    ] Variable 'TS_F_MDS_15_QC' might be missing from headers of file: /home/portnoy/u0/sytoanngo/ONEFlux/data/US-ARc_sample_output/99_fluxnet2015/FLX_US-ARc_FLUXNET2015_FULLSET_DD_2005-2006_beta-5.csv [oneflux.pipeline.common]
2025-06-26 14:00:45.964 [INFO    ] Variable 'TS_F_MDS_16_QC' might be missing from headers of file: /home/portnoy/u0/sytoanngo/ONEFlux/data/US-ARc_sample_output/99_fluxnet2015/FLX_US-ARc_FLUXNET2015_FULLSET_DD_2005-2006_beta-5.csv [oneflux.pipeline.common]
2025-06-26 14:00:45.964 [INFO    ] Variable 'TS_F_MDS_17_QC' might be missing from headers of file: /home/portnoy/u0/sytoanngo/ONEFlux/data/US-ARc_sample_output/99_fluxnet2015/FLX_US-ARc_FLUXNET2015_FULLSET_DD_2005-2006_beta-5.csv [oneflux.pipeline.common]
2025-06-26 14:00:45.964 [INFO    ] Variable 'TS_F_MDS_18_QC' might be missing from headers of file: /home/portnoy/u0/sytoanngo/ONEFlux/data/US-ARc_sample_output/99_fluxnet2015/FLX_US-ARc_FLUXNET2015_FULLSET_DD_2005-2006_beta-5.csv [oneflux.pipeline.common]
2025-06-26 14:00:45.964 [INFO    ] Variable 'TS_F_MDS_19_QC' might be missing from headers of file: /home/portnoy/u0/sytoanngo/ONEFlux/data/US-ARc_sample_output/99_fluxnet2015/FLX_US-ARc_FLUXNET2015_FULLSET_DD_2005-2006_beta-5.csv [oneflux.pipeline.common]
2025-06-26 14:00:45.965 [INFO    ] Variable 'SWC_F_MDS_2' might be missing from headers of file: /home/portnoy/u0/sytoanngo/ONEFlux/data/US-ARc_sample_output/99_fluxnet2015/FLX_US-ARc_FLUXNET2015_FULLSET_DD_2005-2006_beta-5.csv [oneflux.pipeline.common]
2025-06-26 14:00:45.965 [INFO    ] Variable 'SWC_F_MDS_3' might be missing from headers of file: /home/portnoy/u0/sytoanngo/ONEFlux/data/US-ARc_sample_output/99_fluxnet2015/FLX_US-ARc_FLUXNET2015_FULLSET_DD_2005-2006_beta-5.csv [oneflux.pipeline.common]
2025-06-26 14:00:45.965 [INFO    ] Variable 'SWC_F_MDS_4' might be missing from headers of file: /home/portnoy/u0/sytoanngo/ONEFlux/data/US-ARc_sample_output/99_fluxnet2015/FLX_US-ARc_FLUXNET2015_FULLSET_DD_2005-2006_beta-5.csv [oneflux.pipeline.common]
2025-06-26 14:00:45.965 [INFO    ] Variable 'SWC_F_MDS_5' might be missing from headers of file: /home/portnoy/u0/sytoanngo/ONEFlux/data/US-ARc_sample_output/99_fluxnet2015/FLX_US-ARc_FLUXNET2015_FULLSET_DD_2005-2006_beta-5.csv [oneflux.pipeline.common]
2025-06-26 14:00:45.965 [INFO    ] Variable 'SWC_F_MDS_6' might be missing from headers of file: /home/portnoy/u0/sytoanngo/ONEFlux/data/US-ARc_sample_output/99_fluxnet2015/FLX_US-ARc_FLUXNET2015_FULLSET_DD_2005-2006_beta-5.csv [oneflux.pipeline.common]
2025-06-26 14:00:45.965 [INFO    ] Variable 'SWC_F_MDS_7' might be missing from headers of file: /home/portnoy/u0/sytoanngo/ONEFlux/data/US-ARc_sample_output/99_fluxnet2015/FLX_US-ARc_FLUXNET2015_FULLSET_DD_2005-2006_beta-5.csv [oneflux.pipeline.common]
2025-06-26 14:00:45.965 [INFO    ] Variable 'SWC_F_MDS_8' might be missing from headers of file: /home/portnoy/u0/sytoanngo/ONEFlux/data/US-ARc_sample_output/99_fluxnet2015/FLX_US-ARc_FLUXNET2015_FULLSET_DD_2005-2006_beta-5.csv [oneflux.pipeline.common]
2025-06-26 14:00:45.965 [INFO    ] Variable 'SWC_F_MDS_9' might be missing from headers of file: /home/portnoy/u0/sytoanngo/ONEFlux/data/US-ARc_sample_output/99_fluxnet2015/FLX_US-ARc_FLUXNET2015_FULLSET_DD_2005-2006_beta-5.csv [oneflux.pipeline.common]
2025-06-26 14:00:45.966 [INFO    ] Variable 'SWC_F_MDS_10' might be missing from headers of file: /home/portnoy/u0/sytoanngo/ONEFlux/data/US-ARc_sample_output/99_fluxnet2015/FLX_US-ARc_FLUXNET2015_FULLSET_DD_2005-2006_beta-5.csv [oneflux.pipeline.common]
2025-06-26 14:00:45.966 [INFO    ] Variable 'SWC_F_MDS_11' might be missing from headers of file: /home/portnoy/u0/sytoanngo/ONEFlux/data/US-ARc_sample_output/99_fluxnet2015/FLX_US-ARc_FLUXNET2015_FULLSET_DD_2005-2006_beta-5.csv [oneflux.pipeline.common]
2025-06-26 14:00:45.966 [INFO    ] Variable 'SWC_F_MDS_12' might be missing from headers of file: /home/portnoy/u0/sytoanngo/ONEFlux/data/US-ARc_sample_output/99_fluxnet2015/FLX_US-ARc_FLUXNET2015_FULLSET_DD_2005-2006_beta-5.csv [oneflux.pipeline.common]
2025-06-26 14:00:45.966 [INFO    ] Variable 'SWC_F_MDS_13' might be missing from headers of file: /home/portnoy/u0/sytoanngo/ONEFlux/data/US-ARc_sample_output/99_fluxnet2015/FLX_US-ARc_FLUXNET2015_FULLSET_DD_2005-2006_beta-5.csv [oneflux.pipeline.common]
2025-06-26 14:00:45.966 [INFO    ] Variable 'SWC_F_MDS_14' might be missing from headers of file: /home/portnoy/u0/sytoanngo/ONEFlux/data/US-ARc_sample_output/99_fluxnet2015/FLX_US-ARc_FLUXNET2015_FULLSET_DD_2005-2006_beta-5.csv [oneflux.pipeline.common]
2025-06-26 14:00:45.966 [INFO    ] Variable 'SWC_F_MDS_15' might be missing from headers of file: /home/portnoy/u0/sytoanngo/ONEFlux/data/US-ARc_sample_output/99_fluxnet2015/FLX_US-ARc_FLUXNET2015_FULLSET_DD_2005-2006_beta-5.csv [oneflux.pipeline.common]
2025-06-26 14:00:45.966 [INFO    ] Variable 'SWC_F_MDS_16' might be missing from headers of file: /home/portnoy/u0/sytoanngo/ONEFlux/data/US-ARc_sample_output/99_fluxnet2015/FLX_US-ARc_FLUXNET2015_FULLSET_DD_2005-2006_beta-5.csv [oneflux.pipeline.common]
2025-06-26 14:00:45.966 [INFO    ] Variable 'SWC_F_MDS_17' might be missing from headers of file: /home/portnoy/u0/sytoanngo/ONEFlux/data/US-ARc_sample_output/99_fluxnet2015/FLX_US-ARc_FLUXNET2015_FULLSET_DD_2005-2006_beta-5.csv [oneflux.pipeline.common]
2025-06-26 14:00:45.967 [INFO    ] Variable 'SWC_F_MDS_18' might be missing from headers of file: /home/portnoy/u0/sytoanngo/ONEFlux/data/US-ARc_sample_output/99_fluxnet2015/FLX_US-ARc_FLUXNET2015_FULLSET_DD_2005-2006_beta-5.csv [oneflux.pipeline.common]
2025-06-26 14:00:45.967 [INFO    ] Variable 'SWC_F_MDS_19' might be missing from headers of file: /home/portnoy/u0/sytoanngo/ONEFlux/data/US-ARc_sample_output/99_fluxnet2015/FLX_US-ARc_FLUXNET2015_FULLSET_DD_2005-2006_beta-5.csv [oneflux.pipeline.common]
2025-06-26 14:00:45.967 [INFO    ] Variable 'SWC_F_MDS_2_QC' might be missing from headers of file: /home/portnoy/u0/sytoanngo/ONEFlux/data/US-ARc_sample_output/99_fluxnet2015/FLX_US-ARc_FLUXNET2015_FULLSET_DD_2005-2006_beta-5.csv [oneflux.pipeline.common]
2025-06-26 14:00:45.967 [INFO    ] Variable 'SWC_F_MDS_3_QC' might be missing from headers of file: /home/portnoy/u0/sytoanngo/ONEFlux/data/US-ARc_sample_output/99_fluxnet2015/FLX_US-ARc_FLUXNET2015_FULLSET_DD_2005-2006_beta-5.csv [oneflux.pipeline.common]
2025-06-26 14:00:45.967 [INFO    ] Variable 'SWC_F_MDS_4_QC' might be missing from headers of file: /home/portnoy/u0/sytoanngo/ONEFlux/data/US-ARc_sample_output/99_fluxnet2015/FLX_US-ARc_FLUXNET2015_FULLSET_DD_2005-2006_beta-5.csv [oneflux.pipeline.common]
2025-06-26 14:00:45.967 [INFO    ] Variable 'SWC_F_MDS_5_QC' might be missing from headers of file: /home/portnoy/u0/sytoanngo/ONEFlux/data/US-ARc_sample_output/99_fluxnet2015/FLX_US-ARc_FLUXNET2015_FULLSET_DD_2005-2006_beta-5.csv [oneflux.pipeline.common]
2025-06-26 14:00:45.967 [INFO    ] Variable 'SWC_F_MDS_6_QC' might be missing from headers of file: /home/portnoy/u0/sytoanngo/ONEFlux/data/US-ARc_sample_output/99_fluxnet2015/FLX_US-ARc_FLUXNET2015_FULLSET_DD_2005-2006_beta-5.csv [oneflux.pipeline.common]
2025-06-26 14:00:45.967 [INFO    ] Variable 'SWC_F_MDS_7_QC' might be missing from headers of file: /home/portnoy/u0/sytoanngo/ONEFlux/data/US-ARc_sample_output/99_fluxnet2015/FLX_US-ARc_FLUXNET2015_FULLSET_DD_2005-2006_beta-5.csv [oneflux.pipeline.common]
2025-06-26 14:00:45.968 [INFO    ] Variable 'SWC_F_MDS_8_QC' might be missing from headers of file: /home/portnoy/u0/sytoanngo/ONEFlux/data/US-ARc_sample_output/99_fluxnet2015/FLX_US-ARc_FLUXNET2015_FULLSET_DD_2005-2006_beta-5.csv [oneflux.pipeline.common]
2025-06-26 14:00:45.968 [INFO    ] Variable 'SWC_F_MDS_9_QC' might be missing from headers of file: /home/portnoy/u0/sytoanngo/ONEFlux/data/US-ARc_sample_output/99_fluxnet2015/FLX_US-ARc_FLUXNET2015_FULLSET_DD_2005-2006_beta-5.csv [oneflux.pipeline.common]
2025-06-26 14:00:45.968 [INFO    ] Variable 'SWC_F_MDS_10_QC' might be missing from headers of file: /home/portnoy/u0/sytoanngo/ONEFlux/data/US-ARc_sample_output/99_fluxnet2015/FLX_US-ARc_FLUXNET2015_FULLSET_DD_2005-2006_beta-5.csv [oneflux.pipeline.common]
2025-06-26 14:00:45.968 [INFO    ] Variable 'SWC_F_MDS_11_QC' might be missing from headers of file: /home/portnoy/u0/sytoanngo/ONEFlux/data/US-ARc_sample_output/99_fluxnet2015/FLX_US-ARc_FLUXNET2015_FULLSET_DD_2005-2006_beta-5.csv [oneflux.pipeline.common]
2025-06-26 14:00:45.968 [INFO    ] Variable 'SWC_F_MDS_12_QC' might be missing from headers of file: /home/portnoy/u0/sytoanngo/ONEFlux/data/US-ARc_sample_output/99_fluxnet2015/FLX_US-ARc_FLUXNET2015_FULLSET_DD_2005-2006_beta-5.csv [oneflux.pipeline.common]
2025-06-26 14:00:45.968 [INFO    ] Variable 'SWC_F_MDS_13_QC' might be missing from headers of file: /home/portnoy/u0/sytoanngo/ONEFlux/data/US-ARc_sample_output/99_fluxnet2015/FLX_US-ARc_FLUXNET2015_FULLSET_DD_2005-2006_beta-5.csv [oneflux.pipeline.common]
2025-06-26 14:00:45.968 [INFO    ] Variable 'SWC_F_MDS_14_QC' might be missing from headers of file: /home/portnoy/u0/sytoanngo/ONEFlux/data/US-ARc_sample_output/99_fluxnet2015/FLX_US-ARc_FLUXNET2015_FULLSET_DD_2005-2006_beta-5.csv [oneflux.pipeline.common]
2025-06-26 14:00:45.968 [INFO    ] Variable 'SWC_F_MDS_15_QC' might be missing from headers of file: /home/portnoy/u0/sytoanngo/ONEFlux/data/US-ARc_sample_output/99_fluxnet2015/FLX_US-ARc_FLUXNET2015_FULLSET_DD_2005-2006_beta-5.csv [oneflux.pipeline.common]
2025-06-26 14:00:45.969 [INFO    ] Variable 'SWC_F_MDS_16_QC' might be missing from headers of file: /home/portnoy/u0/sytoanngo/ONEFlux/data/US-ARc_sample_output/99_fluxnet2015/FLX_US-ARc_FLUXNET2015_FULLSET_DD_2005-2006_beta-5.csv [oneflux.pipeline.common]
2025-06-26 14:00:45.969 [INFO    ] Variable 'SWC_F_MDS_17_QC' might be missing from headers of file: /home/portnoy/u0/sytoanngo/ONEFlux/data/US-ARc_sample_output/99_fluxnet2015/FLX_US-ARc_FLUXNET2015_FULLSET_DD_2005-2006_beta-5.csv [oneflux.pipeline.common]
2025-06-26 14:00:45.969 [INFO    ] Variable 'SWC_F_MDS_18_QC' might be missing from headers of file: /home/portnoy/u0/sytoanngo/ONEFlux/data/US-ARc_sample_output/99_fluxnet2015/FLX_US-ARc_FLUXNET2015_FULLSET_DD_2005-2006_beta-5.csv [oneflux.pipeline.common]
2025-06-26 14:00:45.969 [INFO    ] Variable 'SWC_F_MDS_19_QC' might be missing from headers of file: /home/portnoy/u0/sytoanngo/ONEFlux/data/US-ARc_sample_output/99_fluxnet2015/FLX_US-ARc_FLUXNET2015_FULLSET_DD_2005-2006_beta-5.csv [oneflux.pipeline.common]
2025-06-26 14:00:45.969 [INFO    ] Variable 'NEE_CUT_05' might be missing from headers of file: /home/portnoy/u0/sytoanngo/ONEFlux/data/US-ARc_sample_output/99_fluxnet2015/FLX_US-ARc_FLUXNET2015_FULLSET_DD_2005-2006_beta-5.csv [oneflux.pipeline.common]
2025-06-26 14:00:45.969 [INFO    ] Variable 'NEE_CUT_16' might be missing from headers of file: /home/portnoy/u0/sytoanngo/ONEFlux/data/US-ARc_sample_output/99_fluxnet2015/FLX_US-ARc_FLUXNET2015_FULLSET_DD_2005-2006_beta-5.csv [oneflux.pipeline.common]
2025-06-26 14:00:45.969 [INFO    ] Variable 'NEE_CUT_25' might be missing from headers of file: /home/portnoy/u0/sytoanngo/ONEFlux/data/US-ARc_sample_output/99_fluxnet2015/FLX_US-ARc_FLUXNET2015_FULLSET_DD_2005-2006_beta-5.csv [oneflux.pipeline.common]
2025-06-26 14:00:45.969 [INFO    ] Variable 'NEE_CUT_50' might be missing from headers of file: /home/portnoy/u0/sytoanngo/ONEFlux/data/US-ARc_sample_output/99_fluxnet2015/FLX_US-ARc_FLUXNET2015_FULLSET_DD_2005-2006_beta-5.csv [oneflux.pipeline.common]
2025-06-26 14:00:45.970 [INFO    ] Variable 'NEE_CUT_75' might be missing from headers of file: /home/portnoy/u0/sytoanngo/ONEFlux/data/US-ARc_sample_output/99_fluxnet2015/FLX_US-ARc_FLUXNET2015_FULLSET_DD_2005-2006_beta-5.csv [oneflux.pipeline.common]
2025-06-26 14:00:45.970 [INFO    ] Variable 'NEE_CUT_84' might be missing from headers of file: /home/portnoy/u0/sytoanngo/ONEFlux/data/US-ARc_sample_output/99_fluxnet2015/FLX_US-ARc_FLUXNET2015_FULLSET_DD_2005-2006_beta-5.csv [oneflux.pipeline.common]
2025-06-26 14:00:45.970 [INFO    ] Variable 'NEE_CUT_95' might be missing from headers of file: /home/portnoy/u0/sytoanngo/ONEFlux/data/US-ARc_sample_output/99_fluxnet2015/FLX_US-ARc_FLUXNET2015_FULLSET_DD_2005-2006_beta-5.csv [oneflux.pipeline.common]
2025-06-26 14:00:45.970 [INFO    ] Variable 'NEE_CUT_05_QC' might be missing from headers of file: /home/portnoy/u0/sytoanngo/ONEFlux/data/US-ARc_sample_output/99_fluxnet2015/FLX_US-ARc_FLUXNET2015_FULLSET_DD_2005-2006_beta-5.csv [oneflux.pipeline.common]
2025-06-26 14:00:45.970 [INFO    ] Variable 'NEE_CUT_16_QC' might be missing from headers of file: /home/portnoy/u0/sytoanngo/ONEFlux/data/US-ARc_sample_output/99_fluxnet2015/FLX_US-ARc_FLUXNET2015_FULLSET_DD_2005-2006_beta-5.csv [oneflux.pipeline.common]
2025-06-26 14:00:45.970 [INFO    ] Variable 'NEE_CUT_25_QC' might be missing from headers of file: /home/portnoy/u0/sytoanngo/ONEFlux/data/US-ARc_sample_output/99_fluxnet2015/FLX_US-ARc_FLUXNET2015_FULLSET_DD_2005-2006_beta-5.csv [oneflux.pipeline.common]
2025-06-26 14:00:45.970 [INFO    ] Variable 'NEE_CUT_50_QC' might be missing from headers of file: /home/portnoy/u0/sytoanngo/ONEFlux/data/US-ARc_sample_output/99_fluxnet2015/FLX_US-ARc_FLUXNET2015_FULLSET_DD_2005-2006_beta-5.csv [oneflux.pipeline.common]
2025-06-26 14:00:45.970 [INFO    ] Variable 'NEE_CUT_75_QC' might be missing from headers of file: /home/portnoy/u0/sytoanngo/ONEFlux/data/US-ARc_sample_output/99_fluxnet2015/FLX_US-ARc_FLUXNET2015_FULLSET_DD_2005-2006_beta-5.csv [oneflux.pipeline.common]
2025-06-26 14:00:45.971 [INFO    ] Variable 'NEE_CUT_84_QC' might be missing from headers of file: /home/portnoy/u0/sytoanngo/ONEFlux/data/US-ARc_sample_output/99_fluxnet2015/FLX_US-ARc_FLUXNET2015_FULLSET_DD_2005-2006_beta-5.csv [oneflux.pipeline.common]
2025-06-26 14:00:45.971 [INFO    ] Variable 'NEE_CUT_95_QC' might be missing from headers of file: /home/portnoy/u0/sytoanngo/ONEFlux/data/US-ARc_sample_output/99_fluxnet2015/FLX_US-ARc_FLUXNET2015_FULLSET_DD_2005-2006_beta-5.csv [oneflux.pipeline.common]
2025-06-26 14:00:45.971 [INFO    ] Variable 'RECO_NT_CUT_05' might be missing from headers of file: /home/portnoy/u0/sytoanngo/ONEFlux/data/US-ARc_sample_output/99_fluxnet2015/FLX_US-ARc_FLUXNET2015_FULLSET_DD_2005-2006_beta-5.csv [oneflux.pipeline.common]
2025-06-26 14:00:45.971 [INFO    ] Variable 'RECO_NT_CUT_16' might be missing from headers of file: /home/portnoy/u0/sytoanngo/ONEFlux/data/US-ARc_sample_output/99_fluxnet2015/FLX_US-ARc_FLUXNET2015_FULLSET_DD_2005-2006_beta-5.csv [oneflux.pipeline.common]
2025-06-26 14:00:45.971 [INFO    ] Variable 'RECO_NT_CUT_25' might be missing from headers of file: /home/portnoy/u0/sytoanngo/ONEFlux/data/US-ARc_sample_output/99_fluxnet2015/FLX_US-ARc_FLUXNET2015_FULLSET_DD_2005-2006_beta-5.csv [oneflux.pipeline.common]
2025-06-26 14:00:45.971 [INFO    ] Variable 'RECO_NT_CUT_50' might be missing from headers of file: /home/portnoy/u0/sytoanngo/ONEFlux/data/US-ARc_sample_output/99_fluxnet2015/FLX_US-ARc_FLUXNET2015_FULLSET_DD_2005-2006_beta-5.csv [oneflux.pipeline.common]
2025-06-26 14:00:45.971 [INFO    ] Variable 'RECO_NT_CUT_75' might be missing from headers of file: /home/portnoy/u0/sytoanngo/ONEFlux/data/US-ARc_sample_output/99_fluxnet2015/FLX_US-ARc_FLUXNET2015_FULLSET_DD_2005-2006_beta-5.csv [oneflux.pipeline.common]
2025-06-26 14:00:45.971 [INFO    ] Variable 'RECO_NT_CUT_84' might be missing from headers of file: /home/portnoy/u0/sytoanngo/ONEFlux/data/US-ARc_sample_output/99_fluxnet2015/FLX_US-ARc_FLUXNET2015_FULLSET_DD_2005-2006_beta-5.csv [oneflux.pipeline.common]
2025-06-26 14:00:45.972 [INFO    ] Variable 'RECO_NT_CUT_95' might be missing from headers of file: /home/portnoy/u0/sytoanngo/ONEFlux/data/US-ARc_sample_output/99_fluxnet2015/FLX_US-ARc_FLUXNET2015_FULLSET_DD_2005-2006_beta-5.csv [oneflux.pipeline.common]
2025-06-26 14:00:45.972 [INFO    ] Variable 'GPP_NT_CUT_05' might be missing from headers of file: /home/portnoy/u0/sytoanngo/ONEFlux/data/US-ARc_sample_output/99_fluxnet2015/FLX_US-ARc_FLUXNET2015_FULLSET_DD_2005-2006_beta-5.csv [oneflux.pipeline.common]
2025-06-26 14:00:45.972 [INFO    ] Variable 'GPP_NT_CUT_16' might be missing from headers of file: /home/portnoy/u0/sytoanngo/ONEFlux/data/US-ARc_sample_output/99_fluxnet2015/FLX_US-ARc_FLUXNET2015_FULLSET_DD_2005-2006_beta-5.csv [oneflux.pipeline.common]
2025-06-26 14:00:45.972 [INFO    ] Variable 'GPP_NT_CUT_25' might be missing from headers of file: /home/portnoy/u0/sytoanngo/ONEFlux/data/US-ARc_sample_output/99_fluxnet2015/FLX_US-ARc_FLUXNET2015_FULLSET_DD_2005-2006_beta-5.csv [oneflux.pipeline.common]
2025-06-26 14:00:45.972 [INFO    ] Variable 'GPP_NT_CUT_50' might be missing from headers of file: /home/portnoy/u0/sytoanngo/ONEFlux/data/US-ARc_sample_output/99_fluxnet2015/FLX_US-ARc_FLUXNET2015_FULLSET_DD_2005-2006_beta-5.csv [oneflux.pipeline.common]
2025-06-26 14:00:45.972 [INFO    ] Variable 'GPP_NT_CUT_75' might be missing from headers of file: /home/portnoy/u0/sytoanngo/ONEFlux/data/US-ARc_sample_output/99_fluxnet2015/FLX_US-ARc_FLUXNET2015_FULLSET_DD_2005-2006_beta-5.csv [oneflux.pipeline.common]
2025-06-26 14:00:45.972 [INFO    ] Variable 'GPP_NT_CUT_84' might be missing from headers of file: /home/portnoy/u0/sytoanngo/ONEFlux/data/US-ARc_sample_output/99_fluxnet2015/FLX_US-ARc_FLUXNET2015_FULLSET_DD_2005-2006_beta-5.csv [oneflux.pipeline.common]
2025-06-26 14:00:45.972 [INFO    ] Variable 'GPP_NT_CUT_95' might be missing from headers of file: /home/portnoy/u0/sytoanngo/ONEFlux/data/US-ARc_sample_output/99_fluxnet2015/FLX_US-ARc_FLUXNET2015_FULLSET_DD_2005-2006_beta-5.csv [oneflux.pipeline.common]
2025-06-26 14:00:45.972 [INFO    ] Variable 'RECO_DT_CUT_05' might be missing from headers of file: /home/portnoy/u0/sytoanngo/ONEFlux/data/US-ARc_sample_output/99_fluxnet2015/FLX_US-ARc_FLUXNET2015_FULLSET_DD_2005-2006_beta-5.csv [oneflux.pipeline.common]
2025-06-26 14:00:45.973 [INFO    ] Variable 'RECO_DT_CUT_16' might be missing from headers of file: /home/portnoy/u0/sytoanngo/ONEFlux/data/US-ARc_sample_output/99_fluxnet2015/FLX_US-ARc_FLUXNET2015_FULLSET_DD_2005-2006_beta-5.csv [oneflux.pipeline.common]
2025-06-26 14:00:45.973 [INFO    ] Variable 'RECO_DT_CUT_25' might be missing from headers of file: /home/portnoy/u0/sytoanngo/ONEFlux/data/US-ARc_sample_output/99_fluxnet2015/FLX_US-ARc_FLUXNET2015_FULLSET_DD_2005-2006_beta-5.csv [oneflux.pipeline.common]
2025-06-26 14:00:45.973 [INFO    ] Variable 'RECO_DT_CUT_50' might be missing from headers of file: /home/portnoy/u0/sytoanngo/ONEFlux/data/US-ARc_sample_output/99_fluxnet2015/FLX_US-ARc_FLUXNET2015_FULLSET_DD_2005-2006_beta-5.csv [oneflux.pipeline.common]
2025-06-26 14:00:45.973 [INFO    ] Variable 'RECO_DT_CUT_75' might be missing from headers of file: /home/portnoy/u0/sytoanngo/ONEFlux/data/US-ARc_sample_output/99_fluxnet2015/FLX_US-ARc_FLUXNET2015_FULLSET_DD_2005-2006_beta-5.csv [oneflux.pipeline.common]
2025-06-26 14:00:45.973 [INFO    ] Variable 'RECO_DT_CUT_84' might be missing from headers of file: /home/portnoy/u0/sytoanngo/ONEFlux/data/US-ARc_sample_output/99_fluxnet2015/FLX_US-ARc_FLUXNET2015_FULLSET_DD_2005-2006_beta-5.csv [oneflux.pipeline.common]
2025-06-26 14:00:45.973 [INFO    ] Variable 'RECO_DT_CUT_95' might be missing from headers of file: /home/portnoy/u0/sytoanngo/ONEFlux/data/US-ARc_sample_output/99_fluxnet2015/FLX_US-ARc_FLUXNET2015_FULLSET_DD_2005-2006_beta-5.csv [oneflux.pipeline.common]
2025-06-26 14:00:45.973 [INFO    ] Variable 'GPP_DT_CUT_05' might be missing from headers of file: /home/portnoy/u0/sytoanngo/ONEFlux/data/US-ARc_sample_output/99_fluxnet2015/FLX_US-ARc_FLUXNET2015_FULLSET_DD_2005-2006_beta-5.csv [oneflux.pipeline.common]
2025-06-26 14:00:45.973 [INFO    ] Variable 'GPP_DT_CUT_16' might be missing from headers of file: /home/portnoy/u0/sytoanngo/ONEFlux/data/US-ARc_sample_output/99_fluxnet2015/FLX_US-ARc_FLUXNET2015_FULLSET_DD_2005-2006_beta-5.csv [oneflux.pipeline.common]
2025-06-26 14:00:45.974 [INFO    ] Variable 'GPP_DT_CUT_25' might be missing from headers of file: /home/portnoy/u0/sytoanngo/ONEFlux/data/US-ARc_sample_output/99_fluxnet2015/FLX_US-ARc_FLUXNET2015_FULLSET_DD_2005-2006_beta-5.csv [oneflux.pipeline.common]
2025-06-26 14:00:45.974 [INFO    ] Variable 'GPP_DT_CUT_50' might be missing from headers of file: /home/portnoy/u0/sytoanngo/ONEFlux/data/US-ARc_sample_output/99_fluxnet2015/FLX_US-ARc_FLUXNET2015_FULLSET_DD_2005-2006_beta-5.csv [oneflux.pipeline.common]
2025-06-26 14:00:45.974 [INFO    ] Variable 'GPP_DT_CUT_75' might be missing from headers of file: /home/portnoy/u0/sytoanngo/ONEFlux/data/US-ARc_sample_output/99_fluxnet2015/FLX_US-ARc_FLUXNET2015_FULLSET_DD_2005-2006_beta-5.csv [oneflux.pipeline.common]
2025-06-26 14:00:45.974 [INFO    ] Variable 'GPP_DT_CUT_84' might be missing from headers of file: /home/portnoy/u0/sytoanngo/ONEFlux/data/US-ARc_sample_output/99_fluxnet2015/FLX_US-ARc_FLUXNET2015_FULLSET_DD_2005-2006_beta-5.csv [oneflux.pipeline.common]
2025-06-26 14:00:45.974 [INFO    ] Variable 'GPP_DT_CUT_95' might be missing from headers of file: /home/portnoy/u0/sytoanngo/ONEFlux/data/US-ARc_sample_output/99_fluxnet2015/FLX_US-ARc_FLUXNET2015_FULLSET_DD_2005-2006_beta-5.csv [oneflux.pipeline.common]
2025-06-26 14:00:45.975 [INFO    ] Variable 'USTAR_QC' might be missing from headers of file: /home/portnoy/u0/sytoanngo/ONEFlux/data/US-ARc_sample_output/99_fluxnet2015/FLX_US-ARc_FLUXNET2015_FULLSET_HH_2005-2006_beta-5.csv [oneflux.pipeline.common]
2025-06-26 14:00:45.975 [INFO    ] Variable 'NETRAD_QC' might be missing from headers of file: /home/portnoy/u0/sytoanngo/ONEFlux/data/US-ARc_sample_output/99_fluxnet2015/FLX_US-ARc_FLUXNET2015_FULLSET_HH_2005-2006_beta-5.csv [oneflux.pipeline.common]
2025-06-26 14:00:45.976 [INFO    ] Variable 'PPFD_IN_QC' might be missing from headers of file: /home/portnoy/u0/sytoanngo/ONEFlux/data/US-ARc_sample_output/99_fluxnet2015/FLX_US-ARc_FLUXNET2015_FULLSET_HH_2005-2006_beta-5.csv [oneflux.pipeline.common]
2025-06-26 14:00:45.976 [INFO    ] Variable 'PPFD_DIF' might be missing from headers of file: /home/portnoy/u0/sytoanngo/ONEFlux/data/US-ARc_sample_output/99_fluxnet2015/FLX_US-ARc_FLUXNET2015_FULLSET_HH_2005-2006_beta-5.csv [oneflux.pipeline.common]
2025-06-26 14:00:45.976 [INFO    ] Variable 'PPFD_DIF_QC' might be missing from headers of file: /home/portnoy/u0/sytoanngo/ONEFlux/data/US-ARc_sample_output/99_fluxnet2015/FLX_US-ARc_FLUXNET2015_FULLSET_HH_2005-2006_beta-5.csv [oneflux.pipeline.common]
2025-06-26 14:00:45.976 [INFO    ] Variable 'PPFD_OUT' might be missing from headers of file: /home/portnoy/u0/sytoanngo/ONEFlux/data/US-ARc_sample_output/99_fluxnet2015/FLX_US-ARc_FLUXNET2015_FULLSET_HH_2005-2006_beta-5.csv [oneflux.pipeline.common]
2025-06-26 14:00:45.976 [INFO    ] Variable 'PPFD_OUT_QC' might be missing from headers of file: /home/portnoy/u0/sytoanngo/ONEFlux/data/US-ARc_sample_output/99_fluxnet2015/FLX_US-ARc_FLUXNET2015_FULLSET_HH_2005-2006_beta-5.csv [oneflux.pipeline.common]
2025-06-26 14:00:45.976 [INFO    ] Variable 'SW_DIF' might be missing from headers of file: /home/portnoy/u0/sytoanngo/ONEFlux/data/US-ARc_sample_output/99_fluxnet2015/FLX_US-ARc_FLUXNET2015_FULLSET_HH_2005-2006_beta-5.csv [oneflux.pipeline.common]
2025-06-26 14:00:45.976 [INFO    ] Variable 'SW_DIF_QC' might be missing from headers of file: /home/portnoy/u0/sytoanngo/ONEFlux/data/US-ARc_sample_output/99_fluxnet2015/FLX_US-ARc_FLUXNET2015_FULLSET_HH_2005-2006_beta-5.csv [oneflux.pipeline.common]
2025-06-26 14:00:45.976 [INFO    ] Variable 'SW_OUT' might be missing from headers of file: /home/portnoy/u0/sytoanngo/ONEFlux/data/US-ARc_sample_output/99_fluxnet2015/FLX_US-ARc_FLUXNET2015_FULLSET_HH_2005-2006_beta-5.csv [oneflux.pipeline.common]
2025-06-26 14:00:45.977 [INFO    ] Variable 'SW_OUT_QC' might be missing from headers of file: /home/portnoy/u0/sytoanngo/ONEFlux/data/US-ARc_sample_output/99_fluxnet2015/FLX_US-ARc_FLUXNET2015_FULLSET_HH_2005-2006_beta-5.csv [oneflux.pipeline.common]
2025-06-26 14:00:45.977 [INFO    ] Variable 'LW_OUT' might be missing from headers of file: /home/portnoy/u0/sytoanngo/ONEFlux/data/US-ARc_sample_output/99_fluxnet2015/FLX_US-ARc_FLUXNET2015_FULLSET_HH_2005-2006_beta-5.csv [oneflux.pipeline.common]
2025-06-26 14:00:45.977 [INFO    ] Variable 'LW_OUT_QC' might be missing from headers of file: /home/portnoy/u0/sytoanngo/ONEFlux/data/US-ARc_sample_output/99_fluxnet2015/FLX_US-ARc_FLUXNET2015_FULLSET_HH_2005-2006_beta-5.csv [oneflux.pipeline.common]
2025-06-26 14:00:45.977 [INFO    ] Variable 'NEE_CUT_REF' might be missing from headers of file: /home/portnoy/u0/sytoanngo/ONEFlux/data/US-ARc_sample_output/99_fluxnet2015/FLX_US-ARc_FLUXNET2015_FULLSET_HH_2005-2006_beta-5.csv [oneflux.pipeline.common]
2025-06-26 14:00:45.977 [INFO    ] Variable 'NEE_CUT_REF_QC' might be missing from headers of file: /home/portnoy/u0/sytoanngo/ONEFlux/data/US-ARc_sample_output/99_fluxnet2015/FLX_US-ARc_FLUXNET2015_FULLSET_HH_2005-2006_beta-5.csv [oneflux.pipeline.common]
2025-06-26 14:00:45.977 [INFO    ] Variable 'NEE_CUT_REF_RANDUNC' might be missing from headers of file: /home/portnoy/u0/sytoanngo/ONEFlux/data/US-ARc_sample_output/99_fluxnet2015/FLX_US-ARc_FLUXNET2015_FULLSET_HH_2005-2006_beta-5.csv [oneflux.pipeline.common]
2025-06-26 14:00:45.977 [INFO    ] Variable 'RECO_NT_CUT_REF' might be missing from headers of file: /home/portnoy/u0/sytoanngo/ONEFlux/data/US-ARc_sample_output/99_fluxnet2015/FLX_US-ARc_FLUXNET2015_FULLSET_HH_2005-2006_beta-5.csv [oneflux.pipeline.common]
2025-06-26 14:00:45.977 [INFO    ] Variable 'GPP_NT_CUT_REF' might be missing from headers of file: /home/portnoy/u0/sytoanngo/ONEFlux/data/US-ARc_sample_output/99_fluxnet2015/FLX_US-ARc_FLUXNET2015_FULLSET_HH_2005-2006_beta-5.csv [oneflux.pipeline.common]
2025-06-26 14:00:45.978 [INFO    ] Variable 'RECO_DT_CUT_REF' might be missing from headers of file: /home/portnoy/u0/sytoanngo/ONEFlux/data/US-ARc_sample_output/99_fluxnet2015/FLX_US-ARc_FLUXNET2015_FULLSET_HH_2005-2006_beta-5.csv [oneflux.pipeline.common]
2025-06-26 14:00:45.978 [INFO    ] Variable 'GPP_DT_CUT_REF' might be missing from headers of file: /home/portnoy/u0/sytoanngo/ONEFlux/data/US-ARc_sample_output/99_fluxnet2015/FLX_US-ARc_FLUXNET2015_FULLSET_HH_2005-2006_beta-5.csv [oneflux.pipeline.common]
2025-06-26 14:00:45.978 [INFO    ] Variable 'TS_F_MDS_2' might be missing from headers of file: /home/portnoy/u0/sytoanngo/ONEFlux/data/US-ARc_sample_output/99_fluxnet2015/FLX_US-ARc_FLUXNET2015_FULLSET_HH_2005-2006_beta-5.csv [oneflux.pipeline.common]
2025-06-26 14:00:45.978 [INFO    ] Variable 'TS_F_MDS_3' might be missing from headers of file: /home/portnoy/u0/sytoanngo/ONEFlux/data/US-ARc_sample_output/99_fluxnet2015/FLX_US-ARc_FLUXNET2015_FULLSET_HH_2005-2006_beta-5.csv [oneflux.pipeline.common]
2025-06-26 14:00:45.978 [INFO    ] Variable 'TS_F_MDS_4' might be missing from headers of file: /home/portnoy/u0/sytoanngo/ONEFlux/data/US-ARc_sample_output/99_fluxnet2015/FLX_US-ARc_FLUXNET2015_FULLSET_HH_2005-2006_beta-5.csv [oneflux.pipeline.common]
2025-06-26 14:00:45.978 [INFO    ] Variable 'TS_F_MDS_5' might be missing from headers of file: /home/portnoy/u0/sytoanngo/ONEFlux/data/US-ARc_sample_output/99_fluxnet2015/FLX_US-ARc_FLUXNET2015_FULLSET_HH_2005-2006_beta-5.csv [oneflux.pipeline.common]
2025-06-26 14:00:45.978 [INFO    ] Variable 'TS_F_MDS_6' might be missing from headers of file: /home/portnoy/u0/sytoanngo/ONEFlux/data/US-ARc_sample_output/99_fluxnet2015/FLX_US-ARc_FLUXNET2015_FULLSET_HH_2005-2006_beta-5.csv [oneflux.pipeline.common]
2025-06-26 14:00:45.979 [INFO    ] Variable 'TS_F_MDS_7' might be missing from headers of file: /home/portnoy/u0/sytoanngo/ONEFlux/data/US-ARc_sample_output/99_fluxnet2015/FLX_US-ARc_FLUXNET2015_FULLSET_HH_2005-2006_beta-5.csv [oneflux.pipeline.common]
2025-06-26 14:00:45.979 [INFO    ] Variable 'TS_F_MDS_8' might be missing from headers of file: /home/portnoy/u0/sytoanngo/ONEFlux/data/US-ARc_sample_output/99_fluxnet2015/FLX_US-ARc_FLUXNET2015_FULLSET_HH_2005-2006_beta-5.csv [oneflux.pipeline.common]
2025-06-26 14:00:45.979 [INFO    ] Variable 'TS_F_MDS_9' might be missing from headers of file: /home/portnoy/u0/sytoanngo/ONEFlux/data/US-ARc_sample_output/99_fluxnet2015/FLX_US-ARc_FLUXNET2015_FULLSET_HH_2005-2006_beta-5.csv [oneflux.pipeline.common]
2025-06-26 14:00:45.979 [INFO    ] Variable 'TS_F_MDS_10' might be missing from headers of file: /home/portnoy/u0/sytoanngo/ONEFlux/data/US-ARc_sample_output/99_fluxnet2015/FLX_US-ARc_FLUXNET2015_FULLSET_HH_2005-2006_beta-5.csv [oneflux.pipeline.common]
2025-06-26 14:00:45.979 [INFO    ] Variable 'TS_F_MDS_11' might be missing from headers of file: /home/portnoy/u0/sytoanngo/ONEFlux/data/US-ARc_sample_output/99_fluxnet2015/FLX_US-ARc_FLUXNET2015_FULLSET_HH_2005-2006_beta-5.csv [oneflux.pipeline.common]
2025-06-26 14:00:45.979 [INFO    ] Variable 'TS_F_MDS_12' might be missing from headers of file: /home/portnoy/u0/sytoanngo/ONEFlux/data/US-ARc_sample_output/99_fluxnet2015/FLX_US-ARc_FLUXNET2015_FULLSET_HH_2005-2006_beta-5.csv [oneflux.pipeline.common]
2025-06-26 14:00:45.979 [INFO    ] Variable 'TS_F_MDS_13' might be missing from headers of file: /home/portnoy/u0/sytoanngo/ONEFlux/data/US-ARc_sample_output/99_fluxnet2015/FLX_US-ARc_FLUXNET2015_FULLSET_HH_2005-2006_beta-5.csv [oneflux.pipeline.common]
2025-06-26 14:00:45.979 [INFO    ] Variable 'TS_F_MDS_14' might be missing from headers of file: /home/portnoy/u0/sytoanngo/ONEFlux/data/US-ARc_sample_output/99_fluxnet2015/FLX_US-ARc_FLUXNET2015_FULLSET_HH_2005-2006_beta-5.csv [oneflux.pipeline.common]
2025-06-26 14:00:45.980 [INFO    ] Variable 'TS_F_MDS_15' might be missing from headers of file: /home/portnoy/u0/sytoanngo/ONEFlux/data/US-ARc_sample_output/99_fluxnet2015/FLX_US-ARc_FLUXNET2015_FULLSET_HH_2005-2006_beta-5.csv [oneflux.pipeline.common]
2025-06-26 14:00:45.980 [INFO    ] Variable 'TS_F_MDS_16' might be missing from headers of file: /home/portnoy/u0/sytoanngo/ONEFlux/data/US-ARc_sample_output/99_fluxnet2015/FLX_US-ARc_FLUXNET2015_FULLSET_HH_2005-2006_beta-5.csv [oneflux.pipeline.common]
2025-06-26 14:00:45.980 [INFO    ] Variable 'TS_F_MDS_17' might be missing from headers of file: /home/portnoy/u0/sytoanngo/ONEFlux/data/US-ARc_sample_output/99_fluxnet2015/FLX_US-ARc_FLUXNET2015_FULLSET_HH_2005-2006_beta-5.csv [oneflux.pipeline.common]
2025-06-26 14:00:45.980 [INFO    ] Variable 'TS_F_MDS_18' might be missing from headers of file: /home/portnoy/u0/sytoanngo/ONEFlux/data/US-ARc_sample_output/99_fluxnet2015/FLX_US-ARc_FLUXNET2015_FULLSET_HH_2005-2006_beta-5.csv [oneflux.pipeline.common]
2025-06-26 14:00:45.980 [INFO    ] Variable 'TS_F_MDS_19' might be missing from headers of file: /home/portnoy/u0/sytoanngo/ONEFlux/data/US-ARc_sample_output/99_fluxnet2015/FLX_US-ARc_FLUXNET2015_FULLSET_HH_2005-2006_beta-5.csv [oneflux.pipeline.common]
2025-06-26 14:00:45.980 [INFO    ] Variable 'TS_F_MDS_2_QC' might be missing from headers of file: /home/portnoy/u0/sytoanngo/ONEFlux/data/US-ARc_sample_output/99_fluxnet2015/FLX_US-ARc_FLUXNET2015_FULLSET_HH_2005-2006_beta-5.csv [oneflux.pipeline.common]
2025-06-26 14:00:45.980 [INFO    ] Variable 'TS_F_MDS_3_QC' might be missing from headers of file: /home/portnoy/u0/sytoanngo/ONEFlux/data/US-ARc_sample_output/99_fluxnet2015/FLX_US-ARc_FLUXNET2015_FULLSET_HH_2005-2006_beta-5.csv [oneflux.pipeline.common]
2025-06-26 14:00:45.980 [INFO    ] Variable 'TS_F_MDS_4_QC' might be missing from headers of file: /home/portnoy/u0/sytoanngo/ONEFlux/data/US-ARc_sample_output/99_fluxnet2015/FLX_US-ARc_FLUXNET2015_FULLSET_HH_2005-2006_beta-5.csv [oneflux.pipeline.common]
2025-06-26 14:00:45.981 [INFO    ] Variable 'TS_F_MDS_5_QC' might be missing from headers of file: /home/portnoy/u0/sytoanngo/ONEFlux/data/US-ARc_sample_output/99_fluxnet2015/FLX_US-ARc_FLUXNET2015_FULLSET_HH_2005-2006_beta-5.csv [oneflux.pipeline.common]
2025-06-26 14:00:45.981 [INFO    ] Variable 'TS_F_MDS_6_QC' might be missing from headers of file: /home/portnoy/u0/sytoanngo/ONEFlux/data/US-ARc_sample_output/99_fluxnet2015/FLX_US-ARc_FLUXNET2015_FULLSET_HH_2005-2006_beta-5.csv [oneflux.pipeline.common]
2025-06-26 14:00:45.981 [INFO    ] Variable 'TS_F_MDS_7_QC' might be missing from headers of file: /home/portnoy/u0/sytoanngo/ONEFlux/data/US-ARc_sample_output/99_fluxnet2015/FLX_US-ARc_FLUXNET2015_FULLSET_HH_2005-2006_beta-5.csv [oneflux.pipeline.common]
2025-06-26 14:00:45.981 [INFO    ] Variable 'TS_F_MDS_8_QC' might be missing from headers of file: /home/portnoy/u0/sytoanngo/ONEFlux/data/US-ARc_sample_output/99_fluxnet2015/FLX_US-ARc_FLUXNET2015_FULLSET_HH_2005-2006_beta-5.csv [oneflux.pipeline.common]
2025-06-26 14:00:45.981 [INFO    ] Variable 'TS_F_MDS_9_QC' might be missing from headers of file: /home/portnoy/u0/sytoanngo/ONEFlux/data/US-ARc_sample_output/99_fluxnet2015/FLX_US-ARc_FLUXNET2015_FULLSET_HH_2005-2006_beta-5.csv [oneflux.pipeline.common]
2025-06-26 14:00:45.981 [INFO    ] Variable 'TS_F_MDS_10_QC' might be missing from headers of file: /home/portnoy/u0/sytoanngo/ONEFlux/data/US-ARc_sample_output/99_fluxnet2015/FLX_US-ARc_FLUXNET2015_FULLSET_HH_2005-2006_beta-5.csv [oneflux.pipeline.common]
2025-06-26 14:00:45.981 [INFO    ] Variable 'TS_F_MDS_11_QC' might be missing from headers of file: /home/portnoy/u0/sytoanngo/ONEFlux/data/US-ARc_sample_output/99_fluxnet2015/FLX_US-ARc_FLUXNET2015_FULLSET_HH_2005-2006_beta-5.csv [oneflux.pipeline.common]
2025-06-26 14:00:45.981 [INFO    ] Variable 'TS_F_MDS_12_QC' might be missing from headers of file: /home/portnoy/u0/sytoanngo/ONEFlux/data/US-ARc_sample_output/99_fluxnet2015/FLX_US-ARc_FLUXNET2015_FULLSET_HH_2005-2006_beta-5.csv [oneflux.pipeline.common]
2025-06-26 14:00:45.982 [INFO    ] Variable 'TS_F_MDS_13_QC' might be missing from headers of file: /home/portnoy/u0/sytoanngo/ONEFlux/data/US-ARc_sample_output/99_fluxnet2015/FLX_US-ARc_FLUXNET2015_FULLSET_HH_2005-2006_beta-5.csv [oneflux.pipeline.common]
2025-06-26 14:00:45.982 [INFO    ] Variable 'TS_F_MDS_14_QC' might be missing from headers of file: /home/portnoy/u0/sytoanngo/ONEFlux/data/US-ARc_sample_output/99_fluxnet2015/FLX_US-ARc_FLUXNET2015_FULLSET_HH_2005-2006_beta-5.csv [oneflux.pipeline.common]
2025-06-26 14:00:45.982 [INFO    ] Variable 'TS_F_MDS_15_QC' might be missing from headers of file: /home/portnoy/u0/sytoanngo/ONEFlux/data/US-ARc_sample_output/99_fluxnet2015/FLX_US-ARc_FLUXNET2015_FULLSET_HH_2005-2006_beta-5.csv [oneflux.pipeline.common]
2025-06-26 14:00:45.982 [INFO    ] Variable 'TS_F_MDS_16_QC' might be missing from headers of file: /home/portnoy/u0/sytoanngo/ONEFlux/data/US-ARc_sample_output/99_fluxnet2015/FLX_US-ARc_FLUXNET2015_FULLSET_HH_2005-2006_beta-5.csv [oneflux.pipeline.common]
2025-06-26 14:00:45.982 [INFO    ] Variable 'TS_F_MDS_17_QC' might be missing from headers of file: /home/portnoy/u0/sytoanngo/ONEFlux/data/US-ARc_sample_output/99_fluxnet2015/FLX_US-ARc_FLUXNET2015_FULLSET_HH_2005-2006_beta-5.csv [oneflux.pipeline.common]
2025-06-26 14:00:45.982 [INFO    ] Variable 'TS_F_MDS_18_QC' might be missing from headers of file: /home/portnoy/u0/sytoanngo/ONEFlux/data/US-ARc_sample_output/99_fluxnet2015/FLX_US-ARc_FLUXNET2015_FULLSET_HH_2005-2006_beta-5.csv [oneflux.pipeline.common]
2025-06-26 14:00:45.982 [INFO    ] Variable 'TS_F_MDS_19_QC' might be missing from headers of file: /home/portnoy/u0/sytoanngo/ONEFlux/data/US-ARc_sample_output/99_fluxnet2015/FLX_US-ARc_FLUXNET2015_FULLSET_HH_2005-2006_beta-5.csv [oneflux.pipeline.common]
2025-06-26 14:00:45.982 [INFO    ] Variable 'SWC_F_MDS_2' might be missing from headers of file: /home/portnoy/u0/sytoanngo/ONEFlux/data/US-ARc_sample_output/99_fluxnet2015/FLX_US-ARc_FLUXNET2015_FULLSET_HH_2005-2006_beta-5.csv [oneflux.pipeline.common]
2025-06-26 14:00:45.983 [INFO    ] Variable 'SWC_F_MDS_3' might be missing from headers of file: /home/portnoy/u0/sytoanngo/ONEFlux/data/US-ARc_sample_output/99_fluxnet2015/FLX_US-ARc_FLUXNET2015_FULLSET_HH_2005-2006_beta-5.csv [oneflux.pipeline.common]
2025-06-26 14:00:45.983 [INFO    ] Variable 'SWC_F_MDS_4' might be missing from headers of file: /home/portnoy/u0/sytoanngo/ONEFlux/data/US-ARc_sample_output/99_fluxnet2015/FLX_US-ARc_FLUXNET2015_FULLSET_HH_2005-2006_beta-5.csv [oneflux.pipeline.common]
2025-06-26 14:00:45.983 [INFO    ] Variable 'SWC_F_MDS_5' might be missing from headers of file: /home/portnoy/u0/sytoanngo/ONEFlux/data/US-ARc_sample_output/99_fluxnet2015/FLX_US-ARc_FLUXNET2015_FULLSET_HH_2005-2006_beta-5.csv [oneflux.pipeline.common]
2025-06-26 14:00:45.983 [INFO    ] Variable 'SWC_F_MDS_6' might be missing from headers of file: /home/portnoy/u0/sytoanngo/ONEFlux/data/US-ARc_sample_output/99_fluxnet2015/FLX_US-ARc_FLUXNET2015_FULLSET_HH_2005-2006_beta-5.csv [oneflux.pipeline.common]
2025-06-26 14:00:45.983 [INFO    ] Variable 'SWC_F_MDS_7' might be missing from headers of file: /home/portnoy/u0/sytoanngo/ONEFlux/data/US-ARc_sample_output/99_fluxnet2015/FLX_US-ARc_FLUXNET2015_FULLSET_HH_2005-2006_beta-5.csv [oneflux.pipeline.common]
2025-06-26 14:00:45.983 [INFO    ] Variable 'SWC_F_MDS_8' might be missing from headers of file: /home/portnoy/u0/sytoanngo/ONEFlux/data/US-ARc_sample_output/99_fluxnet2015/FLX_US-ARc_FLUXNET2015_FULLSET_HH_2005-2006_beta-5.csv [oneflux.pipeline.common]
2025-06-26 14:00:45.983 [INFO    ] Variable 'SWC_F_MDS_9' might be missing from headers of file: /home/portnoy/u0/sytoanngo/ONEFlux/data/US-ARc_sample_output/99_fluxnet2015/FLX_US-ARc_FLUXNET2015_FULLSET_HH_2005-2006_beta-5.csv [oneflux.pipeline.common]
2025-06-26 14:00:45.983 [INFO    ] Variable 'SWC_F_MDS_10' might be missing from headers of file: /home/portnoy/u0/sytoanngo/ONEFlux/data/US-ARc_sample_output/99_fluxnet2015/FLX_US-ARc_FLUXNET2015_FULLSET_HH_2005-2006_beta-5.csv [oneflux.pipeline.common]
2025-06-26 14:00:45.984 [INFO    ] Variable 'SWC_F_MDS_11' might be missing from headers of file: /home/portnoy/u0/sytoanngo/ONEFlux/data/US-ARc_sample_output/99_fluxnet2015/FLX_US-ARc_FLUXNET2015_FULLSET_HH_2005-2006_beta-5.csv [oneflux.pipeline.common]
2025-06-26 14:00:45.984 [INFO    ] Variable 'SWC_F_MDS_12' might be missing from headers of file: /home/portnoy/u0/sytoanngo/ONEFlux/data/US-ARc_sample_output/99_fluxnet2015/FLX_US-ARc_FLUXNET2015_FULLSET_HH_2005-2006_beta-5.csv [oneflux.pipeline.common]
2025-06-26 14:00:45.984 [INFO    ] Variable 'SWC_F_MDS_13' might be missing from headers of file: /home/portnoy/u0/sytoanngo/ONEFlux/data/US-ARc_sample_output/99_fluxnet2015/FLX_US-ARc_FLUXNET2015_FULLSET_HH_2005-2006_beta-5.csv [oneflux.pipeline.common]
2025-06-26 14:00:45.984 [INFO    ] Variable 'SWC_F_MDS_14' might be missing from headers of file: /home/portnoy/u0/sytoanngo/ONEFlux/data/US-ARc_sample_output/99_fluxnet2015/FLX_US-ARc_FLUXNET2015_FULLSET_HH_2005-2006_beta-5.csv [oneflux.pipeline.common]
2025-06-26 14:00:45.984 [INFO    ] Variable 'SWC_F_MDS_15' might be missing from headers of file: /home/portnoy/u0/sytoanngo/ONEFlux/data/US-ARc_sample_output/99_fluxnet2015/FLX_US-ARc_FLUXNET2015_FULLSET_HH_2005-2006_beta-5.csv [oneflux.pipeline.common]
2025-06-26 14:00:45.984 [INFO    ] Variable 'SWC_F_MDS_16' might be missing from headers of file: /home/portnoy/u0/sytoanngo/ONEFlux/data/US-ARc_sample_output/99_fluxnet2015/FLX_US-ARc_FLUXNET2015_FULLSET_HH_2005-2006_beta-5.csv [oneflux.pipeline.common]
2025-06-26 14:00:45.984 [INFO    ] Variable 'SWC_F_MDS_17' might be missing from headers of file: /home/portnoy/u0/sytoanngo/ONEFlux/data/US-ARc_sample_output/99_fluxnet2015/FLX_US-ARc_FLUXNET2015_FULLSET_HH_2005-2006_beta-5.csv [oneflux.pipeline.common]
2025-06-26 14:00:45.984 [INFO    ] Variable 'SWC_F_MDS_18' might be missing from headers of file: /home/portnoy/u0/sytoanngo/ONEFlux/data/US-ARc_sample_output/99_fluxnet2015/FLX_US-ARc_FLUXNET2015_FULLSET_HH_2005-2006_beta-5.csv [oneflux.pipeline.common]
2025-06-26 14:00:45.985 [INFO    ] Variable 'SWC_F_MDS_19' might be missing from headers of file: /home/portnoy/u0/sytoanngo/ONEFlux/data/US-ARc_sample_output/99_fluxnet2015/FLX_US-ARc_FLUXNET2015_FULLSET_HH_2005-2006_beta-5.csv [oneflux.pipeline.common]
2025-06-26 14:00:45.985 [INFO    ] Variable 'SWC_F_MDS_2_QC' might be missing from headers of file: /home/portnoy/u0/sytoanngo/ONEFlux/data/US-ARc_sample_output/99_fluxnet2015/FLX_US-ARc_FLUXNET2015_FULLSET_HH_2005-2006_beta-5.csv [oneflux.pipeline.common]
2025-06-26 14:00:45.985 [INFO    ] Variable 'SWC_F_MDS_3_QC' might be missing from headers of file: /home/portnoy/u0/sytoanngo/ONEFlux/data/US-ARc_sample_output/99_fluxnet2015/FLX_US-ARc_FLUXNET2015_FULLSET_HH_2005-2006_beta-5.csv [oneflux.pipeline.common]
2025-06-26 14:00:45.985 [INFO    ] Variable 'SWC_F_MDS_4_QC' might be missing from headers of file: /home/portnoy/u0/sytoanngo/ONEFlux/data/US-ARc_sample_output/99_fluxnet2015/FLX_US-ARc_FLUXNET2015_FULLSET_HH_2005-2006_beta-5.csv [oneflux.pipeline.common]
2025-06-26 14:00:45.985 [INFO    ] Variable 'SWC_F_MDS_5_QC' might be missing from headers of file: /home/portnoy/u0/sytoanngo/ONEFlux/data/US-ARc_sample_output/99_fluxnet2015/FLX_US-ARc_FLUXNET2015_FULLSET_HH_2005-2006_beta-5.csv [oneflux.pipeline.common]
2025-06-26 14:00:45.985 [INFO    ] Variable 'SWC_F_MDS_6_QC' might be missing from headers of file: /home/portnoy/u0/sytoanngo/ONEFlux/data/US-ARc_sample_output/99_fluxnet2015/FLX_US-ARc_FLUXNET2015_FULLSET_HH_2005-2006_beta-5.csv [oneflux.pipeline.common]
2025-06-26 14:00:45.985 [INFO    ] Variable 'SWC_F_MDS_7_QC' might be missing from headers of file: /home/portnoy/u0/sytoanngo/ONEFlux/data/US-ARc_sample_output/99_fluxnet2015/FLX_US-ARc_FLUXNET2015_FULLSET_HH_2005-2006_beta-5.csv [oneflux.pipeline.common]
2025-06-26 14:00:45.985 [INFO    ] Variable 'SWC_F_MDS_8_QC' might be missing from headers of file: /home/portnoy/u0/sytoanngo/ONEFlux/data/US-ARc_sample_output/99_fluxnet2015/FLX_US-ARc_FLUXNET2015_FULLSET_HH_2005-2006_beta-5.csv [oneflux.pipeline.common]
2025-06-26 14:00:45.986 [INFO    ] Variable 'SWC_F_MDS_9_QC' might be missing from headers of file: /home/portnoy/u0/sytoanngo/ONEFlux/data/US-ARc_sample_output/99_fluxnet2015/FLX_US-ARc_FLUXNET2015_FULLSET_HH_2005-2006_beta-5.csv [oneflux.pipeline.common]
2025-06-26 14:00:45.986 [INFO    ] Variable 'SWC_F_MDS_10_QC' might be missing from headers of file: /home/portnoy/u0/sytoanngo/ONEFlux/data/US-ARc_sample_output/99_fluxnet2015/FLX_US-ARc_FLUXNET2015_FULLSET_HH_2005-2006_beta-5.csv [oneflux.pipeline.common]
2025-06-26 14:00:45.986 [INFO    ] Variable 'SWC_F_MDS_11_QC' might be missing from headers of file: /home/portnoy/u0/sytoanngo/ONEFlux/data/US-ARc_sample_output/99_fluxnet2015/FLX_US-ARc_FLUXNET2015_FULLSET_HH_2005-2006_beta-5.csv [oneflux.pipeline.common]
2025-06-26 14:00:45.986 [INFO    ] Variable 'SWC_F_MDS_12_QC' might be missing from headers of file: /home/portnoy/u0/sytoanngo/ONEFlux/data/US-ARc_sample_output/99_fluxnet2015/FLX_US-ARc_FLUXNET2015_FULLSET_HH_2005-2006_beta-5.csv [oneflux.pipeline.common]
2025-06-26 14:00:45.986 [INFO    ] Variable 'SWC_F_MDS_13_QC' might be missing from headers of file: /home/portnoy/u0/sytoanngo/ONEFlux/data/US-ARc_sample_output/99_fluxnet2015/FLX_US-ARc_FLUXNET2015_FULLSET_HH_2005-2006_beta-5.csv [oneflux.pipeline.common]
2025-06-26 14:00:45.986 [INFO    ] Variable 'SWC_F_MDS_14_QC' might be missing from headers of file: /home/portnoy/u0/sytoanngo/ONEFlux/data/US-ARc_sample_output/99_fluxnet2015/FLX_US-ARc_FLUXNET2015_FULLSET_HH_2005-2006_beta-5.csv [oneflux.pipeline.common]
2025-06-26 14:00:45.986 [INFO    ] Variable 'SWC_F_MDS_15_QC' might be missing from headers of file: /home/portnoy/u0/sytoanngo/ONEFlux/data/US-ARc_sample_output/99_fluxnet2015/FLX_US-ARc_FLUXNET2015_FULLSET_HH_2005-2006_beta-5.csv [oneflux.pipeline.common]
2025-06-26 14:00:45.986 [INFO    ] Variable 'SWC_F_MDS_16_QC' might be missing from headers of file: /home/portnoy/u0/sytoanngo/ONEFlux/data/US-ARc_sample_output/99_fluxnet2015/FLX_US-ARc_FLUXNET2015_FULLSET_HH_2005-2006_beta-5.csv [oneflux.pipeline.common]
2025-06-26 14:00:45.987 [INFO    ] Variable 'SWC_F_MDS_17_QC' might be missing from headers of file: /home/portnoy/u0/sytoanngo/ONEFlux/data/US-ARc_sample_output/99_fluxnet2015/FLX_US-ARc_FLUXNET2015_FULLSET_HH_2005-2006_beta-5.csv [oneflux.pipeline.common]
2025-06-26 14:00:45.987 [INFO    ] Variable 'SWC_F_MDS_18_QC' might be missing from headers of file: /home/portnoy/u0/sytoanngo/ONEFlux/data/US-ARc_sample_output/99_fluxnet2015/FLX_US-ARc_FLUXNET2015_FULLSET_HH_2005-2006_beta-5.csv [oneflux.pipeline.common]
2025-06-26 14:00:45.987 [INFO    ] Variable 'SWC_F_MDS_19_QC' might be missing from headers of file: /home/portnoy/u0/sytoanngo/ONEFlux/data/US-ARc_sample_output/99_fluxnet2015/FLX_US-ARc_FLUXNET2015_FULLSET_HH_2005-2006_beta-5.csv [oneflux.pipeline.common]
2025-06-26 14:00:45.987 [INFO    ] Variable 'NEE_CUT_05' might be missing from headers of file: /home/portnoy/u0/sytoanngo/ONEFlux/data/US-ARc_sample_output/99_fluxnet2015/FLX_US-ARc_FLUXNET2015_FULLSET_HH_2005-2006_beta-5.csv [oneflux.pipeline.common]
2025-06-26 14:00:45.987 [INFO    ] Variable 'NEE_CUT_16' might be missing from headers of file: /home/portnoy/u0/sytoanngo/ONEFlux/data/US-ARc_sample_output/99_fluxnet2015/FLX_US-ARc_FLUXNET2015_FULLSET_HH_2005-2006_beta-5.csv [oneflux.pipeline.common]
2025-06-26 14:00:45.987 [INFO    ] Variable 'NEE_CUT_25' might be missing from headers of file: /home/portnoy/u0/sytoanngo/ONEFlux/data/US-ARc_sample_output/99_fluxnet2015/FLX_US-ARc_FLUXNET2015_FULLSET_HH_2005-2006_beta-5.csv [oneflux.pipeline.common]
2025-06-26 14:00:45.987 [INFO    ] Variable 'NEE_CUT_50' might be missing from headers of file: /home/portnoy/u0/sytoanngo/ONEFlux/data/US-ARc_sample_output/99_fluxnet2015/FLX_US-ARc_FLUXNET2015_FULLSET_HH_2005-2006_beta-5.csv [oneflux.pipeline.common]
2025-06-26 14:00:45.988 [INFO    ] Variable 'NEE_CUT_75' might be missing from headers of file: /home/portnoy/u0/sytoanngo/ONEFlux/data/US-ARc_sample_output/99_fluxnet2015/FLX_US-ARc_FLUXNET2015_FULLSET_HH_2005-2006_beta-5.csv [oneflux.pipeline.common]
2025-06-26 14:00:45.988 [INFO    ] Variable 'NEE_CUT_84' might be missing from headers of file: /home/portnoy/u0/sytoanngo/ONEFlux/data/US-ARc_sample_output/99_fluxnet2015/FLX_US-ARc_FLUXNET2015_FULLSET_HH_2005-2006_beta-5.csv [oneflux.pipeline.common]
2025-06-26 14:00:45.988 [INFO    ] Variable 'NEE_CUT_95' might be missing from headers of file: /home/portnoy/u0/sytoanngo/ONEFlux/data/US-ARc_sample_output/99_fluxnet2015/FLX_US-ARc_FLUXNET2015_FULLSET_HH_2005-2006_beta-5.csv [oneflux.pipeline.common]
2025-06-26 14:00:45.988 [INFO    ] Variable 'NEE_CUT_05_QC' might be missing from headers of file: /home/portnoy/u0/sytoanngo/ONEFlux/data/US-ARc_sample_output/99_fluxnet2015/FLX_US-ARc_FLUXNET2015_FULLSET_HH_2005-2006_beta-5.csv [oneflux.pipeline.common]
2025-06-26 14:00:45.988 [INFO    ] Variable 'NEE_CUT_16_QC' might be missing from headers of file: /home/portnoy/u0/sytoanngo/ONEFlux/data/US-ARc_sample_output/99_fluxnet2015/FLX_US-ARc_FLUXNET2015_FULLSET_HH_2005-2006_beta-5.csv [oneflux.pipeline.common]
2025-06-26 14:00:45.988 [INFO    ] Variable 'NEE_CUT_25_QC' might be missing from headers of file: /home/portnoy/u0/sytoanngo/ONEFlux/data/US-ARc_sample_output/99_fluxnet2015/FLX_US-ARc_FLUXNET2015_FULLSET_HH_2005-2006_beta-5.csv [oneflux.pipeline.common]
2025-06-26 14:00:45.988 [INFO    ] Variable 'NEE_CUT_50_QC' might be missing from headers of file: /home/portnoy/u0/sytoanngo/ONEFlux/data/US-ARc_sample_output/99_fluxnet2015/FLX_US-ARc_FLUXNET2015_FULLSET_HH_2005-2006_beta-5.csv [oneflux.pipeline.common]
2025-06-26 14:00:45.988 [INFO    ] Variable 'NEE_CUT_75_QC' might be missing from headers of file: /home/portnoy/u0/sytoanngo/ONEFlux/data/US-ARc_sample_output/99_fluxnet2015/FLX_US-ARc_FLUXNET2015_FULLSET_HH_2005-2006_beta-5.csv [oneflux.pipeline.common]
2025-06-26 14:00:45.989 [INFO    ] Variable 'NEE_CUT_84_QC' might be missing from headers of file: /home/portnoy/u0/sytoanngo/ONEFlux/data/US-ARc_sample_output/99_fluxnet2015/FLX_US-ARc_FLUXNET2015_FULLSET_HH_2005-2006_beta-5.csv [oneflux.pipeline.common]
2025-06-26 14:00:45.989 [INFO    ] Variable 'NEE_CUT_95_QC' might be missing from headers of file: /home/portnoy/u0/sytoanngo/ONEFlux/data/US-ARc_sample_output/99_fluxnet2015/FLX_US-ARc_FLUXNET2015_FULLSET_HH_2005-2006_beta-5.csv [oneflux.pipeline.common]
2025-06-26 14:00:45.989 [INFO    ] Variable 'RECO_NT_CUT_05' might be missing from headers of file: /home/portnoy/u0/sytoanngo/ONEFlux/data/US-ARc_sample_output/99_fluxnet2015/FLX_US-ARc_FLUXNET2015_FULLSET_HH_2005-2006_beta-5.csv [oneflux.pipeline.common]
2025-06-26 14:00:45.989 [INFO    ] Variable 'RECO_NT_CUT_16' might be missing from headers of file: /home/portnoy/u0/sytoanngo/ONEFlux/data/US-ARc_sample_output/99_fluxnet2015/FLX_US-ARc_FLUXNET2015_FULLSET_HH_2005-2006_beta-5.csv [oneflux.pipeline.common]
2025-06-26 14:00:45.989 [INFO    ] Variable 'RECO_NT_CUT_25' might be missing from headers of file: /home/portnoy/u0/sytoanngo/ONEFlux/data/US-ARc_sample_output/99_fluxnet2015/FLX_US-ARc_FLUXNET2015_FULLSET_HH_2005-2006_beta-5.csv [oneflux.pipeline.common]
2025-06-26 14:00:45.989 [INFO    ] Variable 'RECO_NT_CUT_50' might be missing from headers of file: /home/portnoy/u0/sytoanngo/ONEFlux/data/US-ARc_sample_output/99_fluxnet2015/FLX_US-ARc_FLUXNET2015_FULLSET_HH_2005-2006_beta-5.csv [oneflux.pipeline.common]
2025-06-26 14:00:45.989 [INFO    ] Variable 'RECO_NT_CUT_75' might be missing from headers of file: /home/portnoy/u0/sytoanngo/ONEFlux/data/US-ARc_sample_output/99_fluxnet2015/FLX_US-ARc_FLUXNET2015_FULLSET_HH_2005-2006_beta-5.csv [oneflux.pipeline.common]
2025-06-26 14:00:45.989 [INFO    ] Variable 'RECO_NT_CUT_84' might be missing from headers of file: /home/portnoy/u0/sytoanngo/ONEFlux/data/US-ARc_sample_output/99_fluxnet2015/FLX_US-ARc_FLUXNET2015_FULLSET_HH_2005-2006_beta-5.csv [oneflux.pipeline.common]
2025-06-26 14:00:45.990 [INFO    ] Variable 'RECO_NT_CUT_95' might be missing from headers of file: /home/portnoy/u0/sytoanngo/ONEFlux/data/US-ARc_sample_output/99_fluxnet2015/FLX_US-ARc_FLUXNET2015_FULLSET_HH_2005-2006_beta-5.csv [oneflux.pipeline.common]
2025-06-26 14:00:45.990 [INFO    ] Variable 'GPP_NT_CUT_05' might be missing from headers of file: /home/portnoy/u0/sytoanngo/ONEFlux/data/US-ARc_sample_output/99_fluxnet2015/FLX_US-ARc_FLUXNET2015_FULLSET_HH_2005-2006_beta-5.csv [oneflux.pipeline.common]
2025-06-26 14:00:45.990 [INFO    ] Variable 'GPP_NT_CUT_16' might be missing from headers of file: /home/portnoy/u0/sytoanngo/ONEFlux/data/US-ARc_sample_output/99_fluxnet2015/FLX_US-ARc_FLUXNET2015_FULLSET_HH_2005-2006_beta-5.csv [oneflux.pipeline.common]
2025-06-26 14:00:45.990 [INFO    ] Variable 'GPP_NT_CUT_25' might be missing from headers of file: /home/portnoy/u0/sytoanngo/ONEFlux/data/US-ARc_sample_output/99_fluxnet2015/FLX_US-ARc_FLUXNET2015_FULLSET_HH_2005-2006_beta-5.csv [oneflux.pipeline.common]
2025-06-26 14:00:45.990 [INFO    ] Variable 'GPP_NT_CUT_50' might be missing from headers of file: /home/portnoy/u0/sytoanngo/ONEFlux/data/US-ARc_sample_output/99_fluxnet2015/FLX_US-ARc_FLUXNET2015_FULLSET_HH_2005-2006_beta-5.csv [oneflux.pipeline.common]
2025-06-26 14:00:45.990 [INFO    ] Variable 'GPP_NT_CUT_75' might be missing from headers of file: /home/portnoy/u0/sytoanngo/ONEFlux/data/US-ARc_sample_output/99_fluxnet2015/FLX_US-ARc_FLUXNET2015_FULLSET_HH_2005-2006_beta-5.csv [oneflux.pipeline.common]
2025-06-26 14:00:45.990 [INFO    ] Variable 'GPP_NT_CUT_84' might be missing from headers of file: /home/portnoy/u0/sytoanngo/ONEFlux/data/US-ARc_sample_output/99_fluxnet2015/FLX_US-ARc_FLUXNET2015_FULLSET_HH_2005-2006_beta-5.csv [oneflux.pipeline.common]
2025-06-26 14:00:45.990 [INFO    ] Variable 'GPP_NT_CUT_95' might be missing from headers of file: /home/portnoy/u0/sytoanngo/ONEFlux/data/US-ARc_sample_output/99_fluxnet2015/FLX_US-ARc_FLUXNET2015_FULLSET_HH_2005-2006_beta-5.csv [oneflux.pipeline.common]
2025-06-26 14:00:45.991 [INFO    ] Variable 'RECO_DT_CUT_05' might be missing from headers of file: /home/portnoy/u0/sytoanngo/ONEFlux/data/US-ARc_sample_output/99_fluxnet2015/FLX_US-ARc_FLUXNET2015_FULLSET_HH_2005-2006_beta-5.csv [oneflux.pipeline.common]
2025-06-26 14:00:45.991 [INFO    ] Variable 'RECO_DT_CUT_16' might be missing from headers of file: /home/portnoy/u0/sytoanngo/ONEFlux/data/US-ARc_sample_output/99_fluxnet2015/FLX_US-ARc_FLUXNET2015_FULLSET_HH_2005-2006_beta-5.csv [oneflux.pipeline.common]
2025-06-26 14:00:45.991 [INFO    ] Variable 'RECO_DT_CUT_25' might be missing from headers of file: /home/portnoy/u0/sytoanngo/ONEFlux/data/US-ARc_sample_output/99_fluxnet2015/FLX_US-ARc_FLUXNET2015_FULLSET_HH_2005-2006_beta-5.csv [oneflux.pipeline.common]
2025-06-26 14:00:45.991 [INFO    ] Variable 'RECO_DT_CUT_50' might be missing from headers of file: /home/portnoy/u0/sytoanngo/ONEFlux/data/US-ARc_sample_output/99_fluxnet2015/FLX_US-ARc_FLUXNET2015_FULLSET_HH_2005-2006_beta-5.csv [oneflux.pipeline.common]
2025-06-26 14:00:45.991 [INFO    ] Variable 'RECO_DT_CUT_75' might be missing from headers of file: /home/portnoy/u0/sytoanngo/ONEFlux/data/US-ARc_sample_output/99_fluxnet2015/FLX_US-ARc_FLUXNET2015_FULLSET_HH_2005-2006_beta-5.csv [oneflux.pipeline.common]
2025-06-26 14:00:45.991 [INFO    ] Variable 'RECO_DT_CUT_84' might be missing from headers of file: /home/portnoy/u0/sytoanngo/ONEFlux/data/US-ARc_sample_output/99_fluxnet2015/FLX_US-ARc_FLUXNET2015_FULLSET_HH_2005-2006_beta-5.csv [oneflux.pipeline.common]
2025-06-26 14:00:45.991 [INFO    ] Variable 'RECO_DT_CUT_95' might be missing from headers of file: /home/portnoy/u0/sytoanngo/ONEFlux/data/US-ARc_sample_output/99_fluxnet2015/FLX_US-ARc_FLUXNET2015_FULLSET_HH_2005-2006_beta-5.csv [oneflux.pipeline.common]
2025-06-26 14:00:45.991 [INFO    ] Variable 'GPP_DT_CUT_05' might be missing from headers of file: /home/portnoy/u0/sytoanngo/ONEFlux/data/US-ARc_sample_output/99_fluxnet2015/FLX_US-ARc_FLUXNET2015_FULLSET_HH_2005-2006_beta-5.csv [oneflux.pipeline.common]
2025-06-26 14:00:45.992 [INFO    ] Variable 'GPP_DT_CUT_16' might be missing from headers of file: /home/portnoy/u0/sytoanngo/ONEFlux/data/US-ARc_sample_output/99_fluxnet2015/FLX_US-ARc_FLUXNET2015_FULLSET_HH_2005-2006_beta-5.csv [oneflux.pipeline.common]
2025-06-26 14:00:45.992 [INFO    ] Variable 'GPP_DT_CUT_25' might be missing from headers of file: /home/portnoy/u0/sytoanngo/ONEFlux/data/US-ARc_sample_output/99_fluxnet2015/FLX_US-ARc_FLUXNET2015_FULLSET_HH_2005-2006_beta-5.csv [oneflux.pipeline.common]
2025-06-26 14:00:45.992 [INFO    ] Variable 'GPP_DT_CUT_50' might be missing from headers of file: /home/portnoy/u0/sytoanngo/ONEFlux/data/US-ARc_sample_output/99_fluxnet2015/FLX_US-ARc_FLUXNET2015_FULLSET_HH_2005-2006_beta-5.csv [oneflux.pipeline.common]
2025-06-26 14:00:45.992 [INFO    ] Variable 'GPP_DT_CUT_75' might be missing from headers of file: /home/portnoy/u0/sytoanngo/ONEFlux/data/US-ARc_sample_output/99_fluxnet2015/FLX_US-ARc_FLUXNET2015_FULLSET_HH_2005-2006_beta-5.csv [oneflux.pipeline.common]
2025-06-26 14:00:45.992 [INFO    ] Variable 'GPP_DT_CUT_84' might be missing from headers of file: /home/portnoy/u0/sytoanngo/ONEFlux/data/US-ARc_sample_output/99_fluxnet2015/FLX_US-ARc_FLUXNET2015_FULLSET_HH_2005-2006_beta-5.csv [oneflux.pipeline.common]
2025-06-26 14:00:45.992 [INFO    ] Variable 'GPP_DT_CUT_95' might be missing from headers of file: /home/portnoy/u0/sytoanngo/ONEFlux/data/US-ARc_sample_output/99_fluxnet2015/FLX_US-ARc_FLUXNET2015_FULLSET_HH_2005-2006_beta-5.csv [oneflux.pipeline.common]
2025-06-26 14:00:45.993 [INFO    ] Variable 'PPFD_DIF' might be missing from headers of file: /home/portnoy/u0/sytoanngo/ONEFlux/data/US-ARc_sample_output/99_fluxnet2015/FLX_US-ARc_FLUXNET2015_FULLSET_MM_2005-2006_beta-5.csv [oneflux.pipeline.common]
2025-06-26 14:00:45.994 [INFO    ] Variable 'PPFD_DIF_QC' might be missing from headers of file: /home/portnoy/u0/sytoanngo/ONEFlux/data/US-ARc_sample_output/99_fluxnet2015/FLX_US-ARc_FLUXNET2015_FULLSET_MM_2005-2006_beta-5.csv [oneflux.pipeline.common]
2025-06-26 14:00:45.994 [INFO    ] Variable 'PPFD_OUT' might be missing from headers of file: /home/portnoy/u0/sytoanngo/ONEFlux/data/US-ARc_sample_output/99_fluxnet2015/FLX_US-ARc_FLUXNET2015_FULLSET_MM_2005-2006_beta-5.csv [oneflux.pipeline.common]
2025-06-26 14:00:45.994 [INFO    ] Variable 'PPFD_OUT_QC' might be missing from headers of file: /home/portnoy/u0/sytoanngo/ONEFlux/data/US-ARc_sample_output/99_fluxnet2015/FLX_US-ARc_FLUXNET2015_FULLSET_MM_2005-2006_beta-5.csv [oneflux.pipeline.common]
2025-06-26 14:00:45.994 [INFO    ] Variable 'SW_DIF' might be missing from headers of file: /home/portnoy/u0/sytoanngo/ONEFlux/data/US-ARc_sample_output/99_fluxnet2015/FLX_US-ARc_FLUXNET2015_FULLSET_MM_2005-2006_beta-5.csv [oneflux.pipeline.common]
2025-06-26 14:00:45.994 [INFO    ] Variable 'SW_DIF_QC' might be missing from headers of file: /home/portnoy/u0/sytoanngo/ONEFlux/data/US-ARc_sample_output/99_fluxnet2015/FLX_US-ARc_FLUXNET2015_FULLSET_MM_2005-2006_beta-5.csv [oneflux.pipeline.common]
2025-06-26 14:00:45.994 [INFO    ] Variable 'SW_OUT' might be missing from headers of file: /home/portnoy/u0/sytoanngo/ONEFlux/data/US-ARc_sample_output/99_fluxnet2015/FLX_US-ARc_FLUXNET2015_FULLSET_MM_2005-2006_beta-5.csv [oneflux.pipeline.common]
2025-06-26 14:00:45.994 [INFO    ] Variable 'SW_OUT_QC' might be missing from headers of file: /home/portnoy/u0/sytoanngo/ONEFlux/data/US-ARc_sample_output/99_fluxnet2015/FLX_US-ARc_FLUXNET2015_FULLSET_MM_2005-2006_beta-5.csv [oneflux.pipeline.common]
2025-06-26 14:00:45.994 [INFO    ] Variable 'LW_OUT' might be missing from headers of file: /home/portnoy/u0/sytoanngo/ONEFlux/data/US-ARc_sample_output/99_fluxnet2015/FLX_US-ARc_FLUXNET2015_FULLSET_MM_2005-2006_beta-5.csv [oneflux.pipeline.common]
2025-06-26 14:00:45.995 [INFO    ] Variable 'LW_OUT_QC' might be missing from headers of file: /home/portnoy/u0/sytoanngo/ONEFlux/data/US-ARc_sample_output/99_fluxnet2015/FLX_US-ARc_FLUXNET2015_FULLSET_MM_2005-2006_beta-5.csv [oneflux.pipeline.common]
2025-06-26 14:00:45.995 [INFO    ] Variable 'PA' might be missing from headers of file: /home/portnoy/u0/sytoanngo/ONEFlux/data/US-ARc_sample_output/99_fluxnet2015/FLX_US-ARc_FLUXNET2015_FULLSET_MM_2005-2006_beta-5.csv [oneflux.pipeline.common]
2025-06-26 14:00:45.995 [INFO    ] Variable 'P' might be missing from headers of file: /home/portnoy/u0/sytoanngo/ONEFlux/data/US-ARc_sample_output/99_fluxnet2015/FLX_US-ARc_FLUXNET2015_FULLSET_MM_2005-2006_beta-5.csv [oneflux.pipeline.common]
2025-06-26 14:00:45.995 [INFO    ] Variable 'WS' might be missing from headers of file: /home/portnoy/u0/sytoanngo/ONEFlux/data/US-ARc_sample_output/99_fluxnet2015/FLX_US-ARc_FLUXNET2015_FULLSET_MM_2005-2006_beta-5.csv [oneflux.pipeline.common]
2025-06-26 14:00:45.995 [INFO    ] Variable 'WD' might be missing from headers of file: /home/portnoy/u0/sytoanngo/ONEFlux/data/US-ARc_sample_output/99_fluxnet2015/FLX_US-ARc_FLUXNET2015_FULLSET_MM_2005-2006_beta-5.csv [oneflux.pipeline.common]
2025-06-26 14:00:45.995 [INFO    ] Variable 'RH' might be missing from headers of file: /home/portnoy/u0/sytoanngo/ONEFlux/data/US-ARc_sample_output/99_fluxnet2015/FLX_US-ARc_FLUXNET2015_FULLSET_MM_2005-2006_beta-5.csv [oneflux.pipeline.common]
2025-06-26 14:00:45.995 [INFO    ] Variable 'LE_CORR_25' might be missing from headers of file: /home/portnoy/u0/sytoanngo/ONEFlux/data/US-ARc_sample_output/99_fluxnet2015/FLX_US-ARc_FLUXNET2015_FULLSET_MM_2005-2006_beta-5.csv [oneflux.pipeline.common]
2025-06-26 14:00:45.995 [INFO    ] Variable 'LE_CORR_75' might be missing from headers of file: /home/portnoy/u0/sytoanngo/ONEFlux/data/US-ARc_sample_output/99_fluxnet2015/FLX_US-ARc_FLUXNET2015_FULLSET_MM_2005-2006_beta-5.csv [oneflux.pipeline.common]
2025-06-26 14:00:45.996 [INFO    ] Variable 'LE_RANDUNC_METHOD' might be missing from headers of file: /home/portnoy/u0/sytoanngo/ONEFlux/data/US-ARc_sample_output/99_fluxnet2015/FLX_US-ARc_FLUXNET2015_FULLSET_MM_2005-2006_beta-5.csv [oneflux.pipeline.common]
2025-06-26 14:00:45.996 [INFO    ] Variable 'LE_RANDUNC_N' might be missing from headers of file: /home/portnoy/u0/sytoanngo/ONEFlux/data/US-ARc_sample_output/99_fluxnet2015/FLX_US-ARc_FLUXNET2015_FULLSET_MM_2005-2006_beta-5.csv [oneflux.pipeline.common]
2025-06-26 14:00:45.996 [INFO    ] Variable 'LE_CORR_JOINTUNC' might be missing from headers of file: /home/portnoy/u0/sytoanngo/ONEFlux/data/US-ARc_sample_output/99_fluxnet2015/FLX_US-ARc_FLUXNET2015_FULLSET_MM_2005-2006_beta-5.csv [oneflux.pipeline.common]
2025-06-26 14:00:45.996 [INFO    ] Variable 'H_CORR_25' might be missing from headers of file: /home/portnoy/u0/sytoanngo/ONEFlux/data/US-ARc_sample_output/99_fluxnet2015/FLX_US-ARc_FLUXNET2015_FULLSET_MM_2005-2006_beta-5.csv [oneflux.pipeline.common]
2025-06-26 14:00:45.996 [INFO    ] Variable 'H_CORR_75' might be missing from headers of file: /home/portnoy/u0/sytoanngo/ONEFlux/data/US-ARc_sample_output/99_fluxnet2015/FLX_US-ARc_FLUXNET2015_FULLSET_MM_2005-2006_beta-5.csv [oneflux.pipeline.common]
2025-06-26 14:00:45.996 [INFO    ] Variable 'H_RANDUNC_METHOD' might be missing from headers of file: /home/portnoy/u0/sytoanngo/ONEFlux/data/US-ARc_sample_output/99_fluxnet2015/FLX_US-ARc_FLUXNET2015_FULLSET_MM_2005-2006_beta-5.csv [oneflux.pipeline.common]
2025-06-26 14:00:45.996 [INFO    ] Variable 'H_RANDUNC_N' might be missing from headers of file: /home/portnoy/u0/sytoanngo/ONEFlux/data/US-ARc_sample_output/99_fluxnet2015/FLX_US-ARc_FLUXNET2015_FULLSET_MM_2005-2006_beta-5.csv [oneflux.pipeline.common]
2025-06-26 14:00:45.996 [INFO    ] Variable 'H_CORR_JOINTUNC' might be missing from headers of file: /home/portnoy/u0/sytoanngo/ONEFlux/data/US-ARc_sample_output/99_fluxnet2015/FLX_US-ARc_FLUXNET2015_FULLSET_MM_2005-2006_beta-5.csv [oneflux.pipeline.common]
2025-06-26 14:00:45.997 [INFO    ] Variable 'NEE_CUT_REF' might be missing from headers of file: /home/portnoy/u0/sytoanngo/ONEFlux/data/US-ARc_sample_output/99_fluxnet2015/FLX_US-ARc_FLUXNET2015_FULLSET_MM_2005-2006_beta-5.csv [oneflux.pipeline.common]
2025-06-26 14:00:45.997 [INFO    ] Variable 'NEE_CUT_REF_QC' might be missing from headers of file: /home/portnoy/u0/sytoanngo/ONEFlux/data/US-ARc_sample_output/99_fluxnet2015/FLX_US-ARc_FLUXNET2015_FULLSET_MM_2005-2006_beta-5.csv [oneflux.pipeline.common]
2025-06-26 14:00:45.997 [INFO    ] Variable 'NEE_CUT_REF_RANDUNC' might be missing from headers of file: /home/portnoy/u0/sytoanngo/ONEFlux/data/US-ARc_sample_output/99_fluxnet2015/FLX_US-ARc_FLUXNET2015_FULLSET_MM_2005-2006_beta-5.csv [oneflux.pipeline.common]
2025-06-26 14:00:45.997 [INFO    ] Variable 'RECO_NT_CUT_REF' might be missing from headers of file: /home/portnoy/u0/sytoanngo/ONEFlux/data/US-ARc_sample_output/99_fluxnet2015/FLX_US-ARc_FLUXNET2015_FULLSET_MM_2005-2006_beta-5.csv [oneflux.pipeline.common]
2025-06-26 14:00:45.997 [INFO    ] Variable 'GPP_NT_CUT_REF' might be missing from headers of file: /home/portnoy/u0/sytoanngo/ONEFlux/data/US-ARc_sample_output/99_fluxnet2015/FLX_US-ARc_FLUXNET2015_FULLSET_MM_2005-2006_beta-5.csv [oneflux.pipeline.common]
2025-06-26 14:00:45.997 [INFO    ] Variable 'RECO_DT_CUT_REF' might be missing from headers of file: /home/portnoy/u0/sytoanngo/ONEFlux/data/US-ARc_sample_output/99_fluxnet2015/FLX_US-ARc_FLUXNET2015_FULLSET_MM_2005-2006_beta-5.csv [oneflux.pipeline.common]
2025-06-26 14:00:45.997 [INFO    ] Variable 'GPP_DT_CUT_REF' might be missing from headers of file: /home/portnoy/u0/sytoanngo/ONEFlux/data/US-ARc_sample_output/99_fluxnet2015/FLX_US-ARc_FLUXNET2015_FULLSET_MM_2005-2006_beta-5.csv [oneflux.pipeline.common]
2025-06-26 14:00:45.997 [INFO    ] Variable 'TS_F_MDS_2' might be missing from headers of file: /home/portnoy/u0/sytoanngo/ONEFlux/data/US-ARc_sample_output/99_fluxnet2015/FLX_US-ARc_FLUXNET2015_FULLSET_MM_2005-2006_beta-5.csv [oneflux.pipeline.common]
2025-06-26 14:00:45.998 [INFO    ] Variable 'TS_F_MDS_3' might be missing from headers of file: /home/portnoy/u0/sytoanngo/ONEFlux/data/US-ARc_sample_output/99_fluxnet2015/FLX_US-ARc_FLUXNET2015_FULLSET_MM_2005-2006_beta-5.csv [oneflux.pipeline.common]
2025-06-26 14:00:45.998 [INFO    ] Variable 'TS_F_MDS_4' might be missing from headers of file: /home/portnoy/u0/sytoanngo/ONEFlux/data/US-ARc_sample_output/99_fluxnet2015/FLX_US-ARc_FLUXNET2015_FULLSET_MM_2005-2006_beta-5.csv [oneflux.pipeline.common]
2025-06-26 14:00:45.998 [INFO    ] Variable 'TS_F_MDS_5' might be missing from headers of file: /home/portnoy/u0/sytoanngo/ONEFlux/data/US-ARc_sample_output/99_fluxnet2015/FLX_US-ARc_FLUXNET2015_FULLSET_MM_2005-2006_beta-5.csv [oneflux.pipeline.common]
2025-06-26 14:00:45.998 [INFO    ] Variable 'TS_F_MDS_6' might be missing from headers of file: /home/portnoy/u0/sytoanngo/ONEFlux/data/US-ARc_sample_output/99_fluxnet2015/FLX_US-ARc_FLUXNET2015_FULLSET_MM_2005-2006_beta-5.csv [oneflux.pipeline.common]
2025-06-26 14:00:45.998 [INFO    ] Variable 'TS_F_MDS_7' might be missing from headers of file: /home/portnoy/u0/sytoanngo/ONEFlux/data/US-ARc_sample_output/99_fluxnet2015/FLX_US-ARc_FLUXNET2015_FULLSET_MM_2005-2006_beta-5.csv [oneflux.pipeline.common]
2025-06-26 14:00:45.998 [INFO    ] Variable 'TS_F_MDS_8' might be missing from headers of file: /home/portnoy/u0/sytoanngo/ONEFlux/data/US-ARc_sample_output/99_fluxnet2015/FLX_US-ARc_FLUXNET2015_FULLSET_MM_2005-2006_beta-5.csv [oneflux.pipeline.common]
2025-06-26 14:00:45.998 [INFO    ] Variable 'TS_F_MDS_9' might be missing from headers of file: /home/portnoy/u0/sytoanngo/ONEFlux/data/US-ARc_sample_output/99_fluxnet2015/FLX_US-ARc_FLUXNET2015_FULLSET_MM_2005-2006_beta-5.csv [oneflux.pipeline.common]
2025-06-26 14:00:45.998 [INFO    ] Variable 'TS_F_MDS_10' might be missing from headers of file: /home/portnoy/u0/sytoanngo/ONEFlux/data/US-ARc_sample_output/99_fluxnet2015/FLX_US-ARc_FLUXNET2015_FULLSET_MM_2005-2006_beta-5.csv [oneflux.pipeline.common]
2025-06-26 14:00:45.999 [INFO    ] Variable 'TS_F_MDS_11' might be missing from headers of file: /home/portnoy/u0/sytoanngo/ONEFlux/data/US-ARc_sample_output/99_fluxnet2015/FLX_US-ARc_FLUXNET2015_FULLSET_MM_2005-2006_beta-5.csv [oneflux.pipeline.common]
2025-06-26 14:00:45.999 [INFO    ] Variable 'TS_F_MDS_12' might be missing from headers of file: /home/portnoy/u0/sytoanngo/ONEFlux/data/US-ARc_sample_output/99_fluxnet2015/FLX_US-ARc_FLUXNET2015_FULLSET_MM_2005-2006_beta-5.csv [oneflux.pipeline.common]
2025-06-26 14:00:45.999 [INFO    ] Variable 'TS_F_MDS_13' might be missing from headers of file: /home/portnoy/u0/sytoanngo/ONEFlux/data/US-ARc_sample_output/99_fluxnet2015/FLX_US-ARc_FLUXNET2015_FULLSET_MM_2005-2006_beta-5.csv [oneflux.pipeline.common]
2025-06-26 14:00:45.999 [INFO    ] Variable 'TS_F_MDS_14' might be missing from headers of file: /home/portnoy/u0/sytoanngo/ONEFlux/data/US-ARc_sample_output/99_fluxnet2015/FLX_US-ARc_FLUXNET2015_FULLSET_MM_2005-2006_beta-5.csv [oneflux.pipeline.common]
2025-06-26 14:00:45.999 [INFO    ] Variable 'TS_F_MDS_15' might be missing from headers of file: /home/portnoy/u0/sytoanngo/ONEFlux/data/US-ARc_sample_output/99_fluxnet2015/FLX_US-ARc_FLUXNET2015_FULLSET_MM_2005-2006_beta-5.csv [oneflux.pipeline.common]
2025-06-26 14:00:45.999 [INFO    ] Variable 'TS_F_MDS_16' might be missing from headers of file: /home/portnoy/u0/sytoanngo/ONEFlux/data/US-ARc_sample_output/99_fluxnet2015/FLX_US-ARc_FLUXNET2015_FULLSET_MM_2005-2006_beta-5.csv [oneflux.pipeline.common]
2025-06-26 14:00:45.999 [INFO    ] Variable 'TS_F_MDS_17' might be missing from headers of file: /home/portnoy/u0/sytoanngo/ONEFlux/data/US-ARc_sample_output/99_fluxnet2015/FLX_US-ARc_FLUXNET2015_FULLSET_MM_2005-2006_beta-5.csv [oneflux.pipeline.common]
2025-06-26 14:00:45.999 [INFO    ] Variable 'TS_F_MDS_18' might be missing from headers of file: /home/portnoy/u0/sytoanngo/ONEFlux/data/US-ARc_sample_output/99_fluxnet2015/FLX_US-ARc_FLUXNET2015_FULLSET_MM_2005-2006_beta-5.csv [oneflux.pipeline.common]
2025-06-26 14:00:46.000 [INFO    ] Variable 'TS_F_MDS_19' might be missing from headers of file: /home/portnoy/u0/sytoanngo/ONEFlux/data/US-ARc_sample_output/99_fluxnet2015/FLX_US-ARc_FLUXNET2015_FULLSET_MM_2005-2006_beta-5.csv [oneflux.pipeline.common]
2025-06-26 14:00:46.000 [INFO    ] Variable 'TS_F_MDS_2_QC' might be missing from headers of file: /home/portnoy/u0/sytoanngo/ONEFlux/data/US-ARc_sample_output/99_fluxnet2015/FLX_US-ARc_FLUXNET2015_FULLSET_MM_2005-2006_beta-5.csv [oneflux.pipeline.common]
2025-06-26 14:00:46.000 [INFO    ] Variable 'TS_F_MDS_3_QC' might be missing from headers of file: /home/portnoy/u0/sytoanngo/ONEFlux/data/US-ARc_sample_output/99_fluxnet2015/FLX_US-ARc_FLUXNET2015_FULLSET_MM_2005-2006_beta-5.csv [oneflux.pipeline.common]
2025-06-26 14:00:46.000 [INFO    ] Variable 'TS_F_MDS_4_QC' might be missing from headers of file: /home/portnoy/u0/sytoanngo/ONEFlux/data/US-ARc_sample_output/99_fluxnet2015/FLX_US-ARc_FLUXNET2015_FULLSET_MM_2005-2006_beta-5.csv [oneflux.pipeline.common]
2025-06-26 14:00:46.000 [INFO    ] Variable 'TS_F_MDS_5_QC' might be missing from headers of file: /home/portnoy/u0/sytoanngo/ONEFlux/data/US-ARc_sample_output/99_fluxnet2015/FLX_US-ARc_FLUXNET2015_FULLSET_MM_2005-2006_beta-5.csv [oneflux.pipeline.common]
2025-06-26 14:00:46.000 [INFO    ] Variable 'TS_F_MDS_6_QC' might be missing from headers of file: /home/portnoy/u0/sytoanngo/ONEFlux/data/US-ARc_sample_output/99_fluxnet2015/FLX_US-ARc_FLUXNET2015_FULLSET_MM_2005-2006_beta-5.csv [oneflux.pipeline.common]
2025-06-26 14:00:46.000 [INFO    ] Variable 'TS_F_MDS_7_QC' might be missing from headers of file: /home/portnoy/u0/sytoanngo/ONEFlux/data/US-ARc_sample_output/99_fluxnet2015/FLX_US-ARc_FLUXNET2015_FULLSET_MM_2005-2006_beta-5.csv [oneflux.pipeline.common]
2025-06-26 14:00:46.000 [INFO    ] Variable 'TS_F_MDS_8_QC' might be missing from headers of file: /home/portnoy/u0/sytoanngo/ONEFlux/data/US-ARc_sample_output/99_fluxnet2015/FLX_US-ARc_FLUXNET2015_FULLSET_MM_2005-2006_beta-5.csv [oneflux.pipeline.common]
2025-06-26 14:00:46.001 [INFO    ] Variable 'TS_F_MDS_9_QC' might be missing from headers of file: /home/portnoy/u0/sytoanngo/ONEFlux/data/US-ARc_sample_output/99_fluxnet2015/FLX_US-ARc_FLUXNET2015_FULLSET_MM_2005-2006_beta-5.csv [oneflux.pipeline.common]
2025-06-26 14:00:46.001 [INFO    ] Variable 'TS_F_MDS_10_QC' might be missing from headers of file: /home/portnoy/u0/sytoanngo/ONEFlux/data/US-ARc_sample_output/99_fluxnet2015/FLX_US-ARc_FLUXNET2015_FULLSET_MM_2005-2006_beta-5.csv [oneflux.pipeline.common]
2025-06-26 14:00:46.001 [INFO    ] Variable 'TS_F_MDS_11_QC' might be missing from headers of file: /home/portnoy/u0/sytoanngo/ONEFlux/data/US-ARc_sample_output/99_fluxnet2015/FLX_US-ARc_FLUXNET2015_FULLSET_MM_2005-2006_beta-5.csv [oneflux.pipeline.common]
2025-06-26 14:00:46.001 [INFO    ] Variable 'TS_F_MDS_12_QC' might be missing from headers of file: /home/portnoy/u0/sytoanngo/ONEFlux/data/US-ARc_sample_output/99_fluxnet2015/FLX_US-ARc_FLUXNET2015_FULLSET_MM_2005-2006_beta-5.csv [oneflux.pipeline.common]
2025-06-26 14:00:46.001 [INFO    ] Variable 'TS_F_MDS_13_QC' might be missing from headers of file: /home/portnoy/u0/sytoanngo/ONEFlux/data/US-ARc_sample_output/99_fluxnet2015/FLX_US-ARc_FLUXNET2015_FULLSET_MM_2005-2006_beta-5.csv [oneflux.pipeline.common]
2025-06-26 14:00:46.001 [INFO    ] Variable 'TS_F_MDS_14_QC' might be missing from headers of file: /home/portnoy/u0/sytoanngo/ONEFlux/data/US-ARc_sample_output/99_fluxnet2015/FLX_US-ARc_FLUXNET2015_FULLSET_MM_2005-2006_beta-5.csv [oneflux.pipeline.common]
2025-06-26 14:00:46.001 [INFO    ] Variable 'TS_F_MDS_15_QC' might be missing from headers of file: /home/portnoy/u0/sytoanngo/ONEFlux/data/US-ARc_sample_output/99_fluxnet2015/FLX_US-ARc_FLUXNET2015_FULLSET_MM_2005-2006_beta-5.csv [oneflux.pipeline.common]
2025-06-26 14:00:46.001 [INFO    ] Variable 'TS_F_MDS_16_QC' might be missing from headers of file: /home/portnoy/u0/sytoanngo/ONEFlux/data/US-ARc_sample_output/99_fluxnet2015/FLX_US-ARc_FLUXNET2015_FULLSET_MM_2005-2006_beta-5.csv [oneflux.pipeline.common]
2025-06-26 14:00:46.001 [INFO    ] Variable 'TS_F_MDS_17_QC' might be missing from headers of file: /home/portnoy/u0/sytoanngo/ONEFlux/data/US-ARc_sample_output/99_fluxnet2015/FLX_US-ARc_FLUXNET2015_FULLSET_MM_2005-2006_beta-5.csv [oneflux.pipeline.common]
2025-06-26 14:00:46.002 [INFO    ] Variable 'TS_F_MDS_18_QC' might be missing from headers of file: /home/portnoy/u0/sytoanngo/ONEFlux/data/US-ARc_sample_output/99_fluxnet2015/FLX_US-ARc_FLUXNET2015_FULLSET_MM_2005-2006_beta-5.csv [oneflux.pipeline.common]
2025-06-26 14:00:46.002 [INFO    ] Variable 'TS_F_MDS_19_QC' might be missing from headers of file: /home/portnoy/u0/sytoanngo/ONEFlux/data/US-ARc_sample_output/99_fluxnet2015/FLX_US-ARc_FLUXNET2015_FULLSET_MM_2005-2006_beta-5.csv [oneflux.pipeline.common]
2025-06-26 14:00:46.002 [INFO    ] Variable 'SWC_F_MDS_2' might be missing from headers of file: /home/portnoy/u0/sytoanngo/ONEFlux/data/US-ARc_sample_output/99_fluxnet2015/FLX_US-ARc_FLUXNET2015_FULLSET_MM_2005-2006_beta-5.csv [oneflux.pipeline.common]
2025-06-26 14:00:46.002 [INFO    ] Variable 'SWC_F_MDS_3' might be missing from headers of file: /home/portnoy/u0/sytoanngo/ONEFlux/data/US-ARc_sample_output/99_fluxnet2015/FLX_US-ARc_FLUXNET2015_FULLSET_MM_2005-2006_beta-5.csv [oneflux.pipeline.common]
2025-06-26 14:00:46.002 [INFO    ] Variable 'SWC_F_MDS_4' might be missing from headers of file: /home/portnoy/u0/sytoanngo/ONEFlux/data/US-ARc_sample_output/99_fluxnet2015/FLX_US-ARc_FLUXNET2015_FULLSET_MM_2005-2006_beta-5.csv [oneflux.pipeline.common]
2025-06-26 14:00:46.002 [INFO    ] Variable 'SWC_F_MDS_5' might be missing from headers of file: /home/portnoy/u0/sytoanngo/ONEFlux/data/US-ARc_sample_output/99_fluxnet2015/FLX_US-ARc_FLUXNET2015_FULLSET_MM_2005-2006_beta-5.csv [oneflux.pipeline.common]
2025-06-26 14:00:46.002 [INFO    ] Variable 'SWC_F_MDS_6' might be missing from headers of file: /home/portnoy/u0/sytoanngo/ONEFlux/data/US-ARc_sample_output/99_fluxnet2015/FLX_US-ARc_FLUXNET2015_FULLSET_MM_2005-2006_beta-5.csv [oneflux.pipeline.common]
2025-06-26 14:00:46.003 [INFO    ] Variable 'SWC_F_MDS_7' might be missing from headers of file: /home/portnoy/u0/sytoanngo/ONEFlux/data/US-ARc_sample_output/99_fluxnet2015/FLX_US-ARc_FLUXNET2015_FULLSET_MM_2005-2006_beta-5.csv [oneflux.pipeline.common]
2025-06-26 14:00:46.003 [INFO    ] Variable 'SWC_F_MDS_8' might be missing from headers of file: /home/portnoy/u0/sytoanngo/ONEFlux/data/US-ARc_sample_output/99_fluxnet2015/FLX_US-ARc_FLUXNET2015_FULLSET_MM_2005-2006_beta-5.csv [oneflux.pipeline.common]
2025-06-26 14:00:46.003 [INFO    ] Variable 'SWC_F_MDS_9' might be missing from headers of file: /home/portnoy/u0/sytoanngo/ONEFlux/data/US-ARc_sample_output/99_fluxnet2015/FLX_US-ARc_FLUXNET2015_FULLSET_MM_2005-2006_beta-5.csv [oneflux.pipeline.common]
2025-06-26 14:00:46.003 [INFO    ] Variable 'SWC_F_MDS_10' might be missing from headers of file: /home/portnoy/u0/sytoanngo/ONEFlux/data/US-ARc_sample_output/99_fluxnet2015/FLX_US-ARc_FLUXNET2015_FULLSET_MM_2005-2006_beta-5.csv [oneflux.pipeline.common]
2025-06-26 14:00:46.003 [INFO    ] Variable 'SWC_F_MDS_11' might be missing from headers of file: /home/portnoy/u0/sytoanngo/ONEFlux/data/US-ARc_sample_output/99_fluxnet2015/FLX_US-ARc_FLUXNET2015_FULLSET_MM_2005-2006_beta-5.csv [oneflux.pipeline.common]
2025-06-26 14:00:46.003 [INFO    ] Variable 'SWC_F_MDS_12' might be missing from headers of file: /home/portnoy/u0/sytoanngo/ONEFlux/data/US-ARc_sample_output/99_fluxnet2015/FLX_US-ARc_FLUXNET2015_FULLSET_MM_2005-2006_beta-5.csv [oneflux.pipeline.common]
2025-06-26 14:00:46.003 [INFO    ] Variable 'SWC_F_MDS_13' might be missing from headers of file: /home/portnoy/u0/sytoanngo/ONEFlux/data/US-ARc_sample_output/99_fluxnet2015/FLX_US-ARc_FLUXNET2015_FULLSET_MM_2005-2006_beta-5.csv [oneflux.pipeline.common]
2025-06-26 14:00:46.003 [INFO    ] Variable 'SWC_F_MDS_14' might be missing from headers of file: /home/portnoy/u0/sytoanngo/ONEFlux/data/US-ARc_sample_output/99_fluxnet2015/FLX_US-ARc_FLUXNET2015_FULLSET_MM_2005-2006_beta-5.csv [oneflux.pipeline.common]
2025-06-26 14:00:46.004 [INFO    ] Variable 'SWC_F_MDS_15' might be missing from headers of file: /home/portnoy/u0/sytoanngo/ONEFlux/data/US-ARc_sample_output/99_fluxnet2015/FLX_US-ARc_FLUXNET2015_FULLSET_MM_2005-2006_beta-5.csv [oneflux.pipeline.common]
2025-06-26 14:00:46.004 [INFO    ] Variable 'SWC_F_MDS_16' might be missing from headers of file: /home/portnoy/u0/sytoanngo/ONEFlux/data/US-ARc_sample_output/99_fluxnet2015/FLX_US-ARc_FLUXNET2015_FULLSET_MM_2005-2006_beta-5.csv [oneflux.pipeline.common]
2025-06-26 14:00:46.004 [INFO    ] Variable 'SWC_F_MDS_17' might be missing from headers of file: /home/portnoy/u0/sytoanngo/ONEFlux/data/US-ARc_sample_output/99_fluxnet2015/FLX_US-ARc_FLUXNET2015_FULLSET_MM_2005-2006_beta-5.csv [oneflux.pipeline.common]
2025-06-26 14:00:46.004 [INFO    ] Variable 'SWC_F_MDS_18' might be missing from headers of file: /home/portnoy/u0/sytoanngo/ONEFlux/data/US-ARc_sample_output/99_fluxnet2015/FLX_US-ARc_FLUXNET2015_FULLSET_MM_2005-2006_beta-5.csv [oneflux.pipeline.common]
2025-06-26 14:00:46.004 [INFO    ] Variable 'SWC_F_MDS_19' might be missing from headers of file: /home/portnoy/u0/sytoanngo/ONEFlux/data/US-ARc_sample_output/99_fluxnet2015/FLX_US-ARc_FLUXNET2015_FULLSET_MM_2005-2006_beta-5.csv [oneflux.pipeline.common]
2025-06-26 14:00:46.004 [INFO    ] Variable 'SWC_F_MDS_2_QC' might be missing from headers of file: /home/portnoy/u0/sytoanngo/ONEFlux/data/US-ARc_sample_output/99_fluxnet2015/FLX_US-ARc_FLUXNET2015_FULLSET_MM_2005-2006_beta-5.csv [oneflux.pipeline.common]
2025-06-26 14:00:46.004 [INFO    ] Variable 'SWC_F_MDS_3_QC' might be missing from headers of file: /home/portnoy/u0/sytoanngo/ONEFlux/data/US-ARc_sample_output/99_fluxnet2015/FLX_US-ARc_FLUXNET2015_FULLSET_MM_2005-2006_beta-5.csv [oneflux.pipeline.common]
2025-06-26 14:00:46.004 [INFO    ] Variable 'SWC_F_MDS_4_QC' might be missing from headers of file: /home/portnoy/u0/sytoanngo/ONEFlux/data/US-ARc_sample_output/99_fluxnet2015/FLX_US-ARc_FLUXNET2015_FULLSET_MM_2005-2006_beta-5.csv [oneflux.pipeline.common]
2025-06-26 14:00:46.005 [INFO    ] Variable 'SWC_F_MDS_5_QC' might be missing from headers of file: /home/portnoy/u0/sytoanngo/ONEFlux/data/US-ARc_sample_output/99_fluxnet2015/FLX_US-ARc_FLUXNET2015_FULLSET_MM_2005-2006_beta-5.csv [oneflux.pipeline.common]
2025-06-26 14:00:46.005 [INFO    ] Variable 'SWC_F_MDS_6_QC' might be missing from headers of file: /home/portnoy/u0/sytoanngo/ONEFlux/data/US-ARc_sample_output/99_fluxnet2015/FLX_US-ARc_FLUXNET2015_FULLSET_MM_2005-2006_beta-5.csv [oneflux.pipeline.common]
2025-06-26 14:00:46.005 [INFO    ] Variable 'SWC_F_MDS_7_QC' might be missing from headers of file: /home/portnoy/u0/sytoanngo/ONEFlux/data/US-ARc_sample_output/99_fluxnet2015/FLX_US-ARc_FLUXNET2015_FULLSET_MM_2005-2006_beta-5.csv [oneflux.pipeline.common]
2025-06-26 14:00:46.005 [INFO    ] Variable 'SWC_F_MDS_8_QC' might be missing from headers of file: /home/portnoy/u0/sytoanngo/ONEFlux/data/US-ARc_sample_output/99_fluxnet2015/FLX_US-ARc_FLUXNET2015_FULLSET_MM_2005-2006_beta-5.csv [oneflux.pipeline.common]
2025-06-26 14:00:46.005 [INFO    ] Variable 'SWC_F_MDS_9_QC' might be missing from headers of file: /home/portnoy/u0/sytoanngo/ONEFlux/data/US-ARc_sample_output/99_fluxnet2015/FLX_US-ARc_FLUXNET2015_FULLSET_MM_2005-2006_beta-5.csv [oneflux.pipeline.common]
2025-06-26 14:00:46.005 [INFO    ] Variable 'SWC_F_MDS_10_QC' might be missing from headers of file: /home/portnoy/u0/sytoanngo/ONEFlux/data/US-ARc_sample_output/99_fluxnet2015/FLX_US-ARc_FLUXNET2015_FULLSET_MM_2005-2006_beta-5.csv [oneflux.pipeline.common]
2025-06-26 14:00:46.005 [INFO    ] Variable 'SWC_F_MDS_11_QC' might be missing from headers of file: /home/portnoy/u0/sytoanngo/ONEFlux/data/US-ARc_sample_output/99_fluxnet2015/FLX_US-ARc_FLUXNET2015_FULLSET_MM_2005-2006_beta-5.csv [oneflux.pipeline.common]
2025-06-26 14:00:46.005 [INFO    ] Variable 'SWC_F_MDS_12_QC' might be missing from headers of file: /home/portnoy/u0/sytoanngo/ONEFlux/data/US-ARc_sample_output/99_fluxnet2015/FLX_US-ARc_FLUXNET2015_FULLSET_MM_2005-2006_beta-5.csv [oneflux.pipeline.common]
2025-06-26 14:00:46.006 [INFO    ] Variable 'SWC_F_MDS_13_QC' might be missing from headers of file: /home/portnoy/u0/sytoanngo/ONEFlux/data/US-ARc_sample_output/99_fluxnet2015/FLX_US-ARc_FLUXNET2015_FULLSET_MM_2005-2006_beta-5.csv [oneflux.pipeline.common]
2025-06-26 14:00:46.006 [INFO    ] Variable 'SWC_F_MDS_14_QC' might be missing from headers of file: /home/portnoy/u0/sytoanngo/ONEFlux/data/US-ARc_sample_output/99_fluxnet2015/FLX_US-ARc_FLUXNET2015_FULLSET_MM_2005-2006_beta-5.csv [oneflux.pipeline.common]
2025-06-26 14:00:46.006 [INFO    ] Variable 'SWC_F_MDS_15_QC' might be missing from headers of file: /home/portnoy/u0/sytoanngo/ONEFlux/data/US-ARc_sample_output/99_fluxnet2015/FLX_US-ARc_FLUXNET2015_FULLSET_MM_2005-2006_beta-5.csv [oneflux.pipeline.common]
2025-06-26 14:00:46.006 [INFO    ] Variable 'SWC_F_MDS_16_QC' might be missing from headers of file: /home/portnoy/u0/sytoanngo/ONEFlux/data/US-ARc_sample_output/99_fluxnet2015/FLX_US-ARc_FLUXNET2015_FULLSET_MM_2005-2006_beta-5.csv [oneflux.pipeline.common]
2025-06-26 14:00:46.006 [INFO    ] Variable 'SWC_F_MDS_17_QC' might be missing from headers of file: /home/portnoy/u0/sytoanngo/ONEFlux/data/US-ARc_sample_output/99_fluxnet2015/FLX_US-ARc_FLUXNET2015_FULLSET_MM_2005-2006_beta-5.csv [oneflux.pipeline.common]
2025-06-26 14:00:46.006 [INFO    ] Variable 'SWC_F_MDS_18_QC' might be missing from headers of file: /home/portnoy/u0/sytoanngo/ONEFlux/data/US-ARc_sample_output/99_fluxnet2015/FLX_US-ARc_FLUXNET2015_FULLSET_MM_2005-2006_beta-5.csv [oneflux.pipeline.common]
2025-06-26 14:00:46.006 [INFO    ] Variable 'SWC_F_MDS_19_QC' might be missing from headers of file: /home/portnoy/u0/sytoanngo/ONEFlux/data/US-ARc_sample_output/99_fluxnet2015/FLX_US-ARc_FLUXNET2015_FULLSET_MM_2005-2006_beta-5.csv [oneflux.pipeline.common]
2025-06-26 14:00:46.006 [INFO    ] Variable 'NEE_CUT_05' might be missing from headers of file: /home/portnoy/u0/sytoanngo/ONEFlux/data/US-ARc_sample_output/99_fluxnet2015/FLX_US-ARc_FLUXNET2015_FULLSET_MM_2005-2006_beta-5.csv [oneflux.pipeline.common]
2025-06-26 14:00:46.007 [INFO    ] Variable 'NEE_CUT_16' might be missing from headers of file: /home/portnoy/u0/sytoanngo/ONEFlux/data/US-ARc_sample_output/99_fluxnet2015/FLX_US-ARc_FLUXNET2015_FULLSET_MM_2005-2006_beta-5.csv [oneflux.pipeline.common]
2025-06-26 14:00:46.007 [INFO    ] Variable 'NEE_CUT_25' might be missing from headers of file: /home/portnoy/u0/sytoanngo/ONEFlux/data/US-ARc_sample_output/99_fluxnet2015/FLX_US-ARc_FLUXNET2015_FULLSET_MM_2005-2006_beta-5.csv [oneflux.pipeline.common]
2025-06-26 14:00:46.007 [INFO    ] Variable 'NEE_CUT_50' might be missing from headers of file: /home/portnoy/u0/sytoanngo/ONEFlux/data/US-ARc_sample_output/99_fluxnet2015/FLX_US-ARc_FLUXNET2015_FULLSET_MM_2005-2006_beta-5.csv [oneflux.pipeline.common]
2025-06-26 14:00:46.007 [INFO    ] Variable 'NEE_CUT_75' might be missing from headers of file: /home/portnoy/u0/sytoanngo/ONEFlux/data/US-ARc_sample_output/99_fluxnet2015/FLX_US-ARc_FLUXNET2015_FULLSET_MM_2005-2006_beta-5.csv [oneflux.pipeline.common]
2025-06-26 14:00:46.007 [INFO    ] Variable 'NEE_CUT_84' might be missing from headers of file: /home/portnoy/u0/sytoanngo/ONEFlux/data/US-ARc_sample_output/99_fluxnet2015/FLX_US-ARc_FLUXNET2015_FULLSET_MM_2005-2006_beta-5.csv [oneflux.pipeline.common]
2025-06-26 14:00:46.007 [INFO    ] Variable 'NEE_CUT_95' might be missing from headers of file: /home/portnoy/u0/sytoanngo/ONEFlux/data/US-ARc_sample_output/99_fluxnet2015/FLX_US-ARc_FLUXNET2015_FULLSET_MM_2005-2006_beta-5.csv [oneflux.pipeline.common]
2025-06-26 14:00:46.007 [INFO    ] Variable 'NEE_CUT_05_QC' might be missing from headers of file: /home/portnoy/u0/sytoanngo/ONEFlux/data/US-ARc_sample_output/99_fluxnet2015/FLX_US-ARc_FLUXNET2015_FULLSET_MM_2005-2006_beta-5.csv [oneflux.pipeline.common]
2025-06-26 14:00:46.007 [INFO    ] Variable 'NEE_CUT_16_QC' might be missing from headers of file: /home/portnoy/u0/sytoanngo/ONEFlux/data/US-ARc_sample_output/99_fluxnet2015/FLX_US-ARc_FLUXNET2015_FULLSET_MM_2005-2006_beta-5.csv [oneflux.pipeline.common]
2025-06-26 14:00:46.008 [INFO    ] Variable 'NEE_CUT_25_QC' might be missing from headers of file: /home/portnoy/u0/sytoanngo/ONEFlux/data/US-ARc_sample_output/99_fluxnet2015/FLX_US-ARc_FLUXNET2015_FULLSET_MM_2005-2006_beta-5.csv [oneflux.pipeline.common]
2025-06-26 14:00:46.008 [INFO    ] Variable 'NEE_CUT_50_QC' might be missing from headers of file: /home/portnoy/u0/sytoanngo/ONEFlux/data/US-ARc_sample_output/99_fluxnet2015/FLX_US-ARc_FLUXNET2015_FULLSET_MM_2005-2006_beta-5.csv [oneflux.pipeline.common]
2025-06-26 14:00:46.008 [INFO    ] Variable 'NEE_CUT_75_QC' might be missing from headers of file: /home/portnoy/u0/sytoanngo/ONEFlux/data/US-ARc_sample_output/99_fluxnet2015/FLX_US-ARc_FLUXNET2015_FULLSET_MM_2005-2006_beta-5.csv [oneflux.pipeline.common]
2025-06-26 14:00:46.008 [INFO    ] Variable 'NEE_CUT_84_QC' might be missing from headers of file: /home/portnoy/u0/sytoanngo/ONEFlux/data/US-ARc_sample_output/99_fluxnet2015/FLX_US-ARc_FLUXNET2015_FULLSET_MM_2005-2006_beta-5.csv [oneflux.pipeline.common]
2025-06-26 14:00:46.008 [INFO    ] Variable 'NEE_CUT_95_QC' might be missing from headers of file: /home/portnoy/u0/sytoanngo/ONEFlux/data/US-ARc_sample_output/99_fluxnet2015/FLX_US-ARc_FLUXNET2015_FULLSET_MM_2005-2006_beta-5.csv [oneflux.pipeline.common]
2025-06-26 14:00:46.008 [INFO    ] Variable 'RECO_NT_CUT_05' might be missing from headers of file: /home/portnoy/u0/sytoanngo/ONEFlux/data/US-ARc_sample_output/99_fluxnet2015/FLX_US-ARc_FLUXNET2015_FULLSET_MM_2005-2006_beta-5.csv [oneflux.pipeline.common]
2025-06-26 14:00:46.008 [INFO    ] Variable 'RECO_NT_CUT_16' might be missing from headers of file: /home/portnoy/u0/sytoanngo/ONEFlux/data/US-ARc_sample_output/99_fluxnet2015/FLX_US-ARc_FLUXNET2015_FULLSET_MM_2005-2006_beta-5.csv [oneflux.pipeline.common]
2025-06-26 14:00:46.009 [INFO    ] Variable 'RECO_NT_CUT_25' might be missing from headers of file: /home/portnoy/u0/sytoanngo/ONEFlux/data/US-ARc_sample_output/99_fluxnet2015/FLX_US-ARc_FLUXNET2015_FULLSET_MM_2005-2006_beta-5.csv [oneflux.pipeline.common]
2025-06-26 14:00:46.009 [INFO    ] Variable 'RECO_NT_CUT_50' might be missing from headers of file: /home/portnoy/u0/sytoanngo/ONEFlux/data/US-ARc_sample_output/99_fluxnet2015/FLX_US-ARc_FLUXNET2015_FULLSET_MM_2005-2006_beta-5.csv [oneflux.pipeline.common]
2025-06-26 14:00:46.009 [INFO    ] Variable 'RECO_NT_CUT_75' might be missing from headers of file: /home/portnoy/u0/sytoanngo/ONEFlux/data/US-ARc_sample_output/99_fluxnet2015/FLX_US-ARc_FLUXNET2015_FULLSET_MM_2005-2006_beta-5.csv [oneflux.pipeline.common]
2025-06-26 14:00:46.009 [INFO    ] Variable 'RECO_NT_CUT_84' might be missing from headers of file: /home/portnoy/u0/sytoanngo/ONEFlux/data/US-ARc_sample_output/99_fluxnet2015/FLX_US-ARc_FLUXNET2015_FULLSET_MM_2005-2006_beta-5.csv [oneflux.pipeline.common]
2025-06-26 14:00:46.009 [INFO    ] Variable 'RECO_NT_CUT_95' might be missing from headers of file: /home/portnoy/u0/sytoanngo/ONEFlux/data/US-ARc_sample_output/99_fluxnet2015/FLX_US-ARc_FLUXNET2015_FULLSET_MM_2005-2006_beta-5.csv [oneflux.pipeline.common]
2025-06-26 14:00:46.009 [INFO    ] Variable 'GPP_NT_CUT_05' might be missing from headers of file: /home/portnoy/u0/sytoanngo/ONEFlux/data/US-ARc_sample_output/99_fluxnet2015/FLX_US-ARc_FLUXNET2015_FULLSET_MM_2005-2006_beta-5.csv [oneflux.pipeline.common]
2025-06-26 14:00:46.009 [INFO    ] Variable 'GPP_NT_CUT_16' might be missing from headers of file: /home/portnoy/u0/sytoanngo/ONEFlux/data/US-ARc_sample_output/99_fluxnet2015/FLX_US-ARc_FLUXNET2015_FULLSET_MM_2005-2006_beta-5.csv [oneflux.pipeline.common]
2025-06-26 14:00:46.009 [INFO    ] Variable 'GPP_NT_CUT_25' might be missing from headers of file: /home/portnoy/u0/sytoanngo/ONEFlux/data/US-ARc_sample_output/99_fluxnet2015/FLX_US-ARc_FLUXNET2015_FULLSET_MM_2005-2006_beta-5.csv [oneflux.pipeline.common]
2025-06-26 14:00:46.010 [INFO    ] Variable 'GPP_NT_CUT_50' might be missing from headers of file: /home/portnoy/u0/sytoanngo/ONEFlux/data/US-ARc_sample_output/99_fluxnet2015/FLX_US-ARc_FLUXNET2015_FULLSET_MM_2005-2006_beta-5.csv [oneflux.pipeline.common]
2025-06-26 14:00:46.010 [INFO    ] Variable 'GPP_NT_CUT_75' might be missing from headers of file: /home/portnoy/u0/sytoanngo/ONEFlux/data/US-ARc_sample_output/99_fluxnet2015/FLX_US-ARc_FLUXNET2015_FULLSET_MM_2005-2006_beta-5.csv [oneflux.pipeline.common]
2025-06-26 14:00:46.010 [INFO    ] Variable 'GPP_NT_CUT_84' might be missing from headers of file: /home/portnoy/u0/sytoanngo/ONEFlux/data/US-ARc_sample_output/99_fluxnet2015/FLX_US-ARc_FLUXNET2015_FULLSET_MM_2005-2006_beta-5.csv [oneflux.pipeline.common]
2025-06-26 14:00:46.010 [INFO    ] Variable 'GPP_NT_CUT_95' might be missing from headers of file: /home/portnoy/u0/sytoanngo/ONEFlux/data/US-ARc_sample_output/99_fluxnet2015/FLX_US-ARc_FLUXNET2015_FULLSET_MM_2005-2006_beta-5.csv [oneflux.pipeline.common]
2025-06-26 14:00:46.010 [INFO    ] Variable 'RECO_DT_CUT_05' might be missing from headers of file: /home/portnoy/u0/sytoanngo/ONEFlux/data/US-ARc_sample_output/99_fluxnet2015/FLX_US-ARc_FLUXNET2015_FULLSET_MM_2005-2006_beta-5.csv [oneflux.pipeline.common]
2025-06-26 14:00:46.010 [INFO    ] Variable 'RECO_DT_CUT_16' might be missing from headers of file: /home/portnoy/u0/sytoanngo/ONEFlux/data/US-ARc_sample_output/99_fluxnet2015/FLX_US-ARc_FLUXNET2015_FULLSET_MM_2005-2006_beta-5.csv [oneflux.pipeline.common]
2025-06-26 14:00:46.010 [INFO    ] Variable 'RECO_DT_CUT_25' might be missing from headers of file: /home/portnoy/u0/sytoanngo/ONEFlux/data/US-ARc_sample_output/99_fluxnet2015/FLX_US-ARc_FLUXNET2015_FULLSET_MM_2005-2006_beta-5.csv [oneflux.pipeline.common]
2025-06-26 14:00:46.010 [INFO    ] Variable 'RECO_DT_CUT_50' might be missing from headers of file: /home/portnoy/u0/sytoanngo/ONEFlux/data/US-ARc_sample_output/99_fluxnet2015/FLX_US-ARc_FLUXNET2015_FULLSET_MM_2005-2006_beta-5.csv [oneflux.pipeline.common]
2025-06-26 14:00:46.011 [INFO    ] Variable 'RECO_DT_CUT_75' might be missing from headers of file: /home/portnoy/u0/sytoanngo/ONEFlux/data/US-ARc_sample_output/99_fluxnet2015/FLX_US-ARc_FLUXNET2015_FULLSET_MM_2005-2006_beta-5.csv [oneflux.pipeline.common]
2025-06-26 14:00:46.011 [INFO    ] Variable 'RECO_DT_CUT_84' might be missing from headers of file: /home/portnoy/u0/sytoanngo/ONEFlux/data/US-ARc_sample_output/99_fluxnet2015/FLX_US-ARc_FLUXNET2015_FULLSET_MM_2005-2006_beta-5.csv [oneflux.pipeline.common]
2025-06-26 14:00:46.011 [INFO    ] Variable 'RECO_DT_CUT_95' might be missing from headers of file: /home/portnoy/u0/sytoanngo/ONEFlux/data/US-ARc_sample_output/99_fluxnet2015/FLX_US-ARc_FLUXNET2015_FULLSET_MM_2005-2006_beta-5.csv [oneflux.pipeline.common]
2025-06-26 14:00:46.011 [INFO    ] Variable 'GPP_DT_CUT_05' might be missing from headers of file: /home/portnoy/u0/sytoanngo/ONEFlux/data/US-ARc_sample_output/99_fluxnet2015/FLX_US-ARc_FLUXNET2015_FULLSET_MM_2005-2006_beta-5.csv [oneflux.pipeline.common]
2025-06-26 14:00:46.011 [INFO    ] Variable 'GPP_DT_CUT_16' might be missing from headers of file: /home/portnoy/u0/sytoanngo/ONEFlux/data/US-ARc_sample_output/99_fluxnet2015/FLX_US-ARc_FLUXNET2015_FULLSET_MM_2005-2006_beta-5.csv [oneflux.pipeline.common]
2025-06-26 14:00:46.011 [INFO    ] Variable 'GPP_DT_CUT_25' might be missing from headers of file: /home/portnoy/u0/sytoanngo/ONEFlux/data/US-ARc_sample_output/99_fluxnet2015/FLX_US-ARc_FLUXNET2015_FULLSET_MM_2005-2006_beta-5.csv [oneflux.pipeline.common]
2025-06-26 14:00:46.011 [INFO    ] Variable 'GPP_DT_CUT_50' might be missing from headers of file: /home/portnoy/u0/sytoanngo/ONEFlux/data/US-ARc_sample_output/99_fluxnet2015/FLX_US-ARc_FLUXNET2015_FULLSET_MM_2005-2006_beta-5.csv [oneflux.pipeline.common]
2025-06-26 14:00:46.011 [INFO    ] Variable 'GPP_DT_CUT_75' might be missing from headers of file: /home/portnoy/u0/sytoanngo/ONEFlux/data/US-ARc_sample_output/99_fluxnet2015/FLX_US-ARc_FLUXNET2015_FULLSET_MM_2005-2006_beta-5.csv [oneflux.pipeline.common]
2025-06-26 14:00:46.012 [INFO    ] Variable 'GPP_DT_CUT_84' might be missing from headers of file: /home/portnoy/u0/sytoanngo/ONEFlux/data/US-ARc_sample_output/99_fluxnet2015/FLX_US-ARc_FLUXNET2015_FULLSET_MM_2005-2006_beta-5.csv [oneflux.pipeline.common]
2025-06-26 14:00:46.012 [INFO    ] Variable 'GPP_DT_CUT_95' might be missing from headers of file: /home/portnoy/u0/sytoanngo/ONEFlux/data/US-ARc_sample_output/99_fluxnet2015/FLX_US-ARc_FLUXNET2015_FULLSET_MM_2005-2006_beta-5.csv [oneflux.pipeline.common]
2025-06-26 14:00:46.012 [INFO    ] Variable 'PPFD_DIF' might be missing from headers of file: /home/portnoy/u0/sytoanngo/ONEFlux/data/US-ARc_sample_output/99_fluxnet2015/FLX_US-ARc_FLUXNET2015_FULLSET_MM_2005-2006_beta-5.csv [oneflux.pipeline.common]
2025-06-26 14:00:46.012 [INFO    ] Variable 'PPFD_DIF_QC' might be missing from headers of file: /home/portnoy/u0/sytoanngo/ONEFlux/data/US-ARc_sample_output/99_fluxnet2015/FLX_US-ARc_FLUXNET2015_FULLSET_MM_2005-2006_beta-5.csv [oneflux.pipeline.common]
2025-06-26 14:00:46.013 [INFO    ] Variable 'PPFD_OUT' might be missing from headers of file: /home/portnoy/u0/sytoanngo/ONEFlux/data/US-ARc_sample_output/99_fluxnet2015/FLX_US-ARc_FLUXNET2015_FULLSET_MM_2005-2006_beta-5.csv [oneflux.pipeline.common]
2025-06-26 14:00:46.013 [INFO    ] Variable 'PPFD_OUT_QC' might be missing from headers of file: /home/portnoy/u0/sytoanngo/ONEFlux/data/US-ARc_sample_output/99_fluxnet2015/FLX_US-ARc_FLUXNET2015_FULLSET_MM_2005-2006_beta-5.csv [oneflux.pipeline.common]
2025-06-26 14:00:46.013 [INFO    ] Variable 'SW_DIF' might be missing from headers of file: /home/portnoy/u0/sytoanngo/ONEFlux/data/US-ARc_sample_output/99_fluxnet2015/FLX_US-ARc_FLUXNET2015_FULLSET_MM_2005-2006_beta-5.csv [oneflux.pipeline.common]
2025-06-26 14:00:46.013 [INFO    ] Variable 'SW_DIF_QC' might be missing from headers of file: /home/portnoy/u0/sytoanngo/ONEFlux/data/US-ARc_sample_output/99_fluxnet2015/FLX_US-ARc_FLUXNET2015_FULLSET_MM_2005-2006_beta-5.csv [oneflux.pipeline.common]
2025-06-26 14:00:46.013 [INFO    ] Variable 'SW_OUT' might be missing from headers of file: /home/portnoy/u0/sytoanngo/ONEFlux/data/US-ARc_sample_output/99_fluxnet2015/FLX_US-ARc_FLUXNET2015_FULLSET_MM_2005-2006_beta-5.csv [oneflux.pipeline.common]
2025-06-26 14:00:46.013 [INFO    ] Variable 'SW_OUT_QC' might be missing from headers of file: /home/portnoy/u0/sytoanngo/ONEFlux/data/US-ARc_sample_output/99_fluxnet2015/FLX_US-ARc_FLUXNET2015_FULLSET_MM_2005-2006_beta-5.csv [oneflux.pipeline.common]
2025-06-26 14:00:46.013 [INFO    ] Variable 'LW_OUT' might be missing from headers of file: /home/portnoy/u0/sytoanngo/ONEFlux/data/US-ARc_sample_output/99_fluxnet2015/FLX_US-ARc_FLUXNET2015_FULLSET_MM_2005-2006_beta-5.csv [oneflux.pipeline.common]
2025-06-26 14:00:46.013 [INFO    ] Variable 'LW_OUT_QC' might be missing from headers of file: /home/portnoy/u0/sytoanngo/ONEFlux/data/US-ARc_sample_output/99_fluxnet2015/FLX_US-ARc_FLUXNET2015_FULLSET_MM_2005-2006_beta-5.csv [oneflux.pipeline.common]
2025-06-26 14:00:46.014 [INFO    ] Variable 'PA' might be missing from headers of file: /home/portnoy/u0/sytoanngo/ONEFlux/data/US-ARc_sample_output/99_fluxnet2015/FLX_US-ARc_FLUXNET2015_FULLSET_MM_2005-2006_beta-5.csv [oneflux.pipeline.common]
2025-06-26 14:00:46.014 [INFO    ] Variable 'P' might be missing from headers of file: /home/portnoy/u0/sytoanngo/ONEFlux/data/US-ARc_sample_output/99_fluxnet2015/FLX_US-ARc_FLUXNET2015_FULLSET_MM_2005-2006_beta-5.csv [oneflux.pipeline.common]
2025-06-26 14:00:46.014 [INFO    ] Variable 'WS' might be missing from headers of file: /home/portnoy/u0/sytoanngo/ONEFlux/data/US-ARc_sample_output/99_fluxnet2015/FLX_US-ARc_FLUXNET2015_FULLSET_MM_2005-2006_beta-5.csv [oneflux.pipeline.common]
2025-06-26 14:00:46.014 [INFO    ] Variable 'WD' might be missing from headers of file: /home/portnoy/u0/sytoanngo/ONEFlux/data/US-ARc_sample_output/99_fluxnet2015/FLX_US-ARc_FLUXNET2015_FULLSET_MM_2005-2006_beta-5.csv [oneflux.pipeline.common]
2025-06-26 14:00:46.014 [INFO    ] Variable 'RH' might be missing from headers of file: /home/portnoy/u0/sytoanngo/ONEFlux/data/US-ARc_sample_output/99_fluxnet2015/FLX_US-ARc_FLUXNET2015_FULLSET_MM_2005-2006_beta-5.csv [oneflux.pipeline.common]
2025-06-26 14:00:46.014 [INFO    ] Variable 'LE_CORR_25' might be missing from headers of file: /home/portnoy/u0/sytoanngo/ONEFlux/data/US-ARc_sample_output/99_fluxnet2015/FLX_US-ARc_FLUXNET2015_FULLSET_MM_2005-2006_beta-5.csv [oneflux.pipeline.common]
2025-06-26 14:00:46.014 [INFO    ] Variable 'LE_CORR_75' might be missing from headers of file: /home/portnoy/u0/sytoanngo/ONEFlux/data/US-ARc_sample_output/99_fluxnet2015/FLX_US-ARc_FLUXNET2015_FULLSET_MM_2005-2006_beta-5.csv [oneflux.pipeline.common]
2025-06-26 14:00:46.014 [INFO    ] Variable 'LE_RANDUNC_METHOD' might be missing from headers of file: /home/portnoy/u0/sytoanngo/ONEFlux/data/US-ARc_sample_output/99_fluxnet2015/FLX_US-ARc_FLUXNET2015_FULLSET_MM_2005-2006_beta-5.csv [oneflux.pipeline.common]
2025-06-26 14:00:46.015 [INFO    ] Variable 'LE_RANDUNC_N' might be missing from headers of file: /home/portnoy/u0/sytoanngo/ONEFlux/data/US-ARc_sample_output/99_fluxnet2015/FLX_US-ARc_FLUXNET2015_FULLSET_MM_2005-2006_beta-5.csv [oneflux.pipeline.common]
2025-06-26 14:00:46.015 [INFO    ] Variable 'LE_CORR_JOINTUNC' might be missing from headers of file: /home/portnoy/u0/sytoanngo/ONEFlux/data/US-ARc_sample_output/99_fluxnet2015/FLX_US-ARc_FLUXNET2015_FULLSET_MM_2005-2006_beta-5.csv [oneflux.pipeline.common]
2025-06-26 14:00:46.015 [INFO    ] Variable 'H_CORR_25' might be missing from headers of file: /home/portnoy/u0/sytoanngo/ONEFlux/data/US-ARc_sample_output/99_fluxnet2015/FLX_US-ARc_FLUXNET2015_FULLSET_MM_2005-2006_beta-5.csv [oneflux.pipeline.common]
2025-06-26 14:00:46.015 [INFO    ] Variable 'H_CORR_75' might be missing from headers of file: /home/portnoy/u0/sytoanngo/ONEFlux/data/US-ARc_sample_output/99_fluxnet2015/FLX_US-ARc_FLUXNET2015_FULLSET_MM_2005-2006_beta-5.csv [oneflux.pipeline.common]
2025-06-26 14:00:46.015 [INFO    ] Variable 'H_RANDUNC_METHOD' might be missing from headers of file: /home/portnoy/u0/sytoanngo/ONEFlux/data/US-ARc_sample_output/99_fluxnet2015/FLX_US-ARc_FLUXNET2015_FULLSET_MM_2005-2006_beta-5.csv [oneflux.pipeline.common]
2025-06-26 14:00:46.015 [INFO    ] Variable 'H_RANDUNC_N' might be missing from headers of file: /home/portnoy/u0/sytoanngo/ONEFlux/data/US-ARc_sample_output/99_fluxnet2015/FLX_US-ARc_FLUXNET2015_FULLSET_MM_2005-2006_beta-5.csv [oneflux.pipeline.common]
2025-06-26 14:00:46.015 [INFO    ] Variable 'H_CORR_JOINTUNC' might be missing from headers of file: /home/portnoy/u0/sytoanngo/ONEFlux/data/US-ARc_sample_output/99_fluxnet2015/FLX_US-ARc_FLUXNET2015_FULLSET_MM_2005-2006_beta-5.csv [oneflux.pipeline.common]
2025-06-26 14:00:46.015 [INFO    ] Variable 'NEE_CUT_REF' might be missing from headers of file: /home/portnoy/u0/sytoanngo/ONEFlux/data/US-ARc_sample_output/99_fluxnet2015/FLX_US-ARc_FLUXNET2015_FULLSET_MM_2005-2006_beta-5.csv [oneflux.pipeline.common]
2025-06-26 14:00:46.016 [INFO    ] Variable 'NEE_CUT_REF_QC' might be missing from headers of file: /home/portnoy/u0/sytoanngo/ONEFlux/data/US-ARc_sample_output/99_fluxnet2015/FLX_US-ARc_FLUXNET2015_FULLSET_MM_2005-2006_beta-5.csv [oneflux.pipeline.common]
2025-06-26 14:00:46.016 [INFO    ] Variable 'NEE_CUT_REF_RANDUNC' might be missing from headers of file: /home/portnoy/u0/sytoanngo/ONEFlux/data/US-ARc_sample_output/99_fluxnet2015/FLX_US-ARc_FLUXNET2015_FULLSET_MM_2005-2006_beta-5.csv [oneflux.pipeline.common]
2025-06-26 14:00:46.016 [INFO    ] Variable 'RECO_NT_CUT_REF' might be missing from headers of file: /home/portnoy/u0/sytoanngo/ONEFlux/data/US-ARc_sample_output/99_fluxnet2015/FLX_US-ARc_FLUXNET2015_FULLSET_MM_2005-2006_beta-5.csv [oneflux.pipeline.common]
2025-06-26 14:00:46.016 [INFO    ] Variable 'GPP_NT_CUT_REF' might be missing from headers of file: /home/portnoy/u0/sytoanngo/ONEFlux/data/US-ARc_sample_output/99_fluxnet2015/FLX_US-ARc_FLUXNET2015_FULLSET_MM_2005-2006_beta-5.csv [oneflux.pipeline.common]
2025-06-26 14:00:46.016 [INFO    ] Variable 'RECO_DT_CUT_REF' might be missing from headers of file: /home/portnoy/u0/sytoanngo/ONEFlux/data/US-ARc_sample_output/99_fluxnet2015/FLX_US-ARc_FLUXNET2015_FULLSET_MM_2005-2006_beta-5.csv [oneflux.pipeline.common]
2025-06-26 14:00:46.016 [INFO    ] Variable 'GPP_DT_CUT_REF' might be missing from headers of file: /home/portnoy/u0/sytoanngo/ONEFlux/data/US-ARc_sample_output/99_fluxnet2015/FLX_US-ARc_FLUXNET2015_FULLSET_MM_2005-2006_beta-5.csv [oneflux.pipeline.common]
2025-06-26 14:00:46.016 [INFO    ] Variable 'TS_F_MDS_2' might be missing from headers of file: /home/portnoy/u0/sytoanngo/ONEFlux/data/US-ARc_sample_output/99_fluxnet2015/FLX_US-ARc_FLUXNET2015_FULLSET_MM_2005-2006_beta-5.csv [oneflux.pipeline.common]
2025-06-26 14:00:46.016 [INFO    ] Variable 'TS_F_MDS_3' might be missing from headers of file: /home/portnoy/u0/sytoanngo/ONEFlux/data/US-ARc_sample_output/99_fluxnet2015/FLX_US-ARc_FLUXNET2015_FULLSET_MM_2005-2006_beta-5.csv [oneflux.pipeline.common]
2025-06-26 14:00:46.017 [INFO    ] Variable 'TS_F_MDS_4' might be missing from headers of file: /home/portnoy/u0/sytoanngo/ONEFlux/data/US-ARc_sample_output/99_fluxnet2015/FLX_US-ARc_FLUXNET2015_FULLSET_MM_2005-2006_beta-5.csv [oneflux.pipeline.common]
2025-06-26 14:00:46.017 [INFO    ] Variable 'TS_F_MDS_5' might be missing from headers of file: /home/portnoy/u0/sytoanngo/ONEFlux/data/US-ARc_sample_output/99_fluxnet2015/FLX_US-ARc_FLUXNET2015_FULLSET_MM_2005-2006_beta-5.csv [oneflux.pipeline.common]
2025-06-26 14:00:46.017 [INFO    ] Variable 'TS_F_MDS_6' might be missing from headers of file: /home/portnoy/u0/sytoanngo/ONEFlux/data/US-ARc_sample_output/99_fluxnet2015/FLX_US-ARc_FLUXNET2015_FULLSET_MM_2005-2006_beta-5.csv [oneflux.pipeline.common]
2025-06-26 14:00:46.017 [INFO    ] Variable 'TS_F_MDS_7' might be missing from headers of file: /home/portnoy/u0/sytoanngo/ONEFlux/data/US-ARc_sample_output/99_fluxnet2015/FLX_US-ARc_FLUXNET2015_FULLSET_MM_2005-2006_beta-5.csv [oneflux.pipeline.common]
2025-06-26 14:00:46.017 [INFO    ] Variable 'TS_F_MDS_8' might be missing from headers of file: /home/portnoy/u0/sytoanngo/ONEFlux/data/US-ARc_sample_output/99_fluxnet2015/FLX_US-ARc_FLUXNET2015_FULLSET_MM_2005-2006_beta-5.csv [oneflux.pipeline.common]
2025-06-26 14:00:46.017 [INFO    ] Variable 'TS_F_MDS_9' might be missing from headers of file: /home/portnoy/u0/sytoanngo/ONEFlux/data/US-ARc_sample_output/99_fluxnet2015/FLX_US-ARc_FLUXNET2015_FULLSET_MM_2005-2006_beta-5.csv [oneflux.pipeline.common]
2025-06-26 14:00:46.017 [INFO    ] Variable 'TS_F_MDS_10' might be missing from headers of file: /home/portnoy/u0/sytoanngo/ONEFlux/data/US-ARc_sample_output/99_fluxnet2015/FLX_US-ARc_FLUXNET2015_FULLSET_MM_2005-2006_beta-5.csv [oneflux.pipeline.common]
2025-06-26 14:00:46.017 [INFO    ] Variable 'TS_F_MDS_11' might be missing from headers of file: /home/portnoy/u0/sytoanngo/ONEFlux/data/US-ARc_sample_output/99_fluxnet2015/FLX_US-ARc_FLUXNET2015_FULLSET_MM_2005-2006_beta-5.csv [oneflux.pipeline.common]
2025-06-26 14:00:46.018 [INFO    ] Variable 'TS_F_MDS_12' might be missing from headers of file: /home/portnoy/u0/sytoanngo/ONEFlux/data/US-ARc_sample_output/99_fluxnet2015/FLX_US-ARc_FLUXNET2015_FULLSET_MM_2005-2006_beta-5.csv [oneflux.pipeline.common]
2025-06-26 14:00:46.018 [INFO    ] Variable 'TS_F_MDS_13' might be missing from headers of file: /home/portnoy/u0/sytoanngo/ONEFlux/data/US-ARc_sample_output/99_fluxnet2015/FLX_US-ARc_FLUXNET2015_FULLSET_MM_2005-2006_beta-5.csv [oneflux.pipeline.common]
2025-06-26 14:00:46.018 [INFO    ] Variable 'TS_F_MDS_14' might be missing from headers of file: /home/portnoy/u0/sytoanngo/ONEFlux/data/US-ARc_sample_output/99_fluxnet2015/FLX_US-ARc_FLUXNET2015_FULLSET_MM_2005-2006_beta-5.csv [oneflux.pipeline.common]
2025-06-26 14:00:46.018 [INFO    ] Variable 'TS_F_MDS_15' might be missing from headers of file: /home/portnoy/u0/sytoanngo/ONEFlux/data/US-ARc_sample_output/99_fluxnet2015/FLX_US-ARc_FLUXNET2015_FULLSET_MM_2005-2006_beta-5.csv [oneflux.pipeline.common]
2025-06-26 14:00:46.018 [INFO    ] Variable 'TS_F_MDS_16' might be missing from headers of file: /home/portnoy/u0/sytoanngo/ONEFlux/data/US-ARc_sample_output/99_fluxnet2015/FLX_US-ARc_FLUXNET2015_FULLSET_MM_2005-2006_beta-5.csv [oneflux.pipeline.common]
2025-06-26 14:00:46.018 [INFO    ] Variable 'TS_F_MDS_17' might be missing from headers of file: /home/portnoy/u0/sytoanngo/ONEFlux/data/US-ARc_sample_output/99_fluxnet2015/FLX_US-ARc_FLUXNET2015_FULLSET_MM_2005-2006_beta-5.csv [oneflux.pipeline.common]
2025-06-26 14:00:46.018 [INFO    ] Variable 'TS_F_MDS_18' might be missing from headers of file: /home/portnoy/u0/sytoanngo/ONEFlux/data/US-ARc_sample_output/99_fluxnet2015/FLX_US-ARc_FLUXNET2015_FULLSET_MM_2005-2006_beta-5.csv [oneflux.pipeline.common]
2025-06-26 14:00:46.018 [INFO    ] Variable 'TS_F_MDS_19' might be missing from headers of file: /home/portnoy/u0/sytoanngo/ONEFlux/data/US-ARc_sample_output/99_fluxnet2015/FLX_US-ARc_FLUXNET2015_FULLSET_MM_2005-2006_beta-5.csv [oneflux.pipeline.common]
2025-06-26 14:00:46.019 [INFO    ] Variable 'TS_F_MDS_2_QC' might be missing from headers of file: /home/portnoy/u0/sytoanngo/ONEFlux/data/US-ARc_sample_output/99_fluxnet2015/FLX_US-ARc_FLUXNET2015_FULLSET_MM_2005-2006_beta-5.csv [oneflux.pipeline.common]
2025-06-26 14:00:46.019 [INFO    ] Variable 'TS_F_MDS_3_QC' might be missing from headers of file: /home/portnoy/u0/sytoanngo/ONEFlux/data/US-ARc_sample_output/99_fluxnet2015/FLX_US-ARc_FLUXNET2015_FULLSET_MM_2005-2006_beta-5.csv [oneflux.pipeline.common]
2025-06-26 14:00:46.019 [INFO    ] Variable 'TS_F_MDS_4_QC' might be missing from headers of file: /home/portnoy/u0/sytoanngo/ONEFlux/data/US-ARc_sample_output/99_fluxnet2015/FLX_US-ARc_FLUXNET2015_FULLSET_MM_2005-2006_beta-5.csv [oneflux.pipeline.common]
2025-06-26 14:00:46.019 [INFO    ] Variable 'TS_F_MDS_5_QC' might be missing from headers of file: /home/portnoy/u0/sytoanngo/ONEFlux/data/US-ARc_sample_output/99_fluxnet2015/FLX_US-ARc_FLUXNET2015_FULLSET_MM_2005-2006_beta-5.csv [oneflux.pipeline.common]
2025-06-26 14:00:46.019 [INFO    ] Variable 'TS_F_MDS_6_QC' might be missing from headers of file: /home/portnoy/u0/sytoanngo/ONEFlux/data/US-ARc_sample_output/99_fluxnet2015/FLX_US-ARc_FLUXNET2015_FULLSET_MM_2005-2006_beta-5.csv [oneflux.pipeline.common]
2025-06-26 14:00:46.019 [INFO    ] Variable 'TS_F_MDS_7_QC' might be missing from headers of file: /home/portnoy/u0/sytoanngo/ONEFlux/data/US-ARc_sample_output/99_fluxnet2015/FLX_US-ARc_FLUXNET2015_FULLSET_MM_2005-2006_beta-5.csv [oneflux.pipeline.common]
2025-06-26 14:00:46.019 [INFO    ] Variable 'TS_F_MDS_8_QC' might be missing from headers of file: /home/portnoy/u0/sytoanngo/ONEFlux/data/US-ARc_sample_output/99_fluxnet2015/FLX_US-ARc_FLUXNET2015_FULLSET_MM_2005-2006_beta-5.csv [oneflux.pipeline.common]
2025-06-26 14:00:46.019 [INFO    ] Variable 'TS_F_MDS_9_QC' might be missing from headers of file: /home/portnoy/u0/sytoanngo/ONEFlux/data/US-ARc_sample_output/99_fluxnet2015/FLX_US-ARc_FLUXNET2015_FULLSET_MM_2005-2006_beta-5.csv [oneflux.pipeline.common]
2025-06-26 14:00:46.020 [INFO    ] Variable 'TS_F_MDS_10_QC' might be missing from headers of file: /home/portnoy/u0/sytoanngo/ONEFlux/data/US-ARc_sample_output/99_fluxnet2015/FLX_US-ARc_FLUXNET2015_FULLSET_MM_2005-2006_beta-5.csv [oneflux.pipeline.common]
2025-06-26 14:00:46.020 [INFO    ] Variable 'TS_F_MDS_11_QC' might be missing from headers of file: /home/portnoy/u0/sytoanngo/ONEFlux/data/US-ARc_sample_output/99_fluxnet2015/FLX_US-ARc_FLUXNET2015_FULLSET_MM_2005-2006_beta-5.csv [oneflux.pipeline.common]
2025-06-26 14:00:46.020 [INFO    ] Variable 'TS_F_MDS_12_QC' might be missing from headers of file: /home/portnoy/u0/sytoanngo/ONEFlux/data/US-ARc_sample_output/99_fluxnet2015/FLX_US-ARc_FLUXNET2015_FULLSET_MM_2005-2006_beta-5.csv [oneflux.pipeline.common]
2025-06-26 14:00:46.020 [INFO    ] Variable 'TS_F_MDS_13_QC' might be missing from headers of file: /home/portnoy/u0/sytoanngo/ONEFlux/data/US-ARc_sample_output/99_fluxnet2015/FLX_US-ARc_FLUXNET2015_FULLSET_MM_2005-2006_beta-5.csv [oneflux.pipeline.common]
2025-06-26 14:00:46.020 [INFO    ] Variable 'TS_F_MDS_14_QC' might be missing from headers of file: /home/portnoy/u0/sytoanngo/ONEFlux/data/US-ARc_sample_output/99_fluxnet2015/FLX_US-ARc_FLUXNET2015_FULLSET_MM_2005-2006_beta-5.csv [oneflux.pipeline.common]
2025-06-26 14:00:46.020 [INFO    ] Variable 'TS_F_MDS_15_QC' might be missing from headers of file: /home/portnoy/u0/sytoanngo/ONEFlux/data/US-ARc_sample_output/99_fluxnet2015/FLX_US-ARc_FLUXNET2015_FULLSET_MM_2005-2006_beta-5.csv [oneflux.pipeline.common]
2025-06-26 14:00:46.020 [INFO    ] Variable 'TS_F_MDS_16_QC' might be missing from headers of file: /home/portnoy/u0/sytoanngo/ONEFlux/data/US-ARc_sample_output/99_fluxnet2015/FLX_US-ARc_FLUXNET2015_FULLSET_MM_2005-2006_beta-5.csv [oneflux.pipeline.common]
2025-06-26 14:00:46.020 [INFO    ] Variable 'TS_F_MDS_17_QC' might be missing from headers of file: /home/portnoy/u0/sytoanngo/ONEFlux/data/US-ARc_sample_output/99_fluxnet2015/FLX_US-ARc_FLUXNET2015_FULLSET_MM_2005-2006_beta-5.csv [oneflux.pipeline.common]
2025-06-26 14:00:46.021 [INFO    ] Variable 'TS_F_MDS_18_QC' might be missing from headers of file: /home/portnoy/u0/sytoanngo/ONEFlux/data/US-ARc_sample_output/99_fluxnet2015/FLX_US-ARc_FLUXNET2015_FULLSET_MM_2005-2006_beta-5.csv [oneflux.pipeline.common]
2025-06-26 14:00:46.021 [INFO    ] Variable 'TS_F_MDS_19_QC' might be missing from headers of file: /home/portnoy/u0/sytoanngo/ONEFlux/data/US-ARc_sample_output/99_fluxnet2015/FLX_US-ARc_FLUXNET2015_FULLSET_MM_2005-2006_beta-5.csv [oneflux.pipeline.common]
2025-06-26 14:00:46.021 [INFO    ] Variable 'SWC_F_MDS_2' might be missing from headers of file: /home/portnoy/u0/sytoanngo/ONEFlux/data/US-ARc_sample_output/99_fluxnet2015/FLX_US-ARc_FLUXNET2015_FULLSET_MM_2005-2006_beta-5.csv [oneflux.pipeline.common]
2025-06-26 14:00:46.021 [INFO    ] Variable 'SWC_F_MDS_3' might be missing from headers of file: /home/portnoy/u0/sytoanngo/ONEFlux/data/US-ARc_sample_output/99_fluxnet2015/FLX_US-ARc_FLUXNET2015_FULLSET_MM_2005-2006_beta-5.csv [oneflux.pipeline.common]
2025-06-26 14:00:46.021 [INFO    ] Variable 'SWC_F_MDS_4' might be missing from headers of file: /home/portnoy/u0/sytoanngo/ONEFlux/data/US-ARc_sample_output/99_fluxnet2015/FLX_US-ARc_FLUXNET2015_FULLSET_MM_2005-2006_beta-5.csv [oneflux.pipeline.common]
2025-06-26 14:00:46.021 [INFO    ] Variable 'SWC_F_MDS_5' might be missing from headers of file: /home/portnoy/u0/sytoanngo/ONEFlux/data/US-ARc_sample_output/99_fluxnet2015/FLX_US-ARc_FLUXNET2015_FULLSET_MM_2005-2006_beta-5.csv [oneflux.pipeline.common]
2025-06-26 14:00:46.021 [INFO    ] Variable 'SWC_F_MDS_6' might be missing from headers of file: /home/portnoy/u0/sytoanngo/ONEFlux/data/US-ARc_sample_output/99_fluxnet2015/FLX_US-ARc_FLUXNET2015_FULLSET_MM_2005-2006_beta-5.csv [oneflux.pipeline.common]
2025-06-26 14:00:46.021 [INFO    ] Variable 'SWC_F_MDS_7' might be missing from headers of file: /home/portnoy/u0/sytoanngo/ONEFlux/data/US-ARc_sample_output/99_fluxnet2015/FLX_US-ARc_FLUXNET2015_FULLSET_MM_2005-2006_beta-5.csv [oneflux.pipeline.common]
2025-06-26 14:00:46.022 [INFO    ] Variable 'SWC_F_MDS_8' might be missing from headers of file: /home/portnoy/u0/sytoanngo/ONEFlux/data/US-ARc_sample_output/99_fluxnet2015/FLX_US-ARc_FLUXNET2015_FULLSET_MM_2005-2006_beta-5.csv [oneflux.pipeline.common]
2025-06-26 14:00:46.022 [INFO    ] Variable 'SWC_F_MDS_9' might be missing from headers of file: /home/portnoy/u0/sytoanngo/ONEFlux/data/US-ARc_sample_output/99_fluxnet2015/FLX_US-ARc_FLUXNET2015_FULLSET_MM_2005-2006_beta-5.csv [oneflux.pipeline.common]
2025-06-26 14:00:46.022 [INFO    ] Variable 'SWC_F_MDS_10' might be missing from headers of file: /home/portnoy/u0/sytoanngo/ONEFlux/data/US-ARc_sample_output/99_fluxnet2015/FLX_US-ARc_FLUXNET2015_FULLSET_MM_2005-2006_beta-5.csv [oneflux.pipeline.common]
2025-06-26 14:00:46.022 [INFO    ] Variable 'SWC_F_MDS_11' might be missing from headers of file: /home/portnoy/u0/sytoanngo/ONEFlux/data/US-ARc_sample_output/99_fluxnet2015/FLX_US-ARc_FLUXNET2015_FULLSET_MM_2005-2006_beta-5.csv [oneflux.pipeline.common]
2025-06-26 14:00:46.022 [INFO    ] Variable 'SWC_F_MDS_12' might be missing from headers of file: /home/portnoy/u0/sytoanngo/ONEFlux/data/US-ARc_sample_output/99_fluxnet2015/FLX_US-ARc_FLUXNET2015_FULLSET_MM_2005-2006_beta-5.csv [oneflux.pipeline.common]
2025-06-26 14:00:46.022 [INFO    ] Variable 'SWC_F_MDS_13' might be missing from headers of file: /home/portnoy/u0/sytoanngo/ONEFlux/data/US-ARc_sample_output/99_fluxnet2015/FLX_US-ARc_FLUXNET2015_FULLSET_MM_2005-2006_beta-5.csv [oneflux.pipeline.common]
2025-06-26 14:00:46.022 [INFO    ] Variable 'SWC_F_MDS_14' might be missing from headers of file: /home/portnoy/u0/sytoanngo/ONEFlux/data/US-ARc_sample_output/99_fluxnet2015/FLX_US-ARc_FLUXNET2015_FULLSET_MM_2005-2006_beta-5.csv [oneflux.pipeline.common]
2025-06-26 14:00:46.022 [INFO    ] Variable 'SWC_F_MDS_15' might be missing from headers of file: /home/portnoy/u0/sytoanngo/ONEFlux/data/US-ARc_sample_output/99_fluxnet2015/FLX_US-ARc_FLUXNET2015_FULLSET_MM_2005-2006_beta-5.csv [oneflux.pipeline.common]
2025-06-26 14:00:46.023 [INFO    ] Variable 'SWC_F_MDS_16' might be missing from headers of file: /home/portnoy/u0/sytoanngo/ONEFlux/data/US-ARc_sample_output/99_fluxnet2015/FLX_US-ARc_FLUXNET2015_FULLSET_MM_2005-2006_beta-5.csv [oneflux.pipeline.common]
2025-06-26 14:00:46.023 [INFO    ] Variable 'SWC_F_MDS_17' might be missing from headers of file: /home/portnoy/u0/sytoanngo/ONEFlux/data/US-ARc_sample_output/99_fluxnet2015/FLX_US-ARc_FLUXNET2015_FULLSET_MM_2005-2006_beta-5.csv [oneflux.pipeline.common]
2025-06-26 14:00:46.023 [INFO    ] Variable 'SWC_F_MDS_18' might be missing from headers of file: /home/portnoy/u0/sytoanngo/ONEFlux/data/US-ARc_sample_output/99_fluxnet2015/FLX_US-ARc_FLUXNET2015_FULLSET_MM_2005-2006_beta-5.csv [oneflux.pipeline.common]
2025-06-26 14:00:46.023 [INFO    ] Variable 'SWC_F_MDS_19' might be missing from headers of file: /home/portnoy/u0/sytoanngo/ONEFlux/data/US-ARc_sample_output/99_fluxnet2015/FLX_US-ARc_FLUXNET2015_FULLSET_MM_2005-2006_beta-5.csv [oneflux.pipeline.common]
2025-06-26 14:00:46.023 [INFO    ] Variable 'SWC_F_MDS_2_QC' might be missing from headers of file: /home/portnoy/u0/sytoanngo/ONEFlux/data/US-ARc_sample_output/99_fluxnet2015/FLX_US-ARc_FLUXNET2015_FULLSET_MM_2005-2006_beta-5.csv [oneflux.pipeline.common]
2025-06-26 14:00:46.023 [INFO    ] Variable 'SWC_F_MDS_3_QC' might be missing from headers of file: /home/portnoy/u0/sytoanngo/ONEFlux/data/US-ARc_sample_output/99_fluxnet2015/FLX_US-ARc_FLUXNET2015_FULLSET_MM_2005-2006_beta-5.csv [oneflux.pipeline.common]
2025-06-26 14:00:46.023 [INFO    ] Variable 'SWC_F_MDS_4_QC' might be missing from headers of file: /home/portnoy/u0/sytoanngo/ONEFlux/data/US-ARc_sample_output/99_fluxnet2015/FLX_US-ARc_FLUXNET2015_FULLSET_MM_2005-2006_beta-5.csv [oneflux.pipeline.common]
2025-06-26 14:00:46.023 [INFO    ] Variable 'SWC_F_MDS_5_QC' might be missing from headers of file: /home/portnoy/u0/sytoanngo/ONEFlux/data/US-ARc_sample_output/99_fluxnet2015/FLX_US-ARc_FLUXNET2015_FULLSET_MM_2005-2006_beta-5.csv [oneflux.pipeline.common]
2025-06-26 14:00:46.024 [INFO    ] Variable 'SWC_F_MDS_6_QC' might be missing from headers of file: /home/portnoy/u0/sytoanngo/ONEFlux/data/US-ARc_sample_output/99_fluxnet2015/FLX_US-ARc_FLUXNET2015_FULLSET_MM_2005-2006_beta-5.csv [oneflux.pipeline.common]
2025-06-26 14:00:46.024 [INFO    ] Variable 'SWC_F_MDS_7_QC' might be missing from headers of file: /home/portnoy/u0/sytoanngo/ONEFlux/data/US-ARc_sample_output/99_fluxnet2015/FLX_US-ARc_FLUXNET2015_FULLSET_MM_2005-2006_beta-5.csv [oneflux.pipeline.common]
2025-06-26 14:00:46.024 [INFO    ] Variable 'SWC_F_MDS_8_QC' might be missing from headers of file: /home/portnoy/u0/sytoanngo/ONEFlux/data/US-ARc_sample_output/99_fluxnet2015/FLX_US-ARc_FLUXNET2015_FULLSET_MM_2005-2006_beta-5.csv [oneflux.pipeline.common]
2025-06-26 14:00:46.024 [INFO    ] Variable 'SWC_F_MDS_9_QC' might be missing from headers of file: /home/portnoy/u0/sytoanngo/ONEFlux/data/US-ARc_sample_output/99_fluxnet2015/FLX_US-ARc_FLUXNET2015_FULLSET_MM_2005-2006_beta-5.csv [oneflux.pipeline.common]
2025-06-26 14:00:46.024 [INFO    ] Variable 'SWC_F_MDS_10_QC' might be missing from headers of file: /home/portnoy/u0/sytoanngo/ONEFlux/data/US-ARc_sample_output/99_fluxnet2015/FLX_US-ARc_FLUXNET2015_FULLSET_MM_2005-2006_beta-5.csv [oneflux.pipeline.common]
2025-06-26 14:00:46.024 [INFO    ] Variable 'SWC_F_MDS_11_QC' might be missing from headers of file: /home/portnoy/u0/sytoanngo/ONEFlux/data/US-ARc_sample_output/99_fluxnet2015/FLX_US-ARc_FLUXNET2015_FULLSET_MM_2005-2006_beta-5.csv [oneflux.pipeline.common]
2025-06-26 14:00:46.024 [INFO    ] Variable 'SWC_F_MDS_12_QC' might be missing from headers of file: /home/portnoy/u0/sytoanngo/ONEFlux/data/US-ARc_sample_output/99_fluxnet2015/FLX_US-ARc_FLUXNET2015_FULLSET_MM_2005-2006_beta-5.csv [oneflux.pipeline.common]
2025-06-26 14:00:46.024 [INFO    ] Variable 'SWC_F_MDS_13_QC' might be missing from headers of file: /home/portnoy/u0/sytoanngo/ONEFlux/data/US-ARc_sample_output/99_fluxnet2015/FLX_US-ARc_FLUXNET2015_FULLSET_MM_2005-2006_beta-5.csv [oneflux.pipeline.common]
2025-06-26 14:00:46.025 [INFO    ] Variable 'SWC_F_MDS_14_QC' might be missing from headers of file: /home/portnoy/u0/sytoanngo/ONEFlux/data/US-ARc_sample_output/99_fluxnet2015/FLX_US-ARc_FLUXNET2015_FULLSET_MM_2005-2006_beta-5.csv [oneflux.pipeline.common]
2025-06-26 14:00:46.025 [INFO    ] Variable 'SWC_F_MDS_15_QC' might be missing from headers of file: /home/portnoy/u0/sytoanngo/ONEFlux/data/US-ARc_sample_output/99_fluxnet2015/FLX_US-ARc_FLUXNET2015_FULLSET_MM_2005-2006_beta-5.csv [oneflux.pipeline.common]
2025-06-26 14:00:46.025 [INFO    ] Variable 'SWC_F_MDS_16_QC' might be missing from headers of file: /home/portnoy/u0/sytoanngo/ONEFlux/data/US-ARc_sample_output/99_fluxnet2015/FLX_US-ARc_FLUXNET2015_FULLSET_MM_2005-2006_beta-5.csv [oneflux.pipeline.common]
2025-06-26 14:00:46.025 [INFO    ] Variable 'SWC_F_MDS_17_QC' might be missing from headers of file: /home/portnoy/u0/sytoanngo/ONEFlux/data/US-ARc_sample_output/99_fluxnet2015/FLX_US-ARc_FLUXNET2015_FULLSET_MM_2005-2006_beta-5.csv [oneflux.pipeline.common]
2025-06-26 14:00:46.025 [INFO    ] Variable 'SWC_F_MDS_18_QC' might be missing from headers of file: /home/portnoy/u0/sytoanngo/ONEFlux/data/US-ARc_sample_output/99_fluxnet2015/FLX_US-ARc_FLUXNET2015_FULLSET_MM_2005-2006_beta-5.csv [oneflux.pipeline.common]
2025-06-26 14:00:46.025 [INFO    ] Variable 'SWC_F_MDS_19_QC' might be missing from headers of file: /home/portnoy/u0/sytoanngo/ONEFlux/data/US-ARc_sample_output/99_fluxnet2015/FLX_US-ARc_FLUXNET2015_FULLSET_MM_2005-2006_beta-5.csv [oneflux.pipeline.common]
2025-06-26 14:00:46.025 [INFO    ] Variable 'NEE_CUT_05' might be missing from headers of file: /home/portnoy/u0/sytoanngo/ONEFlux/data/US-ARc_sample_output/99_fluxnet2015/FLX_US-ARc_FLUXNET2015_FULLSET_MM_2005-2006_beta-5.csv [oneflux.pipeline.common]
2025-06-26 14:00:46.025 [INFO    ] Variable 'NEE_CUT_16' might be missing from headers of file: /home/portnoy/u0/sytoanngo/ONEFlux/data/US-ARc_sample_output/99_fluxnet2015/FLX_US-ARc_FLUXNET2015_FULLSET_MM_2005-2006_beta-5.csv [oneflux.pipeline.common]
2025-06-26 14:00:46.026 [INFO    ] Variable 'NEE_CUT_25' might be missing from headers of file: /home/portnoy/u0/sytoanngo/ONEFlux/data/US-ARc_sample_output/99_fluxnet2015/FLX_US-ARc_FLUXNET2015_FULLSET_MM_2005-2006_beta-5.csv [oneflux.pipeline.common]
2025-06-26 14:00:46.026 [INFO    ] Variable 'NEE_CUT_50' might be missing from headers of file: /home/portnoy/u0/sytoanngo/ONEFlux/data/US-ARc_sample_output/99_fluxnet2015/FLX_US-ARc_FLUXNET2015_FULLSET_MM_2005-2006_beta-5.csv [oneflux.pipeline.common]
2025-06-26 14:00:46.026 [INFO    ] Variable 'NEE_CUT_75' might be missing from headers of file: /home/portnoy/u0/sytoanngo/ONEFlux/data/US-ARc_sample_output/99_fluxnet2015/FLX_US-ARc_FLUXNET2015_FULLSET_MM_2005-2006_beta-5.csv [oneflux.pipeline.common]
2025-06-26 14:00:46.026 [INFO    ] Variable 'NEE_CUT_84' might be missing from headers of file: /home/portnoy/u0/sytoanngo/ONEFlux/data/US-ARc_sample_output/99_fluxnet2015/FLX_US-ARc_FLUXNET2015_FULLSET_MM_2005-2006_beta-5.csv [oneflux.pipeline.common]
2025-06-26 14:00:46.026 [INFO    ] Variable 'NEE_CUT_95' might be missing from headers of file: /home/portnoy/u0/sytoanngo/ONEFlux/data/US-ARc_sample_output/99_fluxnet2015/FLX_US-ARc_FLUXNET2015_FULLSET_MM_2005-2006_beta-5.csv [oneflux.pipeline.common]
2025-06-26 14:00:46.026 [INFO    ] Variable 'NEE_CUT_05_QC' might be missing from headers of file: /home/portnoy/u0/sytoanngo/ONEFlux/data/US-ARc_sample_output/99_fluxnet2015/FLX_US-ARc_FLUXNET2015_FULLSET_MM_2005-2006_beta-5.csv [oneflux.pipeline.common]
2025-06-26 14:00:46.026 [INFO    ] Variable 'NEE_CUT_16_QC' might be missing from headers of file: /home/portnoy/u0/sytoanngo/ONEFlux/data/US-ARc_sample_output/99_fluxnet2015/FLX_US-ARc_FLUXNET2015_FULLSET_MM_2005-2006_beta-5.csv [oneflux.pipeline.common]
2025-06-26 14:00:46.026 [INFO    ] Variable 'NEE_CUT_25_QC' might be missing from headers of file: /home/portnoy/u0/sytoanngo/ONEFlux/data/US-ARc_sample_output/99_fluxnet2015/FLX_US-ARc_FLUXNET2015_FULLSET_MM_2005-2006_beta-5.csv [oneflux.pipeline.common]
2025-06-26 14:00:46.027 [INFO    ] Variable 'NEE_CUT_50_QC' might be missing from headers of file: /home/portnoy/u0/sytoanngo/ONEFlux/data/US-ARc_sample_output/99_fluxnet2015/FLX_US-ARc_FLUXNET2015_FULLSET_MM_2005-2006_beta-5.csv [oneflux.pipeline.common]
2025-06-26 14:00:46.027 [INFO    ] Variable 'NEE_CUT_75_QC' might be missing from headers of file: /home/portnoy/u0/sytoanngo/ONEFlux/data/US-ARc_sample_output/99_fluxnet2015/FLX_US-ARc_FLUXNET2015_FULLSET_MM_2005-2006_beta-5.csv [oneflux.pipeline.common]
2025-06-26 14:00:46.027 [INFO    ] Variable 'NEE_CUT_84_QC' might be missing from headers of file: /home/portnoy/u0/sytoanngo/ONEFlux/data/US-ARc_sample_output/99_fluxnet2015/FLX_US-ARc_FLUXNET2015_FULLSET_MM_2005-2006_beta-5.csv [oneflux.pipeline.common]
2025-06-26 14:00:46.027 [INFO    ] Variable 'NEE_CUT_95_QC' might be missing from headers of file: /home/portnoy/u0/sytoanngo/ONEFlux/data/US-ARc_sample_output/99_fluxnet2015/FLX_US-ARc_FLUXNET2015_FULLSET_MM_2005-2006_beta-5.csv [oneflux.pipeline.common]
2025-06-26 14:00:46.027 [INFO    ] Variable 'RECO_NT_CUT_05' might be missing from headers of file: /home/portnoy/u0/sytoanngo/ONEFlux/data/US-ARc_sample_output/99_fluxnet2015/FLX_US-ARc_FLUXNET2015_FULLSET_MM_2005-2006_beta-5.csv [oneflux.pipeline.common]
2025-06-26 14:00:46.027 [INFO    ] Variable 'RECO_NT_CUT_16' might be missing from headers of file: /home/portnoy/u0/sytoanngo/ONEFlux/data/US-ARc_sample_output/99_fluxnet2015/FLX_US-ARc_FLUXNET2015_FULLSET_MM_2005-2006_beta-5.csv [oneflux.pipeline.common]
2025-06-26 14:00:46.027 [INFO    ] Variable 'RECO_NT_CUT_25' might be missing from headers of file: /home/portnoy/u0/sytoanngo/ONEFlux/data/US-ARc_sample_output/99_fluxnet2015/FLX_US-ARc_FLUXNET2015_FULLSET_MM_2005-2006_beta-5.csv [oneflux.pipeline.common]
2025-06-26 14:00:46.027 [INFO    ] Variable 'RECO_NT_CUT_50' might be missing from headers of file: /home/portnoy/u0/sytoanngo/ONEFlux/data/US-ARc_sample_output/99_fluxnet2015/FLX_US-ARc_FLUXNET2015_FULLSET_MM_2005-2006_beta-5.csv [oneflux.pipeline.common]
2025-06-26 14:00:46.028 [INFO    ] Variable 'RECO_NT_CUT_75' might be missing from headers of file: /home/portnoy/u0/sytoanngo/ONEFlux/data/US-ARc_sample_output/99_fluxnet2015/FLX_US-ARc_FLUXNET2015_FULLSET_MM_2005-2006_beta-5.csv [oneflux.pipeline.common]
2025-06-26 14:00:46.028 [INFO    ] Variable 'RECO_NT_CUT_84' might be missing from headers of file: /home/portnoy/u0/sytoanngo/ONEFlux/data/US-ARc_sample_output/99_fluxnet2015/FLX_US-ARc_FLUXNET2015_FULLSET_MM_2005-2006_beta-5.csv [oneflux.pipeline.common]
2025-06-26 14:00:46.028 [INFO    ] Variable 'RECO_NT_CUT_95' might be missing from headers of file: /home/portnoy/u0/sytoanngo/ONEFlux/data/US-ARc_sample_output/99_fluxnet2015/FLX_US-ARc_FLUXNET2015_FULLSET_MM_2005-2006_beta-5.csv [oneflux.pipeline.common]
2025-06-26 14:00:46.028 [INFO    ] Variable 'GPP_NT_CUT_05' might be missing from headers of file: /home/portnoy/u0/sytoanngo/ONEFlux/data/US-ARc_sample_output/99_fluxnet2015/FLX_US-ARc_FLUXNET2015_FULLSET_MM_2005-2006_beta-5.csv [oneflux.pipeline.common]
2025-06-26 14:00:46.028 [INFO    ] Variable 'GPP_NT_CUT_16' might be missing from headers of file: /home/portnoy/u0/sytoanngo/ONEFlux/data/US-ARc_sample_output/99_fluxnet2015/FLX_US-ARc_FLUXNET2015_FULLSET_MM_2005-2006_beta-5.csv [oneflux.pipeline.common]
2025-06-26 14:00:46.028 [INFO    ] Variable 'GPP_NT_CUT_25' might be missing from headers of file: /home/portnoy/u0/sytoanngo/ONEFlux/data/US-ARc_sample_output/99_fluxnet2015/FLX_US-ARc_FLUXNET2015_FULLSET_MM_2005-2006_beta-5.csv [oneflux.pipeline.common]
2025-06-26 14:00:46.028 [INFO    ] Variable 'GPP_NT_CUT_50' might be missing from headers of file: /home/portnoy/u0/sytoanngo/ONEFlux/data/US-ARc_sample_output/99_fluxnet2015/FLX_US-ARc_FLUXNET2015_FULLSET_MM_2005-2006_beta-5.csv [oneflux.pipeline.common]
2025-06-26 14:00:46.028 [INFO    ] Variable 'GPP_NT_CUT_75' might be missing from headers of file: /home/portnoy/u0/sytoanngo/ONEFlux/data/US-ARc_sample_output/99_fluxnet2015/FLX_US-ARc_FLUXNET2015_FULLSET_MM_2005-2006_beta-5.csv [oneflux.pipeline.common]
2025-06-26 14:00:46.029 [INFO    ] Variable 'GPP_NT_CUT_84' might be missing from headers of file: /home/portnoy/u0/sytoanngo/ONEFlux/data/US-ARc_sample_output/99_fluxnet2015/FLX_US-ARc_FLUXNET2015_FULLSET_MM_2005-2006_beta-5.csv [oneflux.pipeline.common]
2025-06-26 14:00:46.029 [INFO    ] Variable 'GPP_NT_CUT_95' might be missing from headers of file: /home/portnoy/u0/sytoanngo/ONEFlux/data/US-ARc_sample_output/99_fluxnet2015/FLX_US-ARc_FLUXNET2015_FULLSET_MM_2005-2006_beta-5.csv [oneflux.pipeline.common]
2025-06-26 14:00:46.029 [INFO    ] Variable 'RECO_DT_CUT_05' might be missing from headers of file: /home/portnoy/u0/sytoanngo/ONEFlux/data/US-ARc_sample_output/99_fluxnet2015/FLX_US-ARc_FLUXNET2015_FULLSET_MM_2005-2006_beta-5.csv [oneflux.pipeline.common]
2025-06-26 14:00:46.029 [INFO    ] Variable 'RECO_DT_CUT_16' might be missing from headers of file: /home/portnoy/u0/sytoanngo/ONEFlux/data/US-ARc_sample_output/99_fluxnet2015/FLX_US-ARc_FLUXNET2015_FULLSET_MM_2005-2006_beta-5.csv [oneflux.pipeline.common]
2025-06-26 14:00:46.029 [INFO    ] Variable 'RECO_DT_CUT_25' might be missing from headers of file: /home/portnoy/u0/sytoanngo/ONEFlux/data/US-ARc_sample_output/99_fluxnet2015/FLX_US-ARc_FLUXNET2015_FULLSET_MM_2005-2006_beta-5.csv [oneflux.pipeline.common]
2025-06-26 14:00:46.029 [INFO    ] Variable 'RECO_DT_CUT_50' might be missing from headers of file: /home/portnoy/u0/sytoanngo/ONEFlux/data/US-ARc_sample_output/99_fluxnet2015/FLX_US-ARc_FLUXNET2015_FULLSET_MM_2005-2006_beta-5.csv [oneflux.pipeline.common]
2025-06-26 14:00:46.029 [INFO    ] Variable 'RECO_DT_CUT_75' might be missing from headers of file: /home/portnoy/u0/sytoanngo/ONEFlux/data/US-ARc_sample_output/99_fluxnet2015/FLX_US-ARc_FLUXNET2015_FULLSET_MM_2005-2006_beta-5.csv [oneflux.pipeline.common]
2025-06-26 14:00:46.029 [INFO    ] Variable 'RECO_DT_CUT_84' might be missing from headers of file: /home/portnoy/u0/sytoanngo/ONEFlux/data/US-ARc_sample_output/99_fluxnet2015/FLX_US-ARc_FLUXNET2015_FULLSET_MM_2005-2006_beta-5.csv [oneflux.pipeline.common]
2025-06-26 14:00:46.029 [INFO    ] Variable 'RECO_DT_CUT_95' might be missing from headers of file: /home/portnoy/u0/sytoanngo/ONEFlux/data/US-ARc_sample_output/99_fluxnet2015/FLX_US-ARc_FLUXNET2015_FULLSET_MM_2005-2006_beta-5.csv [oneflux.pipeline.common]
2025-06-26 14:00:46.030 [INFO    ] Variable 'GPP_DT_CUT_05' might be missing from headers of file: /home/portnoy/u0/sytoanngo/ONEFlux/data/US-ARc_sample_output/99_fluxnet2015/FLX_US-ARc_FLUXNET2015_FULLSET_MM_2005-2006_beta-5.csv [oneflux.pipeline.common]
2025-06-26 14:00:46.030 [INFO    ] Variable 'GPP_DT_CUT_16' might be missing from headers of file: /home/portnoy/u0/sytoanngo/ONEFlux/data/US-ARc_sample_output/99_fluxnet2015/FLX_US-ARc_FLUXNET2015_FULLSET_MM_2005-2006_beta-5.csv [oneflux.pipeline.common]
2025-06-26 14:00:46.030 [INFO    ] Variable 'GPP_DT_CUT_25' might be missing from headers of file: /home/portnoy/u0/sytoanngo/ONEFlux/data/US-ARc_sample_output/99_fluxnet2015/FLX_US-ARc_FLUXNET2015_FULLSET_MM_2005-2006_beta-5.csv [oneflux.pipeline.common]
2025-06-26 14:00:46.030 [INFO    ] Variable 'GPP_DT_CUT_50' might be missing from headers of file: /home/portnoy/u0/sytoanngo/ONEFlux/data/US-ARc_sample_output/99_fluxnet2015/FLX_US-ARc_FLUXNET2015_FULLSET_MM_2005-2006_beta-5.csv [oneflux.pipeline.common]
2025-06-26 14:00:46.030 [INFO    ] Variable 'GPP_DT_CUT_75' might be missing from headers of file: /home/portnoy/u0/sytoanngo/ONEFlux/data/US-ARc_sample_output/99_fluxnet2015/FLX_US-ARc_FLUXNET2015_FULLSET_MM_2005-2006_beta-5.csv [oneflux.pipeline.common]
2025-06-26 14:00:46.030 [INFO    ] Variable 'GPP_DT_CUT_84' might be missing from headers of file: /home/portnoy/u0/sytoanngo/ONEFlux/data/US-ARc_sample_output/99_fluxnet2015/FLX_US-ARc_FLUXNET2015_FULLSET_MM_2005-2006_beta-5.csv [oneflux.pipeline.common]
2025-06-26 14:00:46.030 [INFO    ] Variable 'GPP_DT_CUT_95' might be missing from headers of file: /home/portnoy/u0/sytoanngo/ONEFlux/data/US-ARc_sample_output/99_fluxnet2015/FLX_US-ARc_FLUXNET2015_FULLSET_MM_2005-2006_beta-5.csv [oneflux.pipeline.common]
2025-06-26 14:00:46.032 [INFO    ] Variable 'PPFD_DIF' might be missing from headers of file: /home/portnoy/u0/sytoanngo/ONEFlux/data/US-ARc_sample_output/99_fluxnet2015/FLX_US-ARc_FLUXNET2015_FULLSET_WW_2005-2006_beta-5.csv [oneflux.pipeline.common]
2025-06-26 14:00:46.032 [INFO    ] Variable 'PPFD_DIF_QC' might be missing from headers of file: /home/portnoy/u0/sytoanngo/ONEFlux/data/US-ARc_sample_output/99_fluxnet2015/FLX_US-ARc_FLUXNET2015_FULLSET_WW_2005-2006_beta-5.csv [oneflux.pipeline.common]
2025-06-26 14:00:46.032 [INFO    ] Variable 'PPFD_OUT' might be missing from headers of file: /home/portnoy/u0/sytoanngo/ONEFlux/data/US-ARc_sample_output/99_fluxnet2015/FLX_US-ARc_FLUXNET2015_FULLSET_WW_2005-2006_beta-5.csv [oneflux.pipeline.common]
2025-06-26 14:00:46.032 [INFO    ] Variable 'PPFD_OUT_QC' might be missing from headers of file: /home/portnoy/u0/sytoanngo/ONEFlux/data/US-ARc_sample_output/99_fluxnet2015/FLX_US-ARc_FLUXNET2015_FULLSET_WW_2005-2006_beta-5.csv [oneflux.pipeline.common]
2025-06-26 14:00:46.032 [INFO    ] Variable 'SW_DIF' might be missing from headers of file: /home/portnoy/u0/sytoanngo/ONEFlux/data/US-ARc_sample_output/99_fluxnet2015/FLX_US-ARc_FLUXNET2015_FULLSET_WW_2005-2006_beta-5.csv [oneflux.pipeline.common]
2025-06-26 14:00:46.032 [INFO    ] Variable 'SW_DIF_QC' might be missing from headers of file: /home/portnoy/u0/sytoanngo/ONEFlux/data/US-ARc_sample_output/99_fluxnet2015/FLX_US-ARc_FLUXNET2015_FULLSET_WW_2005-2006_beta-5.csv [oneflux.pipeline.common]
2025-06-26 14:00:46.032 [INFO    ] Variable 'SW_OUT' might be missing from headers of file: /home/portnoy/u0/sytoanngo/ONEFlux/data/US-ARc_sample_output/99_fluxnet2015/FLX_US-ARc_FLUXNET2015_FULLSET_WW_2005-2006_beta-5.csv [oneflux.pipeline.common]
2025-06-26 14:00:46.033 [INFO    ] Variable 'SW_OUT_QC' might be missing from headers of file: /home/portnoy/u0/sytoanngo/ONEFlux/data/US-ARc_sample_output/99_fluxnet2015/FLX_US-ARc_FLUXNET2015_FULLSET_WW_2005-2006_beta-5.csv [oneflux.pipeline.common]
2025-06-26 14:00:46.033 [INFO    ] Variable 'LW_OUT' might be missing from headers of file: /home/portnoy/u0/sytoanngo/ONEFlux/data/US-ARc_sample_output/99_fluxnet2015/FLX_US-ARc_FLUXNET2015_FULLSET_WW_2005-2006_beta-5.csv [oneflux.pipeline.common]
2025-06-26 14:00:46.033 [INFO    ] Variable 'LW_OUT_QC' might be missing from headers of file: /home/portnoy/u0/sytoanngo/ONEFlux/data/US-ARc_sample_output/99_fluxnet2015/FLX_US-ARc_FLUXNET2015_FULLSET_WW_2005-2006_beta-5.csv [oneflux.pipeline.common]
2025-06-26 14:00:46.033 [INFO    ] Variable 'PA' might be missing from headers of file: /home/portnoy/u0/sytoanngo/ONEFlux/data/US-ARc_sample_output/99_fluxnet2015/FLX_US-ARc_FLUXNET2015_FULLSET_WW_2005-2006_beta-5.csv [oneflux.pipeline.common]
2025-06-26 14:00:46.033 [INFO    ] Variable 'P' might be missing from headers of file: /home/portnoy/u0/sytoanngo/ONEFlux/data/US-ARc_sample_output/99_fluxnet2015/FLX_US-ARc_FLUXNET2015_FULLSET_WW_2005-2006_beta-5.csv [oneflux.pipeline.common]
2025-06-26 14:00:46.033 [INFO    ] Variable 'WS' might be missing from headers of file: /home/portnoy/u0/sytoanngo/ONEFlux/data/US-ARc_sample_output/99_fluxnet2015/FLX_US-ARc_FLUXNET2015_FULLSET_WW_2005-2006_beta-5.csv [oneflux.pipeline.common]
2025-06-26 14:00:46.033 [INFO    ] Variable 'WD' might be missing from headers of file: /home/portnoy/u0/sytoanngo/ONEFlux/data/US-ARc_sample_output/99_fluxnet2015/FLX_US-ARc_FLUXNET2015_FULLSET_WW_2005-2006_beta-5.csv [oneflux.pipeline.common]
2025-06-26 14:00:46.033 [INFO    ] Variable 'RH' might be missing from headers of file: /home/portnoy/u0/sytoanngo/ONEFlux/data/US-ARc_sample_output/99_fluxnet2015/FLX_US-ARc_FLUXNET2015_FULLSET_WW_2005-2006_beta-5.csv [oneflux.pipeline.common]
2025-06-26 14:00:46.034 [INFO    ] Variable 'LE_CORR_25' might be missing from headers of file: /home/portnoy/u0/sytoanngo/ONEFlux/data/US-ARc_sample_output/99_fluxnet2015/FLX_US-ARc_FLUXNET2015_FULLSET_WW_2005-2006_beta-5.csv [oneflux.pipeline.common]
2025-06-26 14:00:46.034 [INFO    ] Variable 'LE_CORR_75' might be missing from headers of file: /home/portnoy/u0/sytoanngo/ONEFlux/data/US-ARc_sample_output/99_fluxnet2015/FLX_US-ARc_FLUXNET2015_FULLSET_WW_2005-2006_beta-5.csv [oneflux.pipeline.common]
2025-06-26 14:00:46.034 [INFO    ] Variable 'LE_RANDUNC_METHOD' might be missing from headers of file: /home/portnoy/u0/sytoanngo/ONEFlux/data/US-ARc_sample_output/99_fluxnet2015/FLX_US-ARc_FLUXNET2015_FULLSET_WW_2005-2006_beta-5.csv [oneflux.pipeline.common]
2025-06-26 14:00:46.034 [INFO    ] Variable 'LE_RANDUNC_N' might be missing from headers of file: /home/portnoy/u0/sytoanngo/ONEFlux/data/US-ARc_sample_output/99_fluxnet2015/FLX_US-ARc_FLUXNET2015_FULLSET_WW_2005-2006_beta-5.csv [oneflux.pipeline.common]
2025-06-26 14:00:46.034 [INFO    ] Variable 'LE_CORR_JOINTUNC' might be missing from headers of file: /home/portnoy/u0/sytoanngo/ONEFlux/data/US-ARc_sample_output/99_fluxnet2015/FLX_US-ARc_FLUXNET2015_FULLSET_WW_2005-2006_beta-5.csv [oneflux.pipeline.common]
2025-06-26 14:00:46.034 [INFO    ] Variable 'H_CORR_25' might be missing from headers of file: /home/portnoy/u0/sytoanngo/ONEFlux/data/US-ARc_sample_output/99_fluxnet2015/FLX_US-ARc_FLUXNET2015_FULLSET_WW_2005-2006_beta-5.csv [oneflux.pipeline.common]
2025-06-26 14:00:46.034 [INFO    ] Variable 'H_CORR_75' might be missing from headers of file: /home/portnoy/u0/sytoanngo/ONEFlux/data/US-ARc_sample_output/99_fluxnet2015/FLX_US-ARc_FLUXNET2015_FULLSET_WW_2005-2006_beta-5.csv [oneflux.pipeline.common]
2025-06-26 14:00:46.034 [INFO    ] Variable 'H_RANDUNC_METHOD' might be missing from headers of file: /home/portnoy/u0/sytoanngo/ONEFlux/data/US-ARc_sample_output/99_fluxnet2015/FLX_US-ARc_FLUXNET2015_FULLSET_WW_2005-2006_beta-5.csv [oneflux.pipeline.common]
2025-06-26 14:00:46.035 [INFO    ] Variable 'H_RANDUNC_N' might be missing from headers of file: /home/portnoy/u0/sytoanngo/ONEFlux/data/US-ARc_sample_output/99_fluxnet2015/FLX_US-ARc_FLUXNET2015_FULLSET_WW_2005-2006_beta-5.csv [oneflux.pipeline.common]
2025-06-26 14:00:46.035 [INFO    ] Variable 'H_CORR_JOINTUNC' might be missing from headers of file: /home/portnoy/u0/sytoanngo/ONEFlux/data/US-ARc_sample_output/99_fluxnet2015/FLX_US-ARc_FLUXNET2015_FULLSET_WW_2005-2006_beta-5.csv [oneflux.pipeline.common]
2025-06-26 14:00:46.035 [INFO    ] Variable 'NEE_CUT_REF' might be missing from headers of file: /home/portnoy/u0/sytoanngo/ONEFlux/data/US-ARc_sample_output/99_fluxnet2015/FLX_US-ARc_FLUXNET2015_FULLSET_WW_2005-2006_beta-5.csv [oneflux.pipeline.common]
2025-06-26 14:00:46.035 [INFO    ] Variable 'NEE_CUT_REF_QC' might be missing from headers of file: /home/portnoy/u0/sytoanngo/ONEFlux/data/US-ARc_sample_output/99_fluxnet2015/FLX_US-ARc_FLUXNET2015_FULLSET_WW_2005-2006_beta-5.csv [oneflux.pipeline.common]
2025-06-26 14:00:46.035 [INFO    ] Variable 'NEE_CUT_REF_RANDUNC' might be missing from headers of file: /home/portnoy/u0/sytoanngo/ONEFlux/data/US-ARc_sample_output/99_fluxnet2015/FLX_US-ARc_FLUXNET2015_FULLSET_WW_2005-2006_beta-5.csv [oneflux.pipeline.common]
2025-06-26 14:00:46.035 [INFO    ] Variable 'RECO_NT_CUT_REF' might be missing from headers of file: /home/portnoy/u0/sytoanngo/ONEFlux/data/US-ARc_sample_output/99_fluxnet2015/FLX_US-ARc_FLUXNET2015_FULLSET_WW_2005-2006_beta-5.csv [oneflux.pipeline.common]
2025-06-26 14:00:46.035 [INFO    ] Variable 'GPP_NT_CUT_REF' might be missing from headers of file: /home/portnoy/u0/sytoanngo/ONEFlux/data/US-ARc_sample_output/99_fluxnet2015/FLX_US-ARc_FLUXNET2015_FULLSET_WW_2005-2006_beta-5.csv [oneflux.pipeline.common]
2025-06-26 14:00:46.035 [INFO    ] Variable 'RECO_DT_CUT_REF' might be missing from headers of file: /home/portnoy/u0/sytoanngo/ONEFlux/data/US-ARc_sample_output/99_fluxnet2015/FLX_US-ARc_FLUXNET2015_FULLSET_WW_2005-2006_beta-5.csv [oneflux.pipeline.common]
2025-06-26 14:00:46.035 [INFO    ] Variable 'GPP_DT_CUT_REF' might be missing from headers of file: /home/portnoy/u0/sytoanngo/ONEFlux/data/US-ARc_sample_output/99_fluxnet2015/FLX_US-ARc_FLUXNET2015_FULLSET_WW_2005-2006_beta-5.csv [oneflux.pipeline.common]
2025-06-26 14:00:46.036 [INFO    ] Variable 'TS_F_MDS_2' might be missing from headers of file: /home/portnoy/u0/sytoanngo/ONEFlux/data/US-ARc_sample_output/99_fluxnet2015/FLX_US-ARc_FLUXNET2015_FULLSET_WW_2005-2006_beta-5.csv [oneflux.pipeline.common]
2025-06-26 14:00:46.036 [INFO    ] Variable 'TS_F_MDS_3' might be missing from headers of file: /home/portnoy/u0/sytoanngo/ONEFlux/data/US-ARc_sample_output/99_fluxnet2015/FLX_US-ARc_FLUXNET2015_FULLSET_WW_2005-2006_beta-5.csv [oneflux.pipeline.common]
2025-06-26 14:00:46.036 [INFO    ] Variable 'TS_F_MDS_4' might be missing from headers of file: /home/portnoy/u0/sytoanngo/ONEFlux/data/US-ARc_sample_output/99_fluxnet2015/FLX_US-ARc_FLUXNET2015_FULLSET_WW_2005-2006_beta-5.csv [oneflux.pipeline.common]
2025-06-26 14:00:46.036 [INFO    ] Variable 'TS_F_MDS_5' might be missing from headers of file: /home/portnoy/u0/sytoanngo/ONEFlux/data/US-ARc_sample_output/99_fluxnet2015/FLX_US-ARc_FLUXNET2015_FULLSET_WW_2005-2006_beta-5.csv [oneflux.pipeline.common]
2025-06-26 14:00:46.036 [INFO    ] Variable 'TS_F_MDS_6' might be missing from headers of file: /home/portnoy/u0/sytoanngo/ONEFlux/data/US-ARc_sample_output/99_fluxnet2015/FLX_US-ARc_FLUXNET2015_FULLSET_WW_2005-2006_beta-5.csv [oneflux.pipeline.common]
2025-06-26 14:00:46.036 [INFO    ] Variable 'TS_F_MDS_7' might be missing from headers of file: /home/portnoy/u0/sytoanngo/ONEFlux/data/US-ARc_sample_output/99_fluxnet2015/FLX_US-ARc_FLUXNET2015_FULLSET_WW_2005-2006_beta-5.csv [oneflux.pipeline.common]
2025-06-26 14:00:46.036 [INFO    ] Variable 'TS_F_MDS_8' might be missing from headers of file: /home/portnoy/u0/sytoanngo/ONEFlux/data/US-ARc_sample_output/99_fluxnet2015/FLX_US-ARc_FLUXNET2015_FULLSET_WW_2005-2006_beta-5.csv [oneflux.pipeline.common]
2025-06-26 14:00:46.036 [INFO    ] Variable 'TS_F_MDS_9' might be missing from headers of file: /home/portnoy/u0/sytoanngo/ONEFlux/data/US-ARc_sample_output/99_fluxnet2015/FLX_US-ARc_FLUXNET2015_FULLSET_WW_2005-2006_beta-5.csv [oneflux.pipeline.common]
2025-06-26 14:00:46.037 [INFO    ] Variable 'TS_F_MDS_10' might be missing from headers of file: /home/portnoy/u0/sytoanngo/ONEFlux/data/US-ARc_sample_output/99_fluxnet2015/FLX_US-ARc_FLUXNET2015_FULLSET_WW_2005-2006_beta-5.csv [oneflux.pipeline.common]
2025-06-26 14:00:46.037 [INFO    ] Variable 'TS_F_MDS_11' might be missing from headers of file: /home/portnoy/u0/sytoanngo/ONEFlux/data/US-ARc_sample_output/99_fluxnet2015/FLX_US-ARc_FLUXNET2015_FULLSET_WW_2005-2006_beta-5.csv [oneflux.pipeline.common]
2025-06-26 14:00:46.037 [INFO    ] Variable 'TS_F_MDS_12' might be missing from headers of file: /home/portnoy/u0/sytoanngo/ONEFlux/data/US-ARc_sample_output/99_fluxnet2015/FLX_US-ARc_FLUXNET2015_FULLSET_WW_2005-2006_beta-5.csv [oneflux.pipeline.common]
2025-06-26 14:00:46.037 [INFO    ] Variable 'TS_F_MDS_13' might be missing from headers of file: /home/portnoy/u0/sytoanngo/ONEFlux/data/US-ARc_sample_output/99_fluxnet2015/FLX_US-ARc_FLUXNET2015_FULLSET_WW_2005-2006_beta-5.csv [oneflux.pipeline.common]
2025-06-26 14:00:46.037 [INFO    ] Variable 'TS_F_MDS_14' might be missing from headers of file: /home/portnoy/u0/sytoanngo/ONEFlux/data/US-ARc_sample_output/99_fluxnet2015/FLX_US-ARc_FLUXNET2015_FULLSET_WW_2005-2006_beta-5.csv [oneflux.pipeline.common]
2025-06-26 14:00:46.037 [INFO    ] Variable 'TS_F_MDS_15' might be missing from headers of file: /home/portnoy/u0/sytoanngo/ONEFlux/data/US-ARc_sample_output/99_fluxnet2015/FLX_US-ARc_FLUXNET2015_FULLSET_WW_2005-2006_beta-5.csv [oneflux.pipeline.common]
2025-06-26 14:00:46.037 [INFO    ] Variable 'TS_F_MDS_16' might be missing from headers of file: /home/portnoy/u0/sytoanngo/ONEFlux/data/US-ARc_sample_output/99_fluxnet2015/FLX_US-ARc_FLUXNET2015_FULLSET_WW_2005-2006_beta-5.csv [oneflux.pipeline.common]
2025-06-26 14:00:46.037 [INFO    ] Variable 'TS_F_MDS_17' might be missing from headers of file: /home/portnoy/u0/sytoanngo/ONEFlux/data/US-ARc_sample_output/99_fluxnet2015/FLX_US-ARc_FLUXNET2015_FULLSET_WW_2005-2006_beta-5.csv [oneflux.pipeline.common]
2025-06-26 14:00:46.038 [INFO    ] Variable 'TS_F_MDS_18' might be missing from headers of file: /home/portnoy/u0/sytoanngo/ONEFlux/data/US-ARc_sample_output/99_fluxnet2015/FLX_US-ARc_FLUXNET2015_FULLSET_WW_2005-2006_beta-5.csv [oneflux.pipeline.common]
2025-06-26 14:00:46.038 [INFO    ] Variable 'TS_F_MDS_19' might be missing from headers of file: /home/portnoy/u0/sytoanngo/ONEFlux/data/US-ARc_sample_output/99_fluxnet2015/FLX_US-ARc_FLUXNET2015_FULLSET_WW_2005-2006_beta-5.csv [oneflux.pipeline.common]
2025-06-26 14:00:46.038 [INFO    ] Variable 'TS_F_MDS_2_QC' might be missing from headers of file: /home/portnoy/u0/sytoanngo/ONEFlux/data/US-ARc_sample_output/99_fluxnet2015/FLX_US-ARc_FLUXNET2015_FULLSET_WW_2005-2006_beta-5.csv [oneflux.pipeline.common]
2025-06-26 14:00:46.038 [INFO    ] Variable 'TS_F_MDS_3_QC' might be missing from headers of file: /home/portnoy/u0/sytoanngo/ONEFlux/data/US-ARc_sample_output/99_fluxnet2015/FLX_US-ARc_FLUXNET2015_FULLSET_WW_2005-2006_beta-5.csv [oneflux.pipeline.common]
2025-06-26 14:00:46.038 [INFO    ] Variable 'TS_F_MDS_4_QC' might be missing from headers of file: /home/portnoy/u0/sytoanngo/ONEFlux/data/US-ARc_sample_output/99_fluxnet2015/FLX_US-ARc_FLUXNET2015_FULLSET_WW_2005-2006_beta-5.csv [oneflux.pipeline.common]
2025-06-26 14:00:46.038 [INFO    ] Variable 'TS_F_MDS_5_QC' might be missing from headers of file: /home/portnoy/u0/sytoanngo/ONEFlux/data/US-ARc_sample_output/99_fluxnet2015/FLX_US-ARc_FLUXNET2015_FULLSET_WW_2005-2006_beta-5.csv [oneflux.pipeline.common]
2025-06-26 14:00:46.038 [INFO    ] Variable 'TS_F_MDS_6_QC' might be missing from headers of file: /home/portnoy/u0/sytoanngo/ONEFlux/data/US-ARc_sample_output/99_fluxnet2015/FLX_US-ARc_FLUXNET2015_FULLSET_WW_2005-2006_beta-5.csv [oneflux.pipeline.common]
2025-06-26 14:00:46.039 [INFO    ] Variable 'TS_F_MDS_7_QC' might be missing from headers of file: /home/portnoy/u0/sytoanngo/ONEFlux/data/US-ARc_sample_output/99_fluxnet2015/FLX_US-ARc_FLUXNET2015_FULLSET_WW_2005-2006_beta-5.csv [oneflux.pipeline.common]
2025-06-26 14:00:46.039 [INFO    ] Variable 'TS_F_MDS_8_QC' might be missing from headers of file: /home/portnoy/u0/sytoanngo/ONEFlux/data/US-ARc_sample_output/99_fluxnet2015/FLX_US-ARc_FLUXNET2015_FULLSET_WW_2005-2006_beta-5.csv [oneflux.pipeline.common]
2025-06-26 14:00:46.039 [INFO    ] Variable 'TS_F_MDS_9_QC' might be missing from headers of file: /home/portnoy/u0/sytoanngo/ONEFlux/data/US-ARc_sample_output/99_fluxnet2015/FLX_US-ARc_FLUXNET2015_FULLSET_WW_2005-2006_beta-5.csv [oneflux.pipeline.common]
2025-06-26 14:00:46.039 [INFO    ] Variable 'TS_F_MDS_10_QC' might be missing from headers of file: /home/portnoy/u0/sytoanngo/ONEFlux/data/US-ARc_sample_output/99_fluxnet2015/FLX_US-ARc_FLUXNET2015_FULLSET_WW_2005-2006_beta-5.csv [oneflux.pipeline.common]
2025-06-26 14:00:46.039 [INFO    ] Variable 'TS_F_MDS_11_QC' might be missing from headers of file: /home/portnoy/u0/sytoanngo/ONEFlux/data/US-ARc_sample_output/99_fluxnet2015/FLX_US-ARc_FLUXNET2015_FULLSET_WW_2005-2006_beta-5.csv [oneflux.pipeline.common]
2025-06-26 14:00:46.039 [INFO    ] Variable 'TS_F_MDS_12_QC' might be missing from headers of file: /home/portnoy/u0/sytoanngo/ONEFlux/data/US-ARc_sample_output/99_fluxnet2015/FLX_US-ARc_FLUXNET2015_FULLSET_WW_2005-2006_beta-5.csv [oneflux.pipeline.common]
2025-06-26 14:00:46.039 [INFO    ] Variable 'TS_F_MDS_13_QC' might be missing from headers of file: /home/portnoy/u0/sytoanngo/ONEFlux/data/US-ARc_sample_output/99_fluxnet2015/FLX_US-ARc_FLUXNET2015_FULLSET_WW_2005-2006_beta-5.csv [oneflux.pipeline.common]
2025-06-26 14:00:46.039 [INFO    ] Variable 'TS_F_MDS_14_QC' might be missing from headers of file: /home/portnoy/u0/sytoanngo/ONEFlux/data/US-ARc_sample_output/99_fluxnet2015/FLX_US-ARc_FLUXNET2015_FULLSET_WW_2005-2006_beta-5.csv [oneflux.pipeline.common]
2025-06-26 14:00:46.040 [INFO    ] Variable 'TS_F_MDS_15_QC' might be missing from headers of file: /home/portnoy/u0/sytoanngo/ONEFlux/data/US-ARc_sample_output/99_fluxnet2015/FLX_US-ARc_FLUXNET2015_FULLSET_WW_2005-2006_beta-5.csv [oneflux.pipeline.common]
2025-06-26 14:00:46.040 [INFO    ] Variable 'TS_F_MDS_16_QC' might be missing from headers of file: /home/portnoy/u0/sytoanngo/ONEFlux/data/US-ARc_sample_output/99_fluxnet2015/FLX_US-ARc_FLUXNET2015_FULLSET_WW_2005-2006_beta-5.csv [oneflux.pipeline.common]
2025-06-26 14:00:46.040 [INFO    ] Variable 'TS_F_MDS_17_QC' might be missing from headers of file: /home/portnoy/u0/sytoanngo/ONEFlux/data/US-ARc_sample_output/99_fluxnet2015/FLX_US-ARc_FLUXNET2015_FULLSET_WW_2005-2006_beta-5.csv [oneflux.pipeline.common]
2025-06-26 14:00:46.040 [INFO    ] Variable 'TS_F_MDS_18_QC' might be missing from headers of file: /home/portnoy/u0/sytoanngo/ONEFlux/data/US-ARc_sample_output/99_fluxnet2015/FLX_US-ARc_FLUXNET2015_FULLSET_WW_2005-2006_beta-5.csv [oneflux.pipeline.common]
2025-06-26 14:00:46.040 [INFO    ] Variable 'TS_F_MDS_19_QC' might be missing from headers of file: /home/portnoy/u0/sytoanngo/ONEFlux/data/US-ARc_sample_output/99_fluxnet2015/FLX_US-ARc_FLUXNET2015_FULLSET_WW_2005-2006_beta-5.csv [oneflux.pipeline.common]
2025-06-26 14:00:46.040 [INFO    ] Variable 'SWC_F_MDS_2' might be missing from headers of file: /home/portnoy/u0/sytoanngo/ONEFlux/data/US-ARc_sample_output/99_fluxnet2015/FLX_US-ARc_FLUXNET2015_FULLSET_WW_2005-2006_beta-5.csv [oneflux.pipeline.common]
2025-06-26 14:00:46.040 [INFO    ] Variable 'SWC_F_MDS_3' might be missing from headers of file: /home/portnoy/u0/sytoanngo/ONEFlux/data/US-ARc_sample_output/99_fluxnet2015/FLX_US-ARc_FLUXNET2015_FULLSET_WW_2005-2006_beta-5.csv [oneflux.pipeline.common]
2025-06-26 14:00:46.040 [INFO    ] Variable 'SWC_F_MDS_4' might be missing from headers of file: /home/portnoy/u0/sytoanngo/ONEFlux/data/US-ARc_sample_output/99_fluxnet2015/FLX_US-ARc_FLUXNET2015_FULLSET_WW_2005-2006_beta-5.csv [oneflux.pipeline.common]
2025-06-26 14:00:46.041 [INFO    ] Variable 'SWC_F_MDS_5' might be missing from headers of file: /home/portnoy/u0/sytoanngo/ONEFlux/data/US-ARc_sample_output/99_fluxnet2015/FLX_US-ARc_FLUXNET2015_FULLSET_WW_2005-2006_beta-5.csv [oneflux.pipeline.common]
2025-06-26 14:00:46.041 [INFO    ] Variable 'SWC_F_MDS_6' might be missing from headers of file: /home/portnoy/u0/sytoanngo/ONEFlux/data/US-ARc_sample_output/99_fluxnet2015/FLX_US-ARc_FLUXNET2015_FULLSET_WW_2005-2006_beta-5.csv [oneflux.pipeline.common]
2025-06-26 14:00:46.041 [INFO    ] Variable 'SWC_F_MDS_7' might be missing from headers of file: /home/portnoy/u0/sytoanngo/ONEFlux/data/US-ARc_sample_output/99_fluxnet2015/FLX_US-ARc_FLUXNET2015_FULLSET_WW_2005-2006_beta-5.csv [oneflux.pipeline.common]
2025-06-26 14:00:46.041 [INFO    ] Variable 'SWC_F_MDS_8' might be missing from headers of file: /home/portnoy/u0/sytoanngo/ONEFlux/data/US-ARc_sample_output/99_fluxnet2015/FLX_US-ARc_FLUXNET2015_FULLSET_WW_2005-2006_beta-5.csv [oneflux.pipeline.common]
2025-06-26 14:00:46.041 [INFO    ] Variable 'SWC_F_MDS_9' might be missing from headers of file: /home/portnoy/u0/sytoanngo/ONEFlux/data/US-ARc_sample_output/99_fluxnet2015/FLX_US-ARc_FLUXNET2015_FULLSET_WW_2005-2006_beta-5.csv [oneflux.pipeline.common]
2025-06-26 14:00:46.041 [INFO    ] Variable 'SWC_F_MDS_10' might be missing from headers of file: /home/portnoy/u0/sytoanngo/ONEFlux/data/US-ARc_sample_output/99_fluxnet2015/FLX_US-ARc_FLUXNET2015_FULLSET_WW_2005-2006_beta-5.csv [oneflux.pipeline.common]
2025-06-26 14:00:46.041 [INFO    ] Variable 'SWC_F_MDS_11' might be missing from headers of file: /home/portnoy/u0/sytoanngo/ONEFlux/data/US-ARc_sample_output/99_fluxnet2015/FLX_US-ARc_FLUXNET2015_FULLSET_WW_2005-2006_beta-5.csv [oneflux.pipeline.common]
2025-06-26 14:00:46.041 [INFO    ] Variable 'SWC_F_MDS_12' might be missing from headers of file: /home/portnoy/u0/sytoanngo/ONEFlux/data/US-ARc_sample_output/99_fluxnet2015/FLX_US-ARc_FLUXNET2015_FULLSET_WW_2005-2006_beta-5.csv [oneflux.pipeline.common]
2025-06-26 14:00:46.042 [INFO    ] Variable 'SWC_F_MDS_13' might be missing from headers of file: /home/portnoy/u0/sytoanngo/ONEFlux/data/US-ARc_sample_output/99_fluxnet2015/FLX_US-ARc_FLUXNET2015_FULLSET_WW_2005-2006_beta-5.csv [oneflux.pipeline.common]
2025-06-26 14:00:46.042 [INFO    ] Variable 'SWC_F_MDS_14' might be missing from headers of file: /home/portnoy/u0/sytoanngo/ONEFlux/data/US-ARc_sample_output/99_fluxnet2015/FLX_US-ARc_FLUXNET2015_FULLSET_WW_2005-2006_beta-5.csv [oneflux.pipeline.common]
2025-06-26 14:00:46.042 [INFO    ] Variable 'SWC_F_MDS_15' might be missing from headers of file: /home/portnoy/u0/sytoanngo/ONEFlux/data/US-ARc_sample_output/99_fluxnet2015/FLX_US-ARc_FLUXNET2015_FULLSET_WW_2005-2006_beta-5.csv [oneflux.pipeline.common]
2025-06-26 14:00:46.042 [INFO    ] Variable 'SWC_F_MDS_16' might be missing from headers of file: /home/portnoy/u0/sytoanngo/ONEFlux/data/US-ARc_sample_output/99_fluxnet2015/FLX_US-ARc_FLUXNET2015_FULLSET_WW_2005-2006_beta-5.csv [oneflux.pipeline.common]
2025-06-26 14:00:46.042 [INFO    ] Variable 'SWC_F_MDS_17' might be missing from headers of file: /home/portnoy/u0/sytoanngo/ONEFlux/data/US-ARc_sample_output/99_fluxnet2015/FLX_US-ARc_FLUXNET2015_FULLSET_WW_2005-2006_beta-5.csv [oneflux.pipeline.common]
2025-06-26 14:00:46.042 [INFO    ] Variable 'SWC_F_MDS_18' might be missing from headers of file: /home/portnoy/u0/sytoanngo/ONEFlux/data/US-ARc_sample_output/99_fluxnet2015/FLX_US-ARc_FLUXNET2015_FULLSET_WW_2005-2006_beta-5.csv [oneflux.pipeline.common]
2025-06-26 14:00:46.042 [INFO    ] Variable 'SWC_F_MDS_19' might be missing from headers of file: /home/portnoy/u0/sytoanngo/ONEFlux/data/US-ARc_sample_output/99_fluxnet2015/FLX_US-ARc_FLUXNET2015_FULLSET_WW_2005-2006_beta-5.csv [oneflux.pipeline.common]
2025-06-26 14:00:46.042 [INFO    ] Variable 'SWC_F_MDS_2_QC' might be missing from headers of file: /home/portnoy/u0/sytoanngo/ONEFlux/data/US-ARc_sample_output/99_fluxnet2015/FLX_US-ARc_FLUXNET2015_FULLSET_WW_2005-2006_beta-5.csv [oneflux.pipeline.common]
2025-06-26 14:00:46.043 [INFO    ] Variable 'SWC_F_MDS_3_QC' might be missing from headers of file: /home/portnoy/u0/sytoanngo/ONEFlux/data/US-ARc_sample_output/99_fluxnet2015/FLX_US-ARc_FLUXNET2015_FULLSET_WW_2005-2006_beta-5.csv [oneflux.pipeline.common]
2025-06-26 14:00:46.043 [INFO    ] Variable 'SWC_F_MDS_4_QC' might be missing from headers of file: /home/portnoy/u0/sytoanngo/ONEFlux/data/US-ARc_sample_output/99_fluxnet2015/FLX_US-ARc_FLUXNET2015_FULLSET_WW_2005-2006_beta-5.csv [oneflux.pipeline.common]
2025-06-26 14:00:46.043 [INFO    ] Variable 'SWC_F_MDS_5_QC' might be missing from headers of file: /home/portnoy/u0/sytoanngo/ONEFlux/data/US-ARc_sample_output/99_fluxnet2015/FLX_US-ARc_FLUXNET2015_FULLSET_WW_2005-2006_beta-5.csv [oneflux.pipeline.common]
2025-06-26 14:00:46.043 [INFO    ] Variable 'SWC_F_MDS_6_QC' might be missing from headers of file: /home/portnoy/u0/sytoanngo/ONEFlux/data/US-ARc_sample_output/99_fluxnet2015/FLX_US-ARc_FLUXNET2015_FULLSET_WW_2005-2006_beta-5.csv [oneflux.pipeline.common]
2025-06-26 14:00:46.043 [INFO    ] Variable 'SWC_F_MDS_7_QC' might be missing from headers of file: /home/portnoy/u0/sytoanngo/ONEFlux/data/US-ARc_sample_output/99_fluxnet2015/FLX_US-ARc_FLUXNET2015_FULLSET_WW_2005-2006_beta-5.csv [oneflux.pipeline.common]
2025-06-26 14:00:46.043 [INFO    ] Variable 'SWC_F_MDS_8_QC' might be missing from headers of file: /home/portnoy/u0/sytoanngo/ONEFlux/data/US-ARc_sample_output/99_fluxnet2015/FLX_US-ARc_FLUXNET2015_FULLSET_WW_2005-2006_beta-5.csv [oneflux.pipeline.common]
2025-06-26 14:00:46.043 [INFO    ] Variable 'SWC_F_MDS_9_QC' might be missing from headers of file: /home/portnoy/u0/sytoanngo/ONEFlux/data/US-ARc_sample_output/99_fluxnet2015/FLX_US-ARc_FLUXNET2015_FULLSET_WW_2005-2006_beta-5.csv [oneflux.pipeline.common]
2025-06-26 14:00:46.044 [INFO    ] Variable 'SWC_F_MDS_10_QC' might be missing from headers of file: /home/portnoy/u0/sytoanngo/ONEFlux/data/US-ARc_sample_output/99_fluxnet2015/FLX_US-ARc_FLUXNET2015_FULLSET_WW_2005-2006_beta-5.csv [oneflux.pipeline.common]
2025-06-26 14:00:46.044 [INFO    ] Variable 'SWC_F_MDS_11_QC' might be missing from headers of file: /home/portnoy/u0/sytoanngo/ONEFlux/data/US-ARc_sample_output/99_fluxnet2015/FLX_US-ARc_FLUXNET2015_FULLSET_WW_2005-2006_beta-5.csv [oneflux.pipeline.common]
2025-06-26 14:00:46.044 [INFO    ] Variable 'SWC_F_MDS_12_QC' might be missing from headers of file: /home/portnoy/u0/sytoanngo/ONEFlux/data/US-ARc_sample_output/99_fluxnet2015/FLX_US-ARc_FLUXNET2015_FULLSET_WW_2005-2006_beta-5.csv [oneflux.pipeline.common]
2025-06-26 14:00:46.044 [INFO    ] Variable 'SWC_F_MDS_13_QC' might be missing from headers of file: /home/portnoy/u0/sytoanngo/ONEFlux/data/US-ARc_sample_output/99_fluxnet2015/FLX_US-ARc_FLUXNET2015_FULLSET_WW_2005-2006_beta-5.csv [oneflux.pipeline.common]
2025-06-26 14:00:46.044 [INFO    ] Variable 'SWC_F_MDS_14_QC' might be missing from headers of file: /home/portnoy/u0/sytoanngo/ONEFlux/data/US-ARc_sample_output/99_fluxnet2015/FLX_US-ARc_FLUXNET2015_FULLSET_WW_2005-2006_beta-5.csv [oneflux.pipeline.common]
2025-06-26 14:00:46.044 [INFO    ] Variable 'SWC_F_MDS_15_QC' might be missing from headers of file: /home/portnoy/u0/sytoanngo/ONEFlux/data/US-ARc_sample_output/99_fluxnet2015/FLX_US-ARc_FLUXNET2015_FULLSET_WW_2005-2006_beta-5.csv [oneflux.pipeline.common]
2025-06-26 14:00:46.044 [INFO    ] Variable 'SWC_F_MDS_16_QC' might be missing from headers of file: /home/portnoy/u0/sytoanngo/ONEFlux/data/US-ARc_sample_output/99_fluxnet2015/FLX_US-ARc_FLUXNET2015_FULLSET_WW_2005-2006_beta-5.csv [oneflux.pipeline.common]
2025-06-26 14:00:46.044 [INFO    ] Variable 'SWC_F_MDS_17_QC' might be missing from headers of file: /home/portnoy/u0/sytoanngo/ONEFlux/data/US-ARc_sample_output/99_fluxnet2015/FLX_US-ARc_FLUXNET2015_FULLSET_WW_2005-2006_beta-5.csv [oneflux.pipeline.common]
2025-06-26 14:00:46.045 [INFO    ] Variable 'SWC_F_MDS_18_QC' might be missing from headers of file: /home/portnoy/u0/sytoanngo/ONEFlux/data/US-ARc_sample_output/99_fluxnet2015/FLX_US-ARc_FLUXNET2015_FULLSET_WW_2005-2006_beta-5.csv [oneflux.pipeline.common]
2025-06-26 14:00:46.045 [INFO    ] Variable 'SWC_F_MDS_19_QC' might be missing from headers of file: /home/portnoy/u0/sytoanngo/ONEFlux/data/US-ARc_sample_output/99_fluxnet2015/FLX_US-ARc_FLUXNET2015_FULLSET_WW_2005-2006_beta-5.csv [oneflux.pipeline.common]
2025-06-26 14:00:46.045 [INFO    ] Variable 'NEE_CUT_05' might be missing from headers of file: /home/portnoy/u0/sytoanngo/ONEFlux/data/US-ARc_sample_output/99_fluxnet2015/FLX_US-ARc_FLUXNET2015_FULLSET_WW_2005-2006_beta-5.csv [oneflux.pipeline.common]
2025-06-26 14:00:46.045 [INFO    ] Variable 'NEE_CUT_16' might be missing from headers of file: /home/portnoy/u0/sytoanngo/ONEFlux/data/US-ARc_sample_output/99_fluxnet2015/FLX_US-ARc_FLUXNET2015_FULLSET_WW_2005-2006_beta-5.csv [oneflux.pipeline.common]
2025-06-26 14:00:46.045 [INFO    ] Variable 'NEE_CUT_25' might be missing from headers of file: /home/portnoy/u0/sytoanngo/ONEFlux/data/US-ARc_sample_output/99_fluxnet2015/FLX_US-ARc_FLUXNET2015_FULLSET_WW_2005-2006_beta-5.csv [oneflux.pipeline.common]
2025-06-26 14:00:46.045 [INFO    ] Variable 'NEE_CUT_50' might be missing from headers of file: /home/portnoy/u0/sytoanngo/ONEFlux/data/US-ARc_sample_output/99_fluxnet2015/FLX_US-ARc_FLUXNET2015_FULLSET_WW_2005-2006_beta-5.csv [oneflux.pipeline.common]
2025-06-26 14:00:46.045 [INFO    ] Variable 'NEE_CUT_75' might be missing from headers of file: /home/portnoy/u0/sytoanngo/ONEFlux/data/US-ARc_sample_output/99_fluxnet2015/FLX_US-ARc_FLUXNET2015_FULLSET_WW_2005-2006_beta-5.csv [oneflux.pipeline.common]
2025-06-26 14:00:46.045 [INFO    ] Variable 'NEE_CUT_84' might be missing from headers of file: /home/portnoy/u0/sytoanngo/ONEFlux/data/US-ARc_sample_output/99_fluxnet2015/FLX_US-ARc_FLUXNET2015_FULLSET_WW_2005-2006_beta-5.csv [oneflux.pipeline.common]
2025-06-26 14:00:46.046 [INFO    ] Variable 'NEE_CUT_95' might be missing from headers of file: /home/portnoy/u0/sytoanngo/ONEFlux/data/US-ARc_sample_output/99_fluxnet2015/FLX_US-ARc_FLUXNET2015_FULLSET_WW_2005-2006_beta-5.csv [oneflux.pipeline.common]
2025-06-26 14:00:46.046 [INFO    ] Variable 'NEE_CUT_05_QC' might be missing from headers of file: /home/portnoy/u0/sytoanngo/ONEFlux/data/US-ARc_sample_output/99_fluxnet2015/FLX_US-ARc_FLUXNET2015_FULLSET_WW_2005-2006_beta-5.csv [oneflux.pipeline.common]
2025-06-26 14:00:46.046 [INFO    ] Variable 'NEE_CUT_16_QC' might be missing from headers of file: /home/portnoy/u0/sytoanngo/ONEFlux/data/US-ARc_sample_output/99_fluxnet2015/FLX_US-ARc_FLUXNET2015_FULLSET_WW_2005-2006_beta-5.csv [oneflux.pipeline.common]
2025-06-26 14:00:46.046 [INFO    ] Variable 'NEE_CUT_25_QC' might be missing from headers of file: /home/portnoy/u0/sytoanngo/ONEFlux/data/US-ARc_sample_output/99_fluxnet2015/FLX_US-ARc_FLUXNET2015_FULLSET_WW_2005-2006_beta-5.csv [oneflux.pipeline.common]
2025-06-26 14:00:46.046 [INFO    ] Variable 'NEE_CUT_50_QC' might be missing from headers of file: /home/portnoy/u0/sytoanngo/ONEFlux/data/US-ARc_sample_output/99_fluxnet2015/FLX_US-ARc_FLUXNET2015_FULLSET_WW_2005-2006_beta-5.csv [oneflux.pipeline.common]
2025-06-26 14:00:46.046 [INFO    ] Variable 'NEE_CUT_75_QC' might be missing from headers of file: /home/portnoy/u0/sytoanngo/ONEFlux/data/US-ARc_sample_output/99_fluxnet2015/FLX_US-ARc_FLUXNET2015_FULLSET_WW_2005-2006_beta-5.csv [oneflux.pipeline.common]
2025-06-26 14:00:46.046 [INFO    ] Variable 'NEE_CUT_84_QC' might be missing from headers of file: /home/portnoy/u0/sytoanngo/ONEFlux/data/US-ARc_sample_output/99_fluxnet2015/FLX_US-ARc_FLUXNET2015_FULLSET_WW_2005-2006_beta-5.csv [oneflux.pipeline.common]
2025-06-26 14:00:46.046 [INFO    ] Variable 'NEE_CUT_95_QC' might be missing from headers of file: /home/portnoy/u0/sytoanngo/ONEFlux/data/US-ARc_sample_output/99_fluxnet2015/FLX_US-ARc_FLUXNET2015_FULLSET_WW_2005-2006_beta-5.csv [oneflux.pipeline.common]
2025-06-26 14:00:46.047 [INFO    ] Variable 'RECO_NT_CUT_05' might be missing from headers of file: /home/portnoy/u0/sytoanngo/ONEFlux/data/US-ARc_sample_output/99_fluxnet2015/FLX_US-ARc_FLUXNET2015_FULLSET_WW_2005-2006_beta-5.csv [oneflux.pipeline.common]
2025-06-26 14:00:46.047 [INFO    ] Variable 'RECO_NT_CUT_16' might be missing from headers of file: /home/portnoy/u0/sytoanngo/ONEFlux/data/US-ARc_sample_output/99_fluxnet2015/FLX_US-ARc_FLUXNET2015_FULLSET_WW_2005-2006_beta-5.csv [oneflux.pipeline.common]
2025-06-26 14:00:46.047 [INFO    ] Variable 'RECO_NT_CUT_25' might be missing from headers of file: /home/portnoy/u0/sytoanngo/ONEFlux/data/US-ARc_sample_output/99_fluxnet2015/FLX_US-ARc_FLUXNET2015_FULLSET_WW_2005-2006_beta-5.csv [oneflux.pipeline.common]
2025-06-26 14:00:46.047 [INFO    ] Variable 'RECO_NT_CUT_50' might be missing from headers of file: /home/portnoy/u0/sytoanngo/ONEFlux/data/US-ARc_sample_output/99_fluxnet2015/FLX_US-ARc_FLUXNET2015_FULLSET_WW_2005-2006_beta-5.csv [oneflux.pipeline.common]
2025-06-26 14:00:46.047 [INFO    ] Variable 'RECO_NT_CUT_75' might be missing from headers of file: /home/portnoy/u0/sytoanngo/ONEFlux/data/US-ARc_sample_output/99_fluxnet2015/FLX_US-ARc_FLUXNET2015_FULLSET_WW_2005-2006_beta-5.csv [oneflux.pipeline.common]
2025-06-26 14:00:46.047 [INFO    ] Variable 'RECO_NT_CUT_84' might be missing from headers of file: /home/portnoy/u0/sytoanngo/ONEFlux/data/US-ARc_sample_output/99_fluxnet2015/FLX_US-ARc_FLUXNET2015_FULLSET_WW_2005-2006_beta-5.csv [oneflux.pipeline.common]
2025-06-26 14:00:46.047 [INFO    ] Variable 'RECO_NT_CUT_95' might be missing from headers of file: /home/portnoy/u0/sytoanngo/ONEFlux/data/US-ARc_sample_output/99_fluxnet2015/FLX_US-ARc_FLUXNET2015_FULLSET_WW_2005-2006_beta-5.csv [oneflux.pipeline.common]
2025-06-26 14:00:46.047 [INFO    ] Variable 'GPP_NT_CUT_05' might be missing from headers of file: /home/portnoy/u0/sytoanngo/ONEFlux/data/US-ARc_sample_output/99_fluxnet2015/FLX_US-ARc_FLUXNET2015_FULLSET_WW_2005-2006_beta-5.csv [oneflux.pipeline.common]
2025-06-26 14:00:46.048 [INFO    ] Variable 'GPP_NT_CUT_16' might be missing from headers of file: /home/portnoy/u0/sytoanngo/ONEFlux/data/US-ARc_sample_output/99_fluxnet2015/FLX_US-ARc_FLUXNET2015_FULLSET_WW_2005-2006_beta-5.csv [oneflux.pipeline.common]
2025-06-26 14:00:46.048 [INFO    ] Variable 'GPP_NT_CUT_25' might be missing from headers of file: /home/portnoy/u0/sytoanngo/ONEFlux/data/US-ARc_sample_output/99_fluxnet2015/FLX_US-ARc_FLUXNET2015_FULLSET_WW_2005-2006_beta-5.csv [oneflux.pipeline.common]
2025-06-26 14:00:46.048 [INFO    ] Variable 'GPP_NT_CUT_50' might be missing from headers of file: /home/portnoy/u0/sytoanngo/ONEFlux/data/US-ARc_sample_output/99_fluxnet2015/FLX_US-ARc_FLUXNET2015_FULLSET_WW_2005-2006_beta-5.csv [oneflux.pipeline.common]
2025-06-26 14:00:46.048 [INFO    ] Variable 'GPP_NT_CUT_75' might be missing from headers of file: /home/portnoy/u0/sytoanngo/ONEFlux/data/US-ARc_sample_output/99_fluxnet2015/FLX_US-ARc_FLUXNET2015_FULLSET_WW_2005-2006_beta-5.csv [oneflux.pipeline.common]
2025-06-26 14:00:46.048 [INFO    ] Variable 'GPP_NT_CUT_84' might be missing from headers of file: /home/portnoy/u0/sytoanngo/ONEFlux/data/US-ARc_sample_output/99_fluxnet2015/FLX_US-ARc_FLUXNET2015_FULLSET_WW_2005-2006_beta-5.csv [oneflux.pipeline.common]
2025-06-26 14:00:46.048 [INFO    ] Variable 'GPP_NT_CUT_95' might be missing from headers of file: /home/portnoy/u0/sytoanngo/ONEFlux/data/US-ARc_sample_output/99_fluxnet2015/FLX_US-ARc_FLUXNET2015_FULLSET_WW_2005-2006_beta-5.csv [oneflux.pipeline.common]
2025-06-26 14:00:46.048 [INFO    ] Variable 'RECO_DT_CUT_05' might be missing from headers of file: /home/portnoy/u0/sytoanngo/ONEFlux/data/US-ARc_sample_output/99_fluxnet2015/FLX_US-ARc_FLUXNET2015_FULLSET_WW_2005-2006_beta-5.csv [oneflux.pipeline.common]
2025-06-26 14:00:46.048 [INFO    ] Variable 'RECO_DT_CUT_16' might be missing from headers of file: /home/portnoy/u0/sytoanngo/ONEFlux/data/US-ARc_sample_output/99_fluxnet2015/FLX_US-ARc_FLUXNET2015_FULLSET_WW_2005-2006_beta-5.csv [oneflux.pipeline.common]
2025-06-26 14:00:46.049 [INFO    ] Variable 'RECO_DT_CUT_25' might be missing from headers of file: /home/portnoy/u0/sytoanngo/ONEFlux/data/US-ARc_sample_output/99_fluxnet2015/FLX_US-ARc_FLUXNET2015_FULLSET_WW_2005-2006_beta-5.csv [oneflux.pipeline.common]
2025-06-26 14:00:46.049 [INFO    ] Variable 'RECO_DT_CUT_50' might be missing from headers of file: /home/portnoy/u0/sytoanngo/ONEFlux/data/US-ARc_sample_output/99_fluxnet2015/FLX_US-ARc_FLUXNET2015_FULLSET_WW_2005-2006_beta-5.csv [oneflux.pipeline.common]
2025-06-26 14:00:46.049 [INFO    ] Variable 'RECO_DT_CUT_75' might be missing from headers of file: /home/portnoy/u0/sytoanngo/ONEFlux/data/US-ARc_sample_output/99_fluxnet2015/FLX_US-ARc_FLUXNET2015_FULLSET_WW_2005-2006_beta-5.csv [oneflux.pipeline.common]
2025-06-26 14:00:46.049 [INFO    ] Variable 'RECO_DT_CUT_84' might be missing from headers of file: /home/portnoy/u0/sytoanngo/ONEFlux/data/US-ARc_sample_output/99_fluxnet2015/FLX_US-ARc_FLUXNET2015_FULLSET_WW_2005-2006_beta-5.csv [oneflux.pipeline.common]
2025-06-26 14:00:46.049 [INFO    ] Variable 'RECO_DT_CUT_95' might be missing from headers of file: /home/portnoy/u0/sytoanngo/ONEFlux/data/US-ARc_sample_output/99_fluxnet2015/FLX_US-ARc_FLUXNET2015_FULLSET_WW_2005-2006_beta-5.csv [oneflux.pipeline.common]
2025-06-26 14:00:46.049 [INFO    ] Variable 'GPP_DT_CUT_05' might be missing from headers of file: /home/portnoy/u0/sytoanngo/ONEFlux/data/US-ARc_sample_output/99_fluxnet2015/FLX_US-ARc_FLUXNET2015_FULLSET_WW_2005-2006_beta-5.csv [oneflux.pipeline.common]
2025-06-26 14:00:46.049 [INFO    ] Variable 'GPP_DT_CUT_16' might be missing from headers of file: /home/portnoy/u0/sytoanngo/ONEFlux/data/US-ARc_sample_output/99_fluxnet2015/FLX_US-ARc_FLUXNET2015_FULLSET_WW_2005-2006_beta-5.csv [oneflux.pipeline.common]
2025-06-26 14:00:46.050 [INFO    ] Variable 'GPP_DT_CUT_25' might be missing from headers of file: /home/portnoy/u0/sytoanngo/ONEFlux/data/US-ARc_sample_output/99_fluxnet2015/FLX_US-ARc_FLUXNET2015_FULLSET_WW_2005-2006_beta-5.csv [oneflux.pipeline.common]
2025-06-26 14:00:46.050 [INFO    ] Variable 'GPP_DT_CUT_50' might be missing from headers of file: /home/portnoy/u0/sytoanngo/ONEFlux/data/US-ARc_sample_output/99_fluxnet2015/FLX_US-ARc_FLUXNET2015_FULLSET_WW_2005-2006_beta-5.csv [oneflux.pipeline.common]
2025-06-26 14:00:46.050 [INFO    ] Variable 'GPP_DT_CUT_75' might be missing from headers of file: /home/portnoy/u0/sytoanngo/ONEFlux/data/US-ARc_sample_output/99_fluxnet2015/FLX_US-ARc_FLUXNET2015_FULLSET_WW_2005-2006_beta-5.csv [oneflux.pipeline.common]
2025-06-26 14:00:46.050 [INFO    ] Variable 'GPP_DT_CUT_84' might be missing from headers of file: /home/portnoy/u0/sytoanngo/ONEFlux/data/US-ARc_sample_output/99_fluxnet2015/FLX_US-ARc_FLUXNET2015_FULLSET_WW_2005-2006_beta-5.csv [oneflux.pipeline.common]
2025-06-26 14:00:46.050 [INFO    ] Variable 'GPP_DT_CUT_95' might be missing from headers of file: /home/portnoy/u0/sytoanngo/ONEFlux/data/US-ARc_sample_output/99_fluxnet2015/FLX_US-ARc_FLUXNET2015_FULLSET_WW_2005-2006_beta-5.csv [oneflux.pipeline.common]
2025-06-26 14:00:46.051 [INFO    ] Variable 'PPFD_DIF' might be missing from headers of file: /home/portnoy/u0/sytoanngo/ONEFlux/data/US-ARc_sample_output/99_fluxnet2015/FLX_US-ARc_FLUXNET2015_FULLSET_WW_2005-2006_beta-5.csv [oneflux.pipeline.common]
2025-06-26 14:00:46.051 [INFO    ] Variable 'PPFD_DIF_QC' might be missing from headers of file: /home/portnoy/u0/sytoanngo/ONEFlux/data/US-ARc_sample_output/99_fluxnet2015/FLX_US-ARc_FLUXNET2015_FULLSET_WW_2005-2006_beta-5.csv [oneflux.pipeline.common]
2025-06-26 14:00:46.051 [INFO    ] Variable 'PPFD_OUT' might be missing from headers of file: /home/portnoy/u0/sytoanngo/ONEFlux/data/US-ARc_sample_output/99_fluxnet2015/FLX_US-ARc_FLUXNET2015_FULLSET_WW_2005-2006_beta-5.csv [oneflux.pipeline.common]
2025-06-26 14:00:46.051 [INFO    ] Variable 'PPFD_OUT_QC' might be missing from headers of file: /home/portnoy/u0/sytoanngo/ONEFlux/data/US-ARc_sample_output/99_fluxnet2015/FLX_US-ARc_FLUXNET2015_FULLSET_WW_2005-2006_beta-5.csv [oneflux.pipeline.common]
2025-06-26 14:00:46.051 [INFO    ] Variable 'SW_DIF' might be missing from headers of file: /home/portnoy/u0/sytoanngo/ONEFlux/data/US-ARc_sample_output/99_fluxnet2015/FLX_US-ARc_FLUXNET2015_FULLSET_WW_2005-2006_beta-5.csv [oneflux.pipeline.common]
2025-06-26 14:00:46.051 [INFO    ] Variable 'SW_DIF_QC' might be missing from headers of file: /home/portnoy/u0/sytoanngo/ONEFlux/data/US-ARc_sample_output/99_fluxnet2015/FLX_US-ARc_FLUXNET2015_FULLSET_WW_2005-2006_beta-5.csv [oneflux.pipeline.common]
2025-06-26 14:00:46.051 [INFO    ] Variable 'SW_OUT' might be missing from headers of file: /home/portnoy/u0/sytoanngo/ONEFlux/data/US-ARc_sample_output/99_fluxnet2015/FLX_US-ARc_FLUXNET2015_FULLSET_WW_2005-2006_beta-5.csv [oneflux.pipeline.common]
2025-06-26 14:00:46.052 [INFO    ] Variable 'SW_OUT_QC' might be missing from headers of file: /home/portnoy/u0/sytoanngo/ONEFlux/data/US-ARc_sample_output/99_fluxnet2015/FLX_US-ARc_FLUXNET2015_FULLSET_WW_2005-2006_beta-5.csv [oneflux.pipeline.common]
2025-06-26 14:00:46.052 [INFO    ] Variable 'LW_OUT' might be missing from headers of file: /home/portnoy/u0/sytoanngo/ONEFlux/data/US-ARc_sample_output/99_fluxnet2015/FLX_US-ARc_FLUXNET2015_FULLSET_WW_2005-2006_beta-5.csv [oneflux.pipeline.common]
2025-06-26 14:00:46.052 [INFO    ] Variable 'LW_OUT_QC' might be missing from headers of file: /home/portnoy/u0/sytoanngo/ONEFlux/data/US-ARc_sample_output/99_fluxnet2015/FLX_US-ARc_FLUXNET2015_FULLSET_WW_2005-2006_beta-5.csv [oneflux.pipeline.common]
2025-06-26 14:00:46.052 [INFO    ] Variable 'PA' might be missing from headers of file: /home/portnoy/u0/sytoanngo/ONEFlux/data/US-ARc_sample_output/99_fluxnet2015/FLX_US-ARc_FLUXNET2015_FULLSET_WW_2005-2006_beta-5.csv [oneflux.pipeline.common]
2025-06-26 14:00:46.052 [INFO    ] Variable 'P' might be missing from headers of file: /home/portnoy/u0/sytoanngo/ONEFlux/data/US-ARc_sample_output/99_fluxnet2015/FLX_US-ARc_FLUXNET2015_FULLSET_WW_2005-2006_beta-5.csv [oneflux.pipeline.common]
2025-06-26 14:00:46.052 [INFO    ] Variable 'WS' might be missing from headers of file: /home/portnoy/u0/sytoanngo/ONEFlux/data/US-ARc_sample_output/99_fluxnet2015/FLX_US-ARc_FLUXNET2015_FULLSET_WW_2005-2006_beta-5.csv [oneflux.pipeline.common]
2025-06-26 14:00:46.052 [INFO    ] Variable 'WD' might be missing from headers of file: /home/portnoy/u0/sytoanngo/ONEFlux/data/US-ARc_sample_output/99_fluxnet2015/FLX_US-ARc_FLUXNET2015_FULLSET_WW_2005-2006_beta-5.csv [oneflux.pipeline.common]
2025-06-26 14:00:46.052 [INFO    ] Variable 'RH' might be missing from headers of file: /home/portnoy/u0/sytoanngo/ONEFlux/data/US-ARc_sample_output/99_fluxnet2015/FLX_US-ARc_FLUXNET2015_FULLSET_WW_2005-2006_beta-5.csv [oneflux.pipeline.common]
2025-06-26 14:00:46.053 [INFO    ] Variable 'LE_CORR_25' might be missing from headers of file: /home/portnoy/u0/sytoanngo/ONEFlux/data/US-ARc_sample_output/99_fluxnet2015/FLX_US-ARc_FLUXNET2015_FULLSET_WW_2005-2006_beta-5.csv [oneflux.pipeline.common]
2025-06-26 14:00:46.053 [INFO    ] Variable 'LE_CORR_75' might be missing from headers of file: /home/portnoy/u0/sytoanngo/ONEFlux/data/US-ARc_sample_output/99_fluxnet2015/FLX_US-ARc_FLUXNET2015_FULLSET_WW_2005-2006_beta-5.csv [oneflux.pipeline.common]
2025-06-26 14:00:46.053 [INFO    ] Variable 'LE_RANDUNC_METHOD' might be missing from headers of file: /home/portnoy/u0/sytoanngo/ONEFlux/data/US-ARc_sample_output/99_fluxnet2015/FLX_US-ARc_FLUXNET2015_FULLSET_WW_2005-2006_beta-5.csv [oneflux.pipeline.common]
2025-06-26 14:00:46.053 [INFO    ] Variable 'LE_RANDUNC_N' might be missing from headers of file: /home/portnoy/u0/sytoanngo/ONEFlux/data/US-ARc_sample_output/99_fluxnet2015/FLX_US-ARc_FLUXNET2015_FULLSET_WW_2005-2006_beta-5.csv [oneflux.pipeline.common]
2025-06-26 14:00:46.053 [INFO    ] Variable 'LE_CORR_JOINTUNC' might be missing from headers of file: /home/portnoy/u0/sytoanngo/ONEFlux/data/US-ARc_sample_output/99_fluxnet2015/FLX_US-ARc_FLUXNET2015_FULLSET_WW_2005-2006_beta-5.csv [oneflux.pipeline.common]
2025-06-26 14:00:46.053 [INFO    ] Variable 'H_CORR_25' might be missing from headers of file: /home/portnoy/u0/sytoanngo/ONEFlux/data/US-ARc_sample_output/99_fluxnet2015/FLX_US-ARc_FLUXNET2015_FULLSET_WW_2005-2006_beta-5.csv [oneflux.pipeline.common]
2025-06-26 14:00:46.053 [INFO    ] Variable 'H_CORR_75' might be missing from headers of file: /home/portnoy/u0/sytoanngo/ONEFlux/data/US-ARc_sample_output/99_fluxnet2015/FLX_US-ARc_FLUXNET2015_FULLSET_WW_2005-2006_beta-5.csv [oneflux.pipeline.common]
2025-06-26 14:00:46.053 [INFO    ] Variable 'H_RANDUNC_METHOD' might be missing from headers of file: /home/portnoy/u0/sytoanngo/ONEFlux/data/US-ARc_sample_output/99_fluxnet2015/FLX_US-ARc_FLUXNET2015_FULLSET_WW_2005-2006_beta-5.csv [oneflux.pipeline.common]
2025-06-26 14:00:46.054 [INFO    ] Variable 'H_RANDUNC_N' might be missing from headers of file: /home/portnoy/u0/sytoanngo/ONEFlux/data/US-ARc_sample_output/99_fluxnet2015/FLX_US-ARc_FLUXNET2015_FULLSET_WW_2005-2006_beta-5.csv [oneflux.pipeline.common]
2025-06-26 14:00:46.054 [INFO    ] Variable 'H_CORR_JOINTUNC' might be missing from headers of file: /home/portnoy/u0/sytoanngo/ONEFlux/data/US-ARc_sample_output/99_fluxnet2015/FLX_US-ARc_FLUXNET2015_FULLSET_WW_2005-2006_beta-5.csv [oneflux.pipeline.common]
2025-06-26 14:00:46.054 [INFO    ] Variable 'NEE_CUT_REF' might be missing from headers of file: /home/portnoy/u0/sytoanngo/ONEFlux/data/US-ARc_sample_output/99_fluxnet2015/FLX_US-ARc_FLUXNET2015_FULLSET_WW_2005-2006_beta-5.csv [oneflux.pipeline.common]
2025-06-26 14:00:46.054 [INFO    ] Variable 'NEE_CUT_REF_QC' might be missing from headers of file: /home/portnoy/u0/sytoanngo/ONEFlux/data/US-ARc_sample_output/99_fluxnet2015/FLX_US-ARc_FLUXNET2015_FULLSET_WW_2005-2006_beta-5.csv [oneflux.pipeline.common]
2025-06-26 14:00:46.054 [INFO    ] Variable 'NEE_CUT_REF_RANDUNC' might be missing from headers of file: /home/portnoy/u0/sytoanngo/ONEFlux/data/US-ARc_sample_output/99_fluxnet2015/FLX_US-ARc_FLUXNET2015_FULLSET_WW_2005-2006_beta-5.csv [oneflux.pipeline.common]
2025-06-26 14:00:46.054 [INFO    ] Variable 'RECO_NT_CUT_REF' might be missing from headers of file: /home/portnoy/u0/sytoanngo/ONEFlux/data/US-ARc_sample_output/99_fluxnet2015/FLX_US-ARc_FLUXNET2015_FULLSET_WW_2005-2006_beta-5.csv [oneflux.pipeline.common]
2025-06-26 14:00:46.054 [INFO    ] Variable 'GPP_NT_CUT_REF' might be missing from headers of file: /home/portnoy/u0/sytoanngo/ONEFlux/data/US-ARc_sample_output/99_fluxnet2015/FLX_US-ARc_FLUXNET2015_FULLSET_WW_2005-2006_beta-5.csv [oneflux.pipeline.common]
2025-06-26 14:00:46.054 [INFO    ] Variable 'RECO_DT_CUT_REF' might be missing from headers of file: /home/portnoy/u0/sytoanngo/ONEFlux/data/US-ARc_sample_output/99_fluxnet2015/FLX_US-ARc_FLUXNET2015_FULLSET_WW_2005-2006_beta-5.csv [oneflux.pipeline.common]
2025-06-26 14:00:46.055 [INFO    ] Variable 'GPP_DT_CUT_REF' might be missing from headers of file: /home/portnoy/u0/sytoanngo/ONEFlux/data/US-ARc_sample_output/99_fluxnet2015/FLX_US-ARc_FLUXNET2015_FULLSET_WW_2005-2006_beta-5.csv [oneflux.pipeline.common]
2025-06-26 14:00:46.055 [INFO    ] Variable 'TS_F_MDS_2' might be missing from headers of file: /home/portnoy/u0/sytoanngo/ONEFlux/data/US-ARc_sample_output/99_fluxnet2015/FLX_US-ARc_FLUXNET2015_FULLSET_WW_2005-2006_beta-5.csv [oneflux.pipeline.common]
2025-06-26 14:00:46.055 [INFO    ] Variable 'TS_F_MDS_3' might be missing from headers of file: /home/portnoy/u0/sytoanngo/ONEFlux/data/US-ARc_sample_output/99_fluxnet2015/FLX_US-ARc_FLUXNET2015_FULLSET_WW_2005-2006_beta-5.csv [oneflux.pipeline.common]
2025-06-26 14:00:46.055 [INFO    ] Variable 'TS_F_MDS_4' might be missing from headers of file: /home/portnoy/u0/sytoanngo/ONEFlux/data/US-ARc_sample_output/99_fluxnet2015/FLX_US-ARc_FLUXNET2015_FULLSET_WW_2005-2006_beta-5.csv [oneflux.pipeline.common]
2025-06-26 14:00:46.055 [INFO    ] Variable 'TS_F_MDS_5' might be missing from headers of file: /home/portnoy/u0/sytoanngo/ONEFlux/data/US-ARc_sample_output/99_fluxnet2015/FLX_US-ARc_FLUXNET2015_FULLSET_WW_2005-2006_beta-5.csv [oneflux.pipeline.common]
2025-06-26 14:00:46.055 [INFO    ] Variable 'TS_F_MDS_6' might be missing from headers of file: /home/portnoy/u0/sytoanngo/ONEFlux/data/US-ARc_sample_output/99_fluxnet2015/FLX_US-ARc_FLUXNET2015_FULLSET_WW_2005-2006_beta-5.csv [oneflux.pipeline.common]
2025-06-26 14:00:46.055 [INFO    ] Variable 'TS_F_MDS_7' might be missing from headers of file: /home/portnoy/u0/sytoanngo/ONEFlux/data/US-ARc_sample_output/99_fluxnet2015/FLX_US-ARc_FLUXNET2015_FULLSET_WW_2005-2006_beta-5.csv [oneflux.pipeline.common]
2025-06-26 14:00:46.055 [INFO    ] Variable 'TS_F_MDS_8' might be missing from headers of file: /home/portnoy/u0/sytoanngo/ONEFlux/data/US-ARc_sample_output/99_fluxnet2015/FLX_US-ARc_FLUXNET2015_FULLSET_WW_2005-2006_beta-5.csv [oneflux.pipeline.common]
2025-06-26 14:00:46.056 [INFO    ] Variable 'TS_F_MDS_9' might be missing from headers of file: /home/portnoy/u0/sytoanngo/ONEFlux/data/US-ARc_sample_output/99_fluxnet2015/FLX_US-ARc_FLUXNET2015_FULLSET_WW_2005-2006_beta-5.csv [oneflux.pipeline.common]
2025-06-26 14:00:46.056 [INFO    ] Variable 'TS_F_MDS_10' might be missing from headers of file: /home/portnoy/u0/sytoanngo/ONEFlux/data/US-ARc_sample_output/99_fluxnet2015/FLX_US-ARc_FLUXNET2015_FULLSET_WW_2005-2006_beta-5.csv [oneflux.pipeline.common]
2025-06-26 14:00:46.056 [INFO    ] Variable 'TS_F_MDS_11' might be missing from headers of file: /home/portnoy/u0/sytoanngo/ONEFlux/data/US-ARc_sample_output/99_fluxnet2015/FLX_US-ARc_FLUXNET2015_FULLSET_WW_2005-2006_beta-5.csv [oneflux.pipeline.common]
2025-06-26 14:00:46.056 [INFO    ] Variable 'TS_F_MDS_12' might be missing from headers of file: /home/portnoy/u0/sytoanngo/ONEFlux/data/US-ARc_sample_output/99_fluxnet2015/FLX_US-ARc_FLUXNET2015_FULLSET_WW_2005-2006_beta-5.csv [oneflux.pipeline.common]
2025-06-26 14:00:46.056 [INFO    ] Variable 'TS_F_MDS_13' might be missing from headers of file: /home/portnoy/u0/sytoanngo/ONEFlux/data/US-ARc_sample_output/99_fluxnet2015/FLX_US-ARc_FLUXNET2015_FULLSET_WW_2005-2006_beta-5.csv [oneflux.pipeline.common]
2025-06-26 14:00:46.056 [INFO    ] Variable 'TS_F_MDS_14' might be missing from headers of file: /home/portnoy/u0/sytoanngo/ONEFlux/data/US-ARc_sample_output/99_fluxnet2015/FLX_US-ARc_FLUXNET2015_FULLSET_WW_2005-2006_beta-5.csv [oneflux.pipeline.common]
2025-06-26 14:00:46.056 [INFO    ] Variable 'TS_F_MDS_15' might be missing from headers of file: /home/portnoy/u0/sytoanngo/ONEFlux/data/US-ARc_sample_output/99_fluxnet2015/FLX_US-ARc_FLUXNET2015_FULLSET_WW_2005-2006_beta-5.csv [oneflux.pipeline.common]
2025-06-26 14:00:46.056 [INFO    ] Variable 'TS_F_MDS_16' might be missing from headers of file: /home/portnoy/u0/sytoanngo/ONEFlux/data/US-ARc_sample_output/99_fluxnet2015/FLX_US-ARc_FLUXNET2015_FULLSET_WW_2005-2006_beta-5.csv [oneflux.pipeline.common]
2025-06-26 14:00:46.057 [INFO    ] Variable 'TS_F_MDS_17' might be missing from headers of file: /home/portnoy/u0/sytoanngo/ONEFlux/data/US-ARc_sample_output/99_fluxnet2015/FLX_US-ARc_FLUXNET2015_FULLSET_WW_2005-2006_beta-5.csv [oneflux.pipeline.common]
2025-06-26 14:00:46.057 [INFO    ] Variable 'TS_F_MDS_18' might be missing from headers of file: /home/portnoy/u0/sytoanngo/ONEFlux/data/US-ARc_sample_output/99_fluxnet2015/FLX_US-ARc_FLUXNET2015_FULLSET_WW_2005-2006_beta-5.csv [oneflux.pipeline.common]
2025-06-26 14:00:46.057 [INFO    ] Variable 'TS_F_MDS_19' might be missing from headers of file: /home/portnoy/u0/sytoanngo/ONEFlux/data/US-ARc_sample_output/99_fluxnet2015/FLX_US-ARc_FLUXNET2015_FULLSET_WW_2005-2006_beta-5.csv [oneflux.pipeline.common]
2025-06-26 14:00:46.057 [INFO    ] Variable 'TS_F_MDS_2_QC' might be missing from headers of file: /home/portnoy/u0/sytoanngo/ONEFlux/data/US-ARc_sample_output/99_fluxnet2015/FLX_US-ARc_FLUXNET2015_FULLSET_WW_2005-2006_beta-5.csv [oneflux.pipeline.common]
2025-06-26 14:00:46.057 [INFO    ] Variable 'TS_F_MDS_3_QC' might be missing from headers of file: /home/portnoy/u0/sytoanngo/ONEFlux/data/US-ARc_sample_output/99_fluxnet2015/FLX_US-ARc_FLUXNET2015_FULLSET_WW_2005-2006_beta-5.csv [oneflux.pipeline.common]
2025-06-26 14:00:46.057 [INFO    ] Variable 'TS_F_MDS_4_QC' might be missing from headers of file: /home/portnoy/u0/sytoanngo/ONEFlux/data/US-ARc_sample_output/99_fluxnet2015/FLX_US-ARc_FLUXNET2015_FULLSET_WW_2005-2006_beta-5.csv [oneflux.pipeline.common]
2025-06-26 14:00:46.057 [INFO    ] Variable 'TS_F_MDS_5_QC' might be missing from headers of file: /home/portnoy/u0/sytoanngo/ONEFlux/data/US-ARc_sample_output/99_fluxnet2015/FLX_US-ARc_FLUXNET2015_FULLSET_WW_2005-2006_beta-5.csv [oneflux.pipeline.common]
2025-06-26 14:00:46.057 [INFO    ] Variable 'TS_F_MDS_6_QC' might be missing from headers of file: /home/portnoy/u0/sytoanngo/ONEFlux/data/US-ARc_sample_output/99_fluxnet2015/FLX_US-ARc_FLUXNET2015_FULLSET_WW_2005-2006_beta-5.csv [oneflux.pipeline.common]
2025-06-26 14:00:46.058 [INFO    ] Variable 'TS_F_MDS_7_QC' might be missing from headers of file: /home/portnoy/u0/sytoanngo/ONEFlux/data/US-ARc_sample_output/99_fluxnet2015/FLX_US-ARc_FLUXNET2015_FULLSET_WW_2005-2006_beta-5.csv [oneflux.pipeline.common]
2025-06-26 14:00:46.058 [INFO    ] Variable 'TS_F_MDS_8_QC' might be missing from headers of file: /home/portnoy/u0/sytoanngo/ONEFlux/data/US-ARc_sample_output/99_fluxnet2015/FLX_US-ARc_FLUXNET2015_FULLSET_WW_2005-2006_beta-5.csv [oneflux.pipeline.common]
2025-06-26 14:00:46.058 [INFO    ] Variable 'TS_F_MDS_9_QC' might be missing from headers of file: /home/portnoy/u0/sytoanngo/ONEFlux/data/US-ARc_sample_output/99_fluxnet2015/FLX_US-ARc_FLUXNET2015_FULLSET_WW_2005-2006_beta-5.csv [oneflux.pipeline.common]
2025-06-26 14:00:46.058 [INFO    ] Variable 'TS_F_MDS_10_QC' might be missing from headers of file: /home/portnoy/u0/sytoanngo/ONEFlux/data/US-ARc_sample_output/99_fluxnet2015/FLX_US-ARc_FLUXNET2015_FULLSET_WW_2005-2006_beta-5.csv [oneflux.pipeline.common]
2025-06-26 14:00:46.058 [INFO    ] Variable 'TS_F_MDS_11_QC' might be missing from headers of file: /home/portnoy/u0/sytoanngo/ONEFlux/data/US-ARc_sample_output/99_fluxnet2015/FLX_US-ARc_FLUXNET2015_FULLSET_WW_2005-2006_beta-5.csv [oneflux.pipeline.common]
2025-06-26 14:00:46.058 [INFO    ] Variable 'TS_F_MDS_12_QC' might be missing from headers of file: /home/portnoy/u0/sytoanngo/ONEFlux/data/US-ARc_sample_output/99_fluxnet2015/FLX_US-ARc_FLUXNET2015_FULLSET_WW_2005-2006_beta-5.csv [oneflux.pipeline.common]
2025-06-26 14:00:46.058 [INFO    ] Variable 'TS_F_MDS_13_QC' might be missing from headers of file: /home/portnoy/u0/sytoanngo/ONEFlux/data/US-ARc_sample_output/99_fluxnet2015/FLX_US-ARc_FLUXNET2015_FULLSET_WW_2005-2006_beta-5.csv [oneflux.pipeline.common]
2025-06-26 14:00:46.058 [INFO    ] Variable 'TS_F_MDS_14_QC' might be missing from headers of file: /home/portnoy/u0/sytoanngo/ONEFlux/data/US-ARc_sample_output/99_fluxnet2015/FLX_US-ARc_FLUXNET2015_FULLSET_WW_2005-2006_beta-5.csv [oneflux.pipeline.common]
2025-06-26 14:00:46.059 [INFO    ] Variable 'TS_F_MDS_15_QC' might be missing from headers of file: /home/portnoy/u0/sytoanngo/ONEFlux/data/US-ARc_sample_output/99_fluxnet2015/FLX_US-ARc_FLUXNET2015_FULLSET_WW_2005-2006_beta-5.csv [oneflux.pipeline.common]
2025-06-26 14:00:46.059 [INFO    ] Variable 'TS_F_MDS_16_QC' might be missing from headers of file: /home/portnoy/u0/sytoanngo/ONEFlux/data/US-ARc_sample_output/99_fluxnet2015/FLX_US-ARc_FLUXNET2015_FULLSET_WW_2005-2006_beta-5.csv [oneflux.pipeline.common]
2025-06-26 14:00:46.059 [INFO    ] Variable 'TS_F_MDS_17_QC' might be missing from headers of file: /home/portnoy/u0/sytoanngo/ONEFlux/data/US-ARc_sample_output/99_fluxnet2015/FLX_US-ARc_FLUXNET2015_FULLSET_WW_2005-2006_beta-5.csv [oneflux.pipeline.common]
2025-06-26 14:00:46.059 [INFO    ] Variable 'TS_F_MDS_18_QC' might be missing from headers of file: /home/portnoy/u0/sytoanngo/ONEFlux/data/US-ARc_sample_output/99_fluxnet2015/FLX_US-ARc_FLUXNET2015_FULLSET_WW_2005-2006_beta-5.csv [oneflux.pipeline.common]
2025-06-26 14:00:46.059 [INFO    ] Variable 'TS_F_MDS_19_QC' might be missing from headers of file: /home/portnoy/u0/sytoanngo/ONEFlux/data/US-ARc_sample_output/99_fluxnet2015/FLX_US-ARc_FLUXNET2015_FULLSET_WW_2005-2006_beta-5.csv [oneflux.pipeline.common]
2025-06-26 14:00:46.059 [INFO    ] Variable 'SWC_F_MDS_2' might be missing from headers of file: /home/portnoy/u0/sytoanngo/ONEFlux/data/US-ARc_sample_output/99_fluxnet2015/FLX_US-ARc_FLUXNET2015_FULLSET_WW_2005-2006_beta-5.csv [oneflux.pipeline.common]
2025-06-26 14:00:46.059 [INFO    ] Variable 'SWC_F_MDS_3' might be missing from headers of file: /home/portnoy/u0/sytoanngo/ONEFlux/data/US-ARc_sample_output/99_fluxnet2015/FLX_US-ARc_FLUXNET2015_FULLSET_WW_2005-2006_beta-5.csv [oneflux.pipeline.common]
2025-06-26 14:00:46.059 [INFO    ] Variable 'SWC_F_MDS_4' might be missing from headers of file: /home/portnoy/u0/sytoanngo/ONEFlux/data/US-ARc_sample_output/99_fluxnet2015/FLX_US-ARc_FLUXNET2015_FULLSET_WW_2005-2006_beta-5.csv [oneflux.pipeline.common]
2025-06-26 14:00:46.059 [INFO    ] Variable 'SWC_F_MDS_5' might be missing from headers of file: /home/portnoy/u0/sytoanngo/ONEFlux/data/US-ARc_sample_output/99_fluxnet2015/FLX_US-ARc_FLUXNET2015_FULLSET_WW_2005-2006_beta-5.csv [oneflux.pipeline.common]
2025-06-26 14:00:46.060 [INFO    ] Variable 'SWC_F_MDS_6' might be missing from headers of file: /home/portnoy/u0/sytoanngo/ONEFlux/data/US-ARc_sample_output/99_fluxnet2015/FLX_US-ARc_FLUXNET2015_FULLSET_WW_2005-2006_beta-5.csv [oneflux.pipeline.common]
2025-06-26 14:00:46.060 [INFO    ] Variable 'SWC_F_MDS_7' might be missing from headers of file: /home/portnoy/u0/sytoanngo/ONEFlux/data/US-ARc_sample_output/99_fluxnet2015/FLX_US-ARc_FLUXNET2015_FULLSET_WW_2005-2006_beta-5.csv [oneflux.pipeline.common]
2025-06-26 14:00:46.060 [INFO    ] Variable 'SWC_F_MDS_8' might be missing from headers of file: /home/portnoy/u0/sytoanngo/ONEFlux/data/US-ARc_sample_output/99_fluxnet2015/FLX_US-ARc_FLUXNET2015_FULLSET_WW_2005-2006_beta-5.csv [oneflux.pipeline.common]
2025-06-26 14:00:46.060 [INFO    ] Variable 'SWC_F_MDS_9' might be missing from headers of file: /home/portnoy/u0/sytoanngo/ONEFlux/data/US-ARc_sample_output/99_fluxnet2015/FLX_US-ARc_FLUXNET2015_FULLSET_WW_2005-2006_beta-5.csv [oneflux.pipeline.common]
2025-06-26 14:00:46.060 [INFO    ] Variable 'SWC_F_MDS_10' might be missing from headers of file: /home/portnoy/u0/sytoanngo/ONEFlux/data/US-ARc_sample_output/99_fluxnet2015/FLX_US-ARc_FLUXNET2015_FULLSET_WW_2005-2006_beta-5.csv [oneflux.pipeline.common]
2025-06-26 14:00:46.060 [INFO    ] Variable 'SWC_F_MDS_11' might be missing from headers of file: /home/portnoy/u0/sytoanngo/ONEFlux/data/US-ARc_sample_output/99_fluxnet2015/FLX_US-ARc_FLUXNET2015_FULLSET_WW_2005-2006_beta-5.csv [oneflux.pipeline.common]
2025-06-26 14:00:46.060 [INFO    ] Variable 'SWC_F_MDS_12' might be missing from headers of file: /home/portnoy/u0/sytoanngo/ONEFlux/data/US-ARc_sample_output/99_fluxnet2015/FLX_US-ARc_FLUXNET2015_FULLSET_WW_2005-2006_beta-5.csv [oneflux.pipeline.common]
2025-06-26 14:00:46.060 [INFO    ] Variable 'SWC_F_MDS_13' might be missing from headers of file: /home/portnoy/u0/sytoanngo/ONEFlux/data/US-ARc_sample_output/99_fluxnet2015/FLX_US-ARc_FLUXNET2015_FULLSET_WW_2005-2006_beta-5.csv [oneflux.pipeline.common]
2025-06-26 14:00:46.061 [INFO    ] Variable 'SWC_F_MDS_14' might be missing from headers of file: /home/portnoy/u0/sytoanngo/ONEFlux/data/US-ARc_sample_output/99_fluxnet2015/FLX_US-ARc_FLUXNET2015_FULLSET_WW_2005-2006_beta-5.csv [oneflux.pipeline.common]
2025-06-26 14:00:46.061 [INFO    ] Variable 'SWC_F_MDS_15' might be missing from headers of file: /home/portnoy/u0/sytoanngo/ONEFlux/data/US-ARc_sample_output/99_fluxnet2015/FLX_US-ARc_FLUXNET2015_FULLSET_WW_2005-2006_beta-5.csv [oneflux.pipeline.common]
2025-06-26 14:00:46.061 [INFO    ] Variable 'SWC_F_MDS_16' might be missing from headers of file: /home/portnoy/u0/sytoanngo/ONEFlux/data/US-ARc_sample_output/99_fluxnet2015/FLX_US-ARc_FLUXNET2015_FULLSET_WW_2005-2006_beta-5.csv [oneflux.pipeline.common]
2025-06-26 14:00:46.061 [INFO    ] Variable 'SWC_F_MDS_17' might be missing from headers of file: /home/portnoy/u0/sytoanngo/ONEFlux/data/US-ARc_sample_output/99_fluxnet2015/FLX_US-ARc_FLUXNET2015_FULLSET_WW_2005-2006_beta-5.csv [oneflux.pipeline.common]
2025-06-26 14:00:46.061 [INFO    ] Variable 'SWC_F_MDS_18' might be missing from headers of file: /home/portnoy/u0/sytoanngo/ONEFlux/data/US-ARc_sample_output/99_fluxnet2015/FLX_US-ARc_FLUXNET2015_FULLSET_WW_2005-2006_beta-5.csv [oneflux.pipeline.common]
2025-06-26 14:00:46.061 [INFO    ] Variable 'SWC_F_MDS_19' might be missing from headers of file: /home/portnoy/u0/sytoanngo/ONEFlux/data/US-ARc_sample_output/99_fluxnet2015/FLX_US-ARc_FLUXNET2015_FULLSET_WW_2005-2006_beta-5.csv [oneflux.pipeline.common]
2025-06-26 14:00:46.061 [INFO    ] Variable 'SWC_F_MDS_2_QC' might be missing from headers of file: /home/portnoy/u0/sytoanngo/ONEFlux/data/US-ARc_sample_output/99_fluxnet2015/FLX_US-ARc_FLUXNET2015_FULLSET_WW_2005-2006_beta-5.csv [oneflux.pipeline.common]
2025-06-26 14:00:46.061 [INFO    ] Variable 'SWC_F_MDS_3_QC' might be missing from headers of file: /home/portnoy/u0/sytoanngo/ONEFlux/data/US-ARc_sample_output/99_fluxnet2015/FLX_US-ARc_FLUXNET2015_FULLSET_WW_2005-2006_beta-5.csv [oneflux.pipeline.common]
2025-06-26 14:00:46.062 [INFO    ] Variable 'SWC_F_MDS_4_QC' might be missing from headers of file: /home/portnoy/u0/sytoanngo/ONEFlux/data/US-ARc_sample_output/99_fluxnet2015/FLX_US-ARc_FLUXNET2015_FULLSET_WW_2005-2006_beta-5.csv [oneflux.pipeline.common]
2025-06-26 14:00:46.062 [INFO    ] Variable 'SWC_F_MDS_5_QC' might be missing from headers of file: /home/portnoy/u0/sytoanngo/ONEFlux/data/US-ARc_sample_output/99_fluxnet2015/FLX_US-ARc_FLUXNET2015_FULLSET_WW_2005-2006_beta-5.csv [oneflux.pipeline.common]
2025-06-26 14:00:46.062 [INFO    ] Variable 'SWC_F_MDS_6_QC' might be missing from headers of file: /home/portnoy/u0/sytoanngo/ONEFlux/data/US-ARc_sample_output/99_fluxnet2015/FLX_US-ARc_FLUXNET2015_FULLSET_WW_2005-2006_beta-5.csv [oneflux.pipeline.common]
2025-06-26 14:00:46.062 [INFO    ] Variable 'SWC_F_MDS_7_QC' might be missing from headers of file: /home/portnoy/u0/sytoanngo/ONEFlux/data/US-ARc_sample_output/99_fluxnet2015/FLX_US-ARc_FLUXNET2015_FULLSET_WW_2005-2006_beta-5.csv [oneflux.pipeline.common]
2025-06-26 14:00:46.062 [INFO    ] Variable 'SWC_F_MDS_8_QC' might be missing from headers of file: /home/portnoy/u0/sytoanngo/ONEFlux/data/US-ARc_sample_output/99_fluxnet2015/FLX_US-ARc_FLUXNET2015_FULLSET_WW_2005-2006_beta-5.csv [oneflux.pipeline.common]
2025-06-26 14:00:46.062 [INFO    ] Variable 'SWC_F_MDS_9_QC' might be missing from headers of file: /home/portnoy/u0/sytoanngo/ONEFlux/data/US-ARc_sample_output/99_fluxnet2015/FLX_US-ARc_FLUXNET2015_FULLSET_WW_2005-2006_beta-5.csv [oneflux.pipeline.common]
2025-06-26 14:00:46.062 [INFO    ] Variable 'SWC_F_MDS_10_QC' might be missing from headers of file: /home/portnoy/u0/sytoanngo/ONEFlux/data/US-ARc_sample_output/99_fluxnet2015/FLX_US-ARc_FLUXNET2015_FULLSET_WW_2005-2006_beta-5.csv [oneflux.pipeline.common]
2025-06-26 14:00:46.062 [INFO    ] Variable 'SWC_F_MDS_11_QC' might be missing from headers of file: /home/portnoy/u0/sytoanngo/ONEFlux/data/US-ARc_sample_output/99_fluxnet2015/FLX_US-ARc_FLUXNET2015_FULLSET_WW_2005-2006_beta-5.csv [oneflux.pipeline.common]
2025-06-26 14:00:46.063 [INFO    ] Variable 'SWC_F_MDS_12_QC' might be missing from headers of file: /home/portnoy/u0/sytoanngo/ONEFlux/data/US-ARc_sample_output/99_fluxnet2015/FLX_US-ARc_FLUXNET2015_FULLSET_WW_2005-2006_beta-5.csv [oneflux.pipeline.common]
2025-06-26 14:00:46.063 [INFO    ] Variable 'SWC_F_MDS_13_QC' might be missing from headers of file: /home/portnoy/u0/sytoanngo/ONEFlux/data/US-ARc_sample_output/99_fluxnet2015/FLX_US-ARc_FLUXNET2015_FULLSET_WW_2005-2006_beta-5.csv [oneflux.pipeline.common]
2025-06-26 14:00:46.063 [INFO    ] Variable 'SWC_F_MDS_14_QC' might be missing from headers of file: /home/portnoy/u0/sytoanngo/ONEFlux/data/US-ARc_sample_output/99_fluxnet2015/FLX_US-ARc_FLUXNET2015_FULLSET_WW_2005-2006_beta-5.csv [oneflux.pipeline.common]
2025-06-26 14:00:46.063 [INFO    ] Variable 'SWC_F_MDS_15_QC' might be missing from headers of file: /home/portnoy/u0/sytoanngo/ONEFlux/data/US-ARc_sample_output/99_fluxnet2015/FLX_US-ARc_FLUXNET2015_FULLSET_WW_2005-2006_beta-5.csv [oneflux.pipeline.common]
2025-06-26 14:00:46.063 [INFO    ] Variable 'SWC_F_MDS_16_QC' might be missing from headers of file: /home/portnoy/u0/sytoanngo/ONEFlux/data/US-ARc_sample_output/99_fluxnet2015/FLX_US-ARc_FLUXNET2015_FULLSET_WW_2005-2006_beta-5.csv [oneflux.pipeline.common]
2025-06-26 14:00:46.063 [INFO    ] Variable 'SWC_F_MDS_17_QC' might be missing from headers of file: /home/portnoy/u0/sytoanngo/ONEFlux/data/US-ARc_sample_output/99_fluxnet2015/FLX_US-ARc_FLUXNET2015_FULLSET_WW_2005-2006_beta-5.csv [oneflux.pipeline.common]
2025-06-26 14:00:46.063 [INFO    ] Variable 'SWC_F_MDS_18_QC' might be missing from headers of file: /home/portnoy/u0/sytoanngo/ONEFlux/data/US-ARc_sample_output/99_fluxnet2015/FLX_US-ARc_FLUXNET2015_FULLSET_WW_2005-2006_beta-5.csv [oneflux.pipeline.common]
2025-06-26 14:00:46.064 [INFO    ] Variable 'SWC_F_MDS_19_QC' might be missing from headers of file: /home/portnoy/u0/sytoanngo/ONEFlux/data/US-ARc_sample_output/99_fluxnet2015/FLX_US-ARc_FLUXNET2015_FULLSET_WW_2005-2006_beta-5.csv [oneflux.pipeline.common]
2025-06-26 14:00:46.064 [INFO    ] Variable 'NEE_CUT_05' might be missing from headers of file: /home/portnoy/u0/sytoanngo/ONEFlux/data/US-ARc_sample_output/99_fluxnet2015/FLX_US-ARc_FLUXNET2015_FULLSET_WW_2005-2006_beta-5.csv [oneflux.pipeline.common]
2025-06-26 14:00:46.064 [INFO    ] Variable 'NEE_CUT_16' might be missing from headers of file: /home/portnoy/u0/sytoanngo/ONEFlux/data/US-ARc_sample_output/99_fluxnet2015/FLX_US-ARc_FLUXNET2015_FULLSET_WW_2005-2006_beta-5.csv [oneflux.pipeline.common]
2025-06-26 14:00:46.064 [INFO    ] Variable 'NEE_CUT_25' might be missing from headers of file: /home/portnoy/u0/sytoanngo/ONEFlux/data/US-ARc_sample_output/99_fluxnet2015/FLX_US-ARc_FLUXNET2015_FULLSET_WW_2005-2006_beta-5.csv [oneflux.pipeline.common]
2025-06-26 14:00:46.064 [INFO    ] Variable 'NEE_CUT_50' might be missing from headers of file: /home/portnoy/u0/sytoanngo/ONEFlux/data/US-ARc_sample_output/99_fluxnet2015/FLX_US-ARc_FLUXNET2015_FULLSET_WW_2005-2006_beta-5.csv [oneflux.pipeline.common]
2025-06-26 14:00:46.064 [INFO    ] Variable 'NEE_CUT_75' might be missing from headers of file: /home/portnoy/u0/sytoanngo/ONEFlux/data/US-ARc_sample_output/99_fluxnet2015/FLX_US-ARc_FLUXNET2015_FULLSET_WW_2005-2006_beta-5.csv [oneflux.pipeline.common]
2025-06-26 14:00:46.064 [INFO    ] Variable 'NEE_CUT_84' might be missing from headers of file: /home/portnoy/u0/sytoanngo/ONEFlux/data/US-ARc_sample_output/99_fluxnet2015/FLX_US-ARc_FLUXNET2015_FULLSET_WW_2005-2006_beta-5.csv [oneflux.pipeline.common]
2025-06-26 14:00:46.064 [INFO    ] Variable 'NEE_CUT_95' might be missing from headers of file: /home/portnoy/u0/sytoanngo/ONEFlux/data/US-ARc_sample_output/99_fluxnet2015/FLX_US-ARc_FLUXNET2015_FULLSET_WW_2005-2006_beta-5.csv [oneflux.pipeline.common]
2025-06-26 14:00:46.065 [INFO    ] Variable 'NEE_CUT_05_QC' might be missing from headers of file: /home/portnoy/u0/sytoanngo/ONEFlux/data/US-ARc_sample_output/99_fluxnet2015/FLX_US-ARc_FLUXNET2015_FULLSET_WW_2005-2006_beta-5.csv [oneflux.pipeline.common]
2025-06-26 14:00:46.065 [INFO    ] Variable 'NEE_CUT_16_QC' might be missing from headers of file: /home/portnoy/u0/sytoanngo/ONEFlux/data/US-ARc_sample_output/99_fluxnet2015/FLX_US-ARc_FLUXNET2015_FULLSET_WW_2005-2006_beta-5.csv [oneflux.pipeline.common]
2025-06-26 14:00:46.065 [INFO    ] Variable 'NEE_CUT_25_QC' might be missing from headers of file: /home/portnoy/u0/sytoanngo/ONEFlux/data/US-ARc_sample_output/99_fluxnet2015/FLX_US-ARc_FLUXNET2015_FULLSET_WW_2005-2006_beta-5.csv [oneflux.pipeline.common]
2025-06-26 14:00:46.065 [INFO    ] Variable 'NEE_CUT_50_QC' might be missing from headers of file: /home/portnoy/u0/sytoanngo/ONEFlux/data/US-ARc_sample_output/99_fluxnet2015/FLX_US-ARc_FLUXNET2015_FULLSET_WW_2005-2006_beta-5.csv [oneflux.pipeline.common]
2025-06-26 14:00:46.065 [INFO    ] Variable 'NEE_CUT_75_QC' might be missing from headers of file: /home/portnoy/u0/sytoanngo/ONEFlux/data/US-ARc_sample_output/99_fluxnet2015/FLX_US-ARc_FLUXNET2015_FULLSET_WW_2005-2006_beta-5.csv [oneflux.pipeline.common]
2025-06-26 14:00:46.065 [INFO    ] Variable 'NEE_CUT_84_QC' might be missing from headers of file: /home/portnoy/u0/sytoanngo/ONEFlux/data/US-ARc_sample_output/99_fluxnet2015/FLX_US-ARc_FLUXNET2015_FULLSET_WW_2005-2006_beta-5.csv [oneflux.pipeline.common]
2025-06-26 14:00:46.065 [INFO    ] Variable 'NEE_CUT_95_QC' might be missing from headers of file: /home/portnoy/u0/sytoanngo/ONEFlux/data/US-ARc_sample_output/99_fluxnet2015/FLX_US-ARc_FLUXNET2015_FULLSET_WW_2005-2006_beta-5.csv [oneflux.pipeline.common]
2025-06-26 14:00:46.065 [INFO    ] Variable 'RECO_NT_CUT_05' might be missing from headers of file: /home/portnoy/u0/sytoanngo/ONEFlux/data/US-ARc_sample_output/99_fluxnet2015/FLX_US-ARc_FLUXNET2015_FULLSET_WW_2005-2006_beta-5.csv [oneflux.pipeline.common]
2025-06-26 14:00:46.065 [INFO    ] Variable 'RECO_NT_CUT_16' might be missing from headers of file: /home/portnoy/u0/sytoanngo/ONEFlux/data/US-ARc_sample_output/99_fluxnet2015/FLX_US-ARc_FLUXNET2015_FULLSET_WW_2005-2006_beta-5.csv [oneflux.pipeline.common]
2025-06-26 14:00:46.066 [INFO    ] Variable 'RECO_NT_CUT_25' might be missing from headers of file: /home/portnoy/u0/sytoanngo/ONEFlux/data/US-ARc_sample_output/99_fluxnet2015/FLX_US-ARc_FLUXNET2015_FULLSET_WW_2005-2006_beta-5.csv [oneflux.pipeline.common]
2025-06-26 14:00:46.066 [INFO    ] Variable 'RECO_NT_CUT_50' might be missing from headers of file: /home/portnoy/u0/sytoanngo/ONEFlux/data/US-ARc_sample_output/99_fluxnet2015/FLX_US-ARc_FLUXNET2015_FULLSET_WW_2005-2006_beta-5.csv [oneflux.pipeline.common]
2025-06-26 14:00:46.066 [INFO    ] Variable 'RECO_NT_CUT_75' might be missing from headers of file: /home/portnoy/u0/sytoanngo/ONEFlux/data/US-ARc_sample_output/99_fluxnet2015/FLX_US-ARc_FLUXNET2015_FULLSET_WW_2005-2006_beta-5.csv [oneflux.pipeline.common]
2025-06-26 14:00:46.066 [INFO    ] Variable 'RECO_NT_CUT_84' might be missing from headers of file: /home/portnoy/u0/sytoanngo/ONEFlux/data/US-ARc_sample_output/99_fluxnet2015/FLX_US-ARc_FLUXNET2015_FULLSET_WW_2005-2006_beta-5.csv [oneflux.pipeline.common]
2025-06-26 14:00:46.066 [INFO    ] Variable 'RECO_NT_CUT_95' might be missing from headers of file: /home/portnoy/u0/sytoanngo/ONEFlux/data/US-ARc_sample_output/99_fluxnet2015/FLX_US-ARc_FLUXNET2015_FULLSET_WW_2005-2006_beta-5.csv [oneflux.pipeline.common]
2025-06-26 14:00:46.066 [INFO    ] Variable 'GPP_NT_CUT_05' might be missing from headers of file: /home/portnoy/u0/sytoanngo/ONEFlux/data/US-ARc_sample_output/99_fluxnet2015/FLX_US-ARc_FLUXNET2015_FULLSET_WW_2005-2006_beta-5.csv [oneflux.pipeline.common]
2025-06-26 14:00:46.066 [INFO    ] Variable 'GPP_NT_CUT_16' might be missing from headers of file: /home/portnoy/u0/sytoanngo/ONEFlux/data/US-ARc_sample_output/99_fluxnet2015/FLX_US-ARc_FLUXNET2015_FULLSET_WW_2005-2006_beta-5.csv [oneflux.pipeline.common]
2025-06-26 14:00:46.066 [INFO    ] Variable 'GPP_NT_CUT_25' might be missing from headers of file: /home/portnoy/u0/sytoanngo/ONEFlux/data/US-ARc_sample_output/99_fluxnet2015/FLX_US-ARc_FLUXNET2015_FULLSET_WW_2005-2006_beta-5.csv [oneflux.pipeline.common]
2025-06-26 14:00:46.067 [INFO    ] Variable 'GPP_NT_CUT_50' might be missing from headers of file: /home/portnoy/u0/sytoanngo/ONEFlux/data/US-ARc_sample_output/99_fluxnet2015/FLX_US-ARc_FLUXNET2015_FULLSET_WW_2005-2006_beta-5.csv [oneflux.pipeline.common]
2025-06-26 14:00:46.067 [INFO    ] Variable 'GPP_NT_CUT_75' might be missing from headers of file: /home/portnoy/u0/sytoanngo/ONEFlux/data/US-ARc_sample_output/99_fluxnet2015/FLX_US-ARc_FLUXNET2015_FULLSET_WW_2005-2006_beta-5.csv [oneflux.pipeline.common]
2025-06-26 14:00:46.067 [INFO    ] Variable 'GPP_NT_CUT_84' might be missing from headers of file: /home/portnoy/u0/sytoanngo/ONEFlux/data/US-ARc_sample_output/99_fluxnet2015/FLX_US-ARc_FLUXNET2015_FULLSET_WW_2005-2006_beta-5.csv [oneflux.pipeline.common]
2025-06-26 14:00:46.067 [INFO    ] Variable 'GPP_NT_CUT_95' might be missing from headers of file: /home/portnoy/u0/sytoanngo/ONEFlux/data/US-ARc_sample_output/99_fluxnet2015/FLX_US-ARc_FLUXNET2015_FULLSET_WW_2005-2006_beta-5.csv [oneflux.pipeline.common]
2025-06-26 14:00:46.067 [INFO    ] Variable 'RECO_DT_CUT_05' might be missing from headers of file: /home/portnoy/u0/sytoanngo/ONEFlux/data/US-ARc_sample_output/99_fluxnet2015/FLX_US-ARc_FLUXNET2015_FULLSET_WW_2005-2006_beta-5.csv [oneflux.pipeline.common]
2025-06-26 14:00:46.067 [INFO    ] Variable 'RECO_DT_CUT_16' might be missing from headers of file: /home/portnoy/u0/sytoanngo/ONEFlux/data/US-ARc_sample_output/99_fluxnet2015/FLX_US-ARc_FLUXNET2015_FULLSET_WW_2005-2006_beta-5.csv [oneflux.pipeline.common]
2025-06-26 14:00:46.067 [INFO    ] Variable 'RECO_DT_CUT_25' might be missing from headers of file: /home/portnoy/u0/sytoanngo/ONEFlux/data/US-ARc_sample_output/99_fluxnet2015/FLX_US-ARc_FLUXNET2015_FULLSET_WW_2005-2006_beta-5.csv [oneflux.pipeline.common]
2025-06-26 14:00:46.067 [INFO    ] Variable 'RECO_DT_CUT_50' might be missing from headers of file: /home/portnoy/u0/sytoanngo/ONEFlux/data/US-ARc_sample_output/99_fluxnet2015/FLX_US-ARc_FLUXNET2015_FULLSET_WW_2005-2006_beta-5.csv [oneflux.pipeline.common]
2025-06-26 14:00:46.068 [INFO    ] Variable 'RECO_DT_CUT_75' might be missing from headers of file: /home/portnoy/u0/sytoanngo/ONEFlux/data/US-ARc_sample_output/99_fluxnet2015/FLX_US-ARc_FLUXNET2015_FULLSET_WW_2005-2006_beta-5.csv [oneflux.pipeline.common]
2025-06-26 14:00:46.068 [INFO    ] Variable 'RECO_DT_CUT_84' might be missing from headers of file: /home/portnoy/u0/sytoanngo/ONEFlux/data/US-ARc_sample_output/99_fluxnet2015/FLX_US-ARc_FLUXNET2015_FULLSET_WW_2005-2006_beta-5.csv [oneflux.pipeline.common]
2025-06-26 14:00:46.068 [INFO    ] Variable 'RECO_DT_CUT_95' might be missing from headers of file: /home/portnoy/u0/sytoanngo/ONEFlux/data/US-ARc_sample_output/99_fluxnet2015/FLX_US-ARc_FLUXNET2015_FULLSET_WW_2005-2006_beta-5.csv [oneflux.pipeline.common]
2025-06-26 14:00:46.068 [INFO    ] Variable 'GPP_DT_CUT_05' might be missing from headers of file: /home/portnoy/u0/sytoanngo/ONEFlux/data/US-ARc_sample_output/99_fluxnet2015/FLX_US-ARc_FLUXNET2015_FULLSET_WW_2005-2006_beta-5.csv [oneflux.pipeline.common]
2025-06-26 14:00:46.068 [INFO    ] Variable 'GPP_DT_CUT_16' might be missing from headers of file: /home/portnoy/u0/sytoanngo/ONEFlux/data/US-ARc_sample_output/99_fluxnet2015/FLX_US-ARc_FLUXNET2015_FULLSET_WW_2005-2006_beta-5.csv [oneflux.pipeline.common]
2025-06-26 14:00:46.068 [INFO    ] Variable 'GPP_DT_CUT_25' might be missing from headers of file: /home/portnoy/u0/sytoanngo/ONEFlux/data/US-ARc_sample_output/99_fluxnet2015/FLX_US-ARc_FLUXNET2015_FULLSET_WW_2005-2006_beta-5.csv [oneflux.pipeline.common]
2025-06-26 14:00:46.068 [INFO    ] Variable 'GPP_DT_CUT_50' might be missing from headers of file: /home/portnoy/u0/sytoanngo/ONEFlux/data/US-ARc_sample_output/99_fluxnet2015/FLX_US-ARc_FLUXNET2015_FULLSET_WW_2005-2006_beta-5.csv [oneflux.pipeline.common]
2025-06-26 14:00:46.068 [INFO    ] Variable 'GPP_DT_CUT_75' might be missing from headers of file: /home/portnoy/u0/sytoanngo/ONEFlux/data/US-ARc_sample_output/99_fluxnet2015/FLX_US-ARc_FLUXNET2015_FULLSET_WW_2005-2006_beta-5.csv [oneflux.pipeline.common]
2025-06-26 14:00:46.069 [INFO    ] Variable 'GPP_DT_CUT_84' might be missing from headers of file: /home/portnoy/u0/sytoanngo/ONEFlux/data/US-ARc_sample_output/99_fluxnet2015/FLX_US-ARc_FLUXNET2015_FULLSET_WW_2005-2006_beta-5.csv [oneflux.pipeline.common]
2025-06-26 14:00:46.069 [INFO    ] Variable 'GPP_DT_CUT_95' might be missing from headers of file: /home/portnoy/u0/sytoanngo/ONEFlux/data/US-ARc_sample_output/99_fluxnet2015/FLX_US-ARc_FLUXNET2015_FULLSET_WW_2005-2006_beta-5.csv [oneflux.pipeline.common]
2025-06-26 14:00:46.070 [INFO    ] Variable 'PPFD_DIF' might be missing from headers of file: /home/portnoy/u0/sytoanngo/ONEFlux/data/US-ARc_sample_output/99_fluxnet2015/FLX_US-ARc_FLUXNET2015_FULLSET_YY_2005-2006_beta-5.csv [oneflux.pipeline.common]
2025-06-26 14:00:46.070 [INFO    ] Variable 'PPFD_DIF_QC' might be missing from headers of file: /home/portnoy/u0/sytoanngo/ONEFlux/data/US-ARc_sample_output/99_fluxnet2015/FLX_US-ARc_FLUXNET2015_FULLSET_YY_2005-2006_beta-5.csv [oneflux.pipeline.common]
2025-06-26 14:00:46.070 [INFO    ] Variable 'PPFD_OUT' might be missing from headers of file: /home/portnoy/u0/sytoanngo/ONEFlux/data/US-ARc_sample_output/99_fluxnet2015/FLX_US-ARc_FLUXNET2015_FULLSET_YY_2005-2006_beta-5.csv [oneflux.pipeline.common]
2025-06-26 14:00:46.070 [INFO    ] Variable 'PPFD_OUT_QC' might be missing from headers of file: /home/portnoy/u0/sytoanngo/ONEFlux/data/US-ARc_sample_output/99_fluxnet2015/FLX_US-ARc_FLUXNET2015_FULLSET_YY_2005-2006_beta-5.csv [oneflux.pipeline.common]
2025-06-26 14:00:46.070 [INFO    ] Variable 'SW_DIF' might be missing from headers of file: /home/portnoy/u0/sytoanngo/ONEFlux/data/US-ARc_sample_output/99_fluxnet2015/FLX_US-ARc_FLUXNET2015_FULLSET_YY_2005-2006_beta-5.csv [oneflux.pipeline.common]
2025-06-26 14:00:46.070 [INFO    ] Variable 'SW_DIF_QC' might be missing from headers of file: /home/portnoy/u0/sytoanngo/ONEFlux/data/US-ARc_sample_output/99_fluxnet2015/FLX_US-ARc_FLUXNET2015_FULLSET_YY_2005-2006_beta-5.csv [oneflux.pipeline.common]
2025-06-26 14:00:46.071 [INFO    ] Variable 'SW_OUT' might be missing from headers of file: /home/portnoy/u0/sytoanngo/ONEFlux/data/US-ARc_sample_output/99_fluxnet2015/FLX_US-ARc_FLUXNET2015_FULLSET_YY_2005-2006_beta-5.csv [oneflux.pipeline.common]
2025-06-26 14:00:46.071 [INFO    ] Variable 'SW_OUT_QC' might be missing from headers of file: /home/portnoy/u0/sytoanngo/ONEFlux/data/US-ARc_sample_output/99_fluxnet2015/FLX_US-ARc_FLUXNET2015_FULLSET_YY_2005-2006_beta-5.csv [oneflux.pipeline.common]
2025-06-26 14:00:46.071 [INFO    ] Variable 'LW_OUT' might be missing from headers of file: /home/portnoy/u0/sytoanngo/ONEFlux/data/US-ARc_sample_output/99_fluxnet2015/FLX_US-ARc_FLUXNET2015_FULLSET_YY_2005-2006_beta-5.csv [oneflux.pipeline.common]
2025-06-26 14:00:46.071 [INFO    ] Variable 'LW_OUT_QC' might be missing from headers of file: /home/portnoy/u0/sytoanngo/ONEFlux/data/US-ARc_sample_output/99_fluxnet2015/FLX_US-ARc_FLUXNET2015_FULLSET_YY_2005-2006_beta-5.csv [oneflux.pipeline.common]
2025-06-26 14:00:46.071 [INFO    ] Variable 'PA' might be missing from headers of file: /home/portnoy/u0/sytoanngo/ONEFlux/data/US-ARc_sample_output/99_fluxnet2015/FLX_US-ARc_FLUXNET2015_FULLSET_YY_2005-2006_beta-5.csv [oneflux.pipeline.common]
2025-06-26 14:00:46.071 [INFO    ] Variable 'SW_IN_POT' might be missing from headers of file: /home/portnoy/u0/sytoanngo/ONEFlux/data/US-ARc_sample_output/99_fluxnet2015/FLX_US-ARc_FLUXNET2015_FULLSET_YY_2005-2006_beta-5.csv [oneflux.pipeline.common]
2025-06-26 14:00:46.071 [INFO    ] Variable 'P' might be missing from headers of file: /home/portnoy/u0/sytoanngo/ONEFlux/data/US-ARc_sample_output/99_fluxnet2015/FLX_US-ARc_FLUXNET2015_FULLSET_YY_2005-2006_beta-5.csv [oneflux.pipeline.common]
2025-06-26 14:00:46.071 [INFO    ] Variable 'WS' might be missing from headers of file: /home/portnoy/u0/sytoanngo/ONEFlux/data/US-ARc_sample_output/99_fluxnet2015/FLX_US-ARc_FLUXNET2015_FULLSET_YY_2005-2006_beta-5.csv [oneflux.pipeline.common]
2025-06-26 14:00:46.072 [INFO    ] Variable 'WD' might be missing from headers of file: /home/portnoy/u0/sytoanngo/ONEFlux/data/US-ARc_sample_output/99_fluxnet2015/FLX_US-ARc_FLUXNET2015_FULLSET_YY_2005-2006_beta-5.csv [oneflux.pipeline.common]
2025-06-26 14:00:46.072 [INFO    ] Variable 'RH' might be missing from headers of file: /home/portnoy/u0/sytoanngo/ONEFlux/data/US-ARc_sample_output/99_fluxnet2015/FLX_US-ARc_FLUXNET2015_FULLSET_YY_2005-2006_beta-5.csv [oneflux.pipeline.common]
2025-06-26 14:00:46.072 [INFO    ] Variable 'LE_CORR_25' might be missing from headers of file: /home/portnoy/u0/sytoanngo/ONEFlux/data/US-ARc_sample_output/99_fluxnet2015/FLX_US-ARc_FLUXNET2015_FULLSET_YY_2005-2006_beta-5.csv [oneflux.pipeline.common]
2025-06-26 14:00:46.072 [INFO    ] Variable 'LE_CORR_75' might be missing from headers of file: /home/portnoy/u0/sytoanngo/ONEFlux/data/US-ARc_sample_output/99_fluxnet2015/FLX_US-ARc_FLUXNET2015_FULLSET_YY_2005-2006_beta-5.csv [oneflux.pipeline.common]
2025-06-26 14:00:46.072 [INFO    ] Variable 'LE_RANDUNC_METHOD' might be missing from headers of file: /home/portnoy/u0/sytoanngo/ONEFlux/data/US-ARc_sample_output/99_fluxnet2015/FLX_US-ARc_FLUXNET2015_FULLSET_YY_2005-2006_beta-5.csv [oneflux.pipeline.common]
2025-06-26 14:00:46.072 [INFO    ] Variable 'LE_RANDUNC_N' might be missing from headers of file: /home/portnoy/u0/sytoanngo/ONEFlux/data/US-ARc_sample_output/99_fluxnet2015/FLX_US-ARc_FLUXNET2015_FULLSET_YY_2005-2006_beta-5.csv [oneflux.pipeline.common]
2025-06-26 14:00:46.072 [INFO    ] Variable 'LE_CORR_JOINTUNC' might be missing from headers of file: /home/portnoy/u0/sytoanngo/ONEFlux/data/US-ARc_sample_output/99_fluxnet2015/FLX_US-ARc_FLUXNET2015_FULLSET_YY_2005-2006_beta-5.csv [oneflux.pipeline.common]
2025-06-26 14:00:46.072 [INFO    ] Variable 'H_CORR_25' might be missing from headers of file: /home/portnoy/u0/sytoanngo/ONEFlux/data/US-ARc_sample_output/99_fluxnet2015/FLX_US-ARc_FLUXNET2015_FULLSET_YY_2005-2006_beta-5.csv [oneflux.pipeline.common]
2025-06-26 14:00:46.073 [INFO    ] Variable 'H_CORR_75' might be missing from headers of file: /home/portnoy/u0/sytoanngo/ONEFlux/data/US-ARc_sample_output/99_fluxnet2015/FLX_US-ARc_FLUXNET2015_FULLSET_YY_2005-2006_beta-5.csv [oneflux.pipeline.common]
2025-06-26 14:00:46.073 [INFO    ] Variable 'H_RANDUNC_METHOD' might be missing from headers of file: /home/portnoy/u0/sytoanngo/ONEFlux/data/US-ARc_sample_output/99_fluxnet2015/FLX_US-ARc_FLUXNET2015_FULLSET_YY_2005-2006_beta-5.csv [oneflux.pipeline.common]
2025-06-26 14:00:46.073 [INFO    ] Variable 'H_RANDUNC_N' might be missing from headers of file: /home/portnoy/u0/sytoanngo/ONEFlux/data/US-ARc_sample_output/99_fluxnet2015/FLX_US-ARc_FLUXNET2015_FULLSET_YY_2005-2006_beta-5.csv [oneflux.pipeline.common]
2025-06-26 14:00:46.073 [INFO    ] Variable 'H_CORR_JOINTUNC' might be missing from headers of file: /home/portnoy/u0/sytoanngo/ONEFlux/data/US-ARc_sample_output/99_fluxnet2015/FLX_US-ARc_FLUXNET2015_FULLSET_YY_2005-2006_beta-5.csv [oneflux.pipeline.common]
2025-06-26 14:00:46.073 [INFO    ] Variable 'NEE_CUT_REF' might be missing from headers of file: /home/portnoy/u0/sytoanngo/ONEFlux/data/US-ARc_sample_output/99_fluxnet2015/FLX_US-ARc_FLUXNET2015_FULLSET_YY_2005-2006_beta-5.csv [oneflux.pipeline.common]
2025-06-26 14:00:46.073 [INFO    ] Variable 'NEE_CUT_REF_QC' might be missing from headers of file: /home/portnoy/u0/sytoanngo/ONEFlux/data/US-ARc_sample_output/99_fluxnet2015/FLX_US-ARc_FLUXNET2015_FULLSET_YY_2005-2006_beta-5.csv [oneflux.pipeline.common]
2025-06-26 14:00:46.073 [INFO    ] Variable 'NEE_CUT_REF_RANDUNC' might be missing from headers of file: /home/portnoy/u0/sytoanngo/ONEFlux/data/US-ARc_sample_output/99_fluxnet2015/FLX_US-ARc_FLUXNET2015_FULLSET_YY_2005-2006_beta-5.csv [oneflux.pipeline.common]
2025-06-26 14:00:46.073 [INFO    ] Variable 'RECO_NT_CUT_REF' might be missing from headers of file: /home/portnoy/u0/sytoanngo/ONEFlux/data/US-ARc_sample_output/99_fluxnet2015/FLX_US-ARc_FLUXNET2015_FULLSET_YY_2005-2006_beta-5.csv [oneflux.pipeline.common]
2025-06-26 14:00:46.074 [INFO    ] Variable 'GPP_NT_CUT_REF' might be missing from headers of file: /home/portnoy/u0/sytoanngo/ONEFlux/data/US-ARc_sample_output/99_fluxnet2015/FLX_US-ARc_FLUXNET2015_FULLSET_YY_2005-2006_beta-5.csv [oneflux.pipeline.common]
2025-06-26 14:00:46.074 [INFO    ] Variable 'RECO_DT_CUT_REF' might be missing from headers of file: /home/portnoy/u0/sytoanngo/ONEFlux/data/US-ARc_sample_output/99_fluxnet2015/FLX_US-ARc_FLUXNET2015_FULLSET_YY_2005-2006_beta-5.csv [oneflux.pipeline.common]
2025-06-26 14:00:46.074 [INFO    ] Variable 'GPP_DT_CUT_REF' might be missing from headers of file: /home/portnoy/u0/sytoanngo/ONEFlux/data/US-ARc_sample_output/99_fluxnet2015/FLX_US-ARc_FLUXNET2015_FULLSET_YY_2005-2006_beta-5.csv [oneflux.pipeline.common]
2025-06-26 14:00:46.074 [INFO    ] Variable 'TS_F_MDS_2' might be missing from headers of file: /home/portnoy/u0/sytoanngo/ONEFlux/data/US-ARc_sample_output/99_fluxnet2015/FLX_US-ARc_FLUXNET2015_FULLSET_YY_2005-2006_beta-5.csv [oneflux.pipeline.common]
2025-06-26 14:00:46.074 [INFO    ] Variable 'TS_F_MDS_3' might be missing from headers of file: /home/portnoy/u0/sytoanngo/ONEFlux/data/US-ARc_sample_output/99_fluxnet2015/FLX_US-ARc_FLUXNET2015_FULLSET_YY_2005-2006_beta-5.csv [oneflux.pipeline.common]
2025-06-26 14:00:46.074 [INFO    ] Variable 'TS_F_MDS_4' might be missing from headers of file: /home/portnoy/u0/sytoanngo/ONEFlux/data/US-ARc_sample_output/99_fluxnet2015/FLX_US-ARc_FLUXNET2015_FULLSET_YY_2005-2006_beta-5.csv [oneflux.pipeline.common]
2025-06-26 14:00:46.074 [INFO    ] Variable 'TS_F_MDS_5' might be missing from headers of file: /home/portnoy/u0/sytoanngo/ONEFlux/data/US-ARc_sample_output/99_fluxnet2015/FLX_US-ARc_FLUXNET2015_FULLSET_YY_2005-2006_beta-5.csv [oneflux.pipeline.common]
2025-06-26 14:00:46.074 [INFO    ] Variable 'TS_F_MDS_6' might be missing from headers of file: /home/portnoy/u0/sytoanngo/ONEFlux/data/US-ARc_sample_output/99_fluxnet2015/FLX_US-ARc_FLUXNET2015_FULLSET_YY_2005-2006_beta-5.csv [oneflux.pipeline.common]
2025-06-26 14:00:46.075 [INFO    ] Variable 'TS_F_MDS_7' might be missing from headers of file: /home/portnoy/u0/sytoanngo/ONEFlux/data/US-ARc_sample_output/99_fluxnet2015/FLX_US-ARc_FLUXNET2015_FULLSET_YY_2005-2006_beta-5.csv [oneflux.pipeline.common]
2025-06-26 14:00:46.075 [INFO    ] Variable 'TS_F_MDS_8' might be missing from headers of file: /home/portnoy/u0/sytoanngo/ONEFlux/data/US-ARc_sample_output/99_fluxnet2015/FLX_US-ARc_FLUXNET2015_FULLSET_YY_2005-2006_beta-5.csv [oneflux.pipeline.common]
2025-06-26 14:00:46.075 [INFO    ] Variable 'TS_F_MDS_9' might be missing from headers of file: /home/portnoy/u0/sytoanngo/ONEFlux/data/US-ARc_sample_output/99_fluxnet2015/FLX_US-ARc_FLUXNET2015_FULLSET_YY_2005-2006_beta-5.csv [oneflux.pipeline.common]
2025-06-26 14:00:46.075 [INFO    ] Variable 'TS_F_MDS_10' might be missing from headers of file: /home/portnoy/u0/sytoanngo/ONEFlux/data/US-ARc_sample_output/99_fluxnet2015/FLX_US-ARc_FLUXNET2015_FULLSET_YY_2005-2006_beta-5.csv [oneflux.pipeline.common]
2025-06-26 14:00:46.075 [INFO    ] Variable 'TS_F_MDS_11' might be missing from headers of file: /home/portnoy/u0/sytoanngo/ONEFlux/data/US-ARc_sample_output/99_fluxnet2015/FLX_US-ARc_FLUXNET2015_FULLSET_YY_2005-2006_beta-5.csv [oneflux.pipeline.common]
2025-06-26 14:00:46.075 [INFO    ] Variable 'TS_F_MDS_12' might be missing from headers of file: /home/portnoy/u0/sytoanngo/ONEFlux/data/US-ARc_sample_output/99_fluxnet2015/FLX_US-ARc_FLUXNET2015_FULLSET_YY_2005-2006_beta-5.csv [oneflux.pipeline.common]
2025-06-26 14:00:46.075 [INFO    ] Variable 'TS_F_MDS_13' might be missing from headers of file: /home/portnoy/u0/sytoanngo/ONEFlux/data/US-ARc_sample_output/99_fluxnet2015/FLX_US-ARc_FLUXNET2015_FULLSET_YY_2005-2006_beta-5.csv [oneflux.pipeline.common]
2025-06-26 14:00:46.075 [INFO    ] Variable 'TS_F_MDS_14' might be missing from headers of file: /home/portnoy/u0/sytoanngo/ONEFlux/data/US-ARc_sample_output/99_fluxnet2015/FLX_US-ARc_FLUXNET2015_FULLSET_YY_2005-2006_beta-5.csv [oneflux.pipeline.common]
2025-06-26 14:00:46.076 [INFO    ] Variable 'TS_F_MDS_15' might be missing from headers of file: /home/portnoy/u0/sytoanngo/ONEFlux/data/US-ARc_sample_output/99_fluxnet2015/FLX_US-ARc_FLUXNET2015_FULLSET_YY_2005-2006_beta-5.csv [oneflux.pipeline.common]
2025-06-26 14:00:46.076 [INFO    ] Variable 'TS_F_MDS_16' might be missing from headers of file: /home/portnoy/u0/sytoanngo/ONEFlux/data/US-ARc_sample_output/99_fluxnet2015/FLX_US-ARc_FLUXNET2015_FULLSET_YY_2005-2006_beta-5.csv [oneflux.pipeline.common]
2025-06-26 14:00:46.076 [INFO    ] Variable 'TS_F_MDS_17' might be missing from headers of file: /home/portnoy/u0/sytoanngo/ONEFlux/data/US-ARc_sample_output/99_fluxnet2015/FLX_US-ARc_FLUXNET2015_FULLSET_YY_2005-2006_beta-5.csv [oneflux.pipeline.common]
2025-06-26 14:00:46.076 [INFO    ] Variable 'TS_F_MDS_18' might be missing from headers of file: /home/portnoy/u0/sytoanngo/ONEFlux/data/US-ARc_sample_output/99_fluxnet2015/FLX_US-ARc_FLUXNET2015_FULLSET_YY_2005-2006_beta-5.csv [oneflux.pipeline.common]
2025-06-26 14:00:46.076 [INFO    ] Variable 'TS_F_MDS_19' might be missing from headers of file: /home/portnoy/u0/sytoanngo/ONEFlux/data/US-ARc_sample_output/99_fluxnet2015/FLX_US-ARc_FLUXNET2015_FULLSET_YY_2005-2006_beta-5.csv [oneflux.pipeline.common]
2025-06-26 14:00:46.076 [INFO    ] Variable 'TS_F_MDS_2_QC' might be missing from headers of file: /home/portnoy/u0/sytoanngo/ONEFlux/data/US-ARc_sample_output/99_fluxnet2015/FLX_US-ARc_FLUXNET2015_FULLSET_YY_2005-2006_beta-5.csv [oneflux.pipeline.common]
2025-06-26 14:00:46.076 [INFO    ] Variable 'TS_F_MDS_3_QC' might be missing from headers of file: /home/portnoy/u0/sytoanngo/ONEFlux/data/US-ARc_sample_output/99_fluxnet2015/FLX_US-ARc_FLUXNET2015_FULLSET_YY_2005-2006_beta-5.csv [oneflux.pipeline.common]
2025-06-26 14:00:46.076 [INFO    ] Variable 'TS_F_MDS_4_QC' might be missing from headers of file: /home/portnoy/u0/sytoanngo/ONEFlux/data/US-ARc_sample_output/99_fluxnet2015/FLX_US-ARc_FLUXNET2015_FULLSET_YY_2005-2006_beta-5.csv [oneflux.pipeline.common]
2025-06-26 14:00:46.077 [INFO    ] Variable 'TS_F_MDS_5_QC' might be missing from headers of file: /home/portnoy/u0/sytoanngo/ONEFlux/data/US-ARc_sample_output/99_fluxnet2015/FLX_US-ARc_FLUXNET2015_FULLSET_YY_2005-2006_beta-5.csv [oneflux.pipeline.common]
2025-06-26 14:00:46.077 [INFO    ] Variable 'TS_F_MDS_6_QC' might be missing from headers of file: /home/portnoy/u0/sytoanngo/ONEFlux/data/US-ARc_sample_output/99_fluxnet2015/FLX_US-ARc_FLUXNET2015_FULLSET_YY_2005-2006_beta-5.csv [oneflux.pipeline.common]
2025-06-26 14:00:46.077 [INFO    ] Variable 'TS_F_MDS_7_QC' might be missing from headers of file: /home/portnoy/u0/sytoanngo/ONEFlux/data/US-ARc_sample_output/99_fluxnet2015/FLX_US-ARc_FLUXNET2015_FULLSET_YY_2005-2006_beta-5.csv [oneflux.pipeline.common]
2025-06-26 14:00:46.077 [INFO    ] Variable 'TS_F_MDS_8_QC' might be missing from headers of file: /home/portnoy/u0/sytoanngo/ONEFlux/data/US-ARc_sample_output/99_fluxnet2015/FLX_US-ARc_FLUXNET2015_FULLSET_YY_2005-2006_beta-5.csv [oneflux.pipeline.common]
2025-06-26 14:00:46.077 [INFO    ] Variable 'TS_F_MDS_9_QC' might be missing from headers of file: /home/portnoy/u0/sytoanngo/ONEFlux/data/US-ARc_sample_output/99_fluxnet2015/FLX_US-ARc_FLUXNET2015_FULLSET_YY_2005-2006_beta-5.csv [oneflux.pipeline.common]
2025-06-26 14:00:46.077 [INFO    ] Variable 'TS_F_MDS_10_QC' might be missing from headers of file: /home/portnoy/u0/sytoanngo/ONEFlux/data/US-ARc_sample_output/99_fluxnet2015/FLX_US-ARc_FLUXNET2015_FULLSET_YY_2005-2006_beta-5.csv [oneflux.pipeline.common]
2025-06-26 14:00:46.077 [INFO    ] Variable 'TS_F_MDS_11_QC' might be missing from headers of file: /home/portnoy/u0/sytoanngo/ONEFlux/data/US-ARc_sample_output/99_fluxnet2015/FLX_US-ARc_FLUXNET2015_FULLSET_YY_2005-2006_beta-5.csv [oneflux.pipeline.common]
2025-06-26 14:00:46.077 [INFO    ] Variable 'TS_F_MDS_12_QC' might be missing from headers of file: /home/portnoy/u0/sytoanngo/ONEFlux/data/US-ARc_sample_output/99_fluxnet2015/FLX_US-ARc_FLUXNET2015_FULLSET_YY_2005-2006_beta-5.csv [oneflux.pipeline.common]
2025-06-26 14:00:46.078 [INFO    ] Variable 'TS_F_MDS_13_QC' might be missing from headers of file: /home/portnoy/u0/sytoanngo/ONEFlux/data/US-ARc_sample_output/99_fluxnet2015/FLX_US-ARc_FLUXNET2015_FULLSET_YY_2005-2006_beta-5.csv [oneflux.pipeline.common]
2025-06-26 14:00:46.078 [INFO    ] Variable 'TS_F_MDS_14_QC' might be missing from headers of file: /home/portnoy/u0/sytoanngo/ONEFlux/data/US-ARc_sample_output/99_fluxnet2015/FLX_US-ARc_FLUXNET2015_FULLSET_YY_2005-2006_beta-5.csv [oneflux.pipeline.common]
2025-06-26 14:00:46.078 [INFO    ] Variable 'TS_F_MDS_15_QC' might be missing from headers of file: /home/portnoy/u0/sytoanngo/ONEFlux/data/US-ARc_sample_output/99_fluxnet2015/FLX_US-ARc_FLUXNET2015_FULLSET_YY_2005-2006_beta-5.csv [oneflux.pipeline.common]
2025-06-26 14:00:46.078 [INFO    ] Variable 'TS_F_MDS_16_QC' might be missing from headers of file: /home/portnoy/u0/sytoanngo/ONEFlux/data/US-ARc_sample_output/99_fluxnet2015/FLX_US-ARc_FLUXNET2015_FULLSET_YY_2005-2006_beta-5.csv [oneflux.pipeline.common]
2025-06-26 14:00:46.078 [INFO    ] Variable 'TS_F_MDS_17_QC' might be missing from headers of file: /home/portnoy/u0/sytoanngo/ONEFlux/data/US-ARc_sample_output/99_fluxnet2015/FLX_US-ARc_FLUXNET2015_FULLSET_YY_2005-2006_beta-5.csv [oneflux.pipeline.common]
2025-06-26 14:00:46.078 [INFO    ] Variable 'TS_F_MDS_18_QC' might be missing from headers of file: /home/portnoy/u0/sytoanngo/ONEFlux/data/US-ARc_sample_output/99_fluxnet2015/FLX_US-ARc_FLUXNET2015_FULLSET_YY_2005-2006_beta-5.csv [oneflux.pipeline.common]
2025-06-26 14:00:46.078 [INFO    ] Variable 'TS_F_MDS_19_QC' might be missing from headers of file: /home/portnoy/u0/sytoanngo/ONEFlux/data/US-ARc_sample_output/99_fluxnet2015/FLX_US-ARc_FLUXNET2015_FULLSET_YY_2005-2006_beta-5.csv [oneflux.pipeline.common]
2025-06-26 14:00:46.078 [INFO    ] Variable 'SWC_F_MDS_2' might be missing from headers of file: /home/portnoy/u0/sytoanngo/ONEFlux/data/US-ARc_sample_output/99_fluxnet2015/FLX_US-ARc_FLUXNET2015_FULLSET_YY_2005-2006_beta-5.csv [oneflux.pipeline.common]
2025-06-26 14:00:46.079 [INFO    ] Variable 'SWC_F_MDS_3' might be missing from headers of file: /home/portnoy/u0/sytoanngo/ONEFlux/data/US-ARc_sample_output/99_fluxnet2015/FLX_US-ARc_FLUXNET2015_FULLSET_YY_2005-2006_beta-5.csv [oneflux.pipeline.common]
2025-06-26 14:00:46.079 [INFO    ] Variable 'SWC_F_MDS_4' might be missing from headers of file: /home/portnoy/u0/sytoanngo/ONEFlux/data/US-ARc_sample_output/99_fluxnet2015/FLX_US-ARc_FLUXNET2015_FULLSET_YY_2005-2006_beta-5.csv [oneflux.pipeline.common]
2025-06-26 14:00:46.079 [INFO    ] Variable 'SWC_F_MDS_5' might be missing from headers of file: /home/portnoy/u0/sytoanngo/ONEFlux/data/US-ARc_sample_output/99_fluxnet2015/FLX_US-ARc_FLUXNET2015_FULLSET_YY_2005-2006_beta-5.csv [oneflux.pipeline.common]
2025-06-26 14:00:46.079 [INFO    ] Variable 'SWC_F_MDS_6' might be missing from headers of file: /home/portnoy/u0/sytoanngo/ONEFlux/data/US-ARc_sample_output/99_fluxnet2015/FLX_US-ARc_FLUXNET2015_FULLSET_YY_2005-2006_beta-5.csv [oneflux.pipeline.common]
2025-06-26 14:00:46.079 [INFO    ] Variable 'SWC_F_MDS_7' might be missing from headers of file: /home/portnoy/u0/sytoanngo/ONEFlux/data/US-ARc_sample_output/99_fluxnet2015/FLX_US-ARc_FLUXNET2015_FULLSET_YY_2005-2006_beta-5.csv [oneflux.pipeline.common]
2025-06-26 14:00:46.079 [INFO    ] Variable 'SWC_F_MDS_8' might be missing from headers of file: /home/portnoy/u0/sytoanngo/ONEFlux/data/US-ARc_sample_output/99_fluxnet2015/FLX_US-ARc_FLUXNET2015_FULLSET_YY_2005-2006_beta-5.csv [oneflux.pipeline.common]
2025-06-26 14:00:46.079 [INFO    ] Variable 'SWC_F_MDS_9' might be missing from headers of file: /home/portnoy/u0/sytoanngo/ONEFlux/data/US-ARc_sample_output/99_fluxnet2015/FLX_US-ARc_FLUXNET2015_FULLSET_YY_2005-2006_beta-5.csv [oneflux.pipeline.common]
2025-06-26 14:00:46.079 [INFO    ] Variable 'SWC_F_MDS_10' might be missing from headers of file: /home/portnoy/u0/sytoanngo/ONEFlux/data/US-ARc_sample_output/99_fluxnet2015/FLX_US-ARc_FLUXNET2015_FULLSET_YY_2005-2006_beta-5.csv [oneflux.pipeline.common]
2025-06-26 14:00:46.079 [INFO    ] Variable 'SWC_F_MDS_11' might be missing from headers of file: /home/portnoy/u0/sytoanngo/ONEFlux/data/US-ARc_sample_output/99_fluxnet2015/FLX_US-ARc_FLUXNET2015_FULLSET_YY_2005-2006_beta-5.csv [oneflux.pipeline.common]
2025-06-26 14:00:46.080 [INFO    ] Variable 'SWC_F_MDS_12' might be missing from headers of file: /home/portnoy/u0/sytoanngo/ONEFlux/data/US-ARc_sample_output/99_fluxnet2015/FLX_US-ARc_FLUXNET2015_FULLSET_YY_2005-2006_beta-5.csv [oneflux.pipeline.common]
2025-06-26 14:00:46.080 [INFO    ] Variable 'SWC_F_MDS_13' might be missing from headers of file: /home/portnoy/u0/sytoanngo/ONEFlux/data/US-ARc_sample_output/99_fluxnet2015/FLX_US-ARc_FLUXNET2015_FULLSET_YY_2005-2006_beta-5.csv [oneflux.pipeline.common]
2025-06-26 14:00:46.080 [INFO    ] Variable 'SWC_F_MDS_14' might be missing from headers of file: /home/portnoy/u0/sytoanngo/ONEFlux/data/US-ARc_sample_output/99_fluxnet2015/FLX_US-ARc_FLUXNET2015_FULLSET_YY_2005-2006_beta-5.csv [oneflux.pipeline.common]
2025-06-26 14:00:46.080 [INFO    ] Variable 'SWC_F_MDS_15' might be missing from headers of file: /home/portnoy/u0/sytoanngo/ONEFlux/data/US-ARc_sample_output/99_fluxnet2015/FLX_US-ARc_FLUXNET2015_FULLSET_YY_2005-2006_beta-5.csv [oneflux.pipeline.common]
2025-06-26 14:00:46.080 [INFO    ] Variable 'SWC_F_MDS_16' might be missing from headers of file: /home/portnoy/u0/sytoanngo/ONEFlux/data/US-ARc_sample_output/99_fluxnet2015/FLX_US-ARc_FLUXNET2015_FULLSET_YY_2005-2006_beta-5.csv [oneflux.pipeline.common]
2025-06-26 14:00:46.080 [INFO    ] Variable 'SWC_F_MDS_17' might be missing from headers of file: /home/portnoy/u0/sytoanngo/ONEFlux/data/US-ARc_sample_output/99_fluxnet2015/FLX_US-ARc_FLUXNET2015_FULLSET_YY_2005-2006_beta-5.csv [oneflux.pipeline.common]
2025-06-26 14:00:46.080 [INFO    ] Variable 'SWC_F_MDS_18' might be missing from headers of file: /home/portnoy/u0/sytoanngo/ONEFlux/data/US-ARc_sample_output/99_fluxnet2015/FLX_US-ARc_FLUXNET2015_FULLSET_YY_2005-2006_beta-5.csv [oneflux.pipeline.common]
2025-06-26 14:00:46.080 [INFO    ] Variable 'SWC_F_MDS_19' might be missing from headers of file: /home/portnoy/u0/sytoanngo/ONEFlux/data/US-ARc_sample_output/99_fluxnet2015/FLX_US-ARc_FLUXNET2015_FULLSET_YY_2005-2006_beta-5.csv [oneflux.pipeline.common]
2025-06-26 14:00:46.081 [INFO    ] Variable 'SWC_F_MDS_2_QC' might be missing from headers of file: /home/portnoy/u0/sytoanngo/ONEFlux/data/US-ARc_sample_output/99_fluxnet2015/FLX_US-ARc_FLUXNET2015_FULLSET_YY_2005-2006_beta-5.csv [oneflux.pipeline.common]
2025-06-26 14:00:46.081 [INFO    ] Variable 'SWC_F_MDS_3_QC' might be missing from headers of file: /home/portnoy/u0/sytoanngo/ONEFlux/data/US-ARc_sample_output/99_fluxnet2015/FLX_US-ARc_FLUXNET2015_FULLSET_YY_2005-2006_beta-5.csv [oneflux.pipeline.common]
2025-06-26 14:00:46.081 [INFO    ] Variable 'SWC_F_MDS_4_QC' might be missing from headers of file: /home/portnoy/u0/sytoanngo/ONEFlux/data/US-ARc_sample_output/99_fluxnet2015/FLX_US-ARc_FLUXNET2015_FULLSET_YY_2005-2006_beta-5.csv [oneflux.pipeline.common]
2025-06-26 14:00:46.081 [INFO    ] Variable 'SWC_F_MDS_5_QC' might be missing from headers of file: /home/portnoy/u0/sytoanngo/ONEFlux/data/US-ARc_sample_output/99_fluxnet2015/FLX_US-ARc_FLUXNET2015_FULLSET_YY_2005-2006_beta-5.csv [oneflux.pipeline.common]
2025-06-26 14:00:46.081 [INFO    ] Variable 'SWC_F_MDS_6_QC' might be missing from headers of file: /home/portnoy/u0/sytoanngo/ONEFlux/data/US-ARc_sample_output/99_fluxnet2015/FLX_US-ARc_FLUXNET2015_FULLSET_YY_2005-2006_beta-5.csv [oneflux.pipeline.common]
2025-06-26 14:00:46.081 [INFO    ] Variable 'SWC_F_MDS_7_QC' might be missing from headers of file: /home/portnoy/u0/sytoanngo/ONEFlux/data/US-ARc_sample_output/99_fluxnet2015/FLX_US-ARc_FLUXNET2015_FULLSET_YY_2005-2006_beta-5.csv [oneflux.pipeline.common]
2025-06-26 14:00:46.081 [INFO    ] Variable 'SWC_F_MDS_8_QC' might be missing from headers of file: /home/portnoy/u0/sytoanngo/ONEFlux/data/US-ARc_sample_output/99_fluxnet2015/FLX_US-ARc_FLUXNET2015_FULLSET_YY_2005-2006_beta-5.csv [oneflux.pipeline.common]
2025-06-26 14:00:46.081 [INFO    ] Variable 'SWC_F_MDS_9_QC' might be missing from headers of file: /home/portnoy/u0/sytoanngo/ONEFlux/data/US-ARc_sample_output/99_fluxnet2015/FLX_US-ARc_FLUXNET2015_FULLSET_YY_2005-2006_beta-5.csv [oneflux.pipeline.common]
2025-06-26 14:00:46.082 [INFO    ] Variable 'SWC_F_MDS_10_QC' might be missing from headers of file: /home/portnoy/u0/sytoanngo/ONEFlux/data/US-ARc_sample_output/99_fluxnet2015/FLX_US-ARc_FLUXNET2015_FULLSET_YY_2005-2006_beta-5.csv [oneflux.pipeline.common]
2025-06-26 14:00:46.082 [INFO    ] Variable 'SWC_F_MDS_11_QC' might be missing from headers of file: /home/portnoy/u0/sytoanngo/ONEFlux/data/US-ARc_sample_output/99_fluxnet2015/FLX_US-ARc_FLUXNET2015_FULLSET_YY_2005-2006_beta-5.csv [oneflux.pipeline.common]
2025-06-26 14:00:46.082 [INFO    ] Variable 'SWC_F_MDS_12_QC' might be missing from headers of file: /home/portnoy/u0/sytoanngo/ONEFlux/data/US-ARc_sample_output/99_fluxnet2015/FLX_US-ARc_FLUXNET2015_FULLSET_YY_2005-2006_beta-5.csv [oneflux.pipeline.common]
2025-06-26 14:00:46.082 [INFO    ] Variable 'SWC_F_MDS_13_QC' might be missing from headers of file: /home/portnoy/u0/sytoanngo/ONEFlux/data/US-ARc_sample_output/99_fluxnet2015/FLX_US-ARc_FLUXNET2015_FULLSET_YY_2005-2006_beta-5.csv [oneflux.pipeline.common]
2025-06-26 14:00:46.082 [INFO    ] Variable 'SWC_F_MDS_14_QC' might be missing from headers of file: /home/portnoy/u0/sytoanngo/ONEFlux/data/US-ARc_sample_output/99_fluxnet2015/FLX_US-ARc_FLUXNET2015_FULLSET_YY_2005-2006_beta-5.csv [oneflux.pipeline.common]
2025-06-26 14:00:46.082 [INFO    ] Variable 'SWC_F_MDS_15_QC' might be missing from headers of file: /home/portnoy/u0/sytoanngo/ONEFlux/data/US-ARc_sample_output/99_fluxnet2015/FLX_US-ARc_FLUXNET2015_FULLSET_YY_2005-2006_beta-5.csv [oneflux.pipeline.common]
2025-06-26 14:00:46.082 [INFO    ] Variable 'SWC_F_MDS_16_QC' might be missing from headers of file: /home/portnoy/u0/sytoanngo/ONEFlux/data/US-ARc_sample_output/99_fluxnet2015/FLX_US-ARc_FLUXNET2015_FULLSET_YY_2005-2006_beta-5.csv [oneflux.pipeline.common]
2025-06-26 14:00:46.082 [INFO    ] Variable 'SWC_F_MDS_17_QC' might be missing from headers of file: /home/portnoy/u0/sytoanngo/ONEFlux/data/US-ARc_sample_output/99_fluxnet2015/FLX_US-ARc_FLUXNET2015_FULLSET_YY_2005-2006_beta-5.csv [oneflux.pipeline.common]
2025-06-26 14:00:46.083 [INFO    ] Variable 'SWC_F_MDS_18_QC' might be missing from headers of file: /home/portnoy/u0/sytoanngo/ONEFlux/data/US-ARc_sample_output/99_fluxnet2015/FLX_US-ARc_FLUXNET2015_FULLSET_YY_2005-2006_beta-5.csv [oneflux.pipeline.common]
2025-06-26 14:00:46.083 [INFO    ] Variable 'SWC_F_MDS_19_QC' might be missing from headers of file: /home/portnoy/u0/sytoanngo/ONEFlux/data/US-ARc_sample_output/99_fluxnet2015/FLX_US-ARc_FLUXNET2015_FULLSET_YY_2005-2006_beta-5.csv [oneflux.pipeline.common]
2025-06-26 14:00:46.083 [INFO    ] Variable 'NEE_CUT_05' might be missing from headers of file: /home/portnoy/u0/sytoanngo/ONEFlux/data/US-ARc_sample_output/99_fluxnet2015/FLX_US-ARc_FLUXNET2015_FULLSET_YY_2005-2006_beta-5.csv [oneflux.pipeline.common]
2025-06-26 14:00:46.083 [INFO    ] Variable 'NEE_CUT_16' might be missing from headers of file: /home/portnoy/u0/sytoanngo/ONEFlux/data/US-ARc_sample_output/99_fluxnet2015/FLX_US-ARc_FLUXNET2015_FULLSET_YY_2005-2006_beta-5.csv [oneflux.pipeline.common]
2025-06-26 14:00:46.083 [INFO    ] Variable 'NEE_CUT_25' might be missing from headers of file: /home/portnoy/u0/sytoanngo/ONEFlux/data/US-ARc_sample_output/99_fluxnet2015/FLX_US-ARc_FLUXNET2015_FULLSET_YY_2005-2006_beta-5.csv [oneflux.pipeline.common]
2025-06-26 14:00:46.083 [INFO    ] Variable 'NEE_CUT_50' might be missing from headers of file: /home/portnoy/u0/sytoanngo/ONEFlux/data/US-ARc_sample_output/99_fluxnet2015/FLX_US-ARc_FLUXNET2015_FULLSET_YY_2005-2006_beta-5.csv [oneflux.pipeline.common]
2025-06-26 14:00:46.083 [INFO    ] Variable 'NEE_CUT_75' might be missing from headers of file: /home/portnoy/u0/sytoanngo/ONEFlux/data/US-ARc_sample_output/99_fluxnet2015/FLX_US-ARc_FLUXNET2015_FULLSET_YY_2005-2006_beta-5.csv [oneflux.pipeline.common]
2025-06-26 14:00:46.083 [INFO    ] Variable 'NEE_CUT_84' might be missing from headers of file: /home/portnoy/u0/sytoanngo/ONEFlux/data/US-ARc_sample_output/99_fluxnet2015/FLX_US-ARc_FLUXNET2015_FULLSET_YY_2005-2006_beta-5.csv [oneflux.pipeline.common]
2025-06-26 14:00:46.084 [INFO    ] Variable 'NEE_CUT_95' might be missing from headers of file: /home/portnoy/u0/sytoanngo/ONEFlux/data/US-ARc_sample_output/99_fluxnet2015/FLX_US-ARc_FLUXNET2015_FULLSET_YY_2005-2006_beta-5.csv [oneflux.pipeline.common]
2025-06-26 14:00:46.084 [INFO    ] Variable 'NEE_CUT_05_QC' might be missing from headers of file: /home/portnoy/u0/sytoanngo/ONEFlux/data/US-ARc_sample_output/99_fluxnet2015/FLX_US-ARc_FLUXNET2015_FULLSET_YY_2005-2006_beta-5.csv [oneflux.pipeline.common]
2025-06-26 14:00:46.084 [INFO    ] Variable 'NEE_CUT_16_QC' might be missing from headers of file: /home/portnoy/u0/sytoanngo/ONEFlux/data/US-ARc_sample_output/99_fluxnet2015/FLX_US-ARc_FLUXNET2015_FULLSET_YY_2005-2006_beta-5.csv [oneflux.pipeline.common]
2025-06-26 14:00:46.084 [INFO    ] Variable 'NEE_CUT_25_QC' might be missing from headers of file: /home/portnoy/u0/sytoanngo/ONEFlux/data/US-ARc_sample_output/99_fluxnet2015/FLX_US-ARc_FLUXNET2015_FULLSET_YY_2005-2006_beta-5.csv [oneflux.pipeline.common]
2025-06-26 14:00:46.084 [INFO    ] Variable 'NEE_CUT_50_QC' might be missing from headers of file: /home/portnoy/u0/sytoanngo/ONEFlux/data/US-ARc_sample_output/99_fluxnet2015/FLX_US-ARc_FLUXNET2015_FULLSET_YY_2005-2006_beta-5.csv [oneflux.pipeline.common]
2025-06-26 14:00:46.084 [INFO    ] Variable 'NEE_CUT_75_QC' might be missing from headers of file: /home/portnoy/u0/sytoanngo/ONEFlux/data/US-ARc_sample_output/99_fluxnet2015/FLX_US-ARc_FLUXNET2015_FULLSET_YY_2005-2006_beta-5.csv [oneflux.pipeline.common]
2025-06-26 14:00:46.084 [INFO    ] Variable 'NEE_CUT_84_QC' might be missing from headers of file: /home/portnoy/u0/sytoanngo/ONEFlux/data/US-ARc_sample_output/99_fluxnet2015/FLX_US-ARc_FLUXNET2015_FULLSET_YY_2005-2006_beta-5.csv [oneflux.pipeline.common]
2025-06-26 14:00:46.084 [INFO    ] Variable 'NEE_CUT_95_QC' might be missing from headers of file: /home/portnoy/u0/sytoanngo/ONEFlux/data/US-ARc_sample_output/99_fluxnet2015/FLX_US-ARc_FLUXNET2015_FULLSET_YY_2005-2006_beta-5.csv [oneflux.pipeline.common]
2025-06-26 14:00:46.085 [INFO    ] Variable 'RECO_NT_CUT_05' might be missing from headers of file: /home/portnoy/u0/sytoanngo/ONEFlux/data/US-ARc_sample_output/99_fluxnet2015/FLX_US-ARc_FLUXNET2015_FULLSET_YY_2005-2006_beta-5.csv [oneflux.pipeline.common]
2025-06-26 14:00:46.085 [INFO    ] Variable 'RECO_NT_CUT_16' might be missing from headers of file: /home/portnoy/u0/sytoanngo/ONEFlux/data/US-ARc_sample_output/99_fluxnet2015/FLX_US-ARc_FLUXNET2015_FULLSET_YY_2005-2006_beta-5.csv [oneflux.pipeline.common]
2025-06-26 14:00:46.085 [INFO    ] Variable 'RECO_NT_CUT_25' might be missing from headers of file: /home/portnoy/u0/sytoanngo/ONEFlux/data/US-ARc_sample_output/99_fluxnet2015/FLX_US-ARc_FLUXNET2015_FULLSET_YY_2005-2006_beta-5.csv [oneflux.pipeline.common]
2025-06-26 14:00:46.085 [INFO    ] Variable 'RECO_NT_CUT_50' might be missing from headers of file: /home/portnoy/u0/sytoanngo/ONEFlux/data/US-ARc_sample_output/99_fluxnet2015/FLX_US-ARc_FLUXNET2015_FULLSET_YY_2005-2006_beta-5.csv [oneflux.pipeline.common]
2025-06-26 14:00:46.085 [INFO    ] Variable 'RECO_NT_CUT_75' might be missing from headers of file: /home/portnoy/u0/sytoanngo/ONEFlux/data/US-ARc_sample_output/99_fluxnet2015/FLX_US-ARc_FLUXNET2015_FULLSET_YY_2005-2006_beta-5.csv [oneflux.pipeline.common]
2025-06-26 14:00:46.085 [INFO    ] Variable 'RECO_NT_CUT_84' might be missing from headers of file: /home/portnoy/u0/sytoanngo/ONEFlux/data/US-ARc_sample_output/99_fluxnet2015/FLX_US-ARc_FLUXNET2015_FULLSET_YY_2005-2006_beta-5.csv [oneflux.pipeline.common]
2025-06-26 14:00:46.085 [INFO    ] Variable 'RECO_NT_CUT_95' might be missing from headers of file: /home/portnoy/u0/sytoanngo/ONEFlux/data/US-ARc_sample_output/99_fluxnet2015/FLX_US-ARc_FLUXNET2015_FULLSET_YY_2005-2006_beta-5.csv [oneflux.pipeline.common]
2025-06-26 14:00:46.085 [INFO    ] Variable 'GPP_NT_CUT_05' might be missing from headers of file: /home/portnoy/u0/sytoanngo/ONEFlux/data/US-ARc_sample_output/99_fluxnet2015/FLX_US-ARc_FLUXNET2015_FULLSET_YY_2005-2006_beta-5.csv [oneflux.pipeline.common]
2025-06-26 14:00:46.086 [INFO    ] Variable 'GPP_NT_CUT_16' might be missing from headers of file: /home/portnoy/u0/sytoanngo/ONEFlux/data/US-ARc_sample_output/99_fluxnet2015/FLX_US-ARc_FLUXNET2015_FULLSET_YY_2005-2006_beta-5.csv [oneflux.pipeline.common]
2025-06-26 14:00:46.086 [INFO    ] Variable 'GPP_NT_CUT_25' might be missing from headers of file: /home/portnoy/u0/sytoanngo/ONEFlux/data/US-ARc_sample_output/99_fluxnet2015/FLX_US-ARc_FLUXNET2015_FULLSET_YY_2005-2006_beta-5.csv [oneflux.pipeline.common]
2025-06-26 14:00:46.086 [INFO    ] Variable 'GPP_NT_CUT_50' might be missing from headers of file: /home/portnoy/u0/sytoanngo/ONEFlux/data/US-ARc_sample_output/99_fluxnet2015/FLX_US-ARc_FLUXNET2015_FULLSET_YY_2005-2006_beta-5.csv [oneflux.pipeline.common]
2025-06-26 14:00:46.086 [INFO    ] Variable 'GPP_NT_CUT_75' might be missing from headers of file: /home/portnoy/u0/sytoanngo/ONEFlux/data/US-ARc_sample_output/99_fluxnet2015/FLX_US-ARc_FLUXNET2015_FULLSET_YY_2005-2006_beta-5.csv [oneflux.pipeline.common]
2025-06-26 14:00:46.086 [INFO    ] Variable 'GPP_NT_CUT_84' might be missing from headers of file: /home/portnoy/u0/sytoanngo/ONEFlux/data/US-ARc_sample_output/99_fluxnet2015/FLX_US-ARc_FLUXNET2015_FULLSET_YY_2005-2006_beta-5.csv [oneflux.pipeline.common]
2025-06-26 14:00:46.086 [INFO    ] Variable 'GPP_NT_CUT_95' might be missing from headers of file: /home/portnoy/u0/sytoanngo/ONEFlux/data/US-ARc_sample_output/99_fluxnet2015/FLX_US-ARc_FLUXNET2015_FULLSET_YY_2005-2006_beta-5.csv [oneflux.pipeline.common]
2025-06-26 14:00:46.086 [INFO    ] Variable 'RECO_DT_CUT_05' might be missing from headers of file: /home/portnoy/u0/sytoanngo/ONEFlux/data/US-ARc_sample_output/99_fluxnet2015/FLX_US-ARc_FLUXNET2015_FULLSET_YY_2005-2006_beta-5.csv [oneflux.pipeline.common]
2025-06-26 14:00:46.086 [INFO    ] Variable 'RECO_DT_CUT_16' might be missing from headers of file: /home/portnoy/u0/sytoanngo/ONEFlux/data/US-ARc_sample_output/99_fluxnet2015/FLX_US-ARc_FLUXNET2015_FULLSET_YY_2005-2006_beta-5.csv [oneflux.pipeline.common]
2025-06-26 14:00:46.087 [INFO    ] Variable 'RECO_DT_CUT_25' might be missing from headers of file: /home/portnoy/u0/sytoanngo/ONEFlux/data/US-ARc_sample_output/99_fluxnet2015/FLX_US-ARc_FLUXNET2015_FULLSET_YY_2005-2006_beta-5.csv [oneflux.pipeline.common]
2025-06-26 14:00:46.087 [INFO    ] Variable 'RECO_DT_CUT_50' might be missing from headers of file: /home/portnoy/u0/sytoanngo/ONEFlux/data/US-ARc_sample_output/99_fluxnet2015/FLX_US-ARc_FLUXNET2015_FULLSET_YY_2005-2006_beta-5.csv [oneflux.pipeline.common]
2025-06-26 14:00:46.087 [INFO    ] Variable 'RECO_DT_CUT_75' might be missing from headers of file: /home/portnoy/u0/sytoanngo/ONEFlux/data/US-ARc_sample_output/99_fluxnet2015/FLX_US-ARc_FLUXNET2015_FULLSET_YY_2005-2006_beta-5.csv [oneflux.pipeline.common]
2025-06-26 14:00:46.087 [INFO    ] Variable 'RECO_DT_CUT_84' might be missing from headers of file: /home/portnoy/u0/sytoanngo/ONEFlux/data/US-ARc_sample_output/99_fluxnet2015/FLX_US-ARc_FLUXNET2015_FULLSET_YY_2005-2006_beta-5.csv [oneflux.pipeline.common]
2025-06-26 14:00:46.087 [INFO    ] Variable 'RECO_DT_CUT_95' might be missing from headers of file: /home/portnoy/u0/sytoanngo/ONEFlux/data/US-ARc_sample_output/99_fluxnet2015/FLX_US-ARc_FLUXNET2015_FULLSET_YY_2005-2006_beta-5.csv [oneflux.pipeline.common]
2025-06-26 14:00:46.087 [INFO    ] Variable 'GPP_DT_CUT_05' might be missing from headers of file: /home/portnoy/u0/sytoanngo/ONEFlux/data/US-ARc_sample_output/99_fluxnet2015/FLX_US-ARc_FLUXNET2015_FULLSET_YY_2005-2006_beta-5.csv [oneflux.pipeline.common]
2025-06-26 14:00:46.087 [INFO    ] Variable 'GPP_DT_CUT_16' might be missing from headers of file: /home/portnoy/u0/sytoanngo/ONEFlux/data/US-ARc_sample_output/99_fluxnet2015/FLX_US-ARc_FLUXNET2015_FULLSET_YY_2005-2006_beta-5.csv [oneflux.pipeline.common]
2025-06-26 14:00:46.087 [INFO    ] Variable 'GPP_DT_CUT_25' might be missing from headers of file: /home/portnoy/u0/sytoanngo/ONEFlux/data/US-ARc_sample_output/99_fluxnet2015/FLX_US-ARc_FLUXNET2015_FULLSET_YY_2005-2006_beta-5.csv [oneflux.pipeline.common]
2025-06-26 14:00:46.088 [INFO    ] Variable 'GPP_DT_CUT_50' might be missing from headers of file: /home/portnoy/u0/sytoanngo/ONEFlux/data/US-ARc_sample_output/99_fluxnet2015/FLX_US-ARc_FLUXNET2015_FULLSET_YY_2005-2006_beta-5.csv [oneflux.pipeline.common]
2025-06-26 14:00:46.088 [INFO    ] Variable 'GPP_DT_CUT_75' might be missing from headers of file: /home/portnoy/u0/sytoanngo/ONEFlux/data/US-ARc_sample_output/99_fluxnet2015/FLX_US-ARc_FLUXNET2015_FULLSET_YY_2005-2006_beta-5.csv [oneflux.pipeline.common]
2025-06-26 14:00:46.088 [INFO    ] Variable 'GPP_DT_CUT_84' might be missing from headers of file: /home/portnoy/u0/sytoanngo/ONEFlux/data/US-ARc_sample_output/99_fluxnet2015/FLX_US-ARc_FLUXNET2015_FULLSET_YY_2005-2006_beta-5.csv [oneflux.pipeline.common]
2025-06-26 14:00:46.088 [INFO    ] Variable 'GPP_DT_CUT_95' might be missing from headers of file: /home/portnoy/u0/sytoanngo/ONEFlux/data/US-ARc_sample_output/99_fluxnet2015/FLX_US-ARc_FLUXNET2015_FULLSET_YY_2005-2006_beta-5.csv [oneflux.pipeline.common]
2025-06-26 14:00:46.089 [INFO    ] Variable 'PPFD_DIF' might be missing from headers of file: /home/portnoy/u0/sytoanngo/ONEFlux/data/US-ARc_sample_output/99_fluxnet2015/FLX_US-ARc_FLUXNET2015_FULLSET_YY_2005-2006_beta-5.csv [oneflux.pipeline.common]
2025-06-26 14:00:46.089 [INFO    ] Variable 'PPFD_DIF_QC' might be missing from headers of file: /home/portnoy/u0/sytoanngo/ONEFlux/data/US-ARc_sample_output/99_fluxnet2015/FLX_US-ARc_FLUXNET2015_FULLSET_YY_2005-2006_beta-5.csv [oneflux.pipeline.common]
2025-06-26 14:00:46.089 [INFO    ] Variable 'PPFD_OUT' might be missing from headers of file: /home/portnoy/u0/sytoanngo/ONEFlux/data/US-ARc_sample_output/99_fluxnet2015/FLX_US-ARc_FLUXNET2015_FULLSET_YY_2005-2006_beta-5.csv [oneflux.pipeline.common]
2025-06-26 14:00:46.089 [INFO    ] Variable 'PPFD_OUT_QC' might be missing from headers of file: /home/portnoy/u0/sytoanngo/ONEFlux/data/US-ARc_sample_output/99_fluxnet2015/FLX_US-ARc_FLUXNET2015_FULLSET_YY_2005-2006_beta-5.csv [oneflux.pipeline.common]
2025-06-26 14:00:46.089 [INFO    ] Variable 'SW_DIF' might be missing from headers of file: /home/portnoy/u0/sytoanngo/ONEFlux/data/US-ARc_sample_output/99_fluxnet2015/FLX_US-ARc_FLUXNET2015_FULLSET_YY_2005-2006_beta-5.csv [oneflux.pipeline.common]
2025-06-26 14:00:46.089 [INFO    ] Variable 'SW_DIF_QC' might be missing from headers of file: /home/portnoy/u0/sytoanngo/ONEFlux/data/US-ARc_sample_output/99_fluxnet2015/FLX_US-ARc_FLUXNET2015_FULLSET_YY_2005-2006_beta-5.csv [oneflux.pipeline.common]
2025-06-26 14:00:46.089 [INFO    ] Variable 'SW_OUT' might be missing from headers of file: /home/portnoy/u0/sytoanngo/ONEFlux/data/US-ARc_sample_output/99_fluxnet2015/FLX_US-ARc_FLUXNET2015_FULLSET_YY_2005-2006_beta-5.csv [oneflux.pipeline.common]
2025-06-26 14:00:46.089 [INFO    ] Variable 'SW_OUT_QC' might be missing from headers of file: /home/portnoy/u0/sytoanngo/ONEFlux/data/US-ARc_sample_output/99_fluxnet2015/FLX_US-ARc_FLUXNET2015_FULLSET_YY_2005-2006_beta-5.csv [oneflux.pipeline.common]
2025-06-26 14:00:46.090 [INFO    ] Variable 'LW_OUT' might be missing from headers of file: /home/portnoy/u0/sytoanngo/ONEFlux/data/US-ARc_sample_output/99_fluxnet2015/FLX_US-ARc_FLUXNET2015_FULLSET_YY_2005-2006_beta-5.csv [oneflux.pipeline.common]
2025-06-26 14:00:46.090 [INFO    ] Variable 'LW_OUT_QC' might be missing from headers of file: /home/portnoy/u0/sytoanngo/ONEFlux/data/US-ARc_sample_output/99_fluxnet2015/FLX_US-ARc_FLUXNET2015_FULLSET_YY_2005-2006_beta-5.csv [oneflux.pipeline.common]
2025-06-26 14:00:46.090 [INFO    ] Variable 'PA' might be missing from headers of file: /home/portnoy/u0/sytoanngo/ONEFlux/data/US-ARc_sample_output/99_fluxnet2015/FLX_US-ARc_FLUXNET2015_FULLSET_YY_2005-2006_beta-5.csv [oneflux.pipeline.common]
2025-06-26 14:00:46.090 [INFO    ] Variable 'SW_IN_POT' might be missing from headers of file: /home/portnoy/u0/sytoanngo/ONEFlux/data/US-ARc_sample_output/99_fluxnet2015/FLX_US-ARc_FLUXNET2015_FULLSET_YY_2005-2006_beta-5.csv [oneflux.pipeline.common]
2025-06-26 14:00:46.090 [INFO    ] Variable 'P' might be missing from headers of file: /home/portnoy/u0/sytoanngo/ONEFlux/data/US-ARc_sample_output/99_fluxnet2015/FLX_US-ARc_FLUXNET2015_FULLSET_YY_2005-2006_beta-5.csv [oneflux.pipeline.common]
2025-06-26 14:00:46.090 [INFO    ] Variable 'WS' might be missing from headers of file: /home/portnoy/u0/sytoanngo/ONEFlux/data/US-ARc_sample_output/99_fluxnet2015/FLX_US-ARc_FLUXNET2015_FULLSET_YY_2005-2006_beta-5.csv [oneflux.pipeline.common]
2025-06-26 14:00:46.090 [INFO    ] Variable 'WD' might be missing from headers of file: /home/portnoy/u0/sytoanngo/ONEFlux/data/US-ARc_sample_output/99_fluxnet2015/FLX_US-ARc_FLUXNET2015_FULLSET_YY_2005-2006_beta-5.csv [oneflux.pipeline.common]
2025-06-26 14:00:46.090 [INFO    ] Variable 'RH' might be missing from headers of file: /home/portnoy/u0/sytoanngo/ONEFlux/data/US-ARc_sample_output/99_fluxnet2015/FLX_US-ARc_FLUXNET2015_FULLSET_YY_2005-2006_beta-5.csv [oneflux.pipeline.common]
2025-06-26 14:00:46.091 [INFO    ] Variable 'LE_CORR_25' might be missing from headers of file: /home/portnoy/u0/sytoanngo/ONEFlux/data/US-ARc_sample_output/99_fluxnet2015/FLX_US-ARc_FLUXNET2015_FULLSET_YY_2005-2006_beta-5.csv [oneflux.pipeline.common]
2025-06-26 14:00:46.091 [INFO    ] Variable 'LE_CORR_75' might be missing from headers of file: /home/portnoy/u0/sytoanngo/ONEFlux/data/US-ARc_sample_output/99_fluxnet2015/FLX_US-ARc_FLUXNET2015_FULLSET_YY_2005-2006_beta-5.csv [oneflux.pipeline.common]
2025-06-26 14:00:46.091 [INFO    ] Variable 'LE_RANDUNC_METHOD' might be missing from headers of file: /home/portnoy/u0/sytoanngo/ONEFlux/data/US-ARc_sample_output/99_fluxnet2015/FLX_US-ARc_FLUXNET2015_FULLSET_YY_2005-2006_beta-5.csv [oneflux.pipeline.common]
2025-06-26 14:00:46.091 [INFO    ] Variable 'LE_RANDUNC_N' might be missing from headers of file: /home/portnoy/u0/sytoanngo/ONEFlux/data/US-ARc_sample_output/99_fluxnet2015/FLX_US-ARc_FLUXNET2015_FULLSET_YY_2005-2006_beta-5.csv [oneflux.pipeline.common]
2025-06-26 14:00:46.091 [INFO    ] Variable 'LE_CORR_JOINTUNC' might be missing from headers of file: /home/portnoy/u0/sytoanngo/ONEFlux/data/US-ARc_sample_output/99_fluxnet2015/FLX_US-ARc_FLUXNET2015_FULLSET_YY_2005-2006_beta-5.csv [oneflux.pipeline.common]
2025-06-26 14:00:46.091 [INFO    ] Variable 'H_CORR_25' might be missing from headers of file: /home/portnoy/u0/sytoanngo/ONEFlux/data/US-ARc_sample_output/99_fluxnet2015/FLX_US-ARc_FLUXNET2015_FULLSET_YY_2005-2006_beta-5.csv [oneflux.pipeline.common]
2025-06-26 14:00:46.091 [INFO    ] Variable 'H_CORR_75' might be missing from headers of file: /home/portnoy/u0/sytoanngo/ONEFlux/data/US-ARc_sample_output/99_fluxnet2015/FLX_US-ARc_FLUXNET2015_FULLSET_YY_2005-2006_beta-5.csv [oneflux.pipeline.common]
2025-06-26 14:00:46.091 [INFO    ] Variable 'H_RANDUNC_METHOD' might be missing from headers of file: /home/portnoy/u0/sytoanngo/ONEFlux/data/US-ARc_sample_output/99_fluxnet2015/FLX_US-ARc_FLUXNET2015_FULLSET_YY_2005-2006_beta-5.csv [oneflux.pipeline.common]
2025-06-26 14:00:46.092 [INFO    ] Variable 'H_RANDUNC_N' might be missing from headers of file: /home/portnoy/u0/sytoanngo/ONEFlux/data/US-ARc_sample_output/99_fluxnet2015/FLX_US-ARc_FLUXNET2015_FULLSET_YY_2005-2006_beta-5.csv [oneflux.pipeline.common]
2025-06-26 14:00:46.092 [INFO    ] Variable 'H_CORR_JOINTUNC' might be missing from headers of file: /home/portnoy/u0/sytoanngo/ONEFlux/data/US-ARc_sample_output/99_fluxnet2015/FLX_US-ARc_FLUXNET2015_FULLSET_YY_2005-2006_beta-5.csv [oneflux.pipeline.common]
2025-06-26 14:00:46.092 [INFO    ] Variable 'NEE_CUT_REF' might be missing from headers of file: /home/portnoy/u0/sytoanngo/ONEFlux/data/US-ARc_sample_output/99_fluxnet2015/FLX_US-ARc_FLUXNET2015_FULLSET_YY_2005-2006_beta-5.csv [oneflux.pipeline.common]
2025-06-26 14:00:46.092 [INFO    ] Variable 'NEE_CUT_REF_QC' might be missing from headers of file: /home/portnoy/u0/sytoanngo/ONEFlux/data/US-ARc_sample_output/99_fluxnet2015/FLX_US-ARc_FLUXNET2015_FULLSET_YY_2005-2006_beta-5.csv [oneflux.pipeline.common]
2025-06-26 14:00:46.092 [INFO    ] Variable 'NEE_CUT_REF_RANDUNC' might be missing from headers of file: /home/portnoy/u0/sytoanngo/ONEFlux/data/US-ARc_sample_output/99_fluxnet2015/FLX_US-ARc_FLUXNET2015_FULLSET_YY_2005-2006_beta-5.csv [oneflux.pipeline.common]
2025-06-26 14:00:46.092 [INFO    ] Variable 'RECO_NT_CUT_REF' might be missing from headers of file: /home/portnoy/u0/sytoanngo/ONEFlux/data/US-ARc_sample_output/99_fluxnet2015/FLX_US-ARc_FLUXNET2015_FULLSET_YY_2005-2006_beta-5.csv [oneflux.pipeline.common]
2025-06-26 14:00:46.092 [INFO    ] Variable 'GPP_NT_CUT_REF' might be missing from headers of file: /home/portnoy/u0/sytoanngo/ONEFlux/data/US-ARc_sample_output/99_fluxnet2015/FLX_US-ARc_FLUXNET2015_FULLSET_YY_2005-2006_beta-5.csv [oneflux.pipeline.common]
2025-06-26 14:00:46.092 [INFO    ] Variable 'RECO_DT_CUT_REF' might be missing from headers of file: /home/portnoy/u0/sytoanngo/ONEFlux/data/US-ARc_sample_output/99_fluxnet2015/FLX_US-ARc_FLUXNET2015_FULLSET_YY_2005-2006_beta-5.csv [oneflux.pipeline.common]
2025-06-26 14:00:46.093 [INFO    ] Variable 'GPP_DT_CUT_REF' might be missing from headers of file: /home/portnoy/u0/sytoanngo/ONEFlux/data/US-ARc_sample_output/99_fluxnet2015/FLX_US-ARc_FLUXNET2015_FULLSET_YY_2005-2006_beta-5.csv [oneflux.pipeline.common]
2025-06-26 14:00:46.093 [INFO    ] Variable 'TS_F_MDS_2' might be missing from headers of file: /home/portnoy/u0/sytoanngo/ONEFlux/data/US-ARc_sample_output/99_fluxnet2015/FLX_US-ARc_FLUXNET2015_FULLSET_YY_2005-2006_beta-5.csv [oneflux.pipeline.common]
2025-06-26 14:00:46.093 [INFO    ] Variable 'TS_F_MDS_3' might be missing from headers of file: /home/portnoy/u0/sytoanngo/ONEFlux/data/US-ARc_sample_output/99_fluxnet2015/FLX_US-ARc_FLUXNET2015_FULLSET_YY_2005-2006_beta-5.csv [oneflux.pipeline.common]
2025-06-26 14:00:46.093 [INFO    ] Variable 'TS_F_MDS_4' might be missing from headers of file: /home/portnoy/u0/sytoanngo/ONEFlux/data/US-ARc_sample_output/99_fluxnet2015/FLX_US-ARc_FLUXNET2015_FULLSET_YY_2005-2006_beta-5.csv [oneflux.pipeline.common]
2025-06-26 14:00:46.093 [INFO    ] Variable 'TS_F_MDS_5' might be missing from headers of file: /home/portnoy/u0/sytoanngo/ONEFlux/data/US-ARc_sample_output/99_fluxnet2015/FLX_US-ARc_FLUXNET2015_FULLSET_YY_2005-2006_beta-5.csv [oneflux.pipeline.common]
2025-06-26 14:00:46.093 [INFO    ] Variable 'TS_F_MDS_6' might be missing from headers of file: /home/portnoy/u0/sytoanngo/ONEFlux/data/US-ARc_sample_output/99_fluxnet2015/FLX_US-ARc_FLUXNET2015_FULLSET_YY_2005-2006_beta-5.csv [oneflux.pipeline.common]
2025-06-26 14:00:46.093 [INFO    ] Variable 'TS_F_MDS_7' might be missing from headers of file: /home/portnoy/u0/sytoanngo/ONEFlux/data/US-ARc_sample_output/99_fluxnet2015/FLX_US-ARc_FLUXNET2015_FULLSET_YY_2005-2006_beta-5.csv [oneflux.pipeline.common]
2025-06-26 14:00:46.093 [INFO    ] Variable 'TS_F_MDS_8' might be missing from headers of file: /home/portnoy/u0/sytoanngo/ONEFlux/data/US-ARc_sample_output/99_fluxnet2015/FLX_US-ARc_FLUXNET2015_FULLSET_YY_2005-2006_beta-5.csv [oneflux.pipeline.common]
2025-06-26 14:00:46.094 [INFO    ] Variable 'TS_F_MDS_9' might be missing from headers of file: /home/portnoy/u0/sytoanngo/ONEFlux/data/US-ARc_sample_output/99_fluxnet2015/FLX_US-ARc_FLUXNET2015_FULLSET_YY_2005-2006_beta-5.csv [oneflux.pipeline.common]
2025-06-26 14:00:46.094 [INFO    ] Variable 'TS_F_MDS_10' might be missing from headers of file: /home/portnoy/u0/sytoanngo/ONEFlux/data/US-ARc_sample_output/99_fluxnet2015/FLX_US-ARc_FLUXNET2015_FULLSET_YY_2005-2006_beta-5.csv [oneflux.pipeline.common]
2025-06-26 14:00:46.094 [INFO    ] Variable 'TS_F_MDS_11' might be missing from headers of file: /home/portnoy/u0/sytoanngo/ONEFlux/data/US-ARc_sample_output/99_fluxnet2015/FLX_US-ARc_FLUXNET2015_FULLSET_YY_2005-2006_beta-5.csv [oneflux.pipeline.common]
2025-06-26 14:00:46.094 [INFO    ] Variable 'TS_F_MDS_12' might be missing from headers of file: /home/portnoy/u0/sytoanngo/ONEFlux/data/US-ARc_sample_output/99_fluxnet2015/FLX_US-ARc_FLUXNET2015_FULLSET_YY_2005-2006_beta-5.csv [oneflux.pipeline.common]
2025-06-26 14:00:46.094 [INFO    ] Variable 'TS_F_MDS_13' might be missing from headers of file: /home/portnoy/u0/sytoanngo/ONEFlux/data/US-ARc_sample_output/99_fluxnet2015/FLX_US-ARc_FLUXNET2015_FULLSET_YY_2005-2006_beta-5.csv [oneflux.pipeline.common]
2025-06-26 14:00:46.094 [INFO    ] Variable 'TS_F_MDS_14' might be missing from headers of file: /home/portnoy/u0/sytoanngo/ONEFlux/data/US-ARc_sample_output/99_fluxnet2015/FLX_US-ARc_FLUXNET2015_FULLSET_YY_2005-2006_beta-5.csv [oneflux.pipeline.common]
2025-06-26 14:00:46.094 [INFO    ] Variable 'TS_F_MDS_15' might be missing from headers of file: /home/portnoy/u0/sytoanngo/ONEFlux/data/US-ARc_sample_output/99_fluxnet2015/FLX_US-ARc_FLUXNET2015_FULLSET_YY_2005-2006_beta-5.csv [oneflux.pipeline.common]
2025-06-26 14:00:46.094 [INFO    ] Variable 'TS_F_MDS_16' might be missing from headers of file: /home/portnoy/u0/sytoanngo/ONEFlux/data/US-ARc_sample_output/99_fluxnet2015/FLX_US-ARc_FLUXNET2015_FULLSET_YY_2005-2006_beta-5.csv [oneflux.pipeline.common]
2025-06-26 14:00:46.095 [INFO    ] Variable 'TS_F_MDS_17' might be missing from headers of file: /home/portnoy/u0/sytoanngo/ONEFlux/data/US-ARc_sample_output/99_fluxnet2015/FLX_US-ARc_FLUXNET2015_FULLSET_YY_2005-2006_beta-5.csv [oneflux.pipeline.common]
2025-06-26 14:00:46.095 [INFO    ] Variable 'TS_F_MDS_18' might be missing from headers of file: /home/portnoy/u0/sytoanngo/ONEFlux/data/US-ARc_sample_output/99_fluxnet2015/FLX_US-ARc_FLUXNET2015_FULLSET_YY_2005-2006_beta-5.csv [oneflux.pipeline.common]
2025-06-26 14:00:46.095 [INFO    ] Variable 'TS_F_MDS_19' might be missing from headers of file: /home/portnoy/u0/sytoanngo/ONEFlux/data/US-ARc_sample_output/99_fluxnet2015/FLX_US-ARc_FLUXNET2015_FULLSET_YY_2005-2006_beta-5.csv [oneflux.pipeline.common]
2025-06-26 14:00:46.095 [INFO    ] Variable 'TS_F_MDS_2_QC' might be missing from headers of file: /home/portnoy/u0/sytoanngo/ONEFlux/data/US-ARc_sample_output/99_fluxnet2015/FLX_US-ARc_FLUXNET2015_FULLSET_YY_2005-2006_beta-5.csv [oneflux.pipeline.common]
2025-06-26 14:00:46.095 [INFO    ] Variable 'TS_F_MDS_3_QC' might be missing from headers of file: /home/portnoy/u0/sytoanngo/ONEFlux/data/US-ARc_sample_output/99_fluxnet2015/FLX_US-ARc_FLUXNET2015_FULLSET_YY_2005-2006_beta-5.csv [oneflux.pipeline.common]
2025-06-26 14:00:46.095 [INFO    ] Variable 'TS_F_MDS_4_QC' might be missing from headers of file: /home/portnoy/u0/sytoanngo/ONEFlux/data/US-ARc_sample_output/99_fluxnet2015/FLX_US-ARc_FLUXNET2015_FULLSET_YY_2005-2006_beta-5.csv [oneflux.pipeline.common]
2025-06-26 14:00:46.095 [INFO    ] Variable 'TS_F_MDS_5_QC' might be missing from headers of file: /home/portnoy/u0/sytoanngo/ONEFlux/data/US-ARc_sample_output/99_fluxnet2015/FLX_US-ARc_FLUXNET2015_FULLSET_YY_2005-2006_beta-5.csv [oneflux.pipeline.common]
2025-06-26 14:00:46.095 [INFO    ] Variable 'TS_F_MDS_6_QC' might be missing from headers of file: /home/portnoy/u0/sytoanngo/ONEFlux/data/US-ARc_sample_output/99_fluxnet2015/FLX_US-ARc_FLUXNET2015_FULLSET_YY_2005-2006_beta-5.csv [oneflux.pipeline.common]
2025-06-26 14:00:46.095 [INFO    ] Variable 'TS_F_MDS_7_QC' might be missing from headers of file: /home/portnoy/u0/sytoanngo/ONEFlux/data/US-ARc_sample_output/99_fluxnet2015/FLX_US-ARc_FLUXNET2015_FULLSET_YY_2005-2006_beta-5.csv [oneflux.pipeline.common]
2025-06-26 14:00:46.096 [INFO    ] Variable 'TS_F_MDS_8_QC' might be missing from headers of file: /home/portnoy/u0/sytoanngo/ONEFlux/data/US-ARc_sample_output/99_fluxnet2015/FLX_US-ARc_FLUXNET2015_FULLSET_YY_2005-2006_beta-5.csv [oneflux.pipeline.common]
2025-06-26 14:00:46.096 [INFO    ] Variable 'TS_F_MDS_9_QC' might be missing from headers of file: /home/portnoy/u0/sytoanngo/ONEFlux/data/US-ARc_sample_output/99_fluxnet2015/FLX_US-ARc_FLUXNET2015_FULLSET_YY_2005-2006_beta-5.csv [oneflux.pipeline.common]
2025-06-26 14:00:46.096 [INFO    ] Variable 'TS_F_MDS_10_QC' might be missing from headers of file: /home/portnoy/u0/sytoanngo/ONEFlux/data/US-ARc_sample_output/99_fluxnet2015/FLX_US-ARc_FLUXNET2015_FULLSET_YY_2005-2006_beta-5.csv [oneflux.pipeline.common]
2025-06-26 14:00:46.096 [INFO    ] Variable 'TS_F_MDS_11_QC' might be missing from headers of file: /home/portnoy/u0/sytoanngo/ONEFlux/data/US-ARc_sample_output/99_fluxnet2015/FLX_US-ARc_FLUXNET2015_FULLSET_YY_2005-2006_beta-5.csv [oneflux.pipeline.common]
2025-06-26 14:00:46.096 [INFO    ] Variable 'TS_F_MDS_12_QC' might be missing from headers of file: /home/portnoy/u0/sytoanngo/ONEFlux/data/US-ARc_sample_output/99_fluxnet2015/FLX_US-ARc_FLUXNET2015_FULLSET_YY_2005-2006_beta-5.csv [oneflux.pipeline.common]
2025-06-26 14:00:46.096 [INFO    ] Variable 'TS_F_MDS_13_QC' might be missing from headers of file: /home/portnoy/u0/sytoanngo/ONEFlux/data/US-ARc_sample_output/99_fluxnet2015/FLX_US-ARc_FLUXNET2015_FULLSET_YY_2005-2006_beta-5.csv [oneflux.pipeline.common]
2025-06-26 14:00:46.096 [INFO    ] Variable 'TS_F_MDS_14_QC' might be missing from headers of file: /home/portnoy/u0/sytoanngo/ONEFlux/data/US-ARc_sample_output/99_fluxnet2015/FLX_US-ARc_FLUXNET2015_FULLSET_YY_2005-2006_beta-5.csv [oneflux.pipeline.common]
2025-06-26 14:00:46.096 [INFO    ] Variable 'TS_F_MDS_15_QC' might be missing from headers of file: /home/portnoy/u0/sytoanngo/ONEFlux/data/US-ARc_sample_output/99_fluxnet2015/FLX_US-ARc_FLUXNET2015_FULLSET_YY_2005-2006_beta-5.csv [oneflux.pipeline.common]
2025-06-26 14:00:46.097 [INFO    ] Variable 'TS_F_MDS_16_QC' might be missing from headers of file: /home/portnoy/u0/sytoanngo/ONEFlux/data/US-ARc_sample_output/99_fluxnet2015/FLX_US-ARc_FLUXNET2015_FULLSET_YY_2005-2006_beta-5.csv [oneflux.pipeline.common]
2025-06-26 14:00:46.097 [INFO    ] Variable 'TS_F_MDS_17_QC' might be missing from headers of file: /home/portnoy/u0/sytoanngo/ONEFlux/data/US-ARc_sample_output/99_fluxnet2015/FLX_US-ARc_FLUXNET2015_FULLSET_YY_2005-2006_beta-5.csv [oneflux.pipeline.common]
2025-06-26 14:00:46.097 [INFO    ] Variable 'TS_F_MDS_18_QC' might be missing from headers of file: /home/portnoy/u0/sytoanngo/ONEFlux/data/US-ARc_sample_output/99_fluxnet2015/FLX_US-ARc_FLUXNET2015_FULLSET_YY_2005-2006_beta-5.csv [oneflux.pipeline.common]
2025-06-26 14:00:46.097 [INFO    ] Variable 'TS_F_MDS_19_QC' might be missing from headers of file: /home/portnoy/u0/sytoanngo/ONEFlux/data/US-ARc_sample_output/99_fluxnet2015/FLX_US-ARc_FLUXNET2015_FULLSET_YY_2005-2006_beta-5.csv [oneflux.pipeline.common]
2025-06-26 14:00:46.097 [INFO    ] Variable 'SWC_F_MDS_2' might be missing from headers of file: /home/portnoy/u0/sytoanngo/ONEFlux/data/US-ARc_sample_output/99_fluxnet2015/FLX_US-ARc_FLUXNET2015_FULLSET_YY_2005-2006_beta-5.csv [oneflux.pipeline.common]
2025-06-26 14:00:46.097 [INFO    ] Variable 'SWC_F_MDS_3' might be missing from headers of file: /home/portnoy/u0/sytoanngo/ONEFlux/data/US-ARc_sample_output/99_fluxnet2015/FLX_US-ARc_FLUXNET2015_FULLSET_YY_2005-2006_beta-5.csv [oneflux.pipeline.common]
2025-06-26 14:00:46.097 [INFO    ] Variable 'SWC_F_MDS_4' might be missing from headers of file: /home/portnoy/u0/sytoanngo/ONEFlux/data/US-ARc_sample_output/99_fluxnet2015/FLX_US-ARc_FLUXNET2015_FULLSET_YY_2005-2006_beta-5.csv [oneflux.pipeline.common]
2025-06-26 14:00:46.097 [INFO    ] Variable 'SWC_F_MDS_5' might be missing from headers of file: /home/portnoy/u0/sytoanngo/ONEFlux/data/US-ARc_sample_output/99_fluxnet2015/FLX_US-ARc_FLUXNET2015_FULLSET_YY_2005-2006_beta-5.csv [oneflux.pipeline.common]
2025-06-26 14:00:46.098 [INFO    ] Variable 'SWC_F_MDS_6' might be missing from headers of file: /home/portnoy/u0/sytoanngo/ONEFlux/data/US-ARc_sample_output/99_fluxnet2015/FLX_US-ARc_FLUXNET2015_FULLSET_YY_2005-2006_beta-5.csv [oneflux.pipeline.common]
2025-06-26 14:00:46.098 [INFO    ] Variable 'SWC_F_MDS_7' might be missing from headers of file: /home/portnoy/u0/sytoanngo/ONEFlux/data/US-ARc_sample_output/99_fluxnet2015/FLX_US-ARc_FLUXNET2015_FULLSET_YY_2005-2006_beta-5.csv [oneflux.pipeline.common]
2025-06-26 14:00:46.098 [INFO    ] Variable 'SWC_F_MDS_8' might be missing from headers of file: /home/portnoy/u0/sytoanngo/ONEFlux/data/US-ARc_sample_output/99_fluxnet2015/FLX_US-ARc_FLUXNET2015_FULLSET_YY_2005-2006_beta-5.csv [oneflux.pipeline.common]
2025-06-26 14:00:46.098 [INFO    ] Variable 'SWC_F_MDS_9' might be missing from headers of file: /home/portnoy/u0/sytoanngo/ONEFlux/data/US-ARc_sample_output/99_fluxnet2015/FLX_US-ARc_FLUXNET2015_FULLSET_YY_2005-2006_beta-5.csv [oneflux.pipeline.common]
2025-06-26 14:00:46.098 [INFO    ] Variable 'SWC_F_MDS_10' might be missing from headers of file: /home/portnoy/u0/sytoanngo/ONEFlux/data/US-ARc_sample_output/99_fluxnet2015/FLX_US-ARc_FLUXNET2015_FULLSET_YY_2005-2006_beta-5.csv [oneflux.pipeline.common]
2025-06-26 14:00:46.098 [INFO    ] Variable 'SWC_F_MDS_11' might be missing from headers of file: /home/portnoy/u0/sytoanngo/ONEFlux/data/US-ARc_sample_output/99_fluxnet2015/FLX_US-ARc_FLUXNET2015_FULLSET_YY_2005-2006_beta-5.csv [oneflux.pipeline.common]
2025-06-26 14:00:46.098 [INFO    ] Variable 'SWC_F_MDS_12' might be missing from headers of file: /home/portnoy/u0/sytoanngo/ONEFlux/data/US-ARc_sample_output/99_fluxnet2015/FLX_US-ARc_FLUXNET2015_FULLSET_YY_2005-2006_beta-5.csv [oneflux.pipeline.common]
2025-06-26 14:00:46.098 [INFO    ] Variable 'SWC_F_MDS_13' might be missing from headers of file: /home/portnoy/u0/sytoanngo/ONEFlux/data/US-ARc_sample_output/99_fluxnet2015/FLX_US-ARc_FLUXNET2015_FULLSET_YY_2005-2006_beta-5.csv [oneflux.pipeline.common]
2025-06-26 14:00:46.099 [INFO    ] Variable 'SWC_F_MDS_14' might be missing from headers of file: /home/portnoy/u0/sytoanngo/ONEFlux/data/US-ARc_sample_output/99_fluxnet2015/FLX_US-ARc_FLUXNET2015_FULLSET_YY_2005-2006_beta-5.csv [oneflux.pipeline.common]
2025-06-26 14:00:46.099 [INFO    ] Variable 'SWC_F_MDS_15' might be missing from headers of file: /home/portnoy/u0/sytoanngo/ONEFlux/data/US-ARc_sample_output/99_fluxnet2015/FLX_US-ARc_FLUXNET2015_FULLSET_YY_2005-2006_beta-5.csv [oneflux.pipeline.common]
2025-06-26 14:00:46.099 [INFO    ] Variable 'SWC_F_MDS_16' might be missing from headers of file: /home/portnoy/u0/sytoanngo/ONEFlux/data/US-ARc_sample_output/99_fluxnet2015/FLX_US-ARc_FLUXNET2015_FULLSET_YY_2005-2006_beta-5.csv [oneflux.pipeline.common]
2025-06-26 14:00:46.099 [INFO    ] Variable 'SWC_F_MDS_17' might be missing from headers of file: /home/portnoy/u0/sytoanngo/ONEFlux/data/US-ARc_sample_output/99_fluxnet2015/FLX_US-ARc_FLUXNET2015_FULLSET_YY_2005-2006_beta-5.csv [oneflux.pipeline.common]
2025-06-26 14:00:46.099 [INFO    ] Variable 'SWC_F_MDS_18' might be missing from headers of file: /home/portnoy/u0/sytoanngo/ONEFlux/data/US-ARc_sample_output/99_fluxnet2015/FLX_US-ARc_FLUXNET2015_FULLSET_YY_2005-2006_beta-5.csv [oneflux.pipeline.common]
2025-06-26 14:00:46.099 [INFO    ] Variable 'SWC_F_MDS_19' might be missing from headers of file: /home/portnoy/u0/sytoanngo/ONEFlux/data/US-ARc_sample_output/99_fluxnet2015/FLX_US-ARc_FLUXNET2015_FULLSET_YY_2005-2006_beta-5.csv [oneflux.pipeline.common]
2025-06-26 14:00:46.099 [INFO    ] Variable 'SWC_F_MDS_2_QC' might be missing from headers of file: /home/portnoy/u0/sytoanngo/ONEFlux/data/US-ARc_sample_output/99_fluxnet2015/FLX_US-ARc_FLUXNET2015_FULLSET_YY_2005-2006_beta-5.csv [oneflux.pipeline.common]
2025-06-26 14:00:46.099 [INFO    ] Variable 'SWC_F_MDS_3_QC' might be missing from headers of file: /home/portnoy/u0/sytoanngo/ONEFlux/data/US-ARc_sample_output/99_fluxnet2015/FLX_US-ARc_FLUXNET2015_FULLSET_YY_2005-2006_beta-5.csv [oneflux.pipeline.common]
2025-06-26 14:00:46.100 [INFO    ] Variable 'SWC_F_MDS_4_QC' might be missing from headers of file: /home/portnoy/u0/sytoanngo/ONEFlux/data/US-ARc_sample_output/99_fluxnet2015/FLX_US-ARc_FLUXNET2015_FULLSET_YY_2005-2006_beta-5.csv [oneflux.pipeline.common]
2025-06-26 14:00:46.100 [INFO    ] Variable 'SWC_F_MDS_5_QC' might be missing from headers of file: /home/portnoy/u0/sytoanngo/ONEFlux/data/US-ARc_sample_output/99_fluxnet2015/FLX_US-ARc_FLUXNET2015_FULLSET_YY_2005-2006_beta-5.csv [oneflux.pipeline.common]
2025-06-26 14:00:46.100 [INFO    ] Variable 'SWC_F_MDS_6_QC' might be missing from headers of file: /home/portnoy/u0/sytoanngo/ONEFlux/data/US-ARc_sample_output/99_fluxnet2015/FLX_US-ARc_FLUXNET2015_FULLSET_YY_2005-2006_beta-5.csv [oneflux.pipeline.common]
2025-06-26 14:00:46.100 [INFO    ] Variable 'SWC_F_MDS_7_QC' might be missing from headers of file: /home/portnoy/u0/sytoanngo/ONEFlux/data/US-ARc_sample_output/99_fluxnet2015/FLX_US-ARc_FLUXNET2015_FULLSET_YY_2005-2006_beta-5.csv [oneflux.pipeline.common]
2025-06-26 14:00:46.100 [INFO    ] Variable 'SWC_F_MDS_8_QC' might be missing from headers of file: /home/portnoy/u0/sytoanngo/ONEFlux/data/US-ARc_sample_output/99_fluxnet2015/FLX_US-ARc_FLUXNET2015_FULLSET_YY_2005-2006_beta-5.csv [oneflux.pipeline.common]
2025-06-26 14:00:46.100 [INFO    ] Variable 'SWC_F_MDS_9_QC' might be missing from headers of file: /home/portnoy/u0/sytoanngo/ONEFlux/data/US-ARc_sample_output/99_fluxnet2015/FLX_US-ARc_FLUXNET2015_FULLSET_YY_2005-2006_beta-5.csv [oneflux.pipeline.common]
2025-06-26 14:00:46.100 [INFO    ] Variable 'SWC_F_MDS_10_QC' might be missing from headers of file: /home/portnoy/u0/sytoanngo/ONEFlux/data/US-ARc_sample_output/99_fluxnet2015/FLX_US-ARc_FLUXNET2015_FULLSET_YY_2005-2006_beta-5.csv [oneflux.pipeline.common]
2025-06-26 14:00:46.100 [INFO    ] Variable 'SWC_F_MDS_11_QC' might be missing from headers of file: /home/portnoy/u0/sytoanngo/ONEFlux/data/US-ARc_sample_output/99_fluxnet2015/FLX_US-ARc_FLUXNET2015_FULLSET_YY_2005-2006_beta-5.csv [oneflux.pipeline.common]
2025-06-26 14:00:46.101 [INFO    ] Variable 'SWC_F_MDS_12_QC' might be missing from headers of file: /home/portnoy/u0/sytoanngo/ONEFlux/data/US-ARc_sample_output/99_fluxnet2015/FLX_US-ARc_FLUXNET2015_FULLSET_YY_2005-2006_beta-5.csv [oneflux.pipeline.common]
2025-06-26 14:00:46.101 [INFO    ] Variable 'SWC_F_MDS_13_QC' might be missing from headers of file: /home/portnoy/u0/sytoanngo/ONEFlux/data/US-ARc_sample_output/99_fluxnet2015/FLX_US-ARc_FLUXNET2015_FULLSET_YY_2005-2006_beta-5.csv [oneflux.pipeline.common]
2025-06-26 14:00:46.101 [INFO    ] Variable 'SWC_F_MDS_14_QC' might be missing from headers of file: /home/portnoy/u0/sytoanngo/ONEFlux/data/US-ARc_sample_output/99_fluxnet2015/FLX_US-ARc_FLUXNET2015_FULLSET_YY_2005-2006_beta-5.csv [oneflux.pipeline.common]
2025-06-26 14:00:46.101 [INFO    ] Variable 'SWC_F_MDS_15_QC' might be missing from headers of file: /home/portnoy/u0/sytoanngo/ONEFlux/data/US-ARc_sample_output/99_fluxnet2015/FLX_US-ARc_FLUXNET2015_FULLSET_YY_2005-2006_beta-5.csv [oneflux.pipeline.common]
2025-06-26 14:00:46.101 [INFO    ] Variable 'SWC_F_MDS_16_QC' might be missing from headers of file: /home/portnoy/u0/sytoanngo/ONEFlux/data/US-ARc_sample_output/99_fluxnet2015/FLX_US-ARc_FLUXNET2015_FULLSET_YY_2005-2006_beta-5.csv [oneflux.pipeline.common]
2025-06-26 14:00:46.101 [INFO    ] Variable 'SWC_F_MDS_17_QC' might be missing from headers of file: /home/portnoy/u0/sytoanngo/ONEFlux/data/US-ARc_sample_output/99_fluxnet2015/FLX_US-ARc_FLUXNET2015_FULLSET_YY_2005-2006_beta-5.csv [oneflux.pipeline.common]
2025-06-26 14:00:46.101 [INFO    ] Variable 'SWC_F_MDS_18_QC' might be missing from headers of file: /home/portnoy/u0/sytoanngo/ONEFlux/data/US-ARc_sample_output/99_fluxnet2015/FLX_US-ARc_FLUXNET2015_FULLSET_YY_2005-2006_beta-5.csv [oneflux.pipeline.common]
2025-06-26 14:00:46.101 [INFO    ] Variable 'SWC_F_MDS_19_QC' might be missing from headers of file: /home/portnoy/u0/sytoanngo/ONEFlux/data/US-ARc_sample_output/99_fluxnet2015/FLX_US-ARc_FLUXNET2015_FULLSET_YY_2005-2006_beta-5.csv [oneflux.pipeline.common]
2025-06-26 14:00:46.102 [INFO    ] Variable 'NEE_CUT_05' might be missing from headers of file: /home/portnoy/u0/sytoanngo/ONEFlux/data/US-ARc_sample_output/99_fluxnet2015/FLX_US-ARc_FLUXNET2015_FULLSET_YY_2005-2006_beta-5.csv [oneflux.pipeline.common]
2025-06-26 14:00:46.102 [INFO    ] Variable 'NEE_CUT_16' might be missing from headers of file: /home/portnoy/u0/sytoanngo/ONEFlux/data/US-ARc_sample_output/99_fluxnet2015/FLX_US-ARc_FLUXNET2015_FULLSET_YY_2005-2006_beta-5.csv [oneflux.pipeline.common]
2025-06-26 14:00:46.102 [INFO    ] Variable 'NEE_CUT_25' might be missing from headers of file: /home/portnoy/u0/sytoanngo/ONEFlux/data/US-ARc_sample_output/99_fluxnet2015/FLX_US-ARc_FLUXNET2015_FULLSET_YY_2005-2006_beta-5.csv [oneflux.pipeline.common]
2025-06-26 14:00:46.102 [INFO    ] Variable 'NEE_CUT_50' might be missing from headers of file: /home/portnoy/u0/sytoanngo/ONEFlux/data/US-ARc_sample_output/99_fluxnet2015/FLX_US-ARc_FLUXNET2015_FULLSET_YY_2005-2006_beta-5.csv [oneflux.pipeline.common]
2025-06-26 14:00:46.102 [INFO    ] Variable 'NEE_CUT_75' might be missing from headers of file: /home/portnoy/u0/sytoanngo/ONEFlux/data/US-ARc_sample_output/99_fluxnet2015/FLX_US-ARc_FLUXNET2015_FULLSET_YY_2005-2006_beta-5.csv [oneflux.pipeline.common]
2025-06-26 14:00:46.102 [INFO    ] Variable 'NEE_CUT_84' might be missing from headers of file: /home/portnoy/u0/sytoanngo/ONEFlux/data/US-ARc_sample_output/99_fluxnet2015/FLX_US-ARc_FLUXNET2015_FULLSET_YY_2005-2006_beta-5.csv [oneflux.pipeline.common]
2025-06-26 14:00:46.102 [INFO    ] Variable 'NEE_CUT_95' might be missing from headers of file: /home/portnoy/u0/sytoanngo/ONEFlux/data/US-ARc_sample_output/99_fluxnet2015/FLX_US-ARc_FLUXNET2015_FULLSET_YY_2005-2006_beta-5.csv [oneflux.pipeline.common]
2025-06-26 14:00:46.102 [INFO    ] Variable 'NEE_CUT_05_QC' might be missing from headers of file: /home/portnoy/u0/sytoanngo/ONEFlux/data/US-ARc_sample_output/99_fluxnet2015/FLX_US-ARc_FLUXNET2015_FULLSET_YY_2005-2006_beta-5.csv [oneflux.pipeline.common]
2025-06-26 14:00:46.103 [INFO    ] Variable 'NEE_CUT_16_QC' might be missing from headers of file: /home/portnoy/u0/sytoanngo/ONEFlux/data/US-ARc_sample_output/99_fluxnet2015/FLX_US-ARc_FLUXNET2015_FULLSET_YY_2005-2006_beta-5.csv [oneflux.pipeline.common]
2025-06-26 14:00:46.103 [INFO    ] Variable 'NEE_CUT_25_QC' might be missing from headers of file: /home/portnoy/u0/sytoanngo/ONEFlux/data/US-ARc_sample_output/99_fluxnet2015/FLX_US-ARc_FLUXNET2015_FULLSET_YY_2005-2006_beta-5.csv [oneflux.pipeline.common]
2025-06-26 14:00:46.103 [INFO    ] Variable 'NEE_CUT_50_QC' might be missing from headers of file: /home/portnoy/u0/sytoanngo/ONEFlux/data/US-ARc_sample_output/99_fluxnet2015/FLX_US-ARc_FLUXNET2015_FULLSET_YY_2005-2006_beta-5.csv [oneflux.pipeline.common]
2025-06-26 14:00:46.103 [INFO    ] Variable 'NEE_CUT_75_QC' might be missing from headers of file: /home/portnoy/u0/sytoanngo/ONEFlux/data/US-ARc_sample_output/99_fluxnet2015/FLX_US-ARc_FLUXNET2015_FULLSET_YY_2005-2006_beta-5.csv [oneflux.pipeline.common]
2025-06-26 14:00:46.103 [INFO    ] Variable 'NEE_CUT_84_QC' might be missing from headers of file: /home/portnoy/u0/sytoanngo/ONEFlux/data/US-ARc_sample_output/99_fluxnet2015/FLX_US-ARc_FLUXNET2015_FULLSET_YY_2005-2006_beta-5.csv [oneflux.pipeline.common]
2025-06-26 14:00:46.103 [INFO    ] Variable 'NEE_CUT_95_QC' might be missing from headers of file: /home/portnoy/u0/sytoanngo/ONEFlux/data/US-ARc_sample_output/99_fluxnet2015/FLX_US-ARc_FLUXNET2015_FULLSET_YY_2005-2006_beta-5.csv [oneflux.pipeline.common]
2025-06-26 14:00:46.103 [INFO    ] Variable 'RECO_NT_CUT_05' might be missing from headers of file: /home/portnoy/u0/sytoanngo/ONEFlux/data/US-ARc_sample_output/99_fluxnet2015/FLX_US-ARc_FLUXNET2015_FULLSET_YY_2005-2006_beta-5.csv [oneflux.pipeline.common]
2025-06-26 14:00:46.103 [INFO    ] Variable 'RECO_NT_CUT_16' might be missing from headers of file: /home/portnoy/u0/sytoanngo/ONEFlux/data/US-ARc_sample_output/99_fluxnet2015/FLX_US-ARc_FLUXNET2015_FULLSET_YY_2005-2006_beta-5.csv [oneflux.pipeline.common]
2025-06-26 14:00:46.104 [INFO    ] Variable 'RECO_NT_CUT_25' might be missing from headers of file: /home/portnoy/u0/sytoanngo/ONEFlux/data/US-ARc_sample_output/99_fluxnet2015/FLX_US-ARc_FLUXNET2015_FULLSET_YY_2005-2006_beta-5.csv [oneflux.pipeline.common]
2025-06-26 14:00:46.104 [INFO    ] Variable 'RECO_NT_CUT_50' might be missing from headers of file: /home/portnoy/u0/sytoanngo/ONEFlux/data/US-ARc_sample_output/99_fluxnet2015/FLX_US-ARc_FLUXNET2015_FULLSET_YY_2005-2006_beta-5.csv [oneflux.pipeline.common]
2025-06-26 14:00:46.104 [INFO    ] Variable 'RECO_NT_CUT_75' might be missing from headers of file: /home/portnoy/u0/sytoanngo/ONEFlux/data/US-ARc_sample_output/99_fluxnet2015/FLX_US-ARc_FLUXNET2015_FULLSET_YY_2005-2006_beta-5.csv [oneflux.pipeline.common]
2025-06-26 14:00:46.104 [INFO    ] Variable 'RECO_NT_CUT_84' might be missing from headers of file: /home/portnoy/u0/sytoanngo/ONEFlux/data/US-ARc_sample_output/99_fluxnet2015/FLX_US-ARc_FLUXNET2015_FULLSET_YY_2005-2006_beta-5.csv [oneflux.pipeline.common]
2025-06-26 14:00:46.104 [INFO    ] Variable 'RECO_NT_CUT_95' might be missing from headers of file: /home/portnoy/u0/sytoanngo/ONEFlux/data/US-ARc_sample_output/99_fluxnet2015/FLX_US-ARc_FLUXNET2015_FULLSET_YY_2005-2006_beta-5.csv [oneflux.pipeline.common]
2025-06-26 14:00:46.104 [INFO    ] Variable 'GPP_NT_CUT_05' might be missing from headers of file: /home/portnoy/u0/sytoanngo/ONEFlux/data/US-ARc_sample_output/99_fluxnet2015/FLX_US-ARc_FLUXNET2015_FULLSET_YY_2005-2006_beta-5.csv [oneflux.pipeline.common]
2025-06-26 14:00:46.104 [INFO    ] Variable 'GPP_NT_CUT_16' might be missing from headers of file: /home/portnoy/u0/sytoanngo/ONEFlux/data/US-ARc_sample_output/99_fluxnet2015/FLX_US-ARc_FLUXNET2015_FULLSET_YY_2005-2006_beta-5.csv [oneflux.pipeline.common]
2025-06-26 14:00:46.104 [INFO    ] Variable 'GPP_NT_CUT_25' might be missing from headers of file: /home/portnoy/u0/sytoanngo/ONEFlux/data/US-ARc_sample_output/99_fluxnet2015/FLX_US-ARc_FLUXNET2015_FULLSET_YY_2005-2006_beta-5.csv [oneflux.pipeline.common]
2025-06-26 14:00:46.105 [INFO    ] Variable 'GPP_NT_CUT_50' might be missing from headers of file: /home/portnoy/u0/sytoanngo/ONEFlux/data/US-ARc_sample_output/99_fluxnet2015/FLX_US-ARc_FLUXNET2015_FULLSET_YY_2005-2006_beta-5.csv [oneflux.pipeline.common]
2025-06-26 14:00:46.105 [INFO    ] Variable 'GPP_NT_CUT_75' might be missing from headers of file: /home/portnoy/u0/sytoanngo/ONEFlux/data/US-ARc_sample_output/99_fluxnet2015/FLX_US-ARc_FLUXNET2015_FULLSET_YY_2005-2006_beta-5.csv [oneflux.pipeline.common]
2025-06-26 14:00:46.105 [INFO    ] Variable 'GPP_NT_CUT_84' might be missing from headers of file: /home/portnoy/u0/sytoanngo/ONEFlux/data/US-ARc_sample_output/99_fluxnet2015/FLX_US-ARc_FLUXNET2015_FULLSET_YY_2005-2006_beta-5.csv [oneflux.pipeline.common]
2025-06-26 14:00:46.105 [INFO    ] Variable 'GPP_NT_CUT_95' might be missing from headers of file: /home/portnoy/u0/sytoanngo/ONEFlux/data/US-ARc_sample_output/99_fluxnet2015/FLX_US-ARc_FLUXNET2015_FULLSET_YY_2005-2006_beta-5.csv [oneflux.pipeline.common]
2025-06-26 14:00:46.105 [INFO    ] Variable 'RECO_DT_CUT_05' might be missing from headers of file: /home/portnoy/u0/sytoanngo/ONEFlux/data/US-ARc_sample_output/99_fluxnet2015/FLX_US-ARc_FLUXNET2015_FULLSET_YY_2005-2006_beta-5.csv [oneflux.pipeline.common]
2025-06-26 14:00:46.105 [INFO    ] Variable 'RECO_DT_CUT_16' might be missing from headers of file: /home/portnoy/u0/sytoanngo/ONEFlux/data/US-ARc_sample_output/99_fluxnet2015/FLX_US-ARc_FLUXNET2015_FULLSET_YY_2005-2006_beta-5.csv [oneflux.pipeline.common]
2025-06-26 14:00:46.105 [INFO    ] Variable 'RECO_DT_CUT_25' might be missing from headers of file: /home/portnoy/u0/sytoanngo/ONEFlux/data/US-ARc_sample_output/99_fluxnet2015/FLX_US-ARc_FLUXNET2015_FULLSET_YY_2005-2006_beta-5.csv [oneflux.pipeline.common]
2025-06-26 14:00:46.105 [INFO    ] Variable 'RECO_DT_CUT_50' might be missing from headers of file: /home/portnoy/u0/sytoanngo/ONEFlux/data/US-ARc_sample_output/99_fluxnet2015/FLX_US-ARc_FLUXNET2015_FULLSET_YY_2005-2006_beta-5.csv [oneflux.pipeline.common]
2025-06-26 14:00:46.106 [INFO    ] Variable 'RECO_DT_CUT_75' might be missing from headers of file: /home/portnoy/u0/sytoanngo/ONEFlux/data/US-ARc_sample_output/99_fluxnet2015/FLX_US-ARc_FLUXNET2015_FULLSET_YY_2005-2006_beta-5.csv [oneflux.pipeline.common]
2025-06-26 14:00:46.106 [INFO    ] Variable 'RECO_DT_CUT_84' might be missing from headers of file: /home/portnoy/u0/sytoanngo/ONEFlux/data/US-ARc_sample_output/99_fluxnet2015/FLX_US-ARc_FLUXNET2015_FULLSET_YY_2005-2006_beta-5.csv [oneflux.pipeline.common]
2025-06-26 14:00:46.106 [INFO    ] Variable 'RECO_DT_CUT_95' might be missing from headers of file: /home/portnoy/u0/sytoanngo/ONEFlux/data/US-ARc_sample_output/99_fluxnet2015/FLX_US-ARc_FLUXNET2015_FULLSET_YY_2005-2006_beta-5.csv [oneflux.pipeline.common]
2025-06-26 14:00:46.106 [INFO    ] Variable 'GPP_DT_CUT_05' might be missing from headers of file: /home/portnoy/u0/sytoanngo/ONEFlux/data/US-ARc_sample_output/99_fluxnet2015/FLX_US-ARc_FLUXNET2015_FULLSET_YY_2005-2006_beta-5.csv [oneflux.pipeline.common]
2025-06-26 14:00:46.106 [INFO    ] Variable 'GPP_DT_CUT_16' might be missing from headers of file: /home/portnoy/u0/sytoanngo/ONEFlux/data/US-ARc_sample_output/99_fluxnet2015/FLX_US-ARc_FLUXNET2015_FULLSET_YY_2005-2006_beta-5.csv [oneflux.pipeline.common]
2025-06-26 14:00:46.106 [INFO    ] Variable 'GPP_DT_CUT_25' might be missing from headers of file: /home/portnoy/u0/sytoanngo/ONEFlux/data/US-ARc_sample_output/99_fluxnet2015/FLX_US-ARc_FLUXNET2015_FULLSET_YY_2005-2006_beta-5.csv [oneflux.pipeline.common]
2025-06-26 14:00:46.106 [INFO    ] Variable 'GPP_DT_CUT_50' might be missing from headers of file: /home/portnoy/u0/sytoanngo/ONEFlux/data/US-ARc_sample_output/99_fluxnet2015/FLX_US-ARc_FLUXNET2015_FULLSET_YY_2005-2006_beta-5.csv [oneflux.pipeline.common]
2025-06-26 14:00:46.106 [INFO    ] Variable 'GPP_DT_CUT_75' might be missing from headers of file: /home/portnoy/u0/sytoanngo/ONEFlux/data/US-ARc_sample_output/99_fluxnet2015/FLX_US-ARc_FLUXNET2015_FULLSET_YY_2005-2006_beta-5.csv [oneflux.pipeline.common]
2025-06-26 14:00:46.107 [INFO    ] Variable 'GPP_DT_CUT_84' might be missing from headers of file: /home/portnoy/u0/sytoanngo/ONEFlux/data/US-ARc_sample_output/99_fluxnet2015/FLX_US-ARc_FLUXNET2015_FULLSET_YY_2005-2006_beta-5.csv [oneflux.pipeline.common]
2025-06-26 14:00:46.107 [INFO    ] Variable 'GPP_DT_CUT_95' might be missing from headers of file: /home/portnoy/u0/sytoanngo/ONEFlux/data/US-ARc_sample_output/99_fluxnet2015/FLX_US-ARc_FLUXNET2015_FULLSET_YY_2005-2006_beta-5.csv [oneflux.pipeline.common]
2025-06-26 14:00:46.107 [INFO    ] Pipeline fluxnet2015 execution finished [oneflux.pipeline.wrappers]
2025-06-26 14:00:46.107 [INFO    ] US-ARc Pipeline run time 0:01:42.652546 (2025-06-26 13:59:03.454861 --- 2025-06-26 14:00:46.107407) [oneflux.pipeline.wrappers]
2025-06-26 14:00:46.112 [INFO    ] US-ARc Pipeline: execution finished [oneflux.pipeline.wrappers]
2025-06-26 14:00:46.112 [INFO    ] Finished processing site dir /home/portnoy/u0/sytoanngo/ONEFlux/data/US-ARc_sample_output [oneflux.tools.pipeline]
2025-06-26 14:00:46.112 [INFO    ] Finished execution: all [__main__]
